/private/tmp/silex-part03-evidence/integration-private-length:
_silex_function_0:
1000004f0:	f0 03 00 aa	mov	x16, x0
1000004f4:	f1 03 01 aa	mov	x17, x1
1000004f8:	29 11 91 d2	mov	x9, #0x8889
1000004fc:	09 71 a7 f2	movk	x9, #0x3b88, lsl #16
100000500:	30 01 27 1e	fmov	s16, w9
100000504:	a9 db 8f d2	mov	x9, #0x7edd
100000508:	89 47 a8 f2	movk	x9, #0x423c, lsl #16
10000050c:	35 01 27 1e	fmov	s21, w9
100000510:	12 10 2e 1e	fmov	s18, #1.00000000
100000514:	11 10 2e 1e	fmov	s17, #1.00000000
100000518:	33 32 40 bd	ldr	s19, [x17, #0x30]
10000051c:	11 46 13 1f	fmadd	s17, s16, s19, s17
100000520:	52 1a 31 1e	fdiv	s18, s18, s17
100000524:	11 10 2e 1e	fmov	s17, #1.00000000
100000528:	13 10 2e 1e	fmov	s19, #1.00000000
10000052c:	34 3a 40 bd	ldr	s20, [x17, #0x38]
100000530:	13 4e 14 1f	fmadd	s19, s16, s20, s19
100000534:	34 1a 33 1e	fdiv	s20, s17, s19
100000538:	11 e4 00 2f	movi	d17, #0000000000000000
10000053c:	33 1a 40 bd	ldr	s19, [x17, #0x18]
100000540:	68 22 20 1e	fcmp	s19, #0.0
100000544:	4d 00 00 54	b.le	0x10000054c
100000548:	31 2a 40 bd	ldr	s17, [x17, #0x28]
10000054c:	33 1a 40 bd	ldr	s19, [x17, #0x18]
100000550:	16 0a 33 1e	fmul	s22, s16, s19
100000554:	33 02 40 bd	ldr	s19, [x17]
100000558:	d6 0a 33 1e	fmul	s22, s22, s19
10000055c:	13 0a 31 1e	fmul	s19, s16, s17
100000560:	17 e4 00 2f	movi	d23, #0000000000000000
100000564:	76 5a 17 1f	fmadd	s22, s19, s23, s22
100000568:	33 1a 40 bd	ldr	s19, [x17, #0x18]
10000056c:	17 0a 33 1e	fmul	s23, s16, s19
100000570:	33 0a 40 bd	ldr	s19, [x17, #0x8]
100000574:	f7 0a 33 1e	fmul	s23, s23, s19
100000578:	13 0a 31 1e	fmul	s19, s16, s17
10000057c:	11 90 34 1e	fmov	s17, #-10.00000000
100000580:	77 5e 11 1f	fmadd	s23, s19, s17, s23
100000584:	31 22 40 bd	ldr	s17, [x17, #0x20]
100000588:	10 0a 31 1e	fmul	s16, s16, s17
10000058c:	31 12 40 bd	ldr	s17, [x17, #0x10]
100000590:	13 0a 31 1e	fmul	s19, s16, s17
100000594:	10 02 40 bd	ldr	s16, [x16]
100000598:	50 5a 10 1f	fmadd	s16, s18, s16, s22
10000059c:	11 0a 40 bd	ldr	s17, [x16, #0x8]
1000005a0:	51 5e 11 1f	fmadd	s17, s18, s17, s23
1000005a4:	12 12 40 bd	ldr	s18, [x16, #0x10]
1000005a8:	92 4e 12 1f	fmadd	s18, s20, s18, s19
1000005ac:	13 0a 30 1e	fmul	s19, s16, s16
1000005b0:	33 4e 11 1f	fmadd	s19, s17, s17, s19
1000005b4:	14 10 26 1e	fmov	s20, #16.00000000
1000005b8:	60 22 34 1e	fcmp	s19, s20
1000005bc:	14 42 60 1e	fmov	d20, d16
1000005c0:	33 42 60 1e	fmov	d19, d17
1000005c4:	6d 01 00 54	b.le	0x1000005f0
1000005c8:	13 10 22 1e	fmov	s19, #4.00000000
1000005cc:	14 0a 30 1e	fmul	s20, s16, s16
1000005d0:	34 52 11 1f	fmadd	s20, s17, s17, s20
1000005d4:	96 c2 21 1e	fsqrt	s22, s20
1000005d8:	73 1a 36 1e	fdiv	s19, s19, s22
1000005dc:	74 0a 30 1e	fmul	s20, s19, s16
1000005e0:	73 0a 31 1e	fmul	s19, s19, s17
1000005e4:	20 00 80 52	mov	w0, #0x1
1000005e8:	ea 03 00 aa	mov	x10, x0
1000005ec:	2a 26 00 f9	str	x10, [x17, #0x48]
1000005f0:	50 0a 32 1e	fmul	s16, s18, s18
1000005f4:	69 52 99 d2	mov	x9, #0xca93
1000005f8:	49 a1 a8 f2	movk	x9, #0x450a, lsl #16
1000005fc:	31 01 27 1e	fmov	s17, w9
100000600:	00 22 31 1e	fcmp	s16, s17
100000604:	50 42 60 1e	fmov	d16, d18
100000608:	8d 02 00 54	b.le	0x100000658
10000060c:	22 22 40 f9	ldr	x2, [x17, #0x40]
100000610:	00 00 80 52	mov	w0, #0x0
100000614:	5f 00 00 eb	cmp	x2, x0
100000618:	50 42 60 1e	fmov	d16, d18
10000061c:	e1 01 00 54	b.ne	0x100000658
100000620:	11 10 2e 1e	fmov	s17, #1.00000000
100000624:	49 02 26 1e	fmov	w9, s18
100000628:	2a 02 26 1e	fmov	w10, s17
10000062c:	4a 01 09 ca	eor	x10, x10, x9
100000630:	0b 00 b0 d2	mov	x11, #0x80000000
100000634:	4a 01 0b 8a	and	x10, x10, x11
100000638:	29 01 0a ca	eor	x9, x9, x10
10000063c:	29 7d 40 d3	ubfx	x9, x9, #0, #32
100000640:	30 01 27 1e	fmov	s16, w9
100000644:	b5 1a 30 1e	fdiv	s21, s21, s16
100000648:	50 0a 35 1e	fmul	s16, s18, s21
10000064c:	20 00 80 52	mov	w0, #0x1
100000650:	ea 03 00 aa	mov	x10, x0
100000654:	2a 26 00 f9	str	x10, [x17, #0x48]
100000658:	14 02 00 bd	str	s20, [x16]
10000065c:	13 0a 00 bd	str	s19, [x16, #0x8]
100000660:	10 12 00 bd	str	s16, [x16, #0x10]
100000664:	00 00 80 52	mov	w0, #0x0
100000668:	08 00 80 52	mov	w8, #0x0
10000066c:	c0 03 5f d6	ret
100000670:	28 00 80 52	mov	w8, #0x1
100000674:	fe ff ff 17	b	0x10000066c
100000678:	48 00 80 52	mov	w8, #0x2
10000067c:	fc ff ff 17	b	0x10000066c
_silex_function_1:
100000680:	f0 03 00 aa	mov	x16, x0
100000684:	29 11 91 d2	mov	x9, #0x8889
100000688:	09 71 a7 f2	movk	x9, #0x3b88, lsl #16
10000068c:	30 01 27 1e	fmov	s16, w9
100000690:	11 12 40 bd	ldr	s17, [x16, #0x10]
100000694:	12 0a 31 1e	fmul	s18, s16, s17
100000698:	11 2a 40 bd	ldr	s17, [x16, #0x28]
10000069c:	13 32 40 bd	ldr	s19, [x16, #0x30]
1000006a0:	51 c6 13 1f	fmsub	s17, s18, s19, s17
1000006a4:	13 32 40 bd	ldr	s19, [x16, #0x30]
1000006a8:	14 2a 40 bd	ldr	s20, [x16, #0x28]
1000006ac:	52 4e 14 1f	fmadd	s18, s18, s20, s19
1000006b0:	53 0a 32 1e	fmul	s19, s18, s18
1000006b4:	33 4e 11 1f	fmadd	s19, s17, s17, s19
1000006b8:	74 c2 21 1e	fsqrt	s20, s19
1000006bc:	13 e4 00 2f	movi	d19, #0000000000000000
1000006c0:	88 22 20 1e	fcmp	s20, #0.0
1000006c4:	6d 00 00 54	b.le	0x1000006d0
1000006c8:	13 10 2e 1e	fmov	s19, #1.00000000
1000006cc:	73 1a 34 1e	fdiv	s19, s19, s20
1000006d0:	31 0a 33 1e	fmul	s17, s17, s19
1000006d4:	11 2a 00 bd	str	s17, [x16, #0x28]
1000006d8:	52 0a 33 1e	fmul	s18, s18, s19
1000006dc:	12 32 00 bd	str	s18, [x16, #0x30]
1000006e0:	11 1a 40 bd	ldr	s17, [x16, #0x18]
1000006e4:	12 02 40 bd	ldr	s18, [x16]
1000006e8:	11 46 12 1f	fmadd	s17, s16, s18, s17
1000006ec:	11 1a 00 bd	str	s17, [x16, #0x18]
1000006f0:	11 22 40 bd	ldr	s17, [x16, #0x20]
1000006f4:	12 0a 40 bd	ldr	s18, [x16, #0x8]
1000006f8:	11 46 12 1f	fmadd	s17, s16, s18, s17
1000006fc:	11 22 00 bd	str	s17, [x16, #0x20]
100000700:	00 00 80 52	mov	w0, #0x0
100000704:	08 00 80 52	mov	w8, #0x0
100000708:	c0 03 5f d6	ret
10000070c:	28 00 80 52	mov	w8, #0x1
100000710:	fe ff ff 17	b	0x100000708
100000714:	48 00 80 52	mov	w8, #0x2
100000718:	fc ff ff 17	b	0x100000708
_silex_function_2:
10000071c:	fd 7b bf a9	stp	x29, x30, [sp, #-0x10]!
100000720:	fd 03 00 91	mov	x29, sp
100000724:	ff 83 05 d1	sub	sp, sp, #0x160
100000728:	f3 93 00 f9	str	x19, [sp, #0x120]
10000072c:	f4 97 00 f9	str	x20, [sp, #0x128]
100000730:	f5 9b 00 f9	str	x21, [sp, #0x130]
100000734:	f6 9f 00 f9	str	x22, [sp, #0x138]
100000738:	f7 a3 00 f9	str	x23, [sp, #0x140]
10000073c:	f8 a7 00 f9	str	x24, [sp, #0x148]
100000740:	f9 ab 00 f9	str	x25, [sp, #0x150]
100000744:	e0 03 00 f9	str	x0, [sp]
100000748:	e1 07 00 f9	str	x1, [sp, #0x8]
10000074c:	e2 0b 00 f9	str	x2, [sp, #0x10]
100000750:	e3 0f 00 f9	str	x3, [sp, #0x18]
100000754:	e9 03 40 f9	ldr	x9, [sp]
100000758:	f4 03 09 aa	mov	x20, x9
10000075c:	e9 07 40 f9	ldr	x9, [sp, #0x8]
100000760:	f5 03 09 aa	mov	x21, x9
100000764:	e9 0b 40 f9	ldr	x9, [sp, #0x10]
100000768:	f8 03 09 aa	mov	x24, x9
10000076c:	e9 0f 40 f9	ldr	x9, [sp, #0x18]
100000770:	f9 03 09 aa	mov	x25, x9
100000774:	13 00 e0 d2	movz	x19, #0x0, lsl #48
100000778:	f6 03 18 aa	mov	x22, x24
10000077c:	7f 02 15 eb	cmp	x19, x21
100000780:	2a 02 00 54	b.ge	0x1000007c4
100000784:	e9 03 13 aa	mov	x9, x19
100000788:	3f 01 1f eb	cmp	x9, xzr
10000078c:	4a 00 00 54	b.ge	0x100000794
100000790:	29 01 15 8b	add	x9, x9, x21
100000794:	0b 07 80 d2	mov	x11, #0x38
100000798:	37 51 0b 9b	madd	x23, x9, x11, x20
10000079c:	7f 02 19 eb	cmp	x19, x25
1000007a0:	8a 04 00 54	b.ge	0x100000830
1000007a4:	e0 03 17 aa	mov	x0, x23
1000007a8:	e1 03 16 aa	mov	x1, x22
1000007ac:	51 ff ff 97	bl	_silex_function_0
1000007b0:	c8 02 00 35	cbnz	w8, 0x100000808
1000007b4:	73 06 00 91	add	x19, x19, #0x1
1000007b8:	d6 42 01 91	add	x22, x22, #0x50
1000007bc:	7f 02 15 eb	cmp	x19, x21
1000007c0:	2b fe ff 54	b.lt	0x100000784
1000007c4:	13 00 e0 d2	movz	x19, #0x0, lsl #48
1000007c8:	7f 02 15 eb	cmp	x19, x21
1000007cc:	aa 01 00 54	b.ge	0x100000800
1000007d0:	e9 03 13 aa	mov	x9, x19
1000007d4:	3f 01 1f eb	cmp	x9, xzr
1000007d8:	4a 00 00 54	b.ge	0x1000007e0
1000007dc:	29 01 15 8b	add	x9, x9, x21
1000007e0:	0b 07 80 d2	mov	x11, #0x38
1000007e4:	36 51 0b 9b	madd	x22, x9, x11, x20
1000007e8:	e0 03 16 aa	mov	x0, x22
1000007ec:	a5 ff ff 97	bl	_silex_function_1
1000007f0:	c8 00 00 35	cbnz	w8, 0x100000808
1000007f4:	73 06 00 91	add	x19, x19, #0x1
1000007f8:	7f 02 15 eb	cmp	x19, x21
1000007fc:	ab fe ff 54	b.lt	0x1000007d0
100000800:	00 00 80 52	mov	w0, #0x0
100000804:	08 00 80 52	mov	w8, #0x0
100000808:	f3 93 40 f9	ldr	x19, [sp, #0x120]
10000080c:	f4 97 40 f9	ldr	x20, [sp, #0x128]
100000810:	f5 9b 40 f9	ldr	x21, [sp, #0x130]
100000814:	f6 9f 40 f9	ldr	x22, [sp, #0x138]
100000818:	f7 a3 40 f9	ldr	x23, [sp, #0x140]
10000081c:	f8 a7 40 f9	ldr	x24, [sp, #0x148]
100000820:	f9 ab 40 f9	ldr	x25, [sp, #0x150]
100000824:	ff 83 05 91	add	sp, sp, #0x160
100000828:	fd 7b c1 a8	ldp	x29, x30, [sp], #0x10
10000082c:	c0 03 5f d6	ret
100000830:	f3 8b 00 f9	str	x19, [sp, #0x110]
100000834:	40 00 80 52	mov	w0, #0x2
100000838:	41 00 00 d0	adrp	x1, 10 ; 0x10000a000
10000083c:	21 00 01 91	add	x1, x1, #0x40
100000840:	02 17 80 d2	mov	x2, #0xb8
100000844:	02 00 a0 f2	movk	x2, #0x0, lsl #16
100000848:	02 00 c0 f2	movk	x2, #0x0, lsl #32
10000084c:	02 00 e0 f2	movk	x2, #0x0, lsl #48
100000850:	90 00 80 52	mov	w16, #0x4
100000854:	01 10 00 d4	svc	#0x80
100000858:	e9 8b 40 f9	ldr	x9, [sp, #0x110]
10000085c:	ff 83 00 d1	sub	sp, sp, #0x20
100000860:	eb 83 00 91	add	x11, sp, #0x20
100000864:	0c 00 80 52	mov	w12, #0x0
100000868:	c9 00 00 b5	cbnz	x9, 0x100000880
10000086c:	6b 05 00 d1	sub	x11, x11, #0x1
100000870:	0a 06 80 52	mov	w10, #0x30
100000874:	6a 01 00 39	strb	w10, [x11]
100000878:	8c 05 00 91	add	x12, x12, #0x1
10000087c:	16 00 00 14	b	0x1000008d4
100000880:	03 00 80 52	mov	w3, #0x0
100000884:	3f 01 1f eb	cmp	x9, xzr
100000888:	6b 00 00 54	b.lt	0x100000894
10000088c:	e9 03 09 eb	negs	x9, x9
100000890:	02 00 00 14	b	0x100000898
100000894:	23 00 80 52	mov	w3, #0x1
100000898:	4a 01 80 52	mov	w10, #0xa
10000089c:	24 0d ca 9a	sdiv	x4, x9, x10
1000008a0:	85 a4 0a 9b	msub	x5, x4, x10, x9
1000008a4:	06 06 80 52	mov	w6, #0x30
1000008a8:	c6 00 05 eb	subs	x6, x6, x5
1000008ac:	6b 05 00 d1	sub	x11, x11, #0x1
1000008b0:	66 01 00 39	strb	w6, [x11]
1000008b4:	8c 05 00 91	add	x12, x12, #0x1
1000008b8:	e9 03 04 aa	mov	x9, x4
1000008bc:	e9 fe ff b5	cbnz	x9, 0x100000898
1000008c0:	a3 00 00 34	cbz	w3, 0x1000008d4
1000008c4:	6b 05 00 d1	sub	x11, x11, #0x1
1000008c8:	aa 05 80 52	mov	w10, #0x2d
1000008cc:	6a 01 00 39	strb	w10, [x11]
1000008d0:	8c 05 00 91	add	x12, x12, #0x1
1000008d4:	40 00 80 52	mov	w0, #0x2
1000008d8:	e1 03 0b aa	mov	x1, x11
1000008dc:	e2 03 0c aa	mov	x2, x12
1000008e0:	90 00 80 52	mov	w16, #0x4
1000008e4:	01 10 00 d4	svc	#0x80
1000008e8:	ff 83 00 91	add	sp, sp, #0x20
1000008ec:	40 00 80 52	mov	w0, #0x2
1000008f0:	41 00 00 d0	adrp	x1, 10 ; 0x10000a000
1000008f4:	21 60 00 91	add	x1, x1, #0x18
1000008f8:	82 03 80 d2	mov	x2, #0x1c
1000008fc:	02 00 a0 f2	movk	x2, #0x0, lsl #16
100000900:	02 00 c0 f2	movk	x2, #0x0, lsl #32
100000904:	02 00 e0 f2	movk	x2, #0x0, lsl #48
100000908:	90 00 80 52	mov	w16, #0x4
10000090c:	01 10 00 d4	svc	#0x80
100000910:	68 00 80 52	mov	w8, #0x3
100000914:	bd ff ff 17	b	0x100000808
100000918:	28 00 80 52	mov	w8, #0x1
10000091c:	bb ff ff 17	b	0x100000808
100000920:	48 00 80 52	mov	w8, #0x2
100000924:	b9 ff ff 17	b	0x100000808
_silex_function_3:
100000928:	fd 7b bf a9	stp	x29, x30, [sp, #-0x10]!
10000092c:	fd 03 00 91	mov	x29, sp
100000930:	ff 03 2d d1	sub	sp, sp, #0xb40
100000934:	09 00 80 52	mov	w9, #0x0
100000938:	e9 03 00 f9	str	x9, [sp]
10000093c:	f0 03 09 aa	mov	x16, x9
100000940:	09 00 80 52	mov	w9, #0x0
100000944:	e9 07 00 f9	str	x9, [sp, #0x8]
100000948:	f1 03 09 aa	mov	x17, x9
10000094c:	ef 43 00 91	add	x15, sp, #0x10
100000950:	bb 0d 00 94	bl	_silex_function_8
100000954:	c8 3c 01 35	cbnz	w8, 0x1000030ec
100000958:	e9 0b 40 f9	ldr	x9, [sp, #0x10]
10000095c:	2a 00 80 d2	mov	x10, #0x1
100000960:	3f 01 0a eb	cmp	x9, x10
100000964:	0b 00 80 52	mov	w11, #0x0
100000968:	41 00 00 54	b.ne	0x100000970
10000096c:	2b 00 80 52	mov	w11, #0x1
100000970:	eb 23 00 f9	str	x11, [sp, #0x40]
100000974:	e9 23 40 f9	ldr	x9, [sp, #0x40]
100000978:	a9 05 00 34	cbz	w9, 0x100000a2c
10000097c:	e9 0f 40 f9	ldr	x9, [sp, #0x18]
100000980:	e9 27 00 f9	str	x9, [sp, #0x48]
100000984:	e9 13 40 f9	ldr	x9, [sp, #0x20]
100000988:	e9 2b 00 f9	str	x9, [sp, #0x50]
10000098c:	e9 17 40 f9	ldr	x9, [sp, #0x28]
100000990:	e9 2f 00 f9	str	x9, [sp, #0x58]
100000994:	e9 1b 40 f9	ldr	x9, [sp, #0x30]
100000998:	e9 33 00 f9	str	x9, [sp, #0x60]
10000099c:	e9 1f 40 f9	ldr	x9, [sp, #0x38]
1000009a0:	e9 37 00 f9	str	x9, [sp, #0x68]
1000009a4:	e9 37 40 f9	ldr	x9, [sp, #0x68]
1000009a8:	e9 3b 00 f9	str	x9, [sp, #0x70]
1000009ac:	f0 03 09 aa	mov	x16, x9
1000009b0:	40 00 80 52	mov	w0, #0x2
1000009b4:	41 00 00 d0	adrp	x1, 10 ; 0x10000a000
1000009b8:	21 40 07 91	add	x1, x1, #0x1d0
1000009bc:	e2 14 80 d2	mov	x2, #0xa7
1000009c0:	02 00 a0 f2	movk	x2, #0x0, lsl #16
1000009c4:	02 00 c0 f2	movk	x2, #0x0, lsl #32
1000009c8:	02 00 e0 f2	movk	x2, #0x0, lsl #48
1000009cc:	90 00 80 52	mov	w16, #0x4
1000009d0:	01 10 00 d4	svc	#0x80
1000009d4:	e9 3b 40 f9	ldr	x9, [sp, #0x70]
1000009d8:	22 01 40 f9	ldr	x2, [x9]
1000009dc:	ea ff 9f d2	mov	x10, #0xffff
1000009e0:	ea ff bf f2	movk	x10, #0xffff, lsl #16
1000009e4:	ea ff df f2	movk	x10, #0xffff, lsl #32
1000009e8:	ea ff ef f2	movk	x10, #0x7fff, lsl #48
1000009ec:	42 00 0a 8a	and	x2, x2, x10
1000009f0:	21 21 00 91	add	x1, x9, #0x8
1000009f4:	40 00 80 52	mov	w0, #0x2
1000009f8:	90 00 80 52	mov	w16, #0x4
1000009fc:	01 10 00 d4	svc	#0x80
100000a00:	40 00 80 52	mov	w0, #0x2
100000a04:	41 00 00 b0	adrp	x1, 9 ; 0x100009000
100000a08:	21 40 3c 91	add	x1, x1, #0xf10
100000a0c:	22 00 80 d2	mov	x2, #0x1
100000a10:	02 00 a0 f2	movk	x2, #0x0, lsl #16
100000a14:	02 00 c0 f2	movk	x2, #0x0, lsl #32
100000a18:	02 00 e0 f2	movk	x2, #0x0, lsl #48
100000a1c:	90 00 80 52	mov	w16, #0x4
100000a20:	01 10 00 d4	svc	#0x80
100000a24:	68 00 80 52	mov	w8, #0x3
100000a28:	b1 09 00 14	b	0x1000030ec
100000a2c:	e9 0f 40 f9	ldr	x9, [sp, #0x18]
100000a30:	e9 3f 00 f9	str	x9, [sp, #0x78]
100000a34:	f0 03 09 aa	mov	x16, x9
100000a38:	e9 03 10 aa	mov	x9, x16
100000a3c:	e9 83 05 f9	str	x9, [sp, #0xb00]
100000a40:	f1 03 09 aa	mov	x17, x9
100000a44:	09 00 e0 d2	movz	x9, #0x0, lsl #48
100000a48:	e9 43 00 f9	str	x9, [sp, #0x80]
100000a4c:	f0 03 09 aa	mov	x16, x9
100000a50:	e9 03 40 f9	ldr	x9, [sp]
100000a54:	e9 37 04 f9	str	x9, [sp, #0x868]
100000a58:	f1 03 09 aa	mov	x17, x9
100000a5c:	e9 03 10 aa	mov	x9, x16
100000a60:	e9 3f 04 f9	str	x9, [sp, #0x878]
100000a64:	f0 03 09 aa	mov	x16, x9
100000a68:	e9 07 40 f9	ldr	x9, [sp, #0x8]
100000a6c:	e9 3b 04 f9	str	x9, [sp, #0x870]
100000a70:	f1 03 09 aa	mov	x17, x9
100000a74:	e9 83 45 f9	ldr	x9, [sp, #0xb00]
100000a78:	e9 47 00 f9	str	x9, [sp, #0x88]
100000a7c:	f0 03 09 aa	mov	x16, x9
100000a80:	e9 47 40 f9	ldr	x9, [sp, #0x88]
100000a84:	2a 01 40 f9	ldr	x10, [x9]
100000a88:	ea 4b 00 f9	str	x10, [sp, #0x90]
100000a8c:	e9 3f 44 f9	ldr	x9, [sp, #0x878]
100000a90:	ea 4b 40 f9	ldr	x10, [sp, #0x90]
100000a94:	3f 01 0a eb	cmp	x9, x10
100000a98:	0b 00 80 52	mov	w11, #0x0
100000a9c:	4a 00 00 54	b.ge	0x100000aa4
100000aa0:	2b 00 80 52	mov	w11, #0x1
100000aa4:	eb 4f 00 f9	str	x11, [sp, #0x98]
100000aa8:	f0 03 0b aa	mov	x16, x11
100000aac:	e9 4f 40 f9	ldr	x9, [sp, #0x98]
100000ab0:	89 07 00 34	cbz	w9, 0x100000ba0
100000ab4:	e9 83 45 f9	ldr	x9, [sp, #0xb00]
100000ab8:	e9 53 00 f9	str	x9, [sp, #0xa0]
100000abc:	f0 03 09 aa	mov	x16, x9
100000ac0:	ea 53 40 f9	ldr	x10, [sp, #0xa0]
100000ac4:	4a a1 00 91	add	x10, x10, #0x28
100000ac8:	e9 3f 44 f9	ldr	x9, [sp, #0x878]
100000acc:	4a 0d 09 8b	add	x10, x10, x9, lsl #3
100000ad0:	4c 01 40 f9	ldr	x12, [x10]
100000ad4:	ec 57 00 f9	str	x12, [sp, #0xa8]
100000ad8:	ea 57 40 f9	ldr	x10, [sp, #0xa8]
100000adc:	49 01 40 f9	ldr	x9, [x10]
100000ae0:	0b 00 80 d2	mov	x11, #0x0
100000ae4:	0b 00 a0 f2	movk	x11, #0x0, lsl #16
100000ae8:	0b 00 c0 f2	movk	x11, #0x0, lsl #32
100000aec:	0b 00 f0 f2	movk	x11, #0x8000, lsl #48
100000af0:	29 01 0b 8a	and	x9, x9, x11
100000af4:	c9 00 00 b4	cbz	x9, 0x100000b0c
100000af8:	4a 41 00 d1	sub	x10, x10, #0x10
100000afc:	49 fd 5f c8	ldaxr	x9, [x10]
100000b00:	29 05 00 91	add	x9, x9, #0x1
100000b04:	49 fd 0b c8	stlxr	w11, x9, [x10]
100000b08:	ab ff ff 35	cbnz	w11, 0x100000afc
100000b0c:	49 00 00 d0	adrp	x9, 10 ; 0x10000a000
100000b10:	29 01 0d 91	add	x9, x9, #0x340
100000b14:	e9 5b 00 f9	str	x9, [sp, #0xb0]
100000b18:	e9 57 40 f9	ldr	x9, [sp, #0xa8]
100000b1c:	ea 5b 40 f9	ldr	x10, [sp, #0xb0]
100000b20:	2b 01 40 f9	ldr	x11, [x9]
100000b24:	ee ff 9f d2	mov	x14, #0xffff
100000b28:	ee ff bf f2	movk	x14, #0xffff, lsl #16
100000b2c:	ee ff df f2	movk	x14, #0xffff, lsl #32
100000b30:	ee ff ef f2	movk	x14, #0x7fff, lsl #48
100000b34:	6b 01 0e 8a	and	x11, x11, x14
100000b38:	4c 01 40 f9	ldr	x12, [x10]
100000b3c:	ee ff 9f d2	mov	x14, #0xffff
100000b40:	ee ff bf f2	movk	x14, #0xffff, lsl #16
100000b44:	ee ff df f2	movk	x14, #0xffff, lsl #32
100000b48:	ee ff ef f2	movk	x14, #0x7fff, lsl #48
100000b4c:	8c 01 0e 8a	and	x12, x12, x14
100000b50:	0d 00 80 52	mov	w13, #0x0
100000b54:	7f 01 0c eb	cmp	x11, x12
100000b58:	a1 01 00 54	b.ne	0x100000b8c
100000b5c:	29 21 00 91	add	x9, x9, #0x8
100000b60:	4a 21 00 91	add	x10, x10, #0x8
100000b64:	2b 01 00 b4	cbz	x11, 0x100000b88
100000b68:	2e 01 40 39	ldrb	w14, [x9]
100000b6c:	4f 01 40 39	ldrb	w15, [x10]
100000b70:	df 01 0f eb	cmp	x14, x15
100000b74:	c1 00 00 54	b.ne	0x100000b8c
100000b78:	29 05 00 91	add	x9, x9, #0x1
100000b7c:	4a 05 00 91	add	x10, x10, #0x1
100000b80:	6b 05 00 d1	sub	x11, x11, #0x1
100000b84:	2b ff ff b5	cbnz	x11, 0x100000b68
100000b88:	2d 00 80 52	mov	w13, #0x1
100000b8c:	ed 5f 00 f9	str	x13, [sp, #0xb8]
100000b90:	e9 5f 40 f9	ldr	x9, [sp, #0xb8]
100000b94:	49 00 00 34	cbz	w9, 0x100000b9c
100000b98:	09 00 00 14	b	0x100000bbc
100000b9c:	0e 00 00 14	b	0x100000bd4
100000ba0:	e9 3f 40 f9	ldr	x9, [sp, #0x78]
100000ba4:	2a 01 40 f9	ldr	x10, [x9]
100000ba8:	ea 7f 00 f9	str	x10, [sp, #0xf8]
100000bac:	e9 7f 40 f9	ldr	x9, [sp, #0xf8]
100000bb0:	e9 43 04 f9	str	x9, [sp, #0x880]
100000bb4:	f0 03 09 aa	mov	x16, x9
100000bb8:	51 00 00 14	b	0x100000cfc
100000bbc:	29 00 80 52	mov	w9, #0x1
100000bc0:	e9 63 00 f9	str	x9, [sp, #0xc0]
100000bc4:	f0 03 09 aa	mov	x16, x9
100000bc8:	e9 03 10 aa	mov	x9, x16
100000bcc:	e9 37 04 f9	str	x9, [sp, #0x868]
100000bd0:	f1 03 09 aa	mov	x17, x9
100000bd4:	49 00 00 d0	adrp	x9, 10 ; 0x10000a000
100000bd8:	29 41 0d 91	add	x9, x9, #0x350
100000bdc:	e9 67 00 f9	str	x9, [sp, #0xc8]
100000be0:	e9 57 40 f9	ldr	x9, [sp, #0xa8]
100000be4:	ea 67 40 f9	ldr	x10, [sp, #0xc8]
100000be8:	2b 01 40 f9	ldr	x11, [x9]
100000bec:	ee ff 9f d2	mov	x14, #0xffff
100000bf0:	ee ff bf f2	movk	x14, #0xffff, lsl #16
100000bf4:	ee ff df f2	movk	x14, #0xffff, lsl #32
100000bf8:	ee ff ef f2	movk	x14, #0x7fff, lsl #48
100000bfc:	6b 01 0e 8a	and	x11, x11, x14
100000c00:	4c 01 40 f9	ldr	x12, [x10]
100000c04:	ee ff 9f d2	mov	x14, #0xffff
100000c08:	ee ff bf f2	movk	x14, #0xffff, lsl #16
100000c0c:	ee ff df f2	movk	x14, #0xffff, lsl #32
100000c10:	ee ff ef f2	movk	x14, #0x7fff, lsl #48
100000c14:	8c 01 0e 8a	and	x12, x12, x14
100000c18:	0d 00 80 52	mov	w13, #0x0
100000c1c:	7f 01 0c eb	cmp	x11, x12
100000c20:	a1 01 00 54	b.ne	0x100000c54
100000c24:	29 21 00 91	add	x9, x9, #0x8
100000c28:	4a 21 00 91	add	x10, x10, #0x8
100000c2c:	2b 01 00 b4	cbz	x11, 0x100000c50
100000c30:	2e 01 40 39	ldrb	w14, [x9]
100000c34:	4f 01 40 39	ldrb	w15, [x10]
100000c38:	df 01 0f eb	cmp	x14, x15
100000c3c:	c1 00 00 54	b.ne	0x100000c54
100000c40:	29 05 00 91	add	x9, x9, #0x1
100000c44:	4a 05 00 91	add	x10, x10, #0x1
100000c48:	6b 05 00 d1	sub	x11, x11, #0x1
100000c4c:	2b ff ff b5	cbnz	x11, 0x100000c30
100000c50:	2d 00 80 52	mov	w13, #0x1
100000c54:	ed 6b 00 f9	str	x13, [sp, #0xd0]
100000c58:	e9 6b 40 f9	ldr	x9, [sp, #0xd0]
100000c5c:	a9 01 00 34	cbz	w9, 0x100000c90
100000c60:	29 00 80 52	mov	w9, #0x1
100000c64:	e9 6f 00 f9	str	x9, [sp, #0xd8]
100000c68:	f0 03 09 aa	mov	x16, x9
100000c6c:	29 00 80 52	mov	w9, #0x1
100000c70:	e9 73 00 f9	str	x9, [sp, #0xe0]
100000c74:	f1 03 09 aa	mov	x17, x9
100000c78:	e9 03 10 aa	mov	x9, x16
100000c7c:	e9 37 04 f9	str	x9, [sp, #0x868]
100000c80:	f0 03 09 aa	mov	x16, x9
100000c84:	e9 03 11 aa	mov	x9, x17
100000c88:	e9 3b 04 f9	str	x9, [sp, #0x870]
100000c8c:	f1 03 09 aa	mov	x17, x9
100000c90:	ea 57 40 f9	ldr	x10, [sp, #0xa8]
100000c94:	49 01 40 f9	ldr	x9, [x10]
100000c98:	0b 00 80 d2	mov	x11, #0x0
100000c9c:	0b 00 a0 f2	movk	x11, #0x0, lsl #16
100000ca0:	0b 00 c0 f2	movk	x11, #0x0, lsl #32
100000ca4:	0b 00 f0 f2	movk	x11, #0x8000, lsl #48
100000ca8:	29 01 0b 8a	and	x9, x9, x11
100000cac:	89 01 00 b4	cbz	x9, 0x100000cdc
100000cb0:	4a 41 00 d1	sub	x10, x10, #0x10
100000cb4:	49 fd 5f c8	ldaxr	x9, [x10]
100000cb8:	29 01 00 b4	cbz	x9, 0x100000cdc
100000cbc:	29 05 00 d1	sub	x9, x9, #0x1
100000cc0:	49 fd 0b c8	stlxr	w11, x9, [x10]
100000cc4:	8b ff ff 35	cbnz	w11, 0x100000cb4
100000cc8:	a9 00 00 b5	cbnz	x9, 0x100000cdc
100000ccc:	41 05 40 f9	ldr	x1, [x10, #0x8]
100000cd0:	e0 03 0a aa	mov	x0, x10
100000cd4:	30 09 80 52	mov	w16, #0x49
100000cd8:	01 10 00 d4	svc	#0x80
100000cdc:	e9 3f 44 f9	ldr	x9, [sp, #0x878]
100000ce0:	2b 05 00 91	add	x11, x9, #0x1
100000ce4:	eb 77 00 f9	str	x11, [sp, #0xe8]
100000ce8:	f0 03 0b aa	mov	x16, x11
100000cec:	e9 03 10 aa	mov	x9, x16
100000cf0:	e9 3f 04 f9	str	x9, [sp, #0x878]
100000cf4:	f1 03 09 aa	mov	x17, x9
100000cf8:	5f ff ff 17	b	0x100000a74
100000cfc:	09 00 e0 d2	movz	x9, #0x0, lsl #48
100000d00:	e9 83 00 f9	str	x9, [sp, #0x100]
100000d04:	f0 03 09 aa	mov	x16, x9
100000d08:	e9 43 44 f9	ldr	x9, [sp, #0x880]
100000d0c:	ea 83 40 f9	ldr	x10, [sp, #0x100]
100000d10:	3f 01 0a eb	cmp	x9, x10
100000d14:	0b 00 80 52	mov	w11, #0x0
100000d18:	40 00 00 54	b.eq	0x100000d20
100000d1c:	2b 00 80 52	mov	w11, #0x1
100000d20:	eb 87 00 f9	str	x11, [sp, #0x108]
100000d24:	f1 03 0b aa	mov	x17, x11
100000d28:	e9 87 40 f9	ldr	x9, [sp, #0x108]
100000d2c:	89 11 00 34	cbz	w9, 0x100000f5c
100000d30:	e9 43 44 f9	ldr	x9, [sp, #0x880]
100000d34:	2b 05 00 d1	sub	x11, x9, #0x1
100000d38:	eb 8f 00 f9	str	x11, [sp, #0x118]
100000d3c:	f0 03 0b aa	mov	x16, x11
100000d40:	ea 3f 40 f9	ldr	x10, [sp, #0x78]
100000d44:	4d 01 40 f9	ldr	x13, [x10]
100000d48:	e9 8f 40 f9	ldr	x9, [sp, #0x118]
100000d4c:	3f 01 1f eb	cmp	x9, xzr
100000d50:	4a 00 00 54	b.ge	0x100000d58
100000d54:	29 01 0d 8b	add	x9, x9, x13
100000d58:	3f 01 1f eb	cmp	x9, xzr
100000d5c:	0b 01 00 54	b.lt	0x100000d7c
100000d60:	3f 01 0d eb	cmp	x9, x13
100000d64:	ca 00 00 54	b.ge	0x100000d7c
100000d68:	4a a1 00 91	add	x10, x10, #0x28
100000d6c:	4a 0d 09 8b	add	x10, x10, x9, lsl #3
100000d70:	4c 01 40 f9	ldr	x12, [x10]
100000d74:	ec 93 00 f9	str	x12, [sp, #0x120]
100000d78:	62 00 00 14	b	0x100000f00
100000d7c:	ed 93 00 f9	str	x13, [sp, #0x120]
100000d80:	40 00 80 52	mov	w0, #0x2
100000d84:	41 00 00 d0	adrp	x1, 10 ; 0x10000a000
100000d88:	21 c0 0d 91	add	x1, x1, #0x370
100000d8c:	c2 13 80 d2	mov	x2, #0x9e
100000d90:	02 00 a0 f2	movk	x2, #0x0, lsl #16
100000d94:	02 00 c0 f2	movk	x2, #0x0, lsl #32
100000d98:	02 00 e0 f2	movk	x2, #0x0, lsl #48
100000d9c:	90 00 80 52	mov	w16, #0x4
100000da0:	01 10 00 d4	svc	#0x80
100000da4:	e9 8f 40 f9	ldr	x9, [sp, #0x118]
100000da8:	ff 83 00 d1	sub	sp, sp, #0x20
100000dac:	eb 83 00 91	add	x11, sp, #0x20
100000db0:	0c 00 80 52	mov	w12, #0x0
100000db4:	c9 00 00 b5	cbnz	x9, 0x100000dcc
100000db8:	6b 05 00 d1	sub	x11, x11, #0x1
100000dbc:	0a 06 80 52	mov	w10, #0x30
100000dc0:	6a 01 00 39	strb	w10, [x11]
100000dc4:	8c 05 00 91	add	x12, x12, #0x1
100000dc8:	16 00 00 14	b	0x100000e20
100000dcc:	03 00 80 52	mov	w3, #0x0
100000dd0:	3f 01 1f eb	cmp	x9, xzr
100000dd4:	6b 00 00 54	b.lt	0x100000de0
100000dd8:	e9 03 09 eb	negs	x9, x9
100000ddc:	02 00 00 14	b	0x100000de4
100000de0:	23 00 80 52	mov	w3, #0x1
100000de4:	4a 01 80 52	mov	w10, #0xa
100000de8:	24 0d ca 9a	sdiv	x4, x9, x10
100000dec:	85 a4 0a 9b	msub	x5, x4, x10, x9
100000df0:	06 06 80 52	mov	w6, #0x30
100000df4:	c6 00 05 eb	subs	x6, x6, x5
100000df8:	6b 05 00 d1	sub	x11, x11, #0x1
100000dfc:	66 01 00 39	strb	w6, [x11]
100000e00:	8c 05 00 91	add	x12, x12, #0x1
100000e04:	e9 03 04 aa	mov	x9, x4
100000e08:	e9 fe ff b5	cbnz	x9, 0x100000de4
100000e0c:	a3 00 00 34	cbz	w3, 0x100000e20
100000e10:	6b 05 00 d1	sub	x11, x11, #0x1
100000e14:	aa 05 80 52	mov	w10, #0x2d
100000e18:	6a 01 00 39	strb	w10, [x11]
100000e1c:	8c 05 00 91	add	x12, x12, #0x1
100000e20:	40 00 80 52	mov	w0, #0x2
100000e24:	e1 03 0b aa	mov	x1, x11
100000e28:	e2 03 0c aa	mov	x2, x12
100000e2c:	90 00 80 52	mov	w16, #0x4
100000e30:	01 10 00 d4	svc	#0x80
100000e34:	ff 83 00 91	add	sp, sp, #0x20
100000e38:	40 00 80 52	mov	w0, #0x2
100000e3c:	41 00 00 d0	adrp	x1, 10 ; 0x10000a000
100000e40:	21 60 00 91	add	x1, x1, #0x18
100000e44:	82 03 80 d2	mov	x2, #0x1c
100000e48:	02 00 a0 f2	movk	x2, #0x0, lsl #16
100000e4c:	02 00 c0 f2	movk	x2, #0x0, lsl #32
100000e50:	02 00 e0 f2	movk	x2, #0x0, lsl #48
100000e54:	90 00 80 52	mov	w16, #0x4
100000e58:	01 10 00 d4	svc	#0x80
100000e5c:	e9 93 40 f9	ldr	x9, [sp, #0x120]
100000e60:	ff 83 00 d1	sub	sp, sp, #0x20
100000e64:	eb 7f 00 91	add	x11, sp, #0x1f
100000e68:	4a 01 80 52	mov	w10, #0xa
100000e6c:	6a 01 00 39	strb	w10, [x11]
100000e70:	2c 00 80 52	mov	w12, #0x1
100000e74:	c9 00 00 b5	cbnz	x9, 0x100000e8c
100000e78:	6b 05 00 d1	sub	x11, x11, #0x1
100000e7c:	0a 06 80 52	mov	w10, #0x30
100000e80:	6a 01 00 39	strb	w10, [x11]
100000e84:	8c 05 00 91	add	x12, x12, #0x1
100000e88:	16 00 00 14	b	0x100000ee0
100000e8c:	03 00 80 52	mov	w3, #0x0
100000e90:	3f 01 1f eb	cmp	x9, xzr
100000e94:	6b 00 00 54	b.lt	0x100000ea0
100000e98:	e9 03 09 eb	negs	x9, x9
100000e9c:	02 00 00 14	b	0x100000ea4
100000ea0:	23 00 80 52	mov	w3, #0x1
100000ea4:	4a 01 80 52	mov	w10, #0xa
100000ea8:	24 0d ca 9a	sdiv	x4, x9, x10
100000eac:	85 a4 0a 9b	msub	x5, x4, x10, x9
100000eb0:	06 06 80 52	mov	w6, #0x30
100000eb4:	c6 00 05 eb	subs	x6, x6, x5
100000eb8:	6b 05 00 d1	sub	x11, x11, #0x1
100000ebc:	66 01 00 39	strb	w6, [x11]
100000ec0:	8c 05 00 91	add	x12, x12, #0x1
100000ec4:	e9 03 04 aa	mov	x9, x4
100000ec8:	e9 fe ff b5	cbnz	x9, 0x100000ea4
100000ecc:	a3 00 00 34	cbz	w3, 0x100000ee0
100000ed0:	6b 05 00 d1	sub	x11, x11, #0x1
100000ed4:	aa 05 80 52	mov	w10, #0x2d
100000ed8:	6a 01 00 39	strb	w10, [x11]
100000edc:	8c 05 00 91	add	x12, x12, #0x1
100000ee0:	40 00 80 52	mov	w0, #0x2
100000ee4:	e1 03 0b aa	mov	x1, x11
100000ee8:	e2 03 0c aa	mov	x2, x12
100000eec:	90 00 80 52	mov	w16, #0x4
100000ef0:	01 10 00 d4	svc	#0x80
100000ef4:	ff 83 00 91	add	sp, sp, #0x20
100000ef8:	68 00 80 52	mov	w8, #0x3
100000efc:	7c 08 00 14	b	0x1000030ec
100000f00:	ea 93 40 f9	ldr	x10, [sp, #0x120]
100000f04:	49 01 40 f9	ldr	x9, [x10]
100000f08:	0b 00 80 d2	mov	x11, #0x0
100000f0c:	0b 00 a0 f2	movk	x11, #0x0, lsl #16
100000f10:	0b 00 c0 f2	movk	x11, #0x0, lsl #32
100000f14:	0b 00 f0 f2	movk	x11, #0x8000, lsl #48
100000f18:	29 01 0b 8a	and	x9, x9, x11
100000f1c:	89 01 00 b4	cbz	x9, 0x100000f4c
100000f20:	4a 41 00 d1	sub	x10, x10, #0x10
100000f24:	49 fd 5f c8	ldaxr	x9, [x10]
100000f28:	29 01 00 b4	cbz	x9, 0x100000f4c
100000f2c:	29 05 00 d1	sub	x9, x9, #0x1
100000f30:	49 fd 0b c8	stlxr	w11, x9, [x10]
100000f34:	8b ff ff 35	cbnz	w11, 0x100000f24
100000f38:	a9 00 00 b5	cbnz	x9, 0x100000f4c
100000f3c:	41 05 40 f9	ldr	x1, [x10, #0x8]
100000f40:	e0 03 0a aa	mov	x0, x10
100000f44:	30 09 80 52	mov	w16, #0x49
100000f48:	01 10 00 d4	svc	#0x80
100000f4c:	e9 8f 40 f9	ldr	x9, [sp, #0x118]
100000f50:	e9 43 04 f9	str	x9, [sp, #0x880]
100000f54:	f0 03 09 aa	mov	x16, x9
100000f58:	69 ff ff 17	b	0x100000cfc
100000f5c:	ea 3f 40 f9	ldr	x10, [sp, #0x78]
100000f60:	4e 21 00 91	add	x14, x10, #0x8
100000f64:	c9 fd 5f c8	ldaxr	x9, [x14]
100000f68:	c9 02 00 b4	cbz	x9, 0x100000fc0
100000f6c:	29 05 00 d1	sub	x9, x9, #0x1
100000f70:	c9 fd 0b c8	stlxr	w11, x9, [x14]
100000f74:	8b ff ff 35	cbnz	w11, 0x100000f64
100000f78:	4b 09 40 f9	ldr	x11, [x10, #0x10]
100000f7c:	29 01 0b 8b	add	x9, x9, x11
100000f80:	09 02 00 b5	cbnz	x9, 0x100000fc0
100000f84:	4e 81 00 91	add	x14, x10, #0x20
100000f88:	c9 fd 5f c8	ldaxr	x9, [x14]
100000f8c:	4b 00 80 d2	mov	x11, #0x2
100000f90:	3f 01 0b eb	cmp	x9, x11
100000f94:	a0 ff ff 54	b.eq	0x100000f88
100000f98:	2b 00 80 d2	mov	x11, #0x1
100000f9c:	3f 01 0b eb	cmp	x9, x11
100000fa0:	00 01 00 54	b.eq	0x100000fc0
100000fa4:	29 00 80 d2	mov	x9, #0x1
100000fa8:	c9 fd 0b c8	stlxr	w11, x9, [x14]
100000fac:	eb fe ff 35	cbnz	w11, 0x100000f88
100000fb0:	41 0d 40 f9	ldr	x1, [x10, #0x18]
100000fb4:	e0 03 0a aa	mov	x0, x10
100000fb8:	30 09 80 52	mov	w16, #0x49
100000fbc:	01 10 00 d4	svc	#0x80
100000fc0:	09 00 84 d2	mov	x9, #0x2000
100000fc4:	e9 97 00 f9	str	x9, [sp, #0x128]
100000fc8:	f0 03 09 aa	mov	x16, x9
100000fcc:	09 00 81 d2	mov	x9, #0x800
100000fd0:	e9 9b 00 f9	str	x9, [sp, #0x130]
100000fd4:	f1 03 09 aa	mov	x17, x9
100000fd8:	e9 03 10 aa	mov	x9, x16
100000fdc:	e9 47 04 f9	str	x9, [sp, #0x888]
100000fe0:	f0 03 09 aa	mov	x16, x9
100000fe4:	e9 03 11 aa	mov	x9, x17
100000fe8:	e9 4b 04 f9	str	x9, [sp, #0x890]
100000fec:	f1 03 09 aa	mov	x17, x9
100000ff0:	e9 37 44 f9	ldr	x9, [sp, #0x868]
100000ff4:	09 04 00 34	cbz	w9, 0x100001074
100000ff8:	09 02 80 d2	mov	x9, #0x10
100000ffc:	e9 9f 00 f9	str	x9, [sp, #0x138]
100001000:	f0 03 09 aa	mov	x16, x9
100001004:	09 00 80 52	mov	w9, #0x0
100001008:	e9 a3 00 f9	str	x9, [sp, #0x140]
10000100c:	f1 03 09 aa	mov	x17, x9
100001010:	e9 3b 44 f9	ldr	x9, [sp, #0x870]
100001014:	ea a3 40 f9	ldr	x10, [sp, #0x140]
100001018:	3f 01 0a eb	cmp	x9, x10
10000101c:	0b 00 80 52	mov	w11, #0x0
100001020:	41 00 00 54	b.ne	0x100001028
100001024:	2b 00 80 52	mov	w11, #0x1
100001028:	eb a7 00 f9	str	x11, [sp, #0x148]
10000102c:	f0 03 0b aa	mov	x16, x11
100001030:	e9 9f 40 f9	ldr	x9, [sp, #0x138]
100001034:	e9 47 04 f9	str	x9, [sp, #0x888]
100001038:	f1 03 09 aa	mov	x17, x9
10000103c:	e9 9b 40 f9	ldr	x9, [sp, #0x130]
100001040:	e9 4b 04 f9	str	x9, [sp, #0x890]
100001044:	f0 03 09 aa	mov	x16, x9
100001048:	e9 a7 40 f9	ldr	x9, [sp, #0x148]
10000104c:	49 01 00 34	cbz	w9, 0x100001074
100001050:	09 01 80 d2	mov	x9, #0x8
100001054:	e9 ab 00 f9	str	x9, [sp, #0x150]
100001058:	f0 03 09 aa	mov	x16, x9
10000105c:	e9 9f 40 f9	ldr	x9, [sp, #0x138]
100001060:	e9 47 04 f9	str	x9, [sp, #0x888]
100001064:	f1 03 09 aa	mov	x17, x9
100001068:	e9 03 10 aa	mov	x9, x16
10000106c:	e9 4b 04 f9	str	x9, [sp, #0x890]
100001070:	f0 03 09 aa	mov	x16, x9
100001074:	01 00 88 d2	mov	x1, #0x4000
100001078:	00 00 80 52	mov	w0, #0x0
10000107c:	62 00 80 52	mov	w2, #0x3
100001080:	43 00 82 52	mov	w3, #0x1002
100001084:	e4 ff 9f d2	mov	x4, #0xffff
100001088:	e4 ff bf f2	movk	x4, #0xffff, lsl #16
10000108c:	e4 ff df f2	movk	x4, #0xffff, lsl #32
100001090:	e4 ff ff f2	movk	x4, #0xffff, lsl #48
100001094:	05 00 80 52	mov	w5, #0x0
100001098:	b0 18 80 52	mov	w16, #0xc5
10000109c:	01 10 00 d4	svc	#0x80
1000010a0:	62 01 00 54	b.hs	0x1000010cc
1000010a4:	ef 03 00 aa	mov	x15, x0
1000010a8:	09 00 80 d2	mov	x9, #0x0
1000010ac:	e9 01 00 f9	str	x9, [x15]
1000010b0:	29 00 80 d2	mov	x9, #0x1
1000010b4:	e9 05 00 f9	str	x9, [x15, #0x8]
1000010b8:	09 00 88 d2	mov	x9, #0x4000
1000010bc:	e9 0d 00 f9	str	x9, [x15, #0x18]
1000010c0:	ee a1 00 91	add	x14, x15, #0x28
1000010c4:	ef af 00 f9	str	x15, [sp, #0x158]
1000010c8:	03 00 00 14	b	0x1000010d4
1000010cc:	68 00 80 52	mov	w8, #0x3
1000010d0:	07 08 00 14	b	0x1000030ec
1000010d4:	e9 af 40 f9	ldr	x9, [sp, #0x158]
1000010d8:	e9 87 05 f9	str	x9, [sp, #0xb08]
1000010dc:	f0 03 09 aa	mov	x16, x9
1000010e0:	01 00 88 d2	mov	x1, #0x4000
1000010e4:	00 00 80 52	mov	w0, #0x0
1000010e8:	62 00 80 52	mov	w2, #0x3
1000010ec:	43 00 82 52	mov	w3, #0x1002
1000010f0:	e4 ff 9f d2	mov	x4, #0xffff
1000010f4:	e4 ff bf f2	movk	x4, #0xffff, lsl #16
1000010f8:	e4 ff df f2	movk	x4, #0xffff, lsl #32
1000010fc:	e4 ff ff f2	movk	x4, #0xffff, lsl #48
100001100:	05 00 80 52	mov	w5, #0x0
100001104:	b0 18 80 52	mov	w16, #0xc5
100001108:	01 10 00 d4	svc	#0x80
10000110c:	62 01 00 54	b.hs	0x100001138
100001110:	ef 03 00 aa	mov	x15, x0
100001114:	09 00 80 d2	mov	x9, #0x0
100001118:	e9 01 00 f9	str	x9, [x15]
10000111c:	29 00 80 d2	mov	x9, #0x1
100001120:	e9 05 00 f9	str	x9, [x15, #0x8]
100001124:	09 00 88 d2	mov	x9, #0x4000
100001128:	e9 0d 00 f9	str	x9, [x15, #0x18]
10000112c:	ee a1 00 91	add	x14, x15, #0x28
100001130:	ef b3 00 f9	str	x15, [sp, #0x160]
100001134:	03 00 00 14	b	0x100001140
100001138:	68 00 80 52	mov	w8, #0x3
10000113c:	ec 07 00 14	b	0x1000030ec
100001140:	e9 b3 40 f9	ldr	x9, [sp, #0x160]
100001144:	e9 8b 05 f9	str	x9, [sp, #0xb10]
100001148:	f0 03 09 aa	mov	x16, x9
10000114c:	09 00 e0 d2	movz	x9, #0x0, lsl #48
100001150:	e9 b7 00 f9	str	x9, [sp, #0x168]
100001154:	f1 03 09 aa	mov	x17, x9
100001158:	e9 03 11 aa	mov	x9, x17
10000115c:	e9 4f 04 f9	str	x9, [sp, #0x898]
100001160:	f0 03 09 aa	mov	x16, x9
100001164:	e9 4f 44 f9	ldr	x9, [sp, #0x898]
100001168:	ea 47 44 f9	ldr	x10, [sp, #0x888]
10000116c:	3f 01 0a eb	cmp	x9, x10
100001170:	0b 00 80 52	mov	w11, #0x0
100001174:	4a 00 00 54	b.ge	0x10000117c
100001178:	2b 00 80 52	mov	w11, #0x1
10000117c:	eb bb 00 f9	str	x11, [sp, #0x170]
100001180:	f0 03 0b aa	mov	x16, x11
100001184:	e9 bb 40 f9	ldr	x9, [sp, #0x170]
100001188:	49 28 00 34	cbz	w9, 0x100001690
10000118c:	e9 4f 44 f9	ldr	x9, [sp, #0x898]
100001190:	2d fd 7f 93	asr	x13, x9, #63
100001194:	ec 01 80 d2	mov	x12, #0xf
100001198:	ad 01 0c 8a	and	x13, x13, x12
10000119c:	2d 01 0d 8b	add	x13, x9, x13
1000011a0:	ad fd 44 93	asr	x13, x13, #4
1000011a4:	0c 02 80 d2	mov	x12, #0x10
1000011a8:	ab a5 0c 9b	msub	x11, x13, x12, x9
1000011ac:	eb c3 00 f9	str	x11, [sp, #0x180]
1000011b0:	f0 03 0b aa	mov	x16, x11
1000011b4:	e9 c3 40 f9	ldr	x9, [sp, #0x180]
1000011b8:	2a 01 22 9e	scvtf	s10, x9
1000011bc:	0b e0 ab d2	mov	x11, #0x5f000000
1000011c0:	6b 01 27 1e	fmov	s11, w11
1000011c4:	40 21 2b 1e	fcmp	s10, s11
1000011c8:	84 01 00 54	b.mi	0x1000011f8
1000011cc:	40 00 80 52	mov	w0, #0x2
1000011d0:	41 00 00 b0	adrp	x1, 9 ; 0x10000a000
1000011d4:	21 60 10 91	add	x1, x1, #0x418
1000011d8:	62 18 80 d2	mov	x2, #0xc3
1000011dc:	02 00 a0 f2	movk	x2, #0x0, lsl #16
1000011e0:	02 00 c0 f2	movk	x2, #0x0, lsl #32
1000011e4:	02 00 e0 f2	movk	x2, #0x0, lsl #48
1000011e8:	90 00 80 52	mov	w16, #0x4
1000011ec:	01 10 00 d4	svc	#0x80
1000011f0:	68 00 80 52	mov	w8, #0x3
1000011f4:	be 07 00 14	b	0x1000030ec
1000011f8:	4b 01 38 9e	fcvtzs	x11, s10
1000011fc:	3f 01 0b eb	cmp	x9, x11
100001200:	80 01 00 54	b.eq	0x100001230
100001204:	40 00 80 52	mov	w0, #0x2
100001208:	41 00 00 b0	adrp	x1, 9 ; 0x10000a000
10000120c:	21 60 10 91	add	x1, x1, #0x418
100001210:	62 18 80 d2	mov	x2, #0xc3
100001214:	02 00 a0 f2	movk	x2, #0x0, lsl #16
100001218:	02 00 c0 f2	movk	x2, #0x0, lsl #32
10000121c:	02 00 e0 f2	movk	x2, #0x0, lsl #48
100001220:	90 00 80 52	mov	w16, #0x4
100001224:	01 10 00 d4	svc	#0x80
100001228:	68 00 80 52	mov	w8, #0x3
10000122c:	b0 07 00 14	b	0x1000030ec
100001230:	ea 8b 01 bd	str	s10, [sp, #0x188]
100001234:	e9 87 45 f9	ldr	x9, [sp, #0xb08]
100001238:	e9 cb 00 f9	str	x9, [sp, #0x190]
10000123c:	f0 03 09 aa	mov	x16, x9
100001240:	09 10 24 1e	fmov	s9, #8.00000000
100001244:	e9 9b 01 bd	str	s9, [sp, #0x198]
100001248:	e9 8b 41 bd	ldr	s9, [sp, #0x188]
10000124c:	ea 9b 41 bd	ldr	s10, [sp, #0x198]
100001250:	2b 39 2a 1e	fsub	s11, s9, s10
100001254:	eb a3 01 bd	str	s11, [sp, #0x1a0]
100001258:	09 10 2c 1e	fmov	s9, #0.50000000
10000125c:	e9 ab 01 bd	str	s9, [sp, #0x1a8]
100001260:	09 10 24 1e	fmov	s9, #8.00000000
100001264:	e9 b3 01 bd	str	s9, [sp, #0x1b0]
100001268:	e9 8b 41 bd	ldr	s9, [sp, #0x188]
10000126c:	ea b3 41 bd	ldr	s10, [sp, #0x1b0]
100001270:	2b 39 2a 1e	fsub	s11, s9, s10
100001274:	eb bb 01 bd	str	s11, [sp, #0x1b8]
100001278:	09 10 26 1e	fmov	s9, #16.00000000
10000127c:	e9 c3 01 bd	str	s9, [sp, #0x1c0]
100001280:	e9 bb 41 bd	ldr	s9, [sp, #0x1b8]
100001284:	ea c3 41 bd	ldr	s10, [sp, #0x1c0]
100001288:	2b 09 2a 1e	fmul	s11, s9, s10
10000128c:	eb cb 01 bd	str	s11, [sp, #0x1c8]
100001290:	09 e4 00 2f	movi	d9, #0000000000000000
100001294:	e9 d3 01 bd	str	s9, [sp, #0x1d0]
100001298:	09 e4 00 2f	movi	d9, #0000000000000000
10000129c:	e9 db 01 bd	str	s9, [sp, #0x1d8]
1000012a0:	49 33 93 d2	mov	x9, #0x999a
1000012a4:	29 e3 a7 f2	movk	x9, #0x3f19, lsl #16
1000012a8:	29 01 27 1e	fmov	s9, w9
1000012ac:	e9 e3 01 bd	str	s9, [sp, #0x1e0]
1000012b0:	a9 99 99 d2	mov	x9, #0xcccd
1000012b4:	89 e9 a7 f2	movk	x9, #0x3f4c, lsl #16
1000012b8:	29 01 27 1e	fmov	s9, w9
1000012bc:	e9 eb 01 bd	str	s9, [sp, #0x1e8]
1000012c0:	e9 d3 40 f9	ldr	x9, [sp, #0x1a0]
1000012c4:	e9 fb 00 f9	str	x9, [sp, #0x1f0]
1000012c8:	e9 d7 40 f9	ldr	x9, [sp, #0x1a8]
1000012cc:	e9 ff 00 f9	str	x9, [sp, #0x1f8]
1000012d0:	e9 e7 40 f9	ldr	x9, [sp, #0x1c8]
1000012d4:	e9 03 01 f9	str	x9, [sp, #0x200]
1000012d8:	e9 eb 40 f9	ldr	x9, [sp, #0x1d0]
1000012dc:	e9 07 01 f9	str	x9, [sp, #0x208]
1000012e0:	e9 ef 40 f9	ldr	x9, [sp, #0x1d8]
1000012e4:	e9 0b 01 f9	str	x9, [sp, #0x210]
1000012e8:	e9 f3 40 f9	ldr	x9, [sp, #0x1e0]
1000012ec:	e9 0f 01 f9	str	x9, [sp, #0x218]
1000012f0:	e9 f7 40 f9	ldr	x9, [sp, #0x1e8]
1000012f4:	e9 13 01 f9	str	x9, [sp, #0x220]
1000012f8:	ea cb 40 f9	ldr	x10, [sp, #0x190]
1000012fc:	4d 01 40 f9	ldr	x13, [x10]
100001300:	09 00 80 52	mov	w9, #0x0
100001304:	ec 03 0d aa	mov	x12, x13
100001308:	8c 05 00 91	add	x12, x12, #0x1
10000130c:	4b 05 40 f9	ldr	x11, [x10, #0x8]
100001310:	45 09 40 f9	ldr	x5, [x10, #0x10]
100001314:	6b 01 05 8b	add	x11, x11, x5
100001318:	25 00 80 d2	mov	x5, #0x1
10000131c:	7f 01 05 eb	cmp	x11, x5
100001320:	81 03 00 54	b.ne	0x100001390
100001324:	0b 07 80 d2	mov	x11, #0x38
100001328:	85 7d 0b 9b	mul	x5, x12, x11
10000132c:	a5 a0 00 91	add	x5, x5, #0x28
100001330:	4b 0d 40 f9	ldr	x11, [x10, #0x18]
100001334:	bf 00 0b eb	cmp	x5, x11
100001338:	c8 02 00 54	b.hi	0x100001390
10000133c:	4e a1 00 91	add	x14, x10, #0x28
100001340:	0b 07 80 d2	mov	x11, #0x38
100001344:	a5 7d 0b 9b	mul	x5, x13, x11
100001348:	ce 01 05 8b	add	x14, x14, x5
10000134c:	e5 fb 40 f9	ldr	x5, [sp, #0x1f0]
100001350:	c5 01 00 f9	str	x5, [x14]
100001354:	e5 ff 40 f9	ldr	x5, [sp, #0x1f8]
100001358:	c5 05 00 f9	str	x5, [x14, #0x8]
10000135c:	e5 03 41 f9	ldr	x5, [sp, #0x200]
100001360:	c5 09 00 f9	str	x5, [x14, #0x10]
100001364:	e5 07 41 f9	ldr	x5, [sp, #0x208]
100001368:	c5 0d 00 f9	str	x5, [x14, #0x18]
10000136c:	e5 0b 41 f9	ldr	x5, [sp, #0x210]
100001370:	c5 11 00 f9	str	x5, [x14, #0x20]
100001374:	e5 0f 41 f9	ldr	x5, [sp, #0x218]
100001378:	c5 15 00 f9	str	x5, [x14, #0x28]
10000137c:	e5 13 41 f9	ldr	x5, [sp, #0x220]
100001380:	c5 19 00 f9	str	x5, [x14, #0x30]
100001384:	4c 01 00 f9	str	x12, [x10]
100001388:	ea 17 01 f9	str	x10, [sp, #0x228]
10000138c:	67 00 00 14	b	0x100001528
100001390:	ff c3 00 d1	sub	sp, sp, #0x30
100001394:	ea 03 00 f9	str	x10, [sp]
100001398:	ed 07 00 f9	str	x13, [sp, #0x8]
10000139c:	e9 0b 00 f9	str	x9, [sp, #0x10]
1000013a0:	ec 0f 00 f9	str	x12, [sp, #0x18]
1000013a4:	e7 13 00 f9	str	x7, [sp, #0x20]
1000013a8:	e6 17 00 f9	str	x6, [sp, #0x28]
1000013ac:	0b 07 80 d2	mov	x11, #0x38
1000013b0:	81 7d 0b 9b	mul	x1, x12, x11
1000013b4:	21 a0 00 91	add	x1, x1, #0x28
1000013b8:	05 00 88 d2	mov	x5, #0x4000
1000013bc:	3f 00 05 eb	cmp	x1, x5
1000013c0:	42 00 00 54	b.hs	0x1000013c8
1000013c4:	e1 03 05 aa	mov	x1, x5
1000013c8:	21 00 01 8b	add	x1, x1, x1
1000013cc:	00 00 80 52	mov	w0, #0x0
1000013d0:	62 00 80 52	mov	w2, #0x3
1000013d4:	43 00 82 52	mov	w3, #0x1002
1000013d8:	e4 ff 9f d2	mov	x4, #0xffff
1000013dc:	e4 ff bf f2	movk	x4, #0xffff, lsl #16
1000013e0:	e4 ff df f2	movk	x4, #0xffff, lsl #32
1000013e4:	e4 ff ff f2	movk	x4, #0xffff, lsl #48
1000013e8:	05 00 80 52	mov	w5, #0x0
1000013ec:	b0 18 80 52	mov	w16, #0xc5
1000013f0:	01 10 00 d4	svc	#0x80
1000013f4:	c2 09 00 54	b.hs	0x10000152c
1000013f8:	ef 03 00 aa	mov	x15, x0
1000013fc:	ea 03 40 f9	ldr	x10, [sp]
100001400:	ed 07 40 f9	ldr	x13, [sp, #0x8]
100001404:	e9 0b 40 f9	ldr	x9, [sp, #0x10]
100001408:	ec 0f 40 f9	ldr	x12, [sp, #0x18]
10000140c:	e7 13 40 f9	ldr	x7, [sp, #0x20]
100001410:	e6 17 40 f9	ldr	x6, [sp, #0x28]
100001414:	ec 01 00 f9	str	x12, [x15]
100001418:	25 00 80 d2	mov	x5, #0x1
10000141c:	e5 05 00 f9	str	x5, [x15, #0x8]
100001420:	0b 07 80 d2	mov	x11, #0x38
100001424:	8b 7d 0b 9b	mul	x11, x12, x11
100001428:	6b a1 00 91	add	x11, x11, #0x28
10000142c:	05 00 88 d2	mov	x5, #0x4000
100001430:	7f 01 05 eb	cmp	x11, x5
100001434:	42 00 00 54	b.hs	0x10000143c
100001438:	eb 03 05 aa	mov	x11, x5
10000143c:	6b 01 0b 8b	add	x11, x11, x11
100001440:	eb 0d 00 f9	str	x11, [x15, #0x18]
100001444:	4a a1 00 91	add	x10, x10, #0x28
100001448:	ee a1 00 91	add	x14, x15, #0x28
10000144c:	eb 00 80 d2	mov	x11, #0x7
100001450:	ac 7d 0b 9b	mul	x12, x13, x11
100001454:	ec 00 00 b4	cbz	x12, 0x100001470
100001458:	4b 01 40 f9	ldr	x11, [x10]
10000145c:	cb 01 00 f9	str	x11, [x14]
100001460:	4a 21 00 91	add	x10, x10, #0x8
100001464:	ce 21 00 91	add	x14, x14, #0x8
100001468:	8c 05 00 d1	sub	x12, x12, #0x1
10000146c:	6c ff ff b5	cbnz	x12, 0x100001458
100001470:	ff c3 00 91	add	sp, sp, #0x30
100001474:	e9 03 0d aa	mov	x9, x13
100001478:	ee a1 00 91	add	x14, x15, #0x28
10000147c:	0b 07 80 d2	mov	x11, #0x38
100001480:	29 7d 0b 9b	mul	x9, x9, x11
100001484:	ce 01 09 8b	add	x14, x14, x9
100001488:	ec fb 40 f9	ldr	x12, [sp, #0x1f0]
10000148c:	cc 01 00 f9	str	x12, [x14]
100001490:	ec ff 40 f9	ldr	x12, [sp, #0x1f8]
100001494:	cc 05 00 f9	str	x12, [x14, #0x8]
100001498:	ec 03 41 f9	ldr	x12, [sp, #0x200]
10000149c:	cc 09 00 f9	str	x12, [x14, #0x10]
1000014a0:	ec 07 41 f9	ldr	x12, [sp, #0x208]
1000014a4:	cc 0d 00 f9	str	x12, [x14, #0x18]
1000014a8:	ec 0b 41 f9	ldr	x12, [sp, #0x210]
1000014ac:	cc 11 00 f9	str	x12, [x14, #0x20]
1000014b0:	ec 0f 41 f9	ldr	x12, [sp, #0x218]
1000014b4:	cc 15 00 f9	str	x12, [x14, #0x28]
1000014b8:	ec 13 41 f9	ldr	x12, [sp, #0x220]
1000014bc:	cc 19 00 f9	str	x12, [x14, #0x30]
1000014c0:	ef 17 01 f9	str	x15, [sp, #0x228]
1000014c4:	ea cb 40 f9	ldr	x10, [sp, #0x190]
1000014c8:	4e 21 00 91	add	x14, x10, #0x8
1000014cc:	c9 fd 5f c8	ldaxr	x9, [x14]
1000014d0:	c9 02 00 b4	cbz	x9, 0x100001528
1000014d4:	29 05 00 d1	sub	x9, x9, #0x1
1000014d8:	c9 fd 0b c8	stlxr	w11, x9, [x14]
1000014dc:	8b ff ff 35	cbnz	w11, 0x1000014cc
1000014e0:	4b 09 40 f9	ldr	x11, [x10, #0x10]
1000014e4:	29 01 0b 8b	add	x9, x9, x11
1000014e8:	09 02 00 b5	cbnz	x9, 0x100001528
1000014ec:	4e 81 00 91	add	x14, x10, #0x20
1000014f0:	c9 fd 5f c8	ldaxr	x9, [x14]
1000014f4:	4b 00 80 d2	mov	x11, #0x2
1000014f8:	3f 01 0b eb	cmp	x9, x11
1000014fc:	a0 ff ff 54	b.eq	0x1000014f0
100001500:	2b 00 80 d2	mov	x11, #0x1
100001504:	3f 01 0b eb	cmp	x9, x11
100001508:	00 01 00 54	b.eq	0x100001528
10000150c:	29 00 80 d2	mov	x9, #0x1
100001510:	c9 fd 0b c8	stlxr	w11, x9, [x14]
100001514:	eb fe ff 35	cbnz	w11, 0x1000014f0
100001518:	41 0d 40 f9	ldr	x1, [x10, #0x18]
10000151c:	e0 03 0a aa	mov	x0, x10
100001520:	30 09 80 52	mov	w16, #0x49
100001524:	01 10 00 d4	svc	#0x80
100001528:	04 00 00 14	b	0x100001538
10000152c:	ff c3 00 91	add	sp, sp, #0x30
100001530:	68 00 80 52	mov	w8, #0x3
100001534:	ee 06 00 14	b	0x1000030ec
100001538:	e9 17 41 f9	ldr	x9, [sp, #0x228]
10000153c:	e9 87 05 f9	str	x9, [sp, #0xb08]
100001540:	f0 03 09 aa	mov	x16, x9
100001544:	09 10 28 1e	fmov	s9, #0.12500000
100001548:	e9 33 02 bd	str	s9, [sp, #0x230]
10000154c:	e9 8b 41 bd	ldr	s9, [sp, #0x188]
100001550:	ea 33 42 bd	ldr	s10, [sp, #0x230]
100001554:	2b 09 2a 1e	fmul	s11, s9, s10
100001558:	eb 3b 02 bd	str	s11, [sp, #0x238]
10000155c:	09 10 24 1e	fmov	s9, #8.00000000
100001560:	e9 43 02 bd	str	s9, [sp, #0x240]
100001564:	e9 8b 41 bd	ldr	s9, [sp, #0x188]
100001568:	ea 43 42 bd	ldr	s10, [sp, #0x240]
10000156c:	2b 39 2a 1e	fsub	s11, s9, s10
100001570:	eb 4b 02 bd	str	s11, [sp, #0x248]
100001574:	09 10 2c 1e	fmov	s9, #0.50000000
100001578:	e9 53 02 bd	str	s9, [sp, #0x250]
10000157c:	09 10 2a 1e	fmov	s9, #0.25000000
100001580:	e9 5b 02 bd	str	s9, [sp, #0x258]
100001584:	09 10 2a 1e	fmov	s9, #0.25000000
100001588:	e9 63 02 bd	str	s9, [sp, #0x260]
10000158c:	e9 8b 41 bd	ldr	s9, [sp, #0x188]
100001590:	ea 63 42 bd	ldr	s10, [sp, #0x260]
100001594:	2b 09 2a 1e	fmul	s11, s9, s10
100001598:	eb 6b 02 bd	str	s11, [sp, #0x268]
10000159c:	09 10 28 1e	fmov	s9, #0.12500000
1000015a0:	e9 73 02 bd	str	s9, [sp, #0x270]
1000015a4:	e9 8b 41 bd	ldr	s9, [sp, #0x188]
1000015a8:	ea 73 42 bd	ldr	s10, [sp, #0x270]
1000015ac:	2b 09 2a 1e	fmul	s11, s9, s10
1000015b0:	eb 7b 02 bd	str	s11, [sp, #0x278]
1000015b4:	e9 4f 44 f9	ldr	x9, [sp, #0x898]
1000015b8:	2d fd 7f 93	asr	x13, x9, #63
1000015bc:	6c 00 80 d2	mov	x12, #0x3
1000015c0:	ad 01 0c 8a	and	x13, x13, x12
1000015c4:	2d 01 0d 8b	add	x13, x9, x13
1000015c8:	ad fd 42 93	asr	x13, x13, #2
1000015cc:	8c 00 80 d2	mov	x12, #0x4
1000015d0:	ab a5 0c 9b	msub	x11, x13, x12, x9
1000015d4:	eb 47 01 f9	str	x11, [sp, #0x288]
1000015d8:	f1 03 0b aa	mov	x17, x11
1000015dc:	29 00 80 d2	mov	x9, #0x1
1000015e0:	e9 4b 01 f9	str	x9, [sp, #0x290]
1000015e4:	f0 03 09 aa	mov	x16, x9
1000015e8:	e9 47 41 f9	ldr	x9, [sp, #0x288]
1000015ec:	ea 4b 41 f9	ldr	x10, [sp, #0x290]
1000015f0:	3f 01 0a eb	cmp	x9, x10
1000015f4:	0b 00 80 52	mov	w11, #0x0
1000015f8:	41 00 00 54	b.ne	0x100001600
1000015fc:	2b 00 80 52	mov	w11, #0x1
100001600:	eb 4f 01 f9	str	x11, [sp, #0x298]
100001604:	f1 03 0b aa	mov	x17, x11
100001608:	09 00 80 52	mov	w9, #0x0
10000160c:	e9 53 01 f9	str	x9, [sp, #0x2a0]
100001610:	f0 03 09 aa	mov	x16, x9
100001614:	e9 4f 44 f9	ldr	x9, [sp, #0x898]
100001618:	2d fd 7f 93	asr	x13, x9, #63
10000161c:	6c 00 80 d2	mov	x12, #0x3
100001620:	ad 01 0c 8a	and	x13, x13, x12
100001624:	2d 01 0d 8b	add	x13, x9, x13
100001628:	ad fd 42 93	asr	x13, x13, #2
10000162c:	8c 00 80 d2	mov	x12, #0x4
100001630:	ab a5 0c 9b	msub	x11, x13, x12, x9
100001634:	eb 5b 01 f9	str	x11, [sp, #0x2b0]
100001638:	f1 03 0b aa	mov	x17, x11
10000163c:	09 00 e0 d2	movz	x9, #0x0, lsl #48
100001640:	e9 5f 01 f9	str	x9, [sp, #0x2b8]
100001644:	f0 03 09 aa	mov	x16, x9
100001648:	e9 5b 41 f9	ldr	x9, [sp, #0x2b0]
10000164c:	ea 5f 41 f9	ldr	x10, [sp, #0x2b8]
100001650:	3f 01 0a eb	cmp	x9, x10
100001654:	0b 00 80 52	mov	w11, #0x0
100001658:	41 00 00 54	b.ne	0x100001660
10000165c:	2b 00 80 52	mov	w11, #0x1
100001660:	eb 63 01 f9	str	x11, [sp, #0x2c0]
100001664:	f1 03 0b aa	mov	x17, x11
100001668:	e9 2b 41 f9	ldr	x9, [sp, #0x250]
10000166c:	e9 6f 05 f9	str	x9, [sp, #0xad8]
100001670:	f0 03 09 aa	mov	x16, x9
100001674:	e9 2f 41 f9	ldr	x9, [sp, #0x258]
100001678:	e9 73 05 f9	str	x9, [sp, #0xae0]
10000167c:	f1 03 09 aa	mov	x17, x9
100001680:	e9 63 41 f9	ldr	x9, [sp, #0x2c0]
100001684:	49 00 00 34	cbz	w9, 0x10000168c
100001688:	90 01 00 14	b	0x100001cc8
10000168c:	99 01 00 14	b	0x100001cf0
100001690:	e9 87 45 f9	ldr	x9, [sp, #0xb08]
100001694:	e9 a7 01 f9	str	x9, [sp, #0x348]
100001698:	f0 03 09 aa	mov	x16, x9
10000169c:	e9 23 2c 91	add	x9, sp, #0xb08
1000016a0:	e9 ab 01 f9	str	x9, [sp, #0x350]
1000016a4:	09 00 e0 d2	movz	x9, #0x0, lsl #48
1000016a8:	e9 af 01 f9	str	x9, [sp, #0x358]
1000016ac:	f0 03 09 aa	mov	x16, x9
1000016b0:	e9 87 45 f9	ldr	x9, [sp, #0xb08]
1000016b4:	e9 b3 01 f9	str	x9, [sp, #0x360]
1000016b8:	f1 03 09 aa	mov	x17, x9
1000016bc:	e9 b3 41 f9	ldr	x9, [sp, #0x360]
1000016c0:	2a 01 40 f9	ldr	x10, [x9]
1000016c4:	ea b7 01 f9	str	x10, [sp, #0x368]
1000016c8:	ea ab 41 f9	ldr	x10, [sp, #0x350]
1000016cc:	4e 01 40 f9	ldr	x14, [x10]
1000016d0:	cd 01 40 f9	ldr	x13, [x14]
1000016d4:	cb 05 40 f9	ldr	x11, [x14, #0x8]
1000016d8:	c5 09 40 f9	ldr	x5, [x14, #0x10]
1000016dc:	6b 01 05 8b	add	x11, x11, x5
1000016e0:	25 00 80 d2	mov	x5, #0x1
1000016e4:	7f 01 05 eb	cmp	x11, x5
1000016e8:	40 0d 00 54	b.eq	0x100001890
1000016ec:	ff 83 00 d1	sub	sp, sp, #0x20
1000016f0:	ea 03 00 f9	str	x10, [sp]
1000016f4:	ee 07 00 f9	str	x14, [sp, #0x8]
1000016f8:	ed 0b 00 f9	str	x13, [sp, #0x10]
1000016fc:	0b 07 80 d2	mov	x11, #0x38
100001700:	a1 7d 0b 9b	mul	x1, x13, x11
100001704:	21 a0 00 91	add	x1, x1, #0x28
100001708:	00 00 80 52	mov	w0, #0x0
10000170c:	62 00 80 52	mov	w2, #0x3
100001710:	43 00 82 52	mov	w3, #0x1002
100001714:	e4 ff 9f d2	mov	x4, #0xffff
100001718:	e4 ff bf f2	movk	x4, #0xffff, lsl #16
10000171c:	e4 ff df f2	movk	x4, #0xffff, lsl #32
100001720:	e4 ff ff f2	movk	x4, #0xffff, lsl #48
100001724:	05 00 80 52	mov	w5, #0x0
100001728:	b0 18 80 52	mov	w16, #0xc5
10000172c:	01 10 00 d4	svc	#0x80
100001730:	a2 0a 00 54	b.hs	0x100001884
100001734:	ef 03 00 aa	mov	x15, x0
100001738:	ea 03 40 f9	ldr	x10, [sp]
10000173c:	ee 07 40 f9	ldr	x14, [sp, #0x8]
100001740:	ed 0b 40 f9	ldr	x13, [sp, #0x10]
100001744:	ed 01 00 f9	str	x13, [x15]
100001748:	2b 00 80 d2	mov	x11, #0x1
10000174c:	eb 05 00 f9	str	x11, [x15, #0x8]
100001750:	0b 07 80 d2	mov	x11, #0x38
100001754:	ab 7d 0b 9b	mul	x11, x13, x11
100001758:	6b a1 00 91	add	x11, x11, #0x28
10000175c:	eb 0d 00 f9	str	x11, [x15, #0x18]
100001760:	ca a1 00 91	add	x10, x14, #0x28
100001764:	ee a1 00 91	add	x14, x15, #0x28
100001768:	eb 00 80 d2	mov	x11, #0x7
10000176c:	ac 7d 0b 9b	mul	x12, x13, x11
100001770:	ec 00 00 b4	cbz	x12, 0x10000178c
100001774:	4b 01 40 f9	ldr	x11, [x10]
100001778:	cb 01 00 f9	str	x11, [x14]
10000177c:	4a 21 00 91	add	x10, x10, #0x8
100001780:	ce 21 00 91	add	x14, x14, #0x8
100001784:	8c 05 00 d1	sub	x12, x12, #0x1
100001788:	6c ff ff b5	cbnz	x12, 0x100001774
10000178c:	ea 03 40 f9	ldr	x10, [sp]
100001790:	ee 07 40 f9	ldr	x14, [sp, #0x8]
100001794:	49 fd 5f c8	ldaxr	x9, [x10]
100001798:	3f 01 0e eb	cmp	x9, x14
10000179c:	c1 03 00 54	b.ne	0x100001814
1000017a0:	4f fd 0b c8	stlxr	w11, x15, [x10]
1000017a4:	8b ff ff 35	cbnz	w11, 0x100001794
1000017a8:	ea 07 40 f9	ldr	x10, [sp, #0x8]
1000017ac:	4e 21 00 91	add	x14, x10, #0x8
1000017b0:	c9 fd 5f c8	ldaxr	x9, [x14]
1000017b4:	c9 02 00 b4	cbz	x9, 0x10000180c
1000017b8:	29 05 00 d1	sub	x9, x9, #0x1
1000017bc:	c9 fd 0b c8	stlxr	w11, x9, [x14]
1000017c0:	8b ff ff 35	cbnz	w11, 0x1000017b0
1000017c4:	4b 09 40 f9	ldr	x11, [x10, #0x10]
1000017c8:	29 01 0b 8b	add	x9, x9, x11
1000017cc:	09 02 00 b5	cbnz	x9, 0x10000180c
1000017d0:	4e 81 00 91	add	x14, x10, #0x20
1000017d4:	c9 fd 5f c8	ldaxr	x9, [x14]
1000017d8:	4b 00 80 d2	mov	x11, #0x2
1000017dc:	3f 01 0b eb	cmp	x9, x11
1000017e0:	a0 ff ff 54	b.eq	0x1000017d4
1000017e4:	2b 00 80 d2	mov	x11, #0x1
1000017e8:	3f 01 0b eb	cmp	x9, x11
1000017ec:	00 01 00 54	b.eq	0x10000180c
1000017f0:	29 00 80 d2	mov	x9, #0x1
1000017f4:	c9 fd 0b c8	stlxr	w11, x9, [x14]
1000017f8:	eb fe ff 35	cbnz	w11, 0x1000017d4
1000017fc:	41 0d 40 f9	ldr	x1, [x10, #0x18]
100001800:	e0 03 0a aa	mov	x0, x10
100001804:	30 09 80 52	mov	w16, #0x49
100001808:	01 10 00 d4	svc	#0x80
10000180c:	ff 83 00 91	add	sp, sp, #0x20
100001810:	20 00 00 14	b	0x100001890
100001814:	5f 3f 03 d5	clrex
100001818:	ea 03 0f aa	mov	x10, x15
10000181c:	4e 21 00 91	add	x14, x10, #0x8
100001820:	c9 fd 5f c8	ldaxr	x9, [x14]
100001824:	c9 02 00 b4	cbz	x9, 0x10000187c
100001828:	29 05 00 d1	sub	x9, x9, #0x1
10000182c:	c9 fd 0b c8	stlxr	w11, x9, [x14]
100001830:	8b ff ff 35	cbnz	w11, 0x100001820
100001834:	4b 09 40 f9	ldr	x11, [x10, #0x10]
100001838:	29 01 0b 8b	add	x9, x9, x11
10000183c:	09 02 00 b5	cbnz	x9, 0x10000187c
100001840:	4e 81 00 91	add	x14, x10, #0x20
100001844:	c9 fd 5f c8	ldaxr	x9, [x14]
100001848:	4b 00 80 d2	mov	x11, #0x2
10000184c:	3f 01 0b eb	cmp	x9, x11
100001850:	a0 ff ff 54	b.eq	0x100001844
100001854:	2b 00 80 d2	mov	x11, #0x1
100001858:	3f 01 0b eb	cmp	x9, x11
10000185c:	00 01 00 54	b.eq	0x10000187c
100001860:	29 00 80 d2	mov	x9, #0x1
100001864:	c9 fd 0b c8	stlxr	w11, x9, [x14]
100001868:	eb fe ff 35	cbnz	w11, 0x100001844
10000186c:	41 0d 40 f9	ldr	x1, [x10, #0x18]
100001870:	e0 03 0a aa	mov	x0, x10
100001874:	30 09 80 52	mov	w16, #0x49
100001878:	01 10 00 d4	svc	#0x80
10000187c:	ff 83 00 91	add	sp, sp, #0x20
100001880:	92 ff ff 17	b	0x1000016c8
100001884:	ff 83 00 91	add	sp, sp, #0x20
100001888:	68 00 80 52	mov	w8, #0x3
10000188c:	18 06 00 14	b	0x1000030ec
100001890:	ea ab 41 f9	ldr	x10, [sp, #0x350]
100001894:	4a 01 40 f9	ldr	x10, [x10]
100001898:	4d 01 40 f9	ldr	x13, [x10]
10000189c:	4a a1 00 91	add	x10, x10, #0x28
1000018a0:	e9 af 41 f9	ldr	x9, [sp, #0x358]
1000018a4:	3f 01 1f eb	cmp	x9, xzr
1000018a8:	4a 00 00 54	b.ge	0x1000018b0
1000018ac:	29 01 0d 8b	add	x9, x9, x13
1000018b0:	3f 01 1f eb	cmp	x9, xzr
1000018b4:	4a 00 00 54	b.ge	0x1000018bc
1000018b8:	09 00 80 52	mov	w9, #0x0
1000018bc:	3f 01 0d eb	cmp	x9, x13
1000018c0:	4d 00 00 54	b.le	0x1000018c8
1000018c4:	e9 03 0d aa	mov	x9, x13
1000018c8:	e8 b7 41 f9	ldr	x8, [sp, #0x368]
1000018cc:	1f 01 1f eb	cmp	x8, xzr
1000018d0:	4a 00 00 54	b.ge	0x1000018d8
1000018d4:	08 01 0d 8b	add	x8, x8, x13
1000018d8:	1f 01 1f eb	cmp	x8, xzr
1000018dc:	4a 00 00 54	b.ge	0x1000018e4
1000018e0:	08 00 80 52	mov	w8, #0x0
1000018e4:	1f 01 0d eb	cmp	x8, x13
1000018e8:	4d 00 00 54	b.le	0x1000018f0
1000018ec:	e8 03 0d aa	mov	x8, x13
1000018f0:	0c 00 80 52	mov	w12, #0x0
1000018f4:	3f 01 08 eb	cmp	x9, x8
1000018f8:	4a 00 00 54	b.ge	0x100001900
1000018fc:	0c 01 09 eb	subs	x12, x8, x9
100001900:	0b 07 80 d2	mov	x11, #0x38
100001904:	29 7d 0b 9b	mul	x9, x9, x11
100001908:	4a 01 09 8b	add	x10, x10, x9
10000190c:	ea bb 01 f9	str	x10, [sp, #0x370]
100001910:	ec bf 01 f9	str	x12, [sp, #0x378]
100001914:	e9 bb 41 f9	ldr	x9, [sp, #0x370]
100001918:	e9 8f 05 f9	str	x9, [sp, #0xb18]
10000191c:	e9 bf 41 f9	ldr	x9, [sp, #0x378]
100001920:	e9 93 05 f9	str	x9, [sp, #0xb20]
100001924:	e9 8b 45 f9	ldr	x9, [sp, #0xb10]
100001928:	e9 c3 01 f9	str	x9, [sp, #0x380]
10000192c:	f0 03 09 aa	mov	x16, x9
100001930:	e9 43 2c 91	add	x9, sp, #0xb10
100001934:	e9 c7 01 f9	str	x9, [sp, #0x388]
100001938:	09 00 e0 d2	movz	x9, #0x0, lsl #48
10000193c:	e9 cb 01 f9	str	x9, [sp, #0x390]
100001940:	f0 03 09 aa	mov	x16, x9
100001944:	e9 8b 45 f9	ldr	x9, [sp, #0xb10]
100001948:	e9 cf 01 f9	str	x9, [sp, #0x398]
10000194c:	f1 03 09 aa	mov	x17, x9
100001950:	e9 cf 41 f9	ldr	x9, [sp, #0x398]
100001954:	2a 01 40 f9	ldr	x10, [x9]
100001958:	ea d3 01 f9	str	x10, [sp, #0x3a0]
10000195c:	ea c7 41 f9	ldr	x10, [sp, #0x388]
100001960:	4e 01 40 f9	ldr	x14, [x10]
100001964:	cd 01 40 f9	ldr	x13, [x14]
100001968:	cb 05 40 f9	ldr	x11, [x14, #0x8]
10000196c:	c5 09 40 f9	ldr	x5, [x14, #0x10]
100001970:	6b 01 05 8b	add	x11, x11, x5
100001974:	25 00 80 d2	mov	x5, #0x1
100001978:	7f 01 05 eb	cmp	x11, x5
10000197c:	40 0d 00 54	b.eq	0x100001b24
100001980:	ff 83 00 d1	sub	sp, sp, #0x20
100001984:	ea 03 00 f9	str	x10, [sp]
100001988:	ee 07 00 f9	str	x14, [sp, #0x8]
10000198c:	ed 0b 00 f9	str	x13, [sp, #0x10]
100001990:	0b 0a 80 d2	mov	x11, #0x50
100001994:	a1 7d 0b 9b	mul	x1, x13, x11
100001998:	21 a0 00 91	add	x1, x1, #0x28
10000199c:	00 00 80 52	mov	w0, #0x0
1000019a0:	62 00 80 52	mov	w2, #0x3
1000019a4:	43 00 82 52	mov	w3, #0x1002
1000019a8:	e4 ff 9f d2	mov	x4, #0xffff
1000019ac:	e4 ff bf f2	movk	x4, #0xffff, lsl #16
1000019b0:	e4 ff df f2	movk	x4, #0xffff, lsl #32
1000019b4:	e4 ff ff f2	movk	x4, #0xffff, lsl #48
1000019b8:	05 00 80 52	mov	w5, #0x0
1000019bc:	b0 18 80 52	mov	w16, #0xc5
1000019c0:	01 10 00 d4	svc	#0x80
1000019c4:	a2 0a 00 54	b.hs	0x100001b18
1000019c8:	ef 03 00 aa	mov	x15, x0
1000019cc:	ea 03 40 f9	ldr	x10, [sp]
1000019d0:	ee 07 40 f9	ldr	x14, [sp, #0x8]
1000019d4:	ed 0b 40 f9	ldr	x13, [sp, #0x10]
1000019d8:	ed 01 00 f9	str	x13, [x15]
1000019dc:	2b 00 80 d2	mov	x11, #0x1
1000019e0:	eb 05 00 f9	str	x11, [x15, #0x8]
1000019e4:	0b 0a 80 d2	mov	x11, #0x50
1000019e8:	ab 7d 0b 9b	mul	x11, x13, x11
1000019ec:	6b a1 00 91	add	x11, x11, #0x28
1000019f0:	eb 0d 00 f9	str	x11, [x15, #0x18]
1000019f4:	ca a1 00 91	add	x10, x14, #0x28
1000019f8:	ee a1 00 91	add	x14, x15, #0x28
1000019fc:	4b 01 80 d2	mov	x11, #0xa
100001a00:	ac 7d 0b 9b	mul	x12, x13, x11
100001a04:	ec 00 00 b4	cbz	x12, 0x100001a20
100001a08:	4b 01 40 f9	ldr	x11, [x10]
100001a0c:	cb 01 00 f9	str	x11, [x14]
100001a10:	4a 21 00 91	add	x10, x10, #0x8
100001a14:	ce 21 00 91	add	x14, x14, #0x8
100001a18:	8c 05 00 d1	sub	x12, x12, #0x1
100001a1c:	6c ff ff b5	cbnz	x12, 0x100001a08
100001a20:	ea 03 40 f9	ldr	x10, [sp]
100001a24:	ee 07 40 f9	ldr	x14, [sp, #0x8]
100001a28:	49 fd 5f c8	ldaxr	x9, [x10]
100001a2c:	3f 01 0e eb	cmp	x9, x14
100001a30:	c1 03 00 54	b.ne	0x100001aa8
100001a34:	4f fd 0b c8	stlxr	w11, x15, [x10]
100001a38:	8b ff ff 35	cbnz	w11, 0x100001a28
100001a3c:	ea 07 40 f9	ldr	x10, [sp, #0x8]
100001a40:	4e 21 00 91	add	x14, x10, #0x8
100001a44:	c9 fd 5f c8	ldaxr	x9, [x14]
100001a48:	c9 02 00 b4	cbz	x9, 0x100001aa0
100001a4c:	29 05 00 d1	sub	x9, x9, #0x1
100001a50:	c9 fd 0b c8	stlxr	w11, x9, [x14]
100001a54:	8b ff ff 35	cbnz	w11, 0x100001a44
100001a58:	4b 09 40 f9	ldr	x11, [x10, #0x10]
100001a5c:	29 01 0b 8b	add	x9, x9, x11
100001a60:	09 02 00 b5	cbnz	x9, 0x100001aa0
100001a64:	4e 81 00 91	add	x14, x10, #0x20
100001a68:	c9 fd 5f c8	ldaxr	x9, [x14]
100001a6c:	4b 00 80 d2	mov	x11, #0x2
100001a70:	3f 01 0b eb	cmp	x9, x11
100001a74:	a0 ff ff 54	b.eq	0x100001a68
100001a78:	2b 00 80 d2	mov	x11, #0x1
100001a7c:	3f 01 0b eb	cmp	x9, x11
100001a80:	00 01 00 54	b.eq	0x100001aa0
100001a84:	29 00 80 d2	mov	x9, #0x1
100001a88:	c9 fd 0b c8	stlxr	w11, x9, [x14]
100001a8c:	eb fe ff 35	cbnz	w11, 0x100001a68
100001a90:	41 0d 40 f9	ldr	x1, [x10, #0x18]
100001a94:	e0 03 0a aa	mov	x0, x10
100001a98:	30 09 80 52	mov	w16, #0x49
100001a9c:	01 10 00 d4	svc	#0x80
100001aa0:	ff 83 00 91	add	sp, sp, #0x20
100001aa4:	20 00 00 14	b	0x100001b24
100001aa8:	5f 3f 03 d5	clrex
100001aac:	ea 03 0f aa	mov	x10, x15
100001ab0:	4e 21 00 91	add	x14, x10, #0x8
100001ab4:	c9 fd 5f c8	ldaxr	x9, [x14]
100001ab8:	c9 02 00 b4	cbz	x9, 0x100001b10
100001abc:	29 05 00 d1	sub	x9, x9, #0x1
100001ac0:	c9 fd 0b c8	stlxr	w11, x9, [x14]
100001ac4:	8b ff ff 35	cbnz	w11, 0x100001ab4
100001ac8:	4b 09 40 f9	ldr	x11, [x10, #0x10]
100001acc:	29 01 0b 8b	add	x9, x9, x11
100001ad0:	09 02 00 b5	cbnz	x9, 0x100001b10
100001ad4:	4e 81 00 91	add	x14, x10, #0x20
100001ad8:	c9 fd 5f c8	ldaxr	x9, [x14]
100001adc:	4b 00 80 d2	mov	x11, #0x2
100001ae0:	3f 01 0b eb	cmp	x9, x11
100001ae4:	a0 ff ff 54	b.eq	0x100001ad8
100001ae8:	2b 00 80 d2	mov	x11, #0x1
100001aec:	3f 01 0b eb	cmp	x9, x11
100001af0:	00 01 00 54	b.eq	0x100001b10
100001af4:	29 00 80 d2	mov	x9, #0x1
100001af8:	c9 fd 0b c8	stlxr	w11, x9, [x14]
100001afc:	eb fe ff 35	cbnz	w11, 0x100001ad8
100001b00:	41 0d 40 f9	ldr	x1, [x10, #0x18]
100001b04:	e0 03 0a aa	mov	x0, x10
100001b08:	30 09 80 52	mov	w16, #0x49
100001b0c:	01 10 00 d4	svc	#0x80
100001b10:	ff 83 00 91	add	sp, sp, #0x20
100001b14:	92 ff ff 17	b	0x10000195c
100001b18:	ff 83 00 91	add	sp, sp, #0x20
100001b1c:	68 00 80 52	mov	w8, #0x3
100001b20:	73 05 00 14	b	0x1000030ec
100001b24:	ea c7 41 f9	ldr	x10, [sp, #0x388]
100001b28:	4a 01 40 f9	ldr	x10, [x10]
100001b2c:	4d 01 40 f9	ldr	x13, [x10]
100001b30:	4a a1 00 91	add	x10, x10, #0x28
100001b34:	e9 cb 41 f9	ldr	x9, [sp, #0x390]
100001b38:	3f 01 1f eb	cmp	x9, xzr
100001b3c:	4a 00 00 54	b.ge	0x100001b44
100001b40:	29 01 0d 8b	add	x9, x9, x13
100001b44:	3f 01 1f eb	cmp	x9, xzr
100001b48:	4a 00 00 54	b.ge	0x100001b50
100001b4c:	09 00 80 52	mov	w9, #0x0
100001b50:	3f 01 0d eb	cmp	x9, x13
100001b54:	4d 00 00 54	b.le	0x100001b5c
100001b58:	e9 03 0d aa	mov	x9, x13
100001b5c:	e8 d3 41 f9	ldr	x8, [sp, #0x3a0]
100001b60:	1f 01 1f eb	cmp	x8, xzr
100001b64:	4a 00 00 54	b.ge	0x100001b6c
100001b68:	08 01 0d 8b	add	x8, x8, x13
100001b6c:	1f 01 1f eb	cmp	x8, xzr
100001b70:	4a 00 00 54	b.ge	0x100001b78
100001b74:	08 00 80 52	mov	w8, #0x0
100001b78:	1f 01 0d eb	cmp	x8, x13
100001b7c:	4d 00 00 54	b.le	0x100001b84
100001b80:	e8 03 0d aa	mov	x8, x13
100001b84:	0c 00 80 52	mov	w12, #0x0
100001b88:	3f 01 08 eb	cmp	x9, x8
100001b8c:	4a 00 00 54	b.ge	0x100001b94
100001b90:	0c 01 09 eb	subs	x12, x8, x9
100001b94:	0b 0a 80 d2	mov	x11, #0x50
100001b98:	29 7d 0b 9b	mul	x9, x9, x11
100001b9c:	4a 01 09 8b	add	x10, x10, x9
100001ba0:	ea d7 01 f9	str	x10, [sp, #0x3a8]
100001ba4:	ec db 01 f9	str	x12, [sp, #0x3b0]
100001ba8:	e9 d7 41 f9	ldr	x9, [sp, #0x3a8]
100001bac:	e9 97 05 f9	str	x9, [sp, #0xb28]
100001bb0:	e9 db 41 f9	ldr	x9, [sp, #0x3b0]
100001bb4:	e9 9b 05 f9	str	x9, [sp, #0xb30]
100001bb8:	09 00 e0 d2	movz	x9, #0x0, lsl #48
100001bbc:	e9 df 01 f9	str	x9, [sp, #0x3b8]
100001bc0:	f0 03 09 aa	mov	x16, x9
100001bc4:	09 00 80 52	mov	w9, #0x0
100001bc8:	e9 e3 01 f9	str	x9, [sp, #0x3c0]
100001bcc:	f1 03 09 aa	mov	x17, x9
100001bd0:	09 00 80 52	mov	w9, #0x0
100001bd4:	e9 e7 01 f9	str	x9, [sp, #0x3c8]
100001bd8:	f0 03 09 aa	mov	x16, x9
100001bdc:	09 e4 00 2f	movi	d9, #0000000000000000
100001be0:	e9 bb 08 bd	str	s9, [sp, #0x8b8]
100001be4:	09 e4 00 2f	movi	d9, #0000000000000000
100001be8:	e9 c3 08 bd	str	s9, [sp, #0x8c0]
100001bec:	09 10 2e 1e	fmov	s9, #1.00000000
100001bf0:	e9 cb 08 bd	str	s9, [sp, #0x8c8]
100001bf4:	e9 df 41 f9	ldr	x9, [sp, #0x3b8]
100001bf8:	e9 eb 01 f9	str	x9, [sp, #0x3d0]
100001bfc:	e9 5f 44 f9	ldr	x9, [sp, #0x8b8]
100001c00:	e9 ef 01 f9	str	x9, [sp, #0x3d8]
100001c04:	e9 63 44 f9	ldr	x9, [sp, #0x8c0]
100001c08:	e9 f3 01 f9	str	x9, [sp, #0x3e0]
100001c0c:	e9 67 44 f9	ldr	x9, [sp, #0x8c8]
100001c10:	e9 f7 01 f9	str	x9, [sp, #0x3e8]
100001c14:	e9 e3 41 f9	ldr	x9, [sp, #0x3c0]
100001c18:	e9 fb 01 f9	str	x9, [sp, #0x3f0]
100001c1c:	e9 e7 41 f9	ldr	x9, [sp, #0x3c8]
100001c20:	e9 ff 01 f9	str	x9, [sp, #0x3f8]
100001c24:	e0 43 0f 91	add	x0, sp, #0x3d0
100001c28:	ef 03 10 91	add	x15, sp, #0x400
100001c2c:	61 16 00 94	bl	_silex_function_17
100001c30:	e8 a5 00 35	cbnz	w8, 0x1000030ec
100001c34:	e9 03 42 f9	ldr	x9, [sp, #0x400]
100001c38:	e9 1f 02 f9	str	x9, [sp, #0x438]
100001c3c:	e9 07 42 f9	ldr	x9, [sp, #0x408]
100001c40:	e9 23 02 f9	str	x9, [sp, #0x440]
100001c44:	e9 0b 42 f9	ldr	x9, [sp, #0x410]
100001c48:	e9 27 02 f9	str	x9, [sp, #0x448]
100001c4c:	e9 0f 42 f9	ldr	x9, [sp, #0x418]
100001c50:	e9 2b 02 f9	str	x9, [sp, #0x450]
100001c54:	e9 13 42 f9	ldr	x9, [sp, #0x420]
100001c58:	e9 2f 02 f9	str	x9, [sp, #0x458]
100001c5c:	e9 17 42 f9	ldr	x9, [sp, #0x428]
100001c60:	e9 33 02 f9	str	x9, [sp, #0x460]
100001c64:	e9 1f 42 f9	ldr	x9, [sp, #0x438]
100001c68:	e9 6b 04 f9	str	x9, [sp, #0x8d0]
100001c6c:	f0 03 09 aa	mov	x16, x9
100001c70:	e9 23 42 f9	ldr	x9, [sp, #0x440]
100001c74:	e9 6f 04 f9	str	x9, [sp, #0x8d8]
100001c78:	f1 03 09 aa	mov	x17, x9
100001c7c:	e9 27 42 f9	ldr	x9, [sp, #0x448]
100001c80:	e9 73 04 f9	str	x9, [sp, #0x8e0]
100001c84:	f0 03 09 aa	mov	x16, x9
100001c88:	e9 2b 42 f9	ldr	x9, [sp, #0x450]
100001c8c:	e9 77 04 f9	str	x9, [sp, #0x8e8]
100001c90:	f1 03 09 aa	mov	x17, x9
100001c94:	e9 2f 42 f9	ldr	x9, [sp, #0x458]
100001c98:	e9 7b 04 f9	str	x9, [sp, #0x8f0]
100001c9c:	f0 03 09 aa	mov	x16, x9
100001ca0:	e9 33 42 f9	ldr	x9, [sp, #0x460]
100001ca4:	e9 7f 04 f9	str	x9, [sp, #0x8f8]
100001ca8:	f1 03 09 aa	mov	x17, x9
100001cac:	09 00 e0 d2	movz	x9, #0x0, lsl #48
100001cb0:	e9 37 02 f9	str	x9, [sp, #0x468]
100001cb4:	f0 03 09 aa	mov	x16, x9
100001cb8:	e9 03 10 aa	mov	x9, x16
100001cbc:	e9 53 04 f9	str	x9, [sp, #0x8a0]
100001cc0:	f1 03 09 aa	mov	x17, x9
100001cc4:	df 00 00 14	b	0x100002040
100001cc8:	09 e4 00 2f	movi	d9, #0000000000000000
100001ccc:	e9 cb 02 bd	str	s9, [sp, #0x2c8]
100001cd0:	09 e4 00 2f	movi	d9, #0000000000000000
100001cd4:	e9 d3 02 bd	str	s9, [sp, #0x2d0]
100001cd8:	e9 67 41 f9	ldr	x9, [sp, #0x2c8]
100001cdc:	e9 6f 05 f9	str	x9, [sp, #0xad8]
100001ce0:	f0 03 09 aa	mov	x16, x9
100001ce4:	e9 6b 41 f9	ldr	x9, [sp, #0x2d0]
100001ce8:	e9 73 05 f9	str	x9, [sp, #0xae0]
100001cec:	f1 03 09 aa	mov	x17, x9
100001cf0:	e9 8b 45 f9	ldr	x9, [sp, #0xb10]
100001cf4:	e9 6f 01 f9	str	x9, [sp, #0x2d8]
100001cf8:	f0 03 09 aa	mov	x16, x9
100001cfc:	e9 1f 41 f9	ldr	x9, [sp, #0x238]
100001d00:	e9 83 04 f9	str	x9, [sp, #0x900]
100001d04:	f1 03 09 aa	mov	x17, x9
100001d08:	09 10 2a 1e	fmov	s9, #0.25000000
100001d0c:	e9 0b 09 bd	str	s9, [sp, #0x908]
100001d10:	e9 27 41 f9	ldr	x9, [sp, #0x248]
100001d14:	e9 8b 04 f9	str	x9, [sp, #0x910]
100001d18:	f0 03 09 aa	mov	x16, x9
100001d1c:	e9 6f 45 f9	ldr	x9, [sp, #0xad8]
100001d20:	e9 8f 04 f9	str	x9, [sp, #0x918]
100001d24:	f1 03 09 aa	mov	x17, x9
100001d28:	e9 73 45 f9	ldr	x9, [sp, #0xae0]
100001d2c:	e9 93 04 f9	str	x9, [sp, #0x920]
100001d30:	f0 03 09 aa	mov	x16, x9
100001d34:	09 10 2e 1e	fmov	s9, #1.00000000
100001d38:	e9 2b 09 bd	str	s9, [sp, #0x928]
100001d3c:	e9 37 41 f9	ldr	x9, [sp, #0x268]
100001d40:	e9 9b 04 f9	str	x9, [sp, #0x930]
100001d44:	f1 03 09 aa	mov	x17, x9
100001d48:	e9 3f 41 f9	ldr	x9, [sp, #0x278]
100001d4c:	e9 9f 04 f9	str	x9, [sp, #0x938]
100001d50:	f0 03 09 aa	mov	x16, x9
100001d54:	e9 83 44 f9	ldr	x9, [sp, #0x900]
100001d58:	e9 73 01 f9	str	x9, [sp, #0x2e0]
100001d5c:	e9 87 44 f9	ldr	x9, [sp, #0x908]
100001d60:	e9 77 01 f9	str	x9, [sp, #0x2e8]
100001d64:	e9 8b 44 f9	ldr	x9, [sp, #0x910]
100001d68:	e9 7b 01 f9	str	x9, [sp, #0x2f0]
100001d6c:	e9 8f 44 f9	ldr	x9, [sp, #0x918]
100001d70:	e9 7f 01 f9	str	x9, [sp, #0x2f8]
100001d74:	e9 93 44 f9	ldr	x9, [sp, #0x920]
100001d78:	e9 83 01 f9	str	x9, [sp, #0x300]
100001d7c:	e9 97 44 f9	ldr	x9, [sp, #0x928]
100001d80:	e9 87 01 f9	str	x9, [sp, #0x308]
100001d84:	e9 9b 44 f9	ldr	x9, [sp, #0x930]
100001d88:	e9 8b 01 f9	str	x9, [sp, #0x310]
100001d8c:	e9 9f 44 f9	ldr	x9, [sp, #0x938]
100001d90:	e9 8f 01 f9	str	x9, [sp, #0x318]
100001d94:	e9 4f 41 f9	ldr	x9, [sp, #0x298]
100001d98:	e9 93 01 f9	str	x9, [sp, #0x320]
100001d9c:	e9 53 41 f9	ldr	x9, [sp, #0x2a0]
100001da0:	e9 97 01 f9	str	x9, [sp, #0x328]
100001da4:	ea 6f 41 f9	ldr	x10, [sp, #0x2d8]
100001da8:	4d 01 40 f9	ldr	x13, [x10]
100001dac:	09 00 80 52	mov	w9, #0x0
100001db0:	ec 03 0d aa	mov	x12, x13
100001db4:	8c 05 00 91	add	x12, x12, #0x1
100001db8:	4b 05 40 f9	ldr	x11, [x10, #0x8]
100001dbc:	45 09 40 f9	ldr	x5, [x10, #0x10]
100001dc0:	6b 01 05 8b	add	x11, x11, x5
100001dc4:	25 00 80 d2	mov	x5, #0x1
100001dc8:	7f 01 05 eb	cmp	x11, x5
100001dcc:	41 04 00 54	b.ne	0x100001e54
100001dd0:	0b 0a 80 d2	mov	x11, #0x50
100001dd4:	85 7d 0b 9b	mul	x5, x12, x11
100001dd8:	a5 a0 00 91	add	x5, x5, #0x28
100001ddc:	4b 0d 40 f9	ldr	x11, [x10, #0x18]
100001de0:	bf 00 0b eb	cmp	x5, x11
100001de4:	88 03 00 54	b.hi	0x100001e54
100001de8:	4e a1 00 91	add	x14, x10, #0x28
100001dec:	0b 0a 80 d2	mov	x11, #0x50
100001df0:	a5 7d 0b 9b	mul	x5, x13, x11
100001df4:	ce 01 05 8b	add	x14, x14, x5
100001df8:	e5 73 41 f9	ldr	x5, [sp, #0x2e0]
100001dfc:	c5 01 00 f9	str	x5, [x14]
100001e00:	e5 77 41 f9	ldr	x5, [sp, #0x2e8]
100001e04:	c5 05 00 f9	str	x5, [x14, #0x8]
100001e08:	e5 7b 41 f9	ldr	x5, [sp, #0x2f0]
100001e0c:	c5 09 00 f9	str	x5, [x14, #0x10]
100001e10:	e5 7f 41 f9	ldr	x5, [sp, #0x2f8]
100001e14:	c5 0d 00 f9	str	x5, [x14, #0x18]
100001e18:	e5 83 41 f9	ldr	x5, [sp, #0x300]
100001e1c:	c5 11 00 f9	str	x5, [x14, #0x20]
100001e20:	e5 87 41 f9	ldr	x5, [sp, #0x308]
100001e24:	c5 15 00 f9	str	x5, [x14, #0x28]
100001e28:	e5 8b 41 f9	ldr	x5, [sp, #0x310]
100001e2c:	c5 19 00 f9	str	x5, [x14, #0x30]
100001e30:	e5 8f 41 f9	ldr	x5, [sp, #0x318]
100001e34:	c5 1d 00 f9	str	x5, [x14, #0x38]
100001e38:	e5 93 41 f9	ldr	x5, [sp, #0x320]
100001e3c:	c5 21 00 f9	str	x5, [x14, #0x40]
100001e40:	e5 97 41 f9	ldr	x5, [sp, #0x328]
100001e44:	c5 25 00 f9	str	x5, [x14, #0x48]
100001e48:	4c 01 00 f9	str	x12, [x10]
100001e4c:	ea 9b 01 f9	str	x10, [sp, #0x330]
100001e50:	6d 00 00 14	b	0x100002004
100001e54:	ff c3 00 d1	sub	sp, sp, #0x30
100001e58:	ea 03 00 f9	str	x10, [sp]
100001e5c:	ed 07 00 f9	str	x13, [sp, #0x8]
100001e60:	e9 0b 00 f9	str	x9, [sp, #0x10]
100001e64:	ec 0f 00 f9	str	x12, [sp, #0x18]
100001e68:	e7 13 00 f9	str	x7, [sp, #0x20]
100001e6c:	e6 17 00 f9	str	x6, [sp, #0x28]
100001e70:	0b 0a 80 d2	mov	x11, #0x50
100001e74:	81 7d 0b 9b	mul	x1, x12, x11
100001e78:	21 a0 00 91	add	x1, x1, #0x28
100001e7c:	05 00 88 d2	mov	x5, #0x4000
100001e80:	3f 00 05 eb	cmp	x1, x5
100001e84:	42 00 00 54	b.hs	0x100001e8c
100001e88:	e1 03 05 aa	mov	x1, x5
100001e8c:	21 00 01 8b	add	x1, x1, x1
100001e90:	00 00 80 52	mov	w0, #0x0
100001e94:	62 00 80 52	mov	w2, #0x3
100001e98:	43 00 82 52	mov	w3, #0x1002
100001e9c:	e4 ff 9f d2	mov	x4, #0xffff
100001ea0:	e4 ff bf f2	movk	x4, #0xffff, lsl #16
100001ea4:	e4 ff df f2	movk	x4, #0xffff, lsl #32
100001ea8:	e4 ff ff f2	movk	x4, #0xffff, lsl #48
100001eac:	05 00 80 52	mov	w5, #0x0
100001eb0:	b0 18 80 52	mov	w16, #0xc5
100001eb4:	01 10 00 d4	svc	#0x80
100001eb8:	82 0a 00 54	b.hs	0x100002008
100001ebc:	ef 03 00 aa	mov	x15, x0
100001ec0:	ea 03 40 f9	ldr	x10, [sp]
100001ec4:	ed 07 40 f9	ldr	x13, [sp, #0x8]
100001ec8:	e9 0b 40 f9	ldr	x9, [sp, #0x10]
100001ecc:	ec 0f 40 f9	ldr	x12, [sp, #0x18]
100001ed0:	e7 13 40 f9	ldr	x7, [sp, #0x20]
100001ed4:	e6 17 40 f9	ldr	x6, [sp, #0x28]
100001ed8:	ec 01 00 f9	str	x12, [x15]
100001edc:	25 00 80 d2	mov	x5, #0x1
100001ee0:	e5 05 00 f9	str	x5, [x15, #0x8]
100001ee4:	0b 0a 80 d2	mov	x11, #0x50
100001ee8:	8b 7d 0b 9b	mul	x11, x12, x11
100001eec:	6b a1 00 91	add	x11, x11, #0x28
100001ef0:	05 00 88 d2	mov	x5, #0x4000
100001ef4:	7f 01 05 eb	cmp	x11, x5
100001ef8:	42 00 00 54	b.hs	0x100001f00
100001efc:	eb 03 05 aa	mov	x11, x5
100001f00:	6b 01 0b 8b	add	x11, x11, x11
100001f04:	eb 0d 00 f9	str	x11, [x15, #0x18]
100001f08:	4a a1 00 91	add	x10, x10, #0x28
100001f0c:	ee a1 00 91	add	x14, x15, #0x28
100001f10:	4b 01 80 d2	mov	x11, #0xa
100001f14:	ac 7d 0b 9b	mul	x12, x13, x11
100001f18:	ec 00 00 b4	cbz	x12, 0x100001f34
100001f1c:	4b 01 40 f9	ldr	x11, [x10]
100001f20:	cb 01 00 f9	str	x11, [x14]
100001f24:	4a 21 00 91	add	x10, x10, #0x8
100001f28:	ce 21 00 91	add	x14, x14, #0x8
100001f2c:	8c 05 00 d1	sub	x12, x12, #0x1
100001f30:	6c ff ff b5	cbnz	x12, 0x100001f1c
100001f34:	ff c3 00 91	add	sp, sp, #0x30
100001f38:	e9 03 0d aa	mov	x9, x13
100001f3c:	ee a1 00 91	add	x14, x15, #0x28
100001f40:	0b 0a 80 d2	mov	x11, #0x50
100001f44:	29 7d 0b 9b	mul	x9, x9, x11
100001f48:	ce 01 09 8b	add	x14, x14, x9
100001f4c:	ec 73 41 f9	ldr	x12, [sp, #0x2e0]
100001f50:	cc 01 00 f9	str	x12, [x14]
100001f54:	ec 77 41 f9	ldr	x12, [sp, #0x2e8]
100001f58:	cc 05 00 f9	str	x12, [x14, #0x8]
100001f5c:	ec 7b 41 f9	ldr	x12, [sp, #0x2f0]
100001f60:	cc 09 00 f9	str	x12, [x14, #0x10]
100001f64:	ec 7f 41 f9	ldr	x12, [sp, #0x2f8]
100001f68:	cc 0d 00 f9	str	x12, [x14, #0x18]
100001f6c:	ec 83 41 f9	ldr	x12, [sp, #0x300]
100001f70:	cc 11 00 f9	str	x12, [x14, #0x20]
100001f74:	ec 87 41 f9	ldr	x12, [sp, #0x308]
100001f78:	cc 15 00 f9	str	x12, [x14, #0x28]
100001f7c:	ec 8b 41 f9	ldr	x12, [sp, #0x310]
100001f80:	cc 19 00 f9	str	x12, [x14, #0x30]
100001f84:	ec 8f 41 f9	ldr	x12, [sp, #0x318]
100001f88:	cc 1d 00 f9	str	x12, [x14, #0x38]
100001f8c:	ec 93 41 f9	ldr	x12, [sp, #0x320]
100001f90:	cc 21 00 f9	str	x12, [x14, #0x40]
100001f94:	ec 97 41 f9	ldr	x12, [sp, #0x328]
100001f98:	cc 25 00 f9	str	x12, [x14, #0x48]
100001f9c:	ef 9b 01 f9	str	x15, [sp, #0x330]
100001fa0:	ea 6f 41 f9	ldr	x10, [sp, #0x2d8]
100001fa4:	4e 21 00 91	add	x14, x10, #0x8
100001fa8:	c9 fd 5f c8	ldaxr	x9, [x14]
100001fac:	c9 02 00 b4	cbz	x9, 0x100002004
100001fb0:	29 05 00 d1	sub	x9, x9, #0x1
100001fb4:	c9 fd 0b c8	stlxr	w11, x9, [x14]
100001fb8:	8b ff ff 35	cbnz	w11, 0x100001fa8
100001fbc:	4b 09 40 f9	ldr	x11, [x10, #0x10]
100001fc0:	29 01 0b 8b	add	x9, x9, x11
100001fc4:	09 02 00 b5	cbnz	x9, 0x100002004
100001fc8:	4e 81 00 91	add	x14, x10, #0x20
100001fcc:	c9 fd 5f c8	ldaxr	x9, [x14]
100001fd0:	4b 00 80 d2	mov	x11, #0x2
100001fd4:	3f 01 0b eb	cmp	x9, x11
100001fd8:	a0 ff ff 54	b.eq	0x100001fcc
100001fdc:	2b 00 80 d2	mov	x11, #0x1
100001fe0:	3f 01 0b eb	cmp	x9, x11
100001fe4:	00 01 00 54	b.eq	0x100002004
100001fe8:	29 00 80 d2	mov	x9, #0x1
100001fec:	c9 fd 0b c8	stlxr	w11, x9, [x14]
100001ff0:	eb fe ff 35	cbnz	w11, 0x100001fcc
100001ff4:	41 0d 40 f9	ldr	x1, [x10, #0x18]
100001ff8:	e0 03 0a aa	mov	x0, x10
100001ffc:	30 09 80 52	mov	w16, #0x49
100002000:	01 10 00 d4	svc	#0x80
100002004:	04 00 00 14	b	0x100002014
100002008:	ff c3 00 91	add	sp, sp, #0x30
10000200c:	68 00 80 52	mov	w8, #0x3
100002010:	37 04 00 14	b	0x1000030ec
100002014:	e9 9b 41 f9	ldr	x9, [sp, #0x330]
100002018:	e9 8b 05 f9	str	x9, [sp, #0xb10]
10000201c:	f0 03 09 aa	mov	x16, x9
100002020:	e9 4f 44 f9	ldr	x9, [sp, #0x898]
100002024:	2b 05 00 91	add	x11, x9, #0x1
100002028:	eb a3 01 f9	str	x11, [sp, #0x340]
10000202c:	f1 03 0b aa	mov	x17, x11
100002030:	e9 03 11 aa	mov	x9, x17
100002034:	e9 4f 04 f9	str	x9, [sp, #0x898]
100002038:	f0 03 09 aa	mov	x16, x9
10000203c:	4a fc ff 17	b	0x100001164
100002040:	e9 53 44 f9	ldr	x9, [sp, #0x8a0]
100002044:	ea 4b 44 f9	ldr	x10, [sp, #0x890]
100002048:	3f 01 0a eb	cmp	x9, x10
10000204c:	0b 00 80 52	mov	w11, #0x0
100002050:	4a 00 00 54	b.ge	0x100002058
100002054:	2b 00 80 52	mov	w11, #0x1
100002058:	eb 3b 02 f9	str	x11, [sp, #0x470]
10000205c:	f0 03 0b aa	mov	x16, x11
100002060:	e9 3b 42 f9	ldr	x9, [sp, #0x470]
100002064:	69 01 00 34	cbz	w9, 0x100002090
100002068:	e0 8f 45 f9	ldr	x0, [sp, #0xb18]
10000206c:	e1 93 45 f9	ldr	x1, [sp, #0xb20]
100002070:	e2 97 45 f9	ldr	x2, [sp, #0xb28]
100002074:	e3 9b 45 f9	ldr	x3, [sp, #0xb30]
100002078:	a9 f9 ff 97	bl	_silex_function_2
10000207c:	88 83 00 35	cbnz	w8, 0x1000030ec
100002080:	e9 37 44 f9	ldr	x9, [sp, #0x868]
100002084:	49 00 00 34	cbz	w9, 0x10000208c
100002088:	11 00 00 14	b	0x1000020cc
10000208c:	0b 02 00 14	b	0x1000028b8
100002090:	09 00 80 52	mov	w9, #0x0
100002094:	e9 f7 02 f9	str	x9, [sp, #0x5e8]
100002098:	f0 03 09 aa	mov	x16, x9
10000209c:	e9 37 44 f9	ldr	x9, [sp, #0x868]
1000020a0:	ea f7 42 f9	ldr	x10, [sp, #0x5e8]
1000020a4:	3f 01 0a eb	cmp	x9, x10
1000020a8:	0b 00 80 52	mov	w11, #0x0
1000020ac:	41 00 00 54	b.ne	0x1000020b4
1000020b0:	2b 00 80 52	mov	w11, #0x1
1000020b4:	eb fb 02 f9	str	x11, [sp, #0x5f0]
1000020b8:	f1 03 0b aa	mov	x17, x11
1000020bc:	e9 fb 42 f9	ldr	x9, [sp, #0x5f0]
1000020c0:	49 00 00 34	cbz	w9, 0x1000020c8
1000020c4:	05 02 00 14	b	0x1000028d8
1000020c8:	cf 03 00 14	b	0x100003004
1000020cc:	09 00 e0 d2	movz	x9, #0x0, lsl #48
1000020d0:	e9 4f 02 f9	str	x9, [sp, #0x498]
1000020d4:	f0 03 09 aa	mov	x16, x9
1000020d8:	e9 97 45 f9	ldr	x9, [sp, #0xb28]
1000020dc:	e9 ef 04 f9	str	x9, [sp, #0x9d8]
1000020e0:	e9 8f 45 f9	ldr	x9, [sp, #0xb18]
1000020e4:	e9 f7 04 f9	str	x9, [sp, #0x9e8]
1000020e8:	e9 8f 45 f9	ldr	x9, [sp, #0xb18]
1000020ec:	e9 ff 04 f9	str	x9, [sp, #0x9f8]
1000020f0:	e9 8f 45 f9	ldr	x9, [sp, #0xb18]
1000020f4:	e9 07 05 f9	str	x9, [sp, #0xa08]
1000020f8:	e9 8f 45 f9	ldr	x9, [sp, #0xb18]
1000020fc:	e9 0f 05 f9	str	x9, [sp, #0xa18]
100002100:	e9 8f 45 f9	ldr	x9, [sp, #0xb18]
100002104:	e9 17 05 f9	str	x9, [sp, #0xa28]
100002108:	e9 8f 45 f9	ldr	x9, [sp, #0xb18]
10000210c:	e9 1f 05 f9	str	x9, [sp, #0xa38]
100002110:	e9 8f 45 f9	ldr	x9, [sp, #0xb18]
100002114:	e9 27 05 f9	str	x9, [sp, #0xa48]
100002118:	e9 03 10 aa	mov	x9, x16
10000211c:	e9 57 04 f9	str	x9, [sp, #0x8a8]
100002120:	f1 03 09 aa	mov	x17, x9
100002124:	e9 57 44 f9	ldr	x9, [sp, #0x8a8]
100002128:	ea 47 44 f9	ldr	x10, [sp, #0x888]
10000212c:	3f 01 0a eb	cmp	x9, x10
100002130:	0b 00 80 52	mov	w11, #0x0
100002134:	4a 00 00 54	b.ge	0x10000213c
100002138:	2b 00 80 52	mov	w11, #0x1
10000213c:	eb 53 02 f9	str	x11, [sp, #0x4a0]
100002140:	f0 03 0b aa	mov	x16, x11
100002144:	e9 53 42 f9	ldr	x9, [sp, #0x4a0]
100002148:	89 3b 00 34	cbz	w9, 0x1000028b8
10000214c:	09 e4 00 2f	movi	d9, #0000000000000000
100002150:	e9 ab 04 bd	str	s9, [sp, #0x4a8]
100002154:	e9 97 45 f9	ldr	x9, [sp, #0xb28]
100002158:	e9 5b 02 f9	str	x9, [sp, #0x4b0]
10000215c:	e9 9b 45 f9	ldr	x9, [sp, #0xb30]
100002160:	e9 5f 02 f9	str	x9, [sp, #0x4b8]
100002164:	ed 5f 42 f9	ldr	x13, [sp, #0x4b8]
100002168:	e9 57 44 f9	ldr	x9, [sp, #0x8a8]
10000216c:	3f 01 0d eb	cmp	x9, x13
100002170:	4a 7c 00 54	b.ge	0x1000030f8
100002174:	e9 ef 44 f9	ldr	x9, [sp, #0x9d8]
100002178:	2a 25 40 f9	ldr	x10, [x9, #0x48]
10000217c:	ea af 04 f9	str	x10, [sp, #0x958]
100002180:	e9 57 42 f9	ldr	x9, [sp, #0x4a8]
100002184:	e9 77 05 f9	str	x9, [sp, #0xae8]
100002188:	f0 03 09 aa	mov	x16, x9
10000218c:	e9 af 44 f9	ldr	x9, [sp, #0x958]
100002190:	c9 00 00 34	cbz	w9, 0x1000021a8
100002194:	09 10 2e 1e	fmov	s9, #1.00000000
100002198:	e9 c3 04 bd	str	s9, [sp, #0x4c0]
10000219c:	e9 63 42 f9	ldr	x9, [sp, #0x4c0]
1000021a0:	e9 77 05 f9	str	x9, [sp, #0xae8]
1000021a4:	f0 03 09 aa	mov	x16, x9
1000021a8:	49 00 00 90	adrp	x9, 8 ; 0x10000a000
1000021ac:	29 e1 1c 91	add	x9, x9, #0x738
1000021b0:	e9 67 02 f9	str	x9, [sp, #0x4c8]
1000021b4:	49 00 00 90	adrp	x9, 8 ; 0x10000a000
1000021b8:	29 21 1d 91	add	x9, x9, #0x748
1000021bc:	e9 6b 02 f9	str	x9, [sp, #0x4d0]
1000021c0:	49 00 00 90	adrp	x9, 8 ; 0x10000a000
1000021c4:	29 21 1d 91	add	x9, x9, #0x748
1000021c8:	e9 6f 02 f9	str	x9, [sp, #0x4d8]
1000021cc:	e9 8f 45 f9	ldr	x9, [sp, #0xb18]
1000021d0:	e9 73 02 f9	str	x9, [sp, #0x4e0]
1000021d4:	e9 93 45 f9	ldr	x9, [sp, #0xb20]
1000021d8:	e9 77 02 f9	str	x9, [sp, #0x4e8]
1000021dc:	ed 77 42 f9	ldr	x13, [sp, #0x4e8]
1000021e0:	e9 57 44 f9	ldr	x9, [sp, #0x8a8]
1000021e4:	3f 01 0d eb	cmp	x9, x13
1000021e8:	aa 7f 00 54	b.ge	0x1000031dc
1000021ec:	e9 f7 44 f9	ldr	x9, [sp, #0x9e8]
1000021f0:	2a 01 40 f9	ldr	x10, [x9]
1000021f4:	ea b3 04 f9	str	x10, [sp, #0x960]
1000021f8:	e9 b3 44 f9	ldr	x9, [sp, #0x960]
1000021fc:	e9 7b 02 f9	str	x9, [sp, #0x4f0]
100002200:	f0 03 09 aa	mov	x16, x9
100002204:	49 00 00 90	adrp	x9, 8 ; 0x10000a000
100002208:	29 21 1d 91	add	x9, x9, #0x748
10000220c:	e9 7f 02 f9	str	x9, [sp, #0x4f8]
100002210:	e9 8f 45 f9	ldr	x9, [sp, #0xb18]
100002214:	e9 83 02 f9	str	x9, [sp, #0x500]
100002218:	e9 93 45 f9	ldr	x9, [sp, #0xb20]
10000221c:	e9 87 02 f9	str	x9, [sp, #0x508]
100002220:	ed 87 42 f9	ldr	x13, [sp, #0x508]
100002224:	e9 57 44 f9	ldr	x9, [sp, #0x8a8]
100002228:	3f 01 0d eb	cmp	x9, x13
10000222c:	aa 84 00 54	b.ge	0x1000032c0
100002230:	e9 ff 44 f9	ldr	x9, [sp, #0x9f8]
100002234:	2a 05 40 f9	ldr	x10, [x9, #0x8]
100002238:	ea b7 04 f9	str	x10, [sp, #0x968]
10000223c:	e9 b7 44 f9	ldr	x9, [sp, #0x968]
100002240:	e9 8b 02 f9	str	x9, [sp, #0x510]
100002244:	f0 03 09 aa	mov	x16, x9
100002248:	49 00 00 90	adrp	x9, 8 ; 0x10000a000
10000224c:	29 21 1d 91	add	x9, x9, #0x748
100002250:	e9 8f 02 f9	str	x9, [sp, #0x518]
100002254:	e9 8f 45 f9	ldr	x9, [sp, #0xb18]
100002258:	e9 93 02 f9	str	x9, [sp, #0x520]
10000225c:	e9 93 45 f9	ldr	x9, [sp, #0xb20]
100002260:	e9 97 02 f9	str	x9, [sp, #0x528]
100002264:	ed 97 42 f9	ldr	x13, [sp, #0x528]
100002268:	e9 57 44 f9	ldr	x9, [sp, #0x8a8]
10000226c:	3f 01 0d eb	cmp	x9, x13
100002270:	aa 89 00 54	b.ge	0x1000033a4
100002274:	e9 07 45 f9	ldr	x9, [sp, #0xa08]
100002278:	2a 09 40 f9	ldr	x10, [x9, #0x10]
10000227c:	ea bb 04 f9	str	x10, [sp, #0x970]
100002280:	e9 bb 44 f9	ldr	x9, [sp, #0x970]
100002284:	e9 9b 02 f9	str	x9, [sp, #0x530]
100002288:	f0 03 09 aa	mov	x16, x9
10000228c:	49 00 00 90	adrp	x9, 8 ; 0x10000a000
100002290:	29 21 1d 91	add	x9, x9, #0x748
100002294:	e9 9f 02 f9	str	x9, [sp, #0x538]
100002298:	e9 8f 45 f9	ldr	x9, [sp, #0xb18]
10000229c:	e9 a3 02 f9	str	x9, [sp, #0x540]
1000022a0:	e9 93 45 f9	ldr	x9, [sp, #0xb20]
1000022a4:	e9 a7 02 f9	str	x9, [sp, #0x548]
1000022a8:	ed a7 42 f9	ldr	x13, [sp, #0x548]
1000022ac:	e9 57 44 f9	ldr	x9, [sp, #0x8a8]
1000022b0:	3f 01 0d eb	cmp	x9, x13
1000022b4:	aa 8e 00 54	b.ge	0x100003488
1000022b8:	e9 0f 45 f9	ldr	x9, [sp, #0xa18]
1000022bc:	2a 0d 40 f9	ldr	x10, [x9, #0x18]
1000022c0:	ea bf 04 f9	str	x10, [sp, #0x978]
1000022c4:	e9 bf 44 f9	ldr	x9, [sp, #0x978]
1000022c8:	e9 ab 02 f9	str	x9, [sp, #0x550]
1000022cc:	f0 03 09 aa	mov	x16, x9
1000022d0:	49 00 00 90	adrp	x9, 8 ; 0x10000a000
1000022d4:	29 21 1d 91	add	x9, x9, #0x748
1000022d8:	e9 af 02 f9	str	x9, [sp, #0x558]
1000022dc:	e9 8f 45 f9	ldr	x9, [sp, #0xb18]
1000022e0:	e9 b3 02 f9	str	x9, [sp, #0x560]
1000022e4:	e9 93 45 f9	ldr	x9, [sp, #0xb20]
1000022e8:	e9 b7 02 f9	str	x9, [sp, #0x568]
1000022ec:	ed b7 42 f9	ldr	x13, [sp, #0x568]
1000022f0:	e9 57 44 f9	ldr	x9, [sp, #0x8a8]
1000022f4:	3f 01 0d eb	cmp	x9, x13
1000022f8:	aa 93 00 54	b.ge	0x10000356c
1000022fc:	e9 17 45 f9	ldr	x9, [sp, #0xa28]
100002300:	2a 11 40 f9	ldr	x10, [x9, #0x20]
100002304:	ea c3 04 f9	str	x10, [sp, #0x980]
100002308:	e9 c3 44 f9	ldr	x9, [sp, #0x980]
10000230c:	e9 bb 02 f9	str	x9, [sp, #0x570]
100002310:	f0 03 09 aa	mov	x16, x9
100002314:	49 00 00 90	adrp	x9, 8 ; 0x10000a000
100002318:	29 21 1d 91	add	x9, x9, #0x748
10000231c:	e9 bf 02 f9	str	x9, [sp, #0x578]
100002320:	e9 8f 45 f9	ldr	x9, [sp, #0xb18]
100002324:	e9 c3 02 f9	str	x9, [sp, #0x580]
100002328:	e9 93 45 f9	ldr	x9, [sp, #0xb20]
10000232c:	e9 c7 02 f9	str	x9, [sp, #0x588]
100002330:	ed c7 42 f9	ldr	x13, [sp, #0x588]
100002334:	e9 57 44 f9	ldr	x9, [sp, #0x8a8]
100002338:	3f 01 0d eb	cmp	x9, x13
10000233c:	aa 98 00 54	b.ge	0x100003650
100002340:	e9 1f 45 f9	ldr	x9, [sp, #0xa38]
100002344:	2a 15 40 f9	ldr	x10, [x9, #0x28]
100002348:	ea c7 04 f9	str	x10, [sp, #0x988]
10000234c:	e9 c7 44 f9	ldr	x9, [sp, #0x988]
100002350:	e9 cb 02 f9	str	x9, [sp, #0x590]
100002354:	f0 03 09 aa	mov	x16, x9
100002358:	49 00 00 90	adrp	x9, 8 ; 0x10000a000
10000235c:	29 21 1d 91	add	x9, x9, #0x748
100002360:	e9 cf 02 f9	str	x9, [sp, #0x598]
100002364:	e9 8f 45 f9	ldr	x9, [sp, #0xb18]
100002368:	e9 d3 02 f9	str	x9, [sp, #0x5a0]
10000236c:	e9 93 45 f9	ldr	x9, [sp, #0xb20]
100002370:	e9 d7 02 f9	str	x9, [sp, #0x5a8]
100002374:	ed d7 42 f9	ldr	x13, [sp, #0x5a8]
100002378:	e9 57 44 f9	ldr	x9, [sp, #0x8a8]
10000237c:	3f 01 0d eb	cmp	x9, x13
100002380:	aa 9d 00 54	b.ge	0x100003734
100002384:	e9 27 45 f9	ldr	x9, [sp, #0xa48]
100002388:	2a 19 40 f9	ldr	x10, [x9, #0x30]
10000238c:	ea cb 04 f9	str	x10, [sp, #0x990]
100002390:	e9 cb 44 f9	ldr	x9, [sp, #0x990]
100002394:	e9 db 02 f9	str	x9, [sp, #0x5b0]
100002398:	f0 03 09 aa	mov	x16, x9
10000239c:	49 00 00 90	adrp	x9, 8 ; 0x10000a000
1000023a0:	29 21 1d 91	add	x9, x9, #0x748
1000023a4:	e9 df 02 f9	str	x9, [sp, #0x5b8]
1000023a8:	e9 77 45 f9	ldr	x9, [sp, #0xae8]
1000023ac:	e9 e3 02 f9	str	x9, [sp, #0x5c0]
1000023b0:	f0 03 09 aa	mov	x16, x9
1000023b4:	e9 67 42 f9	ldr	x9, [sp, #0x4c8]
1000023b8:	22 01 40 f9	ldr	x2, [x9]
1000023bc:	ea ff 9f d2	mov	x10, #0xffff
1000023c0:	ea ff bf f2	movk	x10, #0xffff, lsl #16
1000023c4:	ea ff df f2	movk	x10, #0xffff, lsl #32
1000023c8:	ea ff ef f2	movk	x10, #0x7fff, lsl #48
1000023cc:	42 00 0a 8a	and	x2, x2, x10
1000023d0:	21 21 00 91	add	x1, x9, #0x8
1000023d4:	20 00 80 52	mov	w0, #0x1
1000023d8:	90 00 80 52	mov	w16, #0x4
1000023dc:	01 10 00 d4	svc	#0x80
1000023e0:	e9 53 44 f9	ldr	x9, [sp, #0x8a0]
1000023e4:	ff 83 00 d1	sub	sp, sp, #0x20
1000023e8:	eb 83 00 91	add	x11, sp, #0x20
1000023ec:	0c 00 80 52	mov	w12, #0x0
1000023f0:	c9 00 00 b5	cbnz	x9, 0x100002408
1000023f4:	6b 05 00 d1	sub	x11, x11, #0x1
1000023f8:	0a 06 80 52	mov	w10, #0x30
1000023fc:	6a 01 00 39	strb	w10, [x11]
100002400:	8c 05 00 91	add	x12, x12, #0x1
100002404:	16 00 00 14	b	0x10000245c
100002408:	03 00 80 52	mov	w3, #0x0
10000240c:	3f 01 1f eb	cmp	x9, xzr
100002410:	6b 00 00 54	b.lt	0x10000241c
100002414:	e9 03 09 eb	negs	x9, x9
100002418:	02 00 00 14	b	0x100002420
10000241c:	23 00 80 52	mov	w3, #0x1
100002420:	4a 01 80 52	mov	w10, #0xa
100002424:	24 0d ca 9a	sdiv	x4, x9, x10
100002428:	85 a4 0a 9b	msub	x5, x4, x10, x9
10000242c:	06 06 80 52	mov	w6, #0x30
100002430:	c6 00 05 eb	subs	x6, x6, x5
100002434:	6b 05 00 d1	sub	x11, x11, #0x1
100002438:	66 01 00 39	strb	w6, [x11]
10000243c:	8c 05 00 91	add	x12, x12, #0x1
100002440:	e9 03 04 aa	mov	x9, x4
100002444:	e9 fe ff b5	cbnz	x9, 0x100002420
100002448:	a3 00 00 34	cbz	w3, 0x10000245c
10000244c:	6b 05 00 d1	sub	x11, x11, #0x1
100002450:	aa 05 80 52	mov	w10, #0x2d
100002454:	6a 01 00 39	strb	w10, [x11]
100002458:	8c 05 00 91	add	x12, x12, #0x1
10000245c:	20 00 80 52	mov	w0, #0x1
100002460:	e1 03 0b aa	mov	x1, x11
100002464:	e2 03 0c aa	mov	x2, x12
100002468:	90 00 80 52	mov	w16, #0x4
10000246c:	01 10 00 d4	svc	#0x80
100002470:	ff 83 00 91	add	sp, sp, #0x20
100002474:	e9 6b 42 f9	ldr	x9, [sp, #0x4d0]
100002478:	22 01 40 f9	ldr	x2, [x9]
10000247c:	ea ff 9f d2	mov	x10, #0xffff
100002480:	ea ff bf f2	movk	x10, #0xffff, lsl #16
100002484:	ea ff df f2	movk	x10, #0xffff, lsl #32
100002488:	ea ff ef f2	movk	x10, #0x7fff, lsl #48
10000248c:	42 00 0a 8a	and	x2, x2, x10
100002490:	21 21 00 91	add	x1, x9, #0x8
100002494:	20 00 80 52	mov	w0, #0x1
100002498:	90 00 80 52	mov	w16, #0x4
10000249c:	01 10 00 d4	svc	#0x80
1000024a0:	e9 57 44 f9	ldr	x9, [sp, #0x8a8]
1000024a4:	ff 83 00 d1	sub	sp, sp, #0x20
1000024a8:	eb 83 00 91	add	x11, sp, #0x20
1000024ac:	0c 00 80 52	mov	w12, #0x0
1000024b0:	c9 00 00 b5	cbnz	x9, 0x1000024c8
1000024b4:	6b 05 00 d1	sub	x11, x11, #0x1
1000024b8:	0a 06 80 52	mov	w10, #0x30
1000024bc:	6a 01 00 39	strb	w10, [x11]
1000024c0:	8c 05 00 91	add	x12, x12, #0x1
1000024c4:	16 00 00 14	b	0x10000251c
1000024c8:	03 00 80 52	mov	w3, #0x0
1000024cc:	3f 01 1f eb	cmp	x9, xzr
1000024d0:	6b 00 00 54	b.lt	0x1000024dc
1000024d4:	e9 03 09 eb	negs	x9, x9
1000024d8:	02 00 00 14	b	0x1000024e0
1000024dc:	23 00 80 52	mov	w3, #0x1
1000024e0:	4a 01 80 52	mov	w10, #0xa
1000024e4:	24 0d ca 9a	sdiv	x4, x9, x10
1000024e8:	85 a4 0a 9b	msub	x5, x4, x10, x9
1000024ec:	06 06 80 52	mov	w6, #0x30
1000024f0:	c6 00 05 eb	subs	x6, x6, x5
1000024f4:	6b 05 00 d1	sub	x11, x11, #0x1
1000024f8:	66 01 00 39	strb	w6, [x11]
1000024fc:	8c 05 00 91	add	x12, x12, #0x1
100002500:	e9 03 04 aa	mov	x9, x4
100002504:	e9 fe ff b5	cbnz	x9, 0x1000024e0
100002508:	a3 00 00 34	cbz	w3, 0x10000251c
10000250c:	6b 05 00 d1	sub	x11, x11, #0x1
100002510:	aa 05 80 52	mov	w10, #0x2d
100002514:	6a 01 00 39	strb	w10, [x11]
100002518:	8c 05 00 91	add	x12, x12, #0x1
10000251c:	20 00 80 52	mov	w0, #0x1
100002520:	e1 03 0b aa	mov	x1, x11
100002524:	e2 03 0c aa	mov	x2, x12
100002528:	90 00 80 52	mov	w16, #0x4
10000252c:	01 10 00 d4	svc	#0x80
100002530:	ff 83 00 91	add	sp, sp, #0x20
100002534:	e9 6f 42 f9	ldr	x9, [sp, #0x4d8]
100002538:	22 01 40 f9	ldr	x2, [x9]
10000253c:	ea ff 9f d2	mov	x10, #0xffff
100002540:	ea ff bf f2	movk	x10, #0xffff, lsl #16
100002544:	ea ff df f2	movk	x10, #0xffff, lsl #32
100002548:	ea ff ef f2	movk	x10, #0x7fff, lsl #48
10000254c:	42 00 0a 8a	and	x2, x2, x10
100002550:	21 21 00 91	add	x1, x9, #0x8
100002554:	20 00 80 52	mov	w0, #0x1
100002558:	90 00 80 52	mov	w16, #0x4
10000255c:	01 10 00 d4	svc	#0x80
100002560:	e0 7b 42 f9	ldr	x0, [sp, #0x4f0]
100002564:	ff 83 05 d1	sub	sp, sp, #0x160
100002568:	e1 03 00 91	mov	x1, sp
10000256c:	02 00 80 52	mov	w2, #0x0
100002570:	36 19 00 94	bl	0x100008a48
100002574:	08 00 80 52	mov	w8, #0x0
100002578:	e2 03 00 aa	mov	x2, x0
10000257c:	20 00 80 52	mov	w0, #0x1
100002580:	e1 03 00 91	mov	x1, sp
100002584:	90 00 80 52	mov	w16, #0x4
100002588:	01 10 00 d4	svc	#0x80
10000258c:	ff 83 05 91	add	sp, sp, #0x160
100002590:	e9 7f 42 f9	ldr	x9, [sp, #0x4f8]
100002594:	22 01 40 f9	ldr	x2, [x9]
100002598:	ea ff 9f d2	mov	x10, #0xffff
10000259c:	ea ff bf f2	movk	x10, #0xffff, lsl #16
1000025a0:	ea ff df f2	movk	x10, #0xffff, lsl #32
1000025a4:	ea ff ef f2	movk	x10, #0x7fff, lsl #48
1000025a8:	42 00 0a 8a	and	x2, x2, x10
1000025ac:	21 21 00 91	add	x1, x9, #0x8
1000025b0:	20 00 80 52	mov	w0, #0x1
1000025b4:	90 00 80 52	mov	w16, #0x4
1000025b8:	01 10 00 d4	svc	#0x80
1000025bc:	e0 8b 42 f9	ldr	x0, [sp, #0x510]
1000025c0:	ff 83 05 d1	sub	sp, sp, #0x160
1000025c4:	e1 03 00 91	mov	x1, sp
1000025c8:	02 00 80 52	mov	w2, #0x0
1000025cc:	1f 19 00 94	bl	0x100008a48
1000025d0:	08 00 80 52	mov	w8, #0x0
1000025d4:	e2 03 00 aa	mov	x2, x0
1000025d8:	20 00 80 52	mov	w0, #0x1
1000025dc:	e1 03 00 91	mov	x1, sp
1000025e0:	90 00 80 52	mov	w16, #0x4
1000025e4:	01 10 00 d4	svc	#0x80
1000025e8:	ff 83 05 91	add	sp, sp, #0x160
1000025ec:	e9 8f 42 f9	ldr	x9, [sp, #0x518]
1000025f0:	22 01 40 f9	ldr	x2, [x9]
1000025f4:	ea ff 9f d2	mov	x10, #0xffff
1000025f8:	ea ff bf f2	movk	x10, #0xffff, lsl #16
1000025fc:	ea ff df f2	movk	x10, #0xffff, lsl #32
100002600:	ea ff ef f2	movk	x10, #0x7fff, lsl #48
100002604:	42 00 0a 8a	and	x2, x2, x10
100002608:	21 21 00 91	add	x1, x9, #0x8
10000260c:	20 00 80 52	mov	w0, #0x1
100002610:	90 00 80 52	mov	w16, #0x4
100002614:	01 10 00 d4	svc	#0x80
100002618:	e0 9b 42 f9	ldr	x0, [sp, #0x530]
10000261c:	ff 83 05 d1	sub	sp, sp, #0x160
100002620:	e1 03 00 91	mov	x1, sp
100002624:	02 00 80 52	mov	w2, #0x0
100002628:	08 19 00 94	bl	0x100008a48
10000262c:	08 00 80 52	mov	w8, #0x0
100002630:	e2 03 00 aa	mov	x2, x0
100002634:	20 00 80 52	mov	w0, #0x1
100002638:	e1 03 00 91	mov	x1, sp
10000263c:	90 00 80 52	mov	w16, #0x4
100002640:	01 10 00 d4	svc	#0x80
100002644:	ff 83 05 91	add	sp, sp, #0x160
100002648:	e9 9f 42 f9	ldr	x9, [sp, #0x538]
10000264c:	22 01 40 f9	ldr	x2, [x9]
100002650:	ea ff 9f d2	mov	x10, #0xffff
100002654:	ea ff bf f2	movk	x10, #0xffff, lsl #16
100002658:	ea ff df f2	movk	x10, #0xffff, lsl #32
10000265c:	ea ff ef f2	movk	x10, #0x7fff, lsl #48
100002660:	42 00 0a 8a	and	x2, x2, x10
100002664:	21 21 00 91	add	x1, x9, #0x8
100002668:	20 00 80 52	mov	w0, #0x1
10000266c:	90 00 80 52	mov	w16, #0x4
100002670:	01 10 00 d4	svc	#0x80
100002674:	e0 ab 42 f9	ldr	x0, [sp, #0x550]
100002678:	ff 83 05 d1	sub	sp, sp, #0x160
10000267c:	e1 03 00 91	mov	x1, sp
100002680:	02 00 80 52	mov	w2, #0x0
100002684:	f1 18 00 94	bl	0x100008a48
100002688:	08 00 80 52	mov	w8, #0x0
10000268c:	e2 03 00 aa	mov	x2, x0
100002690:	20 00 80 52	mov	w0, #0x1
100002694:	e1 03 00 91	mov	x1, sp
100002698:	90 00 80 52	mov	w16, #0x4
10000269c:	01 10 00 d4	svc	#0x80
1000026a0:	ff 83 05 91	add	sp, sp, #0x160
1000026a4:	e9 af 42 f9	ldr	x9, [sp, #0x558]
1000026a8:	22 01 40 f9	ldr	x2, [x9]
1000026ac:	ea ff 9f d2	mov	x10, #0xffff
1000026b0:	ea ff bf f2	movk	x10, #0xffff, lsl #16
1000026b4:	ea ff df f2	movk	x10, #0xffff, lsl #32
1000026b8:	ea ff ef f2	movk	x10, #0x7fff, lsl #48
1000026bc:	42 00 0a 8a	and	x2, x2, x10
1000026c0:	21 21 00 91	add	x1, x9, #0x8
1000026c4:	20 00 80 52	mov	w0, #0x1
1000026c8:	90 00 80 52	mov	w16, #0x4
1000026cc:	01 10 00 d4	svc	#0x80
1000026d0:	e0 bb 42 f9	ldr	x0, [sp, #0x570]
1000026d4:	ff 83 05 d1	sub	sp, sp, #0x160
1000026d8:	e1 03 00 91	mov	x1, sp
1000026dc:	02 00 80 52	mov	w2, #0x0
1000026e0:	da 18 00 94	bl	0x100008a48
1000026e4:	08 00 80 52	mov	w8, #0x0
1000026e8:	e2 03 00 aa	mov	x2, x0
1000026ec:	20 00 80 52	mov	w0, #0x1
1000026f0:	e1 03 00 91	mov	x1, sp
1000026f4:	90 00 80 52	mov	w16, #0x4
1000026f8:	01 10 00 d4	svc	#0x80
1000026fc:	ff 83 05 91	add	sp, sp, #0x160
100002700:	e9 bf 42 f9	ldr	x9, [sp, #0x578]
100002704:	22 01 40 f9	ldr	x2, [x9]
100002708:	ea ff 9f d2	mov	x10, #0xffff
10000270c:	ea ff bf f2	movk	x10, #0xffff, lsl #16
100002710:	ea ff df f2	movk	x10, #0xffff, lsl #32
100002714:	ea ff ef f2	movk	x10, #0x7fff, lsl #48
100002718:	42 00 0a 8a	and	x2, x2, x10
10000271c:	21 21 00 91	add	x1, x9, #0x8
100002720:	20 00 80 52	mov	w0, #0x1
100002724:	90 00 80 52	mov	w16, #0x4
100002728:	01 10 00 d4	svc	#0x80
10000272c:	e0 cb 42 f9	ldr	x0, [sp, #0x590]
100002730:	ff 83 05 d1	sub	sp, sp, #0x160
100002734:	e1 03 00 91	mov	x1, sp
100002738:	02 00 80 52	mov	w2, #0x0
10000273c:	c3 18 00 94	bl	0x100008a48
100002740:	08 00 80 52	mov	w8, #0x0
100002744:	e2 03 00 aa	mov	x2, x0
100002748:	20 00 80 52	mov	w0, #0x1
10000274c:	e1 03 00 91	mov	x1, sp
100002750:	90 00 80 52	mov	w16, #0x4
100002754:	01 10 00 d4	svc	#0x80
100002758:	ff 83 05 91	add	sp, sp, #0x160
10000275c:	e9 cf 42 f9	ldr	x9, [sp, #0x598]
100002760:	22 01 40 f9	ldr	x2, [x9]
100002764:	ea ff 9f d2	mov	x10, #0xffff
100002768:	ea ff bf f2	movk	x10, #0xffff, lsl #16
10000276c:	ea ff df f2	movk	x10, #0xffff, lsl #32
100002770:	ea ff ef f2	movk	x10, #0x7fff, lsl #48
100002774:	42 00 0a 8a	and	x2, x2, x10
100002778:	21 21 00 91	add	x1, x9, #0x8
10000277c:	20 00 80 52	mov	w0, #0x1
100002780:	90 00 80 52	mov	w16, #0x4
100002784:	01 10 00 d4	svc	#0x80
100002788:	e0 db 42 f9	ldr	x0, [sp, #0x5b0]
10000278c:	ff 83 05 d1	sub	sp, sp, #0x160
100002790:	e1 03 00 91	mov	x1, sp
100002794:	02 00 80 52	mov	w2, #0x0
100002798:	ac 18 00 94	bl	0x100008a48
10000279c:	08 00 80 52	mov	w8, #0x0
1000027a0:	e2 03 00 aa	mov	x2, x0
1000027a4:	20 00 80 52	mov	w0, #0x1
1000027a8:	e1 03 00 91	mov	x1, sp
1000027ac:	90 00 80 52	mov	w16, #0x4
1000027b0:	01 10 00 d4	svc	#0x80
1000027b4:	ff 83 05 91	add	sp, sp, #0x160
1000027b8:	e9 df 42 f9	ldr	x9, [sp, #0x5b8]
1000027bc:	22 01 40 f9	ldr	x2, [x9]
1000027c0:	ea ff 9f d2	mov	x10, #0xffff
1000027c4:	ea ff bf f2	movk	x10, #0xffff, lsl #16
1000027c8:	ea ff df f2	movk	x10, #0xffff, lsl #32
1000027cc:	ea ff ef f2	movk	x10, #0x7fff, lsl #48
1000027d0:	42 00 0a 8a	and	x2, x2, x10
1000027d4:	21 21 00 91	add	x1, x9, #0x8
1000027d8:	20 00 80 52	mov	w0, #0x1
1000027dc:	90 00 80 52	mov	w16, #0x4
1000027e0:	01 10 00 d4	svc	#0x80
1000027e4:	e0 e3 42 f9	ldr	x0, [sp, #0x5c0]
1000027e8:	ff 83 05 d1	sub	sp, sp, #0x160
1000027ec:	e1 03 00 91	mov	x1, sp
1000027f0:	02 00 80 52	mov	w2, #0x0
1000027f4:	95 18 00 94	bl	0x100008a48
1000027f8:	08 00 80 52	mov	w8, #0x0
1000027fc:	e2 03 00 aa	mov	x2, x0
100002800:	20 00 80 52	mov	w0, #0x1
100002804:	e1 03 00 91	mov	x1, sp
100002808:	90 00 80 52	mov	w16, #0x4
10000280c:	01 10 00 d4	svc	#0x80
100002810:	ff 83 05 91	add	sp, sp, #0x160
100002814:	20 00 80 52	mov	w0, #0x1
100002818:	21 00 00 f0	adrp	x1, 7 ; 0x100009000
10000281c:	21 40 3c 91	add	x1, x1, #0xf10
100002820:	22 00 80 d2	mov	x2, #0x1
100002824:	02 00 a0 f2	movk	x2, #0x0, lsl #16
100002828:	02 00 c0 f2	movk	x2, #0x0, lsl #32
10000282c:	02 00 e0 f2	movk	x2, #0x0, lsl #48
100002830:	90 00 80 52	mov	w16, #0x4
100002834:	01 10 00 d4	svc	#0x80
100002838:	e9 57 44 f9	ldr	x9, [sp, #0x8a8]
10000283c:	2b 05 00 91	add	x11, x9, #0x1
100002840:	eb eb 02 f9	str	x11, [sp, #0x5d0]
100002844:	f0 03 0b aa	mov	x16, x11
100002848:	e9 ef 44 f9	ldr	x9, [sp, #0x9d8]
10000284c:	29 41 01 91	add	x9, x9, #0x50
100002850:	e9 ef 04 f9	str	x9, [sp, #0x9d8]
100002854:	e9 f7 44 f9	ldr	x9, [sp, #0x9e8]
100002858:	29 e1 00 91	add	x9, x9, #0x38
10000285c:	e9 f7 04 f9	str	x9, [sp, #0x9e8]
100002860:	e9 ff 44 f9	ldr	x9, [sp, #0x9f8]
100002864:	29 e1 00 91	add	x9, x9, #0x38
100002868:	e9 ff 04 f9	str	x9, [sp, #0x9f8]
10000286c:	e9 07 45 f9	ldr	x9, [sp, #0xa08]
100002870:	29 e1 00 91	add	x9, x9, #0x38
100002874:	e9 07 05 f9	str	x9, [sp, #0xa08]
100002878:	e9 0f 45 f9	ldr	x9, [sp, #0xa18]
10000287c:	29 e1 00 91	add	x9, x9, #0x38
100002880:	e9 0f 05 f9	str	x9, [sp, #0xa18]
100002884:	e9 17 45 f9	ldr	x9, [sp, #0xa28]
100002888:	29 e1 00 91	add	x9, x9, #0x38
10000288c:	e9 17 05 f9	str	x9, [sp, #0xa28]
100002890:	e9 1f 45 f9	ldr	x9, [sp, #0xa38]
100002894:	29 e1 00 91	add	x9, x9, #0x38
100002898:	e9 1f 05 f9	str	x9, [sp, #0xa38]
10000289c:	e9 27 45 f9	ldr	x9, [sp, #0xa48]
1000028a0:	29 e1 00 91	add	x9, x9, #0x38
1000028a4:	e9 27 05 f9	str	x9, [sp, #0xa48]
1000028a8:	e9 03 10 aa	mov	x9, x16
1000028ac:	e9 57 04 f9	str	x9, [sp, #0x8a8]
1000028b0:	f1 03 09 aa	mov	x17, x9
1000028b4:	1c fe ff 17	b	0x100002124
1000028b8:	e9 53 44 f9	ldr	x9, [sp, #0x8a0]
1000028bc:	2b 05 00 91	add	x11, x9, #0x1
1000028c0:	eb f3 02 f9	str	x11, [sp, #0x5e0]
1000028c4:	f0 03 0b aa	mov	x16, x11
1000028c8:	e9 03 10 aa	mov	x9, x16
1000028cc:	e9 53 04 f9	str	x9, [sp, #0x8a0]
1000028d0:	f1 03 09 aa	mov	x17, x9
1000028d4:	db fd ff 17	b	0x100002040
1000028d8:	e9 6f 44 f9	ldr	x9, [sp, #0x8d8]
1000028dc:	e9 a3 04 f9	str	x9, [sp, #0x940]
1000028e0:	f0 03 09 aa	mov	x16, x9
1000028e4:	e9 73 44 f9	ldr	x9, [sp, #0x8e0]
1000028e8:	e9 a7 04 f9	str	x9, [sp, #0x948]
1000028ec:	f1 03 09 aa	mov	x17, x9
1000028f0:	e9 77 44 f9	ldr	x9, [sp, #0x8e8]
1000028f4:	e9 ab 04 f9	str	x9, [sp, #0x950]
1000028f8:	f0 03 09 aa	mov	x16, x9
1000028fc:	e9 6b 44 f9	ldr	x9, [sp, #0x8d0]
100002900:	e9 ff 02 f9	str	x9, [sp, #0x5f8]
100002904:	e9 a3 44 f9	ldr	x9, [sp, #0x940]
100002908:	e9 03 03 f9	str	x9, [sp, #0x600]
10000290c:	e9 a7 44 f9	ldr	x9, [sp, #0x948]
100002910:	e9 07 03 f9	str	x9, [sp, #0x608]
100002914:	e9 ab 44 f9	ldr	x9, [sp, #0x950]
100002918:	e9 0b 03 f9	str	x9, [sp, #0x610]
10000291c:	e9 7b 44 f9	ldr	x9, [sp, #0x8f0]
100002920:	e9 0f 03 f9	str	x9, [sp, #0x618]
100002924:	e9 7f 44 f9	ldr	x9, [sp, #0x8f8]
100002928:	e9 13 03 f9	str	x9, [sp, #0x620]
10000292c:	e0 e3 17 91	add	x0, sp, #0x5f8
100002930:	ef a3 18 91	add	x15, sp, #0x628
100002934:	1f 13 00 94	bl	_silex_function_17
100002938:	a8 3d 00 35	cbnz	w8, 0x1000030ec
10000293c:	e9 2f 43 f9	ldr	x9, [sp, #0x658]
100002940:	e9 33 03 f9	str	x9, [sp, #0x660]
100002944:	f0 03 09 aa	mov	x16, x9
100002948:	49 8f a8 d2	mov	x9, #0x447a0000
10000294c:	29 01 27 1e	fmov	s9, w9
100002950:	e9 6b 06 bd	str	s9, [sp, #0x668]
100002954:	e9 63 46 bd	ldr	s9, [sp, #0x660]
100002958:	ea 6b 46 bd	ldr	s10, [sp, #0x668]
10000295c:	2b 09 2a 1e	fmul	s11, s9, s10
100002960:	eb 73 06 bd	str	s11, [sp, #0x670]
100002964:	09 e4 00 2f	movi	d9, #0000000000000000
100002968:	e9 3f 03 fd	str	d9, [sp, #0x678]
10000296c:	09 00 e0 d2	movz	x9, #0x0, lsl #48
100002970:	e9 43 03 f9	str	x9, [sp, #0x680]
100002974:	f1 03 09 aa	mov	x17, x9
100002978:	e9 97 45 f9	ldr	x9, [sp, #0xb28]
10000297c:	e9 2f 05 f9	str	x9, [sp, #0xa58]
100002980:	e9 8f 45 f9	ldr	x9, [sp, #0xb18]
100002984:	e9 37 05 f9	str	x9, [sp, #0xa68]
100002988:	e9 8f 45 f9	ldr	x9, [sp, #0xb18]
10000298c:	e9 3f 05 f9	str	x9, [sp, #0xa78]
100002990:	e9 8f 45 f9	ldr	x9, [sp, #0xb18]
100002994:	e9 47 05 f9	str	x9, [sp, #0xa88]
100002998:	e9 8f 45 f9	ldr	x9, [sp, #0xb18]
10000299c:	e9 4f 05 f9	str	x9, [sp, #0xa98]
1000029a0:	e9 8f 45 f9	ldr	x9, [sp, #0xb18]
1000029a4:	e9 57 05 f9	str	x9, [sp, #0xaa8]
1000029a8:	e9 8f 45 f9	ldr	x9, [sp, #0xb18]
1000029ac:	e9 5f 05 f9	str	x9, [sp, #0xab8]
1000029b0:	e9 8f 45 f9	ldr	x9, [sp, #0xb18]
1000029b4:	e9 67 05 f9	str	x9, [sp, #0xac8]
1000029b8:	e9 03 11 aa	mov	x9, x17
1000029bc:	e9 5b 04 f9	str	x9, [sp, #0x8b0]
1000029c0:	f0 03 09 aa	mov	x16, x9
1000029c4:	e9 3f 43 f9	ldr	x9, [sp, #0x678]
1000029c8:	e9 7b 05 f9	str	x9, [sp, #0xaf0]
1000029cc:	f1 03 09 aa	mov	x17, x9
1000029d0:	e9 5b 44 f9	ldr	x9, [sp, #0x8b0]
1000029d4:	ea 47 44 f9	ldr	x10, [sp, #0x888]
1000029d8:	3f 01 0a eb	cmp	x9, x10
1000029dc:	0b 00 80 52	mov	w11, #0x0
1000029e0:	4a 00 00 54	b.ge	0x1000029e8
1000029e4:	2b 00 80 52	mov	w11, #0x1
1000029e8:	eb 47 03 f9	str	x11, [sp, #0x688]
1000029ec:	f0 03 0b aa	mov	x16, x11
1000029f0:	e9 47 43 f9	ldr	x9, [sp, #0x688]
1000029f4:	a9 02 00 34	cbz	w9, 0x100002a48
1000029f8:	09 e4 00 2f	movi	d9, #0000000000000000
1000029fc:	e9 93 06 bd	str	s9, [sp, #0x690]
100002a00:	e9 97 45 f9	ldr	x9, [sp, #0xb28]
100002a04:	e9 4f 03 f9	str	x9, [sp, #0x698]
100002a08:	e9 9b 45 f9	ldr	x9, [sp, #0xb30]
100002a0c:	e9 53 03 f9	str	x9, [sp, #0x6a0]
100002a10:	ed 53 43 f9	ldr	x13, [sp, #0x6a0]
100002a14:	e9 5b 44 f9	ldr	x9, [sp, #0x8b0]
100002a18:	3f 01 0d eb	cmp	x9, x13
100002a1c:	ea 6f 00 54	b.ge	0x100003818
100002a20:	e9 2f 45 f9	ldr	x9, [sp, #0xa58]
100002a24:	2a 25 40 f9	ldr	x10, [x9, #0x48]
100002a28:	ea cf 04 f9	str	x10, [sp, #0x998]
100002a2c:	e9 4b 43 f9	ldr	x9, [sp, #0x690]
100002a30:	e9 7f 05 f9	str	x9, [sp, #0xaf8]
100002a34:	f0 03 09 aa	mov	x16, x9
100002a38:	e9 cf 44 f9	ldr	x9, [sp, #0x998]
100002a3c:	49 00 00 34	cbz	w9, 0x100002a44
100002a40:	a9 00 00 14	b	0x100002ce4
100002a44:	ad 00 00 14	b	0x100002cf8
100002a48:	49 00 00 90	adrp	x9, 8 ; 0x10000a000
100002a4c:	29 61 36 91	add	x9, x9, #0xd98
100002a50:	e9 1b 04 f9	str	x9, [sp, #0x830]
100002a54:	49 00 00 90	adrp	x9, 8 ; 0x10000a000
100002a58:	29 21 1d 91	add	x9, x9, #0x748
100002a5c:	e9 1f 04 f9	str	x9, [sp, #0x838]
100002a60:	49 00 00 90	adrp	x9, 8 ; 0x10000a000
100002a64:	29 21 1d 91	add	x9, x9, #0x748
100002a68:	e9 23 04 f9	str	x9, [sp, #0x840]
100002a6c:	49 00 00 90	adrp	x9, 8 ; 0x10000a000
100002a70:	29 21 1d 91	add	x9, x9, #0x748
100002a74:	e9 27 04 f9	str	x9, [sp, #0x848]
100002a78:	e9 7b 45 f9	ldr	x9, [sp, #0xaf0]
100002a7c:	e9 2b 04 f9	str	x9, [sp, #0x850]
100002a80:	f0 03 09 aa	mov	x16, x9
100002a84:	e9 1b 44 f9	ldr	x9, [sp, #0x830]
100002a88:	22 01 40 f9	ldr	x2, [x9]
100002a8c:	ea ff 9f d2	mov	x10, #0xffff
100002a90:	ea ff bf f2	movk	x10, #0xffff, lsl #16
100002a94:	ea ff df f2	movk	x10, #0xffff, lsl #32
100002a98:	ea ff ef f2	movk	x10, #0x7fff, lsl #48
100002a9c:	42 00 0a 8a	and	x2, x2, x10
100002aa0:	21 21 00 91	add	x1, x9, #0x8
100002aa4:	20 00 80 52	mov	w0, #0x1
100002aa8:	90 00 80 52	mov	w16, #0x4
100002aac:	01 10 00 d4	svc	#0x80
100002ab0:	e9 47 44 f9	ldr	x9, [sp, #0x888]
100002ab4:	ff 83 00 d1	sub	sp, sp, #0x20
100002ab8:	eb 83 00 91	add	x11, sp, #0x20
100002abc:	0c 00 80 52	mov	w12, #0x0
100002ac0:	c9 00 00 b5	cbnz	x9, 0x100002ad8
100002ac4:	6b 05 00 d1	sub	x11, x11, #0x1
100002ac8:	0a 06 80 52	mov	w10, #0x30
100002acc:	6a 01 00 39	strb	w10, [x11]
100002ad0:	8c 05 00 91	add	x12, x12, #0x1
100002ad4:	16 00 00 14	b	0x100002b2c
100002ad8:	03 00 80 52	mov	w3, #0x0
100002adc:	3f 01 1f eb	cmp	x9, xzr
100002ae0:	6b 00 00 54	b.lt	0x100002aec
100002ae4:	e9 03 09 eb	negs	x9, x9
100002ae8:	02 00 00 14	b	0x100002af0
100002aec:	23 00 80 52	mov	w3, #0x1
100002af0:	4a 01 80 52	mov	w10, #0xa
100002af4:	24 0d ca 9a	sdiv	x4, x9, x10
100002af8:	85 a4 0a 9b	msub	x5, x4, x10, x9
100002afc:	06 06 80 52	mov	w6, #0x30
100002b00:	c6 00 05 eb	subs	x6, x6, x5
100002b04:	6b 05 00 d1	sub	x11, x11, #0x1
100002b08:	66 01 00 39	strb	w6, [x11]
100002b0c:	8c 05 00 91	add	x12, x12, #0x1
100002b10:	e9 03 04 aa	mov	x9, x4
100002b14:	e9 fe ff b5	cbnz	x9, 0x100002af0
100002b18:	a3 00 00 34	cbz	w3, 0x100002b2c
100002b1c:	6b 05 00 d1	sub	x11, x11, #0x1
100002b20:	aa 05 80 52	mov	w10, #0x2d
100002b24:	6a 01 00 39	strb	w10, [x11]
100002b28:	8c 05 00 91	add	x12, x12, #0x1
100002b2c:	20 00 80 52	mov	w0, #0x1
100002b30:	e1 03 0b aa	mov	x1, x11
100002b34:	e2 03 0c aa	mov	x2, x12
100002b38:	90 00 80 52	mov	w16, #0x4
100002b3c:	01 10 00 d4	svc	#0x80
100002b40:	ff 83 00 91	add	sp, sp, #0x20
100002b44:	e9 1f 44 f9	ldr	x9, [sp, #0x838]
100002b48:	22 01 40 f9	ldr	x2, [x9]
100002b4c:	ea ff 9f d2	mov	x10, #0xffff
100002b50:	ea ff bf f2	movk	x10, #0xffff, lsl #16
100002b54:	ea ff df f2	movk	x10, #0xffff, lsl #32
100002b58:	ea ff ef f2	movk	x10, #0x7fff, lsl #48
100002b5c:	42 00 0a 8a	and	x2, x2, x10
100002b60:	21 21 00 91	add	x1, x9, #0x8
100002b64:	20 00 80 52	mov	w0, #0x1
100002b68:	90 00 80 52	mov	w16, #0x4
100002b6c:	01 10 00 d4	svc	#0x80
100002b70:	e9 4b 44 f9	ldr	x9, [sp, #0x890]
100002b74:	ff 83 00 d1	sub	sp, sp, #0x20
100002b78:	eb 83 00 91	add	x11, sp, #0x20
100002b7c:	0c 00 80 52	mov	w12, #0x0
100002b80:	c9 00 00 b5	cbnz	x9, 0x100002b98
100002b84:	6b 05 00 d1	sub	x11, x11, #0x1
100002b88:	0a 06 80 52	mov	w10, #0x30
100002b8c:	6a 01 00 39	strb	w10, [x11]
100002b90:	8c 05 00 91	add	x12, x12, #0x1
100002b94:	16 00 00 14	b	0x100002bec
100002b98:	03 00 80 52	mov	w3, #0x0
100002b9c:	3f 01 1f eb	cmp	x9, xzr
100002ba0:	6b 00 00 54	b.lt	0x100002bac
100002ba4:	e9 03 09 eb	negs	x9, x9
100002ba8:	02 00 00 14	b	0x100002bb0
100002bac:	23 00 80 52	mov	w3, #0x1
100002bb0:	4a 01 80 52	mov	w10, #0xa
100002bb4:	24 0d ca 9a	sdiv	x4, x9, x10
100002bb8:	85 a4 0a 9b	msub	x5, x4, x10, x9
100002bbc:	06 06 80 52	mov	w6, #0x30
100002bc0:	c6 00 05 eb	subs	x6, x6, x5
100002bc4:	6b 05 00 d1	sub	x11, x11, #0x1
100002bc8:	66 01 00 39	strb	w6, [x11]
100002bcc:	8c 05 00 91	add	x12, x12, #0x1
100002bd0:	e9 03 04 aa	mov	x9, x4
100002bd4:	e9 fe ff b5	cbnz	x9, 0x100002bb0
100002bd8:	a3 00 00 34	cbz	w3, 0x100002bec
100002bdc:	6b 05 00 d1	sub	x11, x11, #0x1
100002be0:	aa 05 80 52	mov	w10, #0x2d
100002be4:	6a 01 00 39	strb	w10, [x11]
100002be8:	8c 05 00 91	add	x12, x12, #0x1
100002bec:	20 00 80 52	mov	w0, #0x1
100002bf0:	e1 03 0b aa	mov	x1, x11
100002bf4:	e2 03 0c aa	mov	x2, x12
100002bf8:	90 00 80 52	mov	w16, #0x4
100002bfc:	01 10 00 d4	svc	#0x80
100002c00:	ff 83 00 91	add	sp, sp, #0x20
100002c04:	e9 23 44 f9	ldr	x9, [sp, #0x840]
100002c08:	22 01 40 f9	ldr	x2, [x9]
100002c0c:	ea ff 9f d2	mov	x10, #0xffff
100002c10:	ea ff bf f2	movk	x10, #0xffff, lsl #16
100002c14:	ea ff df f2	movk	x10, #0xffff, lsl #32
100002c18:	ea ff ef f2	movk	x10, #0x7fff, lsl #48
100002c1c:	42 00 0a 8a	and	x2, x2, x10
100002c20:	21 21 00 91	add	x1, x9, #0x8
100002c24:	20 00 80 52	mov	w0, #0x1
100002c28:	90 00 80 52	mov	w16, #0x4
100002c2c:	01 10 00 d4	svc	#0x80
100002c30:	e0 3b 43 f9	ldr	x0, [sp, #0x670]
100002c34:	ff 83 05 d1	sub	sp, sp, #0x160
100002c38:	e1 03 00 91	mov	x1, sp
100002c3c:	02 00 80 52	mov	w2, #0x0
100002c40:	82 17 00 94	bl	0x100008a48
100002c44:	08 00 80 52	mov	w8, #0x0
100002c48:	e2 03 00 aa	mov	x2, x0
100002c4c:	20 00 80 52	mov	w0, #0x1
100002c50:	e1 03 00 91	mov	x1, sp
100002c54:	90 00 80 52	mov	w16, #0x4
100002c58:	01 10 00 d4	svc	#0x80
100002c5c:	ff 83 05 91	add	sp, sp, #0x160
100002c60:	e9 27 44 f9	ldr	x9, [sp, #0x848]
100002c64:	22 01 40 f9	ldr	x2, [x9]
100002c68:	ea ff 9f d2	mov	x10, #0xffff
100002c6c:	ea ff bf f2	movk	x10, #0xffff, lsl #16
100002c70:	ea ff df f2	movk	x10, #0xffff, lsl #32
100002c74:	ea ff ef f2	movk	x10, #0x7fff, lsl #48
100002c78:	42 00 0a 8a	and	x2, x2, x10
100002c7c:	21 21 00 91	add	x1, x9, #0x8
100002c80:	20 00 80 52	mov	w0, #0x1
100002c84:	90 00 80 52	mov	w16, #0x4
100002c88:	01 10 00 d4	svc	#0x80
100002c8c:	e0 2b 44 f9	ldr	x0, [sp, #0x850]
100002c90:	ff 83 05 d1	sub	sp, sp, #0x160
100002c94:	e1 03 00 91	mov	x1, sp
100002c98:	22 00 80 52	mov	w2, #0x1
100002c9c:	6b 17 00 94	bl	0x100008a48
100002ca0:	08 00 80 52	mov	w8, #0x0
100002ca4:	e2 03 00 aa	mov	x2, x0
100002ca8:	20 00 80 52	mov	w0, #0x1
100002cac:	e1 03 00 91	mov	x1, sp
100002cb0:	90 00 80 52	mov	w16, #0x4
100002cb4:	01 10 00 d4	svc	#0x80
100002cb8:	ff 83 05 91	add	sp, sp, #0x160
100002cbc:	20 00 80 52	mov	w0, #0x1
100002cc0:	21 00 00 f0	adrp	x1, 7 ; 0x100009000
100002cc4:	21 40 3c 91	add	x1, x1, #0xf10
100002cc8:	22 00 80 d2	mov	x2, #0x1
100002ccc:	02 00 a0 f2	movk	x2, #0x0, lsl #16
100002cd0:	02 00 c0 f2	movk	x2, #0x0, lsl #32
100002cd4:	02 00 e0 f2	movk	x2, #0x0, lsl #48
100002cd8:	90 00 80 52	mov	w16, #0x4
100002cdc:	01 10 00 d4	svc	#0x80
100002ce0:	c9 00 00 14	b	0x100003004
100002ce4:	09 10 2e 1e	fmov	s9, #1.00000000
100002ce8:	e9 ab 06 bd	str	s9, [sp, #0x6a8]
100002cec:	e9 57 43 f9	ldr	x9, [sp, #0x6a8]
100002cf0:	e9 7f 05 f9	str	x9, [sp, #0xaf8]
100002cf4:	f0 03 09 aa	mov	x16, x9
100002cf8:	e9 7b 45 f9	ldr	x9, [sp, #0xaf0]
100002cfc:	e9 5b 03 f9	str	x9, [sp, #0x6b0]
100002d00:	f0 03 09 aa	mov	x16, x9
100002d04:	e9 8f 45 f9	ldr	x9, [sp, #0xb18]
100002d08:	e9 5f 03 f9	str	x9, [sp, #0x6b8]
100002d0c:	e9 93 45 f9	ldr	x9, [sp, #0xb20]
100002d10:	e9 63 03 f9	str	x9, [sp, #0x6c0]
100002d14:	ed 63 43 f9	ldr	x13, [sp, #0x6c0]
100002d18:	e9 5b 44 f9	ldr	x9, [sp, #0x8b0]
100002d1c:	3f 01 0d eb	cmp	x9, x13
100002d20:	ea 5e 00 54	b.ge	0x1000038fc
100002d24:	e9 37 45 f9	ldr	x9, [sp, #0xa68]
100002d28:	2a 01 40 f9	ldr	x10, [x9]
100002d2c:	ea d3 04 f9	str	x10, [sp, #0x9a0]
100002d30:	e9 d3 44 f9	ldr	x9, [sp, #0x9a0]
100002d34:	e9 67 03 f9	str	x9, [sp, #0x6c8]
100002d38:	f0 03 09 aa	mov	x16, x9
100002d3c:	e9 8f 45 f9	ldr	x9, [sp, #0xb18]
100002d40:	e9 6b 03 f9	str	x9, [sp, #0x6d0]
100002d44:	e9 93 45 f9	ldr	x9, [sp, #0xb20]
100002d48:	e9 6f 03 f9	str	x9, [sp, #0x6d8]
100002d4c:	ed 6f 43 f9	ldr	x13, [sp, #0x6d8]
100002d50:	e9 5b 44 f9	ldr	x9, [sp, #0x8b0]
100002d54:	3f 01 0d eb	cmp	x9, x13
100002d58:	4a 64 00 54	b.ge	0x1000039e0
100002d5c:	e9 3f 45 f9	ldr	x9, [sp, #0xa78]
100002d60:	2a 05 40 f9	ldr	x10, [x9, #0x8]
100002d64:	ea d7 04 f9	str	x10, [sp, #0x9a8]
100002d68:	e9 d7 44 f9	ldr	x9, [sp, #0x9a8]
100002d6c:	e9 73 03 f9	str	x9, [sp, #0x6e0]
100002d70:	f0 03 09 aa	mov	x16, x9
100002d74:	09 10 20 1e	fmov	s9, #2.00000000
100002d78:	e9 eb 06 bd	str	s9, [sp, #0x6e8]
100002d7c:	e9 e3 46 bd	ldr	s9, [sp, #0x6e0]
100002d80:	ea eb 46 bd	ldr	s10, [sp, #0x6e8]
100002d84:	eb cb 46 bd	ldr	s11, [sp, #0x6c8]
100002d88:	2c 2d 0a 1f	fmadd	s12, s9, s10, s11
100002d8c:	ec fb 06 bd	str	s12, [sp, #0x6f8]
100002d90:	e9 8f 45 f9	ldr	x9, [sp, #0xb18]
100002d94:	e9 83 03 f9	str	x9, [sp, #0x700]
100002d98:	e9 93 45 f9	ldr	x9, [sp, #0xb20]
100002d9c:	e9 87 03 f9	str	x9, [sp, #0x708]
100002da0:	ed 87 43 f9	ldr	x13, [sp, #0x708]
100002da4:	e9 5b 44 f9	ldr	x9, [sp, #0x8b0]
100002da8:	3f 01 0d eb	cmp	x9, x13
100002dac:	ca 68 00 54	b.ge	0x100003ac4
100002db0:	e9 47 45 f9	ldr	x9, [sp, #0xa88]
100002db4:	2a 09 40 f9	ldr	x10, [x9, #0x10]
100002db8:	ea db 04 f9	str	x10, [sp, #0x9b0]
100002dbc:	e9 db 44 f9	ldr	x9, [sp, #0x9b0]
100002dc0:	e9 8b 03 f9	str	x9, [sp, #0x710]
100002dc4:	f0 03 09 aa	mov	x16, x9
100002dc8:	09 10 21 1e	fmov	s9, #3.00000000
100002dcc:	e9 1b 07 bd	str	s9, [sp, #0x718]
100002dd0:	e9 13 47 bd	ldr	s9, [sp, #0x710]
100002dd4:	ea 1b 47 bd	ldr	s10, [sp, #0x718]
100002dd8:	eb fb 46 bd	ldr	s11, [sp, #0x6f8]
100002ddc:	2c 2d 0a 1f	fmadd	s12, s9, s10, s11
100002de0:	ec 2b 07 bd	str	s12, [sp, #0x728]
100002de4:	e9 8f 45 f9	ldr	x9, [sp, #0xb18]
100002de8:	e9 9b 03 f9	str	x9, [sp, #0x730]
100002dec:	e9 93 45 f9	ldr	x9, [sp, #0xb20]
100002df0:	e9 9f 03 f9	str	x9, [sp, #0x738]
100002df4:	ed 9f 43 f9	ldr	x13, [sp, #0x738]
100002df8:	e9 5b 44 f9	ldr	x9, [sp, #0x8b0]
100002dfc:	3f 01 0d eb	cmp	x9, x13
100002e00:	4a 6d 00 54	b.ge	0x100003ba8
100002e04:	e9 4f 45 f9	ldr	x9, [sp, #0xa98]
100002e08:	2a 0d 40 f9	ldr	x10, [x9, #0x18]
100002e0c:	ea df 04 f9	str	x10, [sp, #0x9b8]
100002e10:	e9 df 44 f9	ldr	x9, [sp, #0x9b8]
100002e14:	e9 a3 03 f9	str	x9, [sp, #0x740]
100002e18:	f0 03 09 aa	mov	x16, x9
100002e1c:	09 90 22 1e	fmov	s9, #5.00000000
100002e20:	e9 4b 07 bd	str	s9, [sp, #0x748]
100002e24:	e9 43 47 bd	ldr	s9, [sp, #0x740]
100002e28:	ea 4b 47 bd	ldr	s10, [sp, #0x748]
100002e2c:	eb 2b 47 bd	ldr	s11, [sp, #0x728]
100002e30:	2c 2d 0a 1f	fmadd	s12, s9, s10, s11
100002e34:	ec 5b 07 bd	str	s12, [sp, #0x758]
100002e38:	e9 8f 45 f9	ldr	x9, [sp, #0xb18]
100002e3c:	e9 b3 03 f9	str	x9, [sp, #0x760]
100002e40:	e9 93 45 f9	ldr	x9, [sp, #0xb20]
100002e44:	e9 b7 03 f9	str	x9, [sp, #0x768]
100002e48:	ed b7 43 f9	ldr	x13, [sp, #0x768]
100002e4c:	e9 5b 44 f9	ldr	x9, [sp, #0x8b0]
100002e50:	3f 01 0d eb	cmp	x9, x13
100002e54:	ca 71 00 54	b.ge	0x100003c8c
100002e58:	e9 57 45 f9	ldr	x9, [sp, #0xaa8]
100002e5c:	2a 11 40 f9	ldr	x10, [x9, #0x20]
100002e60:	ea e3 04 f9	str	x10, [sp, #0x9c0]
100002e64:	e9 e3 44 f9	ldr	x9, [sp, #0x9c0]
100002e68:	e9 bb 03 f9	str	x9, [sp, #0x770]
100002e6c:	f0 03 09 aa	mov	x16, x9
100002e70:	09 90 23 1e	fmov	s9, #7.00000000
100002e74:	e9 7b 07 bd	str	s9, [sp, #0x778]
100002e78:	e9 73 47 bd	ldr	s9, [sp, #0x770]
100002e7c:	ea 7b 47 bd	ldr	s10, [sp, #0x778]
100002e80:	eb 5b 47 bd	ldr	s11, [sp, #0x758]
100002e84:	2c 2d 0a 1f	fmadd	s12, s9, s10, s11
100002e88:	ec 8b 07 bd	str	s12, [sp, #0x788]
100002e8c:	e9 8f 45 f9	ldr	x9, [sp, #0xb18]
100002e90:	e9 cb 03 f9	str	x9, [sp, #0x790]
100002e94:	e9 93 45 f9	ldr	x9, [sp, #0xb20]
100002e98:	e9 cf 03 f9	str	x9, [sp, #0x798]
100002e9c:	ed cf 43 f9	ldr	x13, [sp, #0x798]
100002ea0:	e9 5b 44 f9	ldr	x9, [sp, #0x8b0]
100002ea4:	3f 01 0d eb	cmp	x9, x13
100002ea8:	4a 76 00 54	b.ge	0x100003d70
100002eac:	e9 5f 45 f9	ldr	x9, [sp, #0xab8]
100002eb0:	2a 15 40 f9	ldr	x10, [x9, #0x28]
100002eb4:	ea e7 04 f9	str	x10, [sp, #0x9c8]
100002eb8:	e9 e7 44 f9	ldr	x9, [sp, #0x9c8]
100002ebc:	e9 d3 03 f9	str	x9, [sp, #0x7a0]
100002ec0:	f0 03 09 aa	mov	x16, x9
100002ec4:	09 d0 24 1e	fmov	s9, #11.00000000
100002ec8:	e9 ab 07 bd	str	s9, [sp, #0x7a8]
100002ecc:	e9 a3 47 bd	ldr	s9, [sp, #0x7a0]
100002ed0:	ea ab 47 bd	ldr	s10, [sp, #0x7a8]
100002ed4:	eb 8b 47 bd	ldr	s11, [sp, #0x788]
100002ed8:	2c 2d 0a 1f	fmadd	s12, s9, s10, s11
100002edc:	ec bb 07 bd	str	s12, [sp, #0x7b8]
100002ee0:	e9 8f 45 f9	ldr	x9, [sp, #0xb18]
100002ee4:	e9 e3 03 f9	str	x9, [sp, #0x7c0]
100002ee8:	e9 93 45 f9	ldr	x9, [sp, #0xb20]
100002eec:	e9 e7 03 f9	str	x9, [sp, #0x7c8]
100002ef0:	ed e7 43 f9	ldr	x13, [sp, #0x7c8]
100002ef4:	e9 5b 44 f9	ldr	x9, [sp, #0x8b0]
100002ef8:	3f 01 0d eb	cmp	x9, x13
100002efc:	ca 7a 00 54	b.ge	0x100003e54
100002f00:	e9 67 45 f9	ldr	x9, [sp, #0xac8]
100002f04:	2a 19 40 f9	ldr	x10, [x9, #0x30]
100002f08:	ea eb 04 f9	str	x10, [sp, #0x9d0]
100002f0c:	e9 eb 44 f9	ldr	x9, [sp, #0x9d0]
100002f10:	e9 eb 03 f9	str	x9, [sp, #0x7d0]
100002f14:	f0 03 09 aa	mov	x16, x9
100002f18:	09 50 25 1e	fmov	s9, #13.00000000
100002f1c:	e9 db 07 bd	str	s9, [sp, #0x7d8]
100002f20:	e9 d3 47 bd	ldr	s9, [sp, #0x7d0]
100002f24:	ea db 47 bd	ldr	s10, [sp, #0x7d8]
100002f28:	eb bb 47 bd	ldr	s11, [sp, #0x7b8]
100002f2c:	2c 2d 0a 1f	fmadd	s12, s9, s10, s11
100002f30:	ec eb 07 bd	str	s12, [sp, #0x7e8]
100002f34:	e9 7f 45 f9	ldr	x9, [sp, #0xaf8]
100002f38:	e9 fb 03 f9	str	x9, [sp, #0x7f0]
100002f3c:	f1 03 09 aa	mov	x17, x9
100002f40:	09 30 26 1e	fmov	s9, #17.00000000
100002f44:	e9 fb 07 bd	str	s9, [sp, #0x7f8]
100002f48:	e9 f3 47 bd	ldr	s9, [sp, #0x7f0]
100002f4c:	ea fb 47 bd	ldr	s10, [sp, #0x7f8]
100002f50:	eb eb 47 bd	ldr	s11, [sp, #0x7e8]
100002f54:	2c 2d 0a 1f	fmadd	s12, s9, s10, s11
100002f58:	ec 0b 08 bd	str	s12, [sp, #0x808]
100002f5c:	e9 0b 48 bd	ldr	s9, [sp, #0x808]
100002f60:	2a c1 22 1e	fcvt	d10, s9
100002f64:	ea 0b 04 fd	str	d10, [sp, #0x810]
100002f68:	e9 5b 43 fd	ldr	d9, [sp, #0x6b0]
100002f6c:	ea 0b 44 fd	ldr	d10, [sp, #0x810]
100002f70:	2b 29 6a 1e	fadd	d11, d9, d10
100002f74:	eb 0f 04 fd	str	d11, [sp, #0x818]
100002f78:	e9 5b 44 f9	ldr	x9, [sp, #0x8b0]
100002f7c:	2b 05 00 91	add	x11, x9, #0x1
100002f80:	eb 17 04 f9	str	x11, [sp, #0x828]
100002f84:	f0 03 0b aa	mov	x16, x11
100002f88:	e9 2f 45 f9	ldr	x9, [sp, #0xa58]
100002f8c:	29 41 01 91	add	x9, x9, #0x50
100002f90:	e9 2f 05 f9	str	x9, [sp, #0xa58]
100002f94:	e9 37 45 f9	ldr	x9, [sp, #0xa68]
100002f98:	29 e1 00 91	add	x9, x9, #0x38
100002f9c:	e9 37 05 f9	str	x9, [sp, #0xa68]
100002fa0:	e9 3f 45 f9	ldr	x9, [sp, #0xa78]
100002fa4:	29 e1 00 91	add	x9, x9, #0x38
100002fa8:	e9 3f 05 f9	str	x9, [sp, #0xa78]
100002fac:	e9 47 45 f9	ldr	x9, [sp, #0xa88]
100002fb0:	29 e1 00 91	add	x9, x9, #0x38
100002fb4:	e9 47 05 f9	str	x9, [sp, #0xa88]
100002fb8:	e9 4f 45 f9	ldr	x9, [sp, #0xa98]
100002fbc:	29 e1 00 91	add	x9, x9, #0x38
100002fc0:	e9 4f 05 f9	str	x9, [sp, #0xa98]
100002fc4:	e9 57 45 f9	ldr	x9, [sp, #0xaa8]
100002fc8:	29 e1 00 91	add	x9, x9, #0x38
100002fcc:	e9 57 05 f9	str	x9, [sp, #0xaa8]
100002fd0:	e9 5f 45 f9	ldr	x9, [sp, #0xab8]
100002fd4:	29 e1 00 91	add	x9, x9, #0x38
100002fd8:	e9 5f 05 f9	str	x9, [sp, #0xab8]
100002fdc:	e9 67 45 f9	ldr	x9, [sp, #0xac8]
100002fe0:	29 e1 00 91	add	x9, x9, #0x38
100002fe4:	e9 67 05 f9	str	x9, [sp, #0xac8]
100002fe8:	e9 03 10 aa	mov	x9, x16
100002fec:	e9 5b 04 f9	str	x9, [sp, #0x8b0]
100002ff0:	f1 03 09 aa	mov	x17, x9
100002ff4:	e9 0f 44 f9	ldr	x9, [sp, #0x818]
100002ff8:	e9 7b 05 f9	str	x9, [sp, #0xaf0]
100002ffc:	f0 03 09 aa	mov	x16, x9
100003000:	74 fe ff 17	b	0x1000029d0
100003004:	e9 8b 45 f9	ldr	x9, [sp, #0xb10]
100003008:	e9 2f 04 f9	str	x9, [sp, #0x858]
10000300c:	f0 03 09 aa	mov	x16, x9
100003010:	ea 2f 44 f9	ldr	x10, [sp, #0x858]
100003014:	4e 21 00 91	add	x14, x10, #0x8
100003018:	c9 fd 5f c8	ldaxr	x9, [x14]
10000301c:	c9 02 00 b4	cbz	x9, 0x100003074
100003020:	29 05 00 d1	sub	x9, x9, #0x1
100003024:	c9 fd 0b c8	stlxr	w11, x9, [x14]
100003028:	8b ff ff 35	cbnz	w11, 0x100003018
10000302c:	4b 09 40 f9	ldr	x11, [x10, #0x10]
100003030:	29 01 0b 8b	add	x9, x9, x11
100003034:	09 02 00 b5	cbnz	x9, 0x100003074
100003038:	4e 81 00 91	add	x14, x10, #0x20
10000303c:	c9 fd 5f c8	ldaxr	x9, [x14]
100003040:	4b 00 80 d2	mov	x11, #0x2
100003044:	3f 01 0b eb	cmp	x9, x11
100003048:	a0 ff ff 54	b.eq	0x10000303c
10000304c:	2b 00 80 d2	mov	x11, #0x1
100003050:	3f 01 0b eb	cmp	x9, x11
100003054:	00 01 00 54	b.eq	0x100003074
100003058:	29 00 80 d2	mov	x9, #0x1
10000305c:	c9 fd 0b c8	stlxr	w11, x9, [x14]
100003060:	eb fe ff 35	cbnz	w11, 0x10000303c
100003064:	41 0d 40 f9	ldr	x1, [x10, #0x18]
100003068:	e0 03 0a aa	mov	x0, x10
10000306c:	30 09 80 52	mov	w16, #0x49
100003070:	01 10 00 d4	svc	#0x80
100003074:	e9 87 45 f9	ldr	x9, [sp, #0xb08]
100003078:	e9 33 04 f9	str	x9, [sp, #0x860]
10000307c:	f0 03 09 aa	mov	x16, x9
100003080:	ea 33 44 f9	ldr	x10, [sp, #0x860]
100003084:	4e 21 00 91	add	x14, x10, #0x8
100003088:	c9 fd 5f c8	ldaxr	x9, [x14]
10000308c:	c9 02 00 b4	cbz	x9, 0x1000030e4
100003090:	29 05 00 d1	sub	x9, x9, #0x1
100003094:	c9 fd 0b c8	stlxr	w11, x9, [x14]
100003098:	8b ff ff 35	cbnz	w11, 0x100003088
10000309c:	4b 09 40 f9	ldr	x11, [x10, #0x10]
1000030a0:	29 01 0b 8b	add	x9, x9, x11
1000030a4:	09 02 00 b5	cbnz	x9, 0x1000030e4
1000030a8:	4e 81 00 91	add	x14, x10, #0x20
1000030ac:	c9 fd 5f c8	ldaxr	x9, [x14]
1000030b0:	4b 00 80 d2	mov	x11, #0x2
1000030b4:	3f 01 0b eb	cmp	x9, x11
1000030b8:	a0 ff ff 54	b.eq	0x1000030ac
1000030bc:	2b 00 80 d2	mov	x11, #0x1
1000030c0:	3f 01 0b eb	cmp	x9, x11
1000030c4:	00 01 00 54	b.eq	0x1000030e4
1000030c8:	29 00 80 d2	mov	x9, #0x1
1000030cc:	c9 fd 0b c8	stlxr	w11, x9, [x14]
1000030d0:	eb fe ff 35	cbnz	w11, 0x1000030ac
1000030d4:	41 0d 40 f9	ldr	x1, [x10, #0x18]
1000030d8:	e0 03 0a aa	mov	x0, x10
1000030dc:	30 09 80 52	mov	w16, #0x49
1000030e0:	01 10 00 d4	svc	#0x80
1000030e4:	00 00 80 52	mov	w0, #0x0
1000030e8:	08 00 80 52	mov	w8, #0x0
1000030ec:	ff 03 2d 91	add	sp, sp, #0xb40
1000030f0:	fd 7b c1 a8	ldp	x29, x30, [sp], #0x10
1000030f4:	c0 03 5f d6	ret
1000030f8:	40 00 80 52	mov	w0, #0x2
1000030fc:	21 00 00 f0	adrp	x1, 7 ; 0x10000a000
100003100:	21 e0 19 91	add	x1, x1, #0x678
100003104:	22 17 80 d2	mov	x2, #0xb9
100003108:	02 00 a0 f2	movk	x2, #0x0, lsl #16
10000310c:	02 00 c0 f2	movk	x2, #0x0, lsl #32
100003110:	02 00 e0 f2	movk	x2, #0x0, lsl #48
100003114:	90 00 80 52	mov	w16, #0x4
100003118:	01 10 00 d4	svc	#0x80
10000311c:	e9 57 44 f9	ldr	x9, [sp, #0x8a8]
100003120:	ff 83 00 d1	sub	sp, sp, #0x20
100003124:	eb 83 00 91	add	x11, sp, #0x20
100003128:	0c 00 80 52	mov	w12, #0x0
10000312c:	c9 00 00 b5	cbnz	x9, 0x100003144
100003130:	6b 05 00 d1	sub	x11, x11, #0x1
100003134:	0a 06 80 52	mov	w10, #0x30
100003138:	6a 01 00 39	strb	w10, [x11]
10000313c:	8c 05 00 91	add	x12, x12, #0x1
100003140:	16 00 00 14	b	0x100003198
100003144:	03 00 80 52	mov	w3, #0x0
100003148:	3f 01 1f eb	cmp	x9, xzr
10000314c:	6b 00 00 54	b.lt	0x100003158
100003150:	e9 03 09 eb	negs	x9, x9
100003154:	02 00 00 14	b	0x10000315c
100003158:	23 00 80 52	mov	w3, #0x1
10000315c:	4a 01 80 52	mov	w10, #0xa
100003160:	24 0d ca 9a	sdiv	x4, x9, x10
100003164:	85 a4 0a 9b	msub	x5, x4, x10, x9
100003168:	06 06 80 52	mov	w6, #0x30
10000316c:	c6 00 05 eb	subs	x6, x6, x5
100003170:	6b 05 00 d1	sub	x11, x11, #0x1
100003174:	66 01 00 39	strb	w6, [x11]
100003178:	8c 05 00 91	add	x12, x12, #0x1
10000317c:	e9 03 04 aa	mov	x9, x4
100003180:	e9 fe ff b5	cbnz	x9, 0x10000315c
100003184:	a3 00 00 34	cbz	w3, 0x100003198
100003188:	6b 05 00 d1	sub	x11, x11, #0x1
10000318c:	aa 05 80 52	mov	w10, #0x2d
100003190:	6a 01 00 39	strb	w10, [x11]
100003194:	8c 05 00 91	add	x12, x12, #0x1
100003198:	40 00 80 52	mov	w0, #0x2
10000319c:	e1 03 0b aa	mov	x1, x11
1000031a0:	e2 03 0c aa	mov	x2, x12
1000031a4:	90 00 80 52	mov	w16, #0x4
1000031a8:	01 10 00 d4	svc	#0x80
1000031ac:	ff 83 00 91	add	sp, sp, #0x20
1000031b0:	40 00 80 52	mov	w0, #0x2
1000031b4:	21 00 00 f0	adrp	x1, 7 ; 0x10000a000
1000031b8:	21 60 00 91	add	x1, x1, #0x18
1000031bc:	82 03 80 d2	mov	x2, #0x1c
1000031c0:	02 00 a0 f2	movk	x2, #0x0, lsl #16
1000031c4:	02 00 c0 f2	movk	x2, #0x0, lsl #32
1000031c8:	02 00 e0 f2	movk	x2, #0x0, lsl #48
1000031cc:	90 00 80 52	mov	w16, #0x4
1000031d0:	01 10 00 d4	svc	#0x80
1000031d4:	68 00 80 52	mov	w8, #0x3
1000031d8:	c5 ff ff 17	b	0x1000030ec
1000031dc:	40 00 80 52	mov	w0, #0x2
1000031e0:	21 00 00 f0	adrp	x1, 7 ; 0x10000a000
1000031e4:	21 80 1d 91	add	x1, x1, #0x760
1000031e8:	22 17 80 d2	mov	x2, #0xb9
1000031ec:	02 00 a0 f2	movk	x2, #0x0, lsl #16
1000031f0:	02 00 c0 f2	movk	x2, #0x0, lsl #32
1000031f4:	02 00 e0 f2	movk	x2, #0x0, lsl #48
1000031f8:	90 00 80 52	mov	w16, #0x4
1000031fc:	01 10 00 d4	svc	#0x80
100003200:	e9 57 44 f9	ldr	x9, [sp, #0x8a8]
100003204:	ff 83 00 d1	sub	sp, sp, #0x20
100003208:	eb 83 00 91	add	x11, sp, #0x20
10000320c:	0c 00 80 52	mov	w12, #0x0
100003210:	c9 00 00 b5	cbnz	x9, 0x100003228
100003214:	6b 05 00 d1	sub	x11, x11, #0x1
100003218:	0a 06 80 52	mov	w10, #0x30
10000321c:	6a 01 00 39	strb	w10, [x11]
100003220:	8c 05 00 91	add	x12, x12, #0x1
100003224:	16 00 00 14	b	0x10000327c
100003228:	03 00 80 52	mov	w3, #0x0
10000322c:	3f 01 1f eb	cmp	x9, xzr
100003230:	6b 00 00 54	b.lt	0x10000323c
100003234:	e9 03 09 eb	negs	x9, x9
100003238:	02 00 00 14	b	0x100003240
10000323c:	23 00 80 52	mov	w3, #0x1
100003240:	4a 01 80 52	mov	w10, #0xa
100003244:	24 0d ca 9a	sdiv	x4, x9, x10
100003248:	85 a4 0a 9b	msub	x5, x4, x10, x9
10000324c:	06 06 80 52	mov	w6, #0x30
100003250:	c6 00 05 eb	subs	x6, x6, x5
100003254:	6b 05 00 d1	sub	x11, x11, #0x1
100003258:	66 01 00 39	strb	w6, [x11]
10000325c:	8c 05 00 91	add	x12, x12, #0x1
100003260:	e9 03 04 aa	mov	x9, x4
100003264:	e9 fe ff b5	cbnz	x9, 0x100003240
100003268:	a3 00 00 34	cbz	w3, 0x10000327c
10000326c:	6b 05 00 d1	sub	x11, x11, #0x1
100003270:	aa 05 80 52	mov	w10, #0x2d
100003274:	6a 01 00 39	strb	w10, [x11]
100003278:	8c 05 00 91	add	x12, x12, #0x1
10000327c:	40 00 80 52	mov	w0, #0x2
100003280:	e1 03 0b aa	mov	x1, x11
100003284:	e2 03 0c aa	mov	x2, x12
100003288:	90 00 80 52	mov	w16, #0x4
10000328c:	01 10 00 d4	svc	#0x80
100003290:	ff 83 00 91	add	sp, sp, #0x20
100003294:	40 00 80 52	mov	w0, #0x2
100003298:	21 00 00 f0	adrp	x1, 7 ; 0x10000a000
10000329c:	21 60 00 91	add	x1, x1, #0x18
1000032a0:	82 03 80 d2	mov	x2, #0x1c
1000032a4:	02 00 a0 f2	movk	x2, #0x0, lsl #16
1000032a8:	02 00 c0 f2	movk	x2, #0x0, lsl #32
1000032ac:	02 00 e0 f2	movk	x2, #0x0, lsl #48
1000032b0:	90 00 80 52	mov	w16, #0x4
1000032b4:	01 10 00 d4	svc	#0x80
1000032b8:	68 00 80 52	mov	w8, #0x3
1000032bc:	8c ff ff 17	b	0x1000030ec
1000032c0:	40 00 80 52	mov	w0, #0x2
1000032c4:	21 00 00 f0	adrp	x1, 7 ; 0x10000a000
1000032c8:	21 a0 20 91	add	x1, x1, #0x828
1000032cc:	22 17 80 d2	mov	x2, #0xb9
1000032d0:	02 00 a0 f2	movk	x2, #0x0, lsl #16
1000032d4:	02 00 c0 f2	movk	x2, #0x0, lsl #32
1000032d8:	02 00 e0 f2	movk	x2, #0x0, lsl #48
1000032dc:	90 00 80 52	mov	w16, #0x4
1000032e0:	01 10 00 d4	svc	#0x80
1000032e4:	e9 57 44 f9	ldr	x9, [sp, #0x8a8]
1000032e8:	ff 83 00 d1	sub	sp, sp, #0x20
1000032ec:	eb 83 00 91	add	x11, sp, #0x20
1000032f0:	0c 00 80 52	mov	w12, #0x0
1000032f4:	c9 00 00 b5	cbnz	x9, 0x10000330c
1000032f8:	6b 05 00 d1	sub	x11, x11, #0x1
1000032fc:	0a 06 80 52	mov	w10, #0x30
100003300:	6a 01 00 39	strb	w10, [x11]
100003304:	8c 05 00 91	add	x12, x12, #0x1
100003308:	16 00 00 14	b	0x100003360
10000330c:	03 00 80 52	mov	w3, #0x0
100003310:	3f 01 1f eb	cmp	x9, xzr
100003314:	6b 00 00 54	b.lt	0x100003320
100003318:	e9 03 09 eb	negs	x9, x9
10000331c:	02 00 00 14	b	0x100003324
100003320:	23 00 80 52	mov	w3, #0x1
100003324:	4a 01 80 52	mov	w10, #0xa
100003328:	24 0d ca 9a	sdiv	x4, x9, x10
10000332c:	85 a4 0a 9b	msub	x5, x4, x10, x9
100003330:	06 06 80 52	mov	w6, #0x30
100003334:	c6 00 05 eb	subs	x6, x6, x5
100003338:	6b 05 00 d1	sub	x11, x11, #0x1
10000333c:	66 01 00 39	strb	w6, [x11]
100003340:	8c 05 00 91	add	x12, x12, #0x1
100003344:	e9 03 04 aa	mov	x9, x4
100003348:	e9 fe ff b5	cbnz	x9, 0x100003324
10000334c:	a3 00 00 34	cbz	w3, 0x100003360
100003350:	6b 05 00 d1	sub	x11, x11, #0x1
100003354:	aa 05 80 52	mov	w10, #0x2d
100003358:	6a 01 00 39	strb	w10, [x11]
10000335c:	8c 05 00 91	add	x12, x12, #0x1
100003360:	40 00 80 52	mov	w0, #0x2
100003364:	e1 03 0b aa	mov	x1, x11
100003368:	e2 03 0c aa	mov	x2, x12
10000336c:	90 00 80 52	mov	w16, #0x4
100003370:	01 10 00 d4	svc	#0x80
100003374:	ff 83 00 91	add	sp, sp, #0x20
100003378:	40 00 80 52	mov	w0, #0x2
10000337c:	21 00 00 f0	adrp	x1, 7 ; 0x10000a000
100003380:	21 60 00 91	add	x1, x1, #0x18
100003384:	82 03 80 d2	mov	x2, #0x1c
100003388:	02 00 a0 f2	movk	x2, #0x0, lsl #16
10000338c:	02 00 c0 f2	movk	x2, #0x0, lsl #32
100003390:	02 00 e0 f2	movk	x2, #0x0, lsl #48
100003394:	90 00 80 52	mov	w16, #0x4
100003398:	01 10 00 d4	svc	#0x80
10000339c:	68 00 80 52	mov	w8, #0x3
1000033a0:	53 ff ff 17	b	0x1000030ec
1000033a4:	40 00 80 52	mov	w0, #0x2
1000033a8:	21 00 00 f0	adrp	x1, 7 ; 0x10000a000
1000033ac:	21 c0 23 91	add	x1, x1, #0x8f0
1000033b0:	22 17 80 d2	mov	x2, #0xb9
1000033b4:	02 00 a0 f2	movk	x2, #0x0, lsl #16
1000033b8:	02 00 c0 f2	movk	x2, #0x0, lsl #32
1000033bc:	02 00 e0 f2	movk	x2, #0x0, lsl #48
1000033c0:	90 00 80 52	mov	w16, #0x4
1000033c4:	01 10 00 d4	svc	#0x80
1000033c8:	e9 57 44 f9	ldr	x9, [sp, #0x8a8]
1000033cc:	ff 83 00 d1	sub	sp, sp, #0x20
1000033d0:	eb 83 00 91	add	x11, sp, #0x20
1000033d4:	0c 00 80 52	mov	w12, #0x0
1000033d8:	c9 00 00 b5	cbnz	x9, 0x1000033f0
1000033dc:	6b 05 00 d1	sub	x11, x11, #0x1
1000033e0:	0a 06 80 52	mov	w10, #0x30
1000033e4:	6a 01 00 39	strb	w10, [x11]
1000033e8:	8c 05 00 91	add	x12, x12, #0x1
1000033ec:	16 00 00 14	b	0x100003444
1000033f0:	03 00 80 52	mov	w3, #0x0
1000033f4:	3f 01 1f eb	cmp	x9, xzr
1000033f8:	6b 00 00 54	b.lt	0x100003404
1000033fc:	e9 03 09 eb	negs	x9, x9
100003400:	02 00 00 14	b	0x100003408
100003404:	23 00 80 52	mov	w3, #0x1
100003408:	4a 01 80 52	mov	w10, #0xa
10000340c:	24 0d ca 9a	sdiv	x4, x9, x10
100003410:	85 a4 0a 9b	msub	x5, x4, x10, x9
100003414:	06 06 80 52	mov	w6, #0x30
100003418:	c6 00 05 eb	subs	x6, x6, x5
10000341c:	6b 05 00 d1	sub	x11, x11, #0x1
100003420:	66 01 00 39	strb	w6, [x11]
100003424:	8c 05 00 91	add	x12, x12, #0x1
100003428:	e9 03 04 aa	mov	x9, x4
10000342c:	e9 fe ff b5	cbnz	x9, 0x100003408
100003430:	a3 00 00 34	cbz	w3, 0x100003444
100003434:	6b 05 00 d1	sub	x11, x11, #0x1
100003438:	aa 05 80 52	mov	w10, #0x2d
10000343c:	6a 01 00 39	strb	w10, [x11]
100003440:	8c 05 00 91	add	x12, x12, #0x1
100003444:	40 00 80 52	mov	w0, #0x2
100003448:	e1 03 0b aa	mov	x1, x11
10000344c:	e2 03 0c aa	mov	x2, x12
100003450:	90 00 80 52	mov	w16, #0x4
100003454:	01 10 00 d4	svc	#0x80
100003458:	ff 83 00 91	add	sp, sp, #0x20
10000345c:	40 00 80 52	mov	w0, #0x2
100003460:	21 00 00 f0	adrp	x1, 7 ; 0x10000a000
100003464:	21 60 00 91	add	x1, x1, #0x18
100003468:	82 03 80 d2	mov	x2, #0x1c
10000346c:	02 00 a0 f2	movk	x2, #0x0, lsl #16
100003470:	02 00 c0 f2	movk	x2, #0x0, lsl #32
100003474:	02 00 e0 f2	movk	x2, #0x0, lsl #48
100003478:	90 00 80 52	mov	w16, #0x4
10000347c:	01 10 00 d4	svc	#0x80
100003480:	68 00 80 52	mov	w8, #0x3
100003484:	1a ff ff 17	b	0x1000030ec
100003488:	40 00 80 52	mov	w0, #0x2
10000348c:	21 00 00 f0	adrp	x1, 7 ; 0x10000a000
100003490:	21 e0 26 91	add	x1, x1, #0x9b8
100003494:	22 17 80 d2	mov	x2, #0xb9
100003498:	02 00 a0 f2	movk	x2, #0x0, lsl #16
10000349c:	02 00 c0 f2	movk	x2, #0x0, lsl #32
1000034a0:	02 00 e0 f2	movk	x2, #0x0, lsl #48
1000034a4:	90 00 80 52	mov	w16, #0x4
1000034a8:	01 10 00 d4	svc	#0x80
1000034ac:	e9 57 44 f9	ldr	x9, [sp, #0x8a8]
1000034b0:	ff 83 00 d1	sub	sp, sp, #0x20
1000034b4:	eb 83 00 91	add	x11, sp, #0x20
1000034b8:	0c 00 80 52	mov	w12, #0x0
1000034bc:	c9 00 00 b5	cbnz	x9, 0x1000034d4
1000034c0:	6b 05 00 d1	sub	x11, x11, #0x1
1000034c4:	0a 06 80 52	mov	w10, #0x30
1000034c8:	6a 01 00 39	strb	w10, [x11]
1000034cc:	8c 05 00 91	add	x12, x12, #0x1
1000034d0:	16 00 00 14	b	0x100003528
1000034d4:	03 00 80 52	mov	w3, #0x0
1000034d8:	3f 01 1f eb	cmp	x9, xzr
1000034dc:	6b 00 00 54	b.lt	0x1000034e8
1000034e0:	e9 03 09 eb	negs	x9, x9
1000034e4:	02 00 00 14	b	0x1000034ec
1000034e8:	23 00 80 52	mov	w3, #0x1
1000034ec:	4a 01 80 52	mov	w10, #0xa
1000034f0:	24 0d ca 9a	sdiv	x4, x9, x10
1000034f4:	85 a4 0a 9b	msub	x5, x4, x10, x9
1000034f8:	06 06 80 52	mov	w6, #0x30
1000034fc:	c6 00 05 eb	subs	x6, x6, x5
100003500:	6b 05 00 d1	sub	x11, x11, #0x1
100003504:	66 01 00 39	strb	w6, [x11]
100003508:	8c 05 00 91	add	x12, x12, #0x1
10000350c:	e9 03 04 aa	mov	x9, x4
100003510:	e9 fe ff b5	cbnz	x9, 0x1000034ec
100003514:	a3 00 00 34	cbz	w3, 0x100003528
100003518:	6b 05 00 d1	sub	x11, x11, #0x1
10000351c:	aa 05 80 52	mov	w10, #0x2d
100003520:	6a 01 00 39	strb	w10, [x11]
100003524:	8c 05 00 91	add	x12, x12, #0x1
100003528:	40 00 80 52	mov	w0, #0x2
10000352c:	e1 03 0b aa	mov	x1, x11
100003530:	e2 03 0c aa	mov	x2, x12
100003534:	90 00 80 52	mov	w16, #0x4
100003538:	01 10 00 d4	svc	#0x80
10000353c:	ff 83 00 91	add	sp, sp, #0x20
100003540:	40 00 80 52	mov	w0, #0x2
100003544:	21 00 00 f0	adrp	x1, 7 ; 0x10000a000
100003548:	21 60 00 91	add	x1, x1, #0x18
10000354c:	82 03 80 d2	mov	x2, #0x1c
100003550:	02 00 a0 f2	movk	x2, #0x0, lsl #16
100003554:	02 00 c0 f2	movk	x2, #0x0, lsl #32
100003558:	02 00 e0 f2	movk	x2, #0x0, lsl #48
10000355c:	90 00 80 52	mov	w16, #0x4
100003560:	01 10 00 d4	svc	#0x80
100003564:	68 00 80 52	mov	w8, #0x3
100003568:	e1 fe ff 17	b	0x1000030ec
10000356c:	40 00 80 52	mov	w0, #0x2
100003570:	21 00 00 f0	adrp	x1, 7 ; 0x10000a000
100003574:	21 00 2a 91	add	x1, x1, #0xa80
100003578:	22 17 80 d2	mov	x2, #0xb9
10000357c:	02 00 a0 f2	movk	x2, #0x0, lsl #16
100003580:	02 00 c0 f2	movk	x2, #0x0, lsl #32
100003584:	02 00 e0 f2	movk	x2, #0x0, lsl #48
100003588:	90 00 80 52	mov	w16, #0x4
10000358c:	01 10 00 d4	svc	#0x80
100003590:	e9 57 44 f9	ldr	x9, [sp, #0x8a8]
100003594:	ff 83 00 d1	sub	sp, sp, #0x20
100003598:	eb 83 00 91	add	x11, sp, #0x20
10000359c:	0c 00 80 52	mov	w12, #0x0
1000035a0:	c9 00 00 b5	cbnz	x9, 0x1000035b8
1000035a4:	6b 05 00 d1	sub	x11, x11, #0x1
1000035a8:	0a 06 80 52	mov	w10, #0x30
1000035ac:	6a 01 00 39	strb	w10, [x11]
1000035b0:	8c 05 00 91	add	x12, x12, #0x1
1000035b4:	16 00 00 14	b	0x10000360c
1000035b8:	03 00 80 52	mov	w3, #0x0
1000035bc:	3f 01 1f eb	cmp	x9, xzr
1000035c0:	6b 00 00 54	b.lt	0x1000035cc
1000035c4:	e9 03 09 eb	negs	x9, x9
1000035c8:	02 00 00 14	b	0x1000035d0
1000035cc:	23 00 80 52	mov	w3, #0x1
1000035d0:	4a 01 80 52	mov	w10, #0xa
1000035d4:	24 0d ca 9a	sdiv	x4, x9, x10
1000035d8:	85 a4 0a 9b	msub	x5, x4, x10, x9
1000035dc:	06 06 80 52	mov	w6, #0x30
1000035e0:	c6 00 05 eb	subs	x6, x6, x5
1000035e4:	6b 05 00 d1	sub	x11, x11, #0x1
1000035e8:	66 01 00 39	strb	w6, [x11]
1000035ec:	8c 05 00 91	add	x12, x12, #0x1
1000035f0:	e9 03 04 aa	mov	x9, x4
1000035f4:	e9 fe ff b5	cbnz	x9, 0x1000035d0
1000035f8:	a3 00 00 34	cbz	w3, 0x10000360c
1000035fc:	6b 05 00 d1	sub	x11, x11, #0x1
100003600:	aa 05 80 52	mov	w10, #0x2d
100003604:	6a 01 00 39	strb	w10, [x11]
100003608:	8c 05 00 91	add	x12, x12, #0x1
10000360c:	40 00 80 52	mov	w0, #0x2
100003610:	e1 03 0b aa	mov	x1, x11
100003614:	e2 03 0c aa	mov	x2, x12
100003618:	90 00 80 52	mov	w16, #0x4
10000361c:	01 10 00 d4	svc	#0x80
100003620:	ff 83 00 91	add	sp, sp, #0x20
100003624:	40 00 80 52	mov	w0, #0x2
100003628:	21 00 00 f0	adrp	x1, 7 ; 0x10000a000
10000362c:	21 60 00 91	add	x1, x1, #0x18
100003630:	82 03 80 d2	mov	x2, #0x1c
100003634:	02 00 a0 f2	movk	x2, #0x0, lsl #16
100003638:	02 00 c0 f2	movk	x2, #0x0, lsl #32
10000363c:	02 00 e0 f2	movk	x2, #0x0, lsl #48
100003640:	90 00 80 52	mov	w16, #0x4
100003644:	01 10 00 d4	svc	#0x80
100003648:	68 00 80 52	mov	w8, #0x3
10000364c:	a8 fe ff 17	b	0x1000030ec
100003650:	40 00 80 52	mov	w0, #0x2
100003654:	21 00 00 f0	adrp	x1, 7 ; 0x10000a000
100003658:	21 20 2d 91	add	x1, x1, #0xb48
10000365c:	22 17 80 d2	mov	x2, #0xb9
100003660:	02 00 a0 f2	movk	x2, #0x0, lsl #16
100003664:	02 00 c0 f2	movk	x2, #0x0, lsl #32
100003668:	02 00 e0 f2	movk	x2, #0x0, lsl #48
10000366c:	90 00 80 52	mov	w16, #0x4
100003670:	01 10 00 d4	svc	#0x80
100003674:	e9 57 44 f9	ldr	x9, [sp, #0x8a8]
100003678:	ff 83 00 d1	sub	sp, sp, #0x20
10000367c:	eb 83 00 91	add	x11, sp, #0x20
100003680:	0c 00 80 52	mov	w12, #0x0
100003684:	c9 00 00 b5	cbnz	x9, 0x10000369c
100003688:	6b 05 00 d1	sub	x11, x11, #0x1
10000368c:	0a 06 80 52	mov	w10, #0x30
100003690:	6a 01 00 39	strb	w10, [x11]
100003694:	8c 05 00 91	add	x12, x12, #0x1
100003698:	16 00 00 14	b	0x1000036f0
10000369c:	03 00 80 52	mov	w3, #0x0
1000036a0:	3f 01 1f eb	cmp	x9, xzr
1000036a4:	6b 00 00 54	b.lt	0x1000036b0
1000036a8:	e9 03 09 eb	negs	x9, x9
1000036ac:	02 00 00 14	b	0x1000036b4
1000036b0:	23 00 80 52	mov	w3, #0x1
1000036b4:	4a 01 80 52	mov	w10, #0xa
1000036b8:	24 0d ca 9a	sdiv	x4, x9, x10
1000036bc:	85 a4 0a 9b	msub	x5, x4, x10, x9
1000036c0:	06 06 80 52	mov	w6, #0x30
1000036c4:	c6 00 05 eb	subs	x6, x6, x5
1000036c8:	6b 05 00 d1	sub	x11, x11, #0x1
1000036cc:	66 01 00 39	strb	w6, [x11]
1000036d0:	8c 05 00 91	add	x12, x12, #0x1
1000036d4:	e9 03 04 aa	mov	x9, x4
1000036d8:	e9 fe ff b5	cbnz	x9, 0x1000036b4
1000036dc:	a3 00 00 34	cbz	w3, 0x1000036f0
1000036e0:	6b 05 00 d1	sub	x11, x11, #0x1
1000036e4:	aa 05 80 52	mov	w10, #0x2d
1000036e8:	6a 01 00 39	strb	w10, [x11]
1000036ec:	8c 05 00 91	add	x12, x12, #0x1
1000036f0:	40 00 80 52	mov	w0, #0x2
1000036f4:	e1 03 0b aa	mov	x1, x11
1000036f8:	e2 03 0c aa	mov	x2, x12
1000036fc:	90 00 80 52	mov	w16, #0x4
100003700:	01 10 00 d4	svc	#0x80
100003704:	ff 83 00 91	add	sp, sp, #0x20
100003708:	40 00 80 52	mov	w0, #0x2
10000370c:	21 00 00 f0	adrp	x1, 7 ; 0x10000a000
100003710:	21 60 00 91	add	x1, x1, #0x18
100003714:	82 03 80 d2	mov	x2, #0x1c
100003718:	02 00 a0 f2	movk	x2, #0x0, lsl #16
10000371c:	02 00 c0 f2	movk	x2, #0x0, lsl #32
100003720:	02 00 e0 f2	movk	x2, #0x0, lsl #48
100003724:	90 00 80 52	mov	w16, #0x4
100003728:	01 10 00 d4	svc	#0x80
10000372c:	68 00 80 52	mov	w8, #0x3
100003730:	6f fe ff 17	b	0x1000030ec
100003734:	40 00 80 52	mov	w0, #0x2
100003738:	21 00 00 f0	adrp	x1, 7 ; 0x10000a000
10000373c:	21 40 30 91	add	x1, x1, #0xc10
100003740:	22 17 80 d2	mov	x2, #0xb9
100003744:	02 00 a0 f2	movk	x2, #0x0, lsl #16
100003748:	02 00 c0 f2	movk	x2, #0x0, lsl #32
10000374c:	02 00 e0 f2	movk	x2, #0x0, lsl #48
100003750:	90 00 80 52	mov	w16, #0x4
100003754:	01 10 00 d4	svc	#0x80
100003758:	e9 57 44 f9	ldr	x9, [sp, #0x8a8]
10000375c:	ff 83 00 d1	sub	sp, sp, #0x20
100003760:	eb 83 00 91	add	x11, sp, #0x20
100003764:	0c 00 80 52	mov	w12, #0x0
100003768:	c9 00 00 b5	cbnz	x9, 0x100003780
10000376c:	6b 05 00 d1	sub	x11, x11, #0x1
100003770:	0a 06 80 52	mov	w10, #0x30
100003774:	6a 01 00 39	strb	w10, [x11]
100003778:	8c 05 00 91	add	x12, x12, #0x1
10000377c:	16 00 00 14	b	0x1000037d4
100003780:	03 00 80 52	mov	w3, #0x0
100003784:	3f 01 1f eb	cmp	x9, xzr
100003788:	6b 00 00 54	b.lt	0x100003794
10000378c:	e9 03 09 eb	negs	x9, x9
100003790:	02 00 00 14	b	0x100003798
100003794:	23 00 80 52	mov	w3, #0x1
100003798:	4a 01 80 52	mov	w10, #0xa
10000379c:	24 0d ca 9a	sdiv	x4, x9, x10
1000037a0:	85 a4 0a 9b	msub	x5, x4, x10, x9
1000037a4:	06 06 80 52	mov	w6, #0x30
1000037a8:	c6 00 05 eb	subs	x6, x6, x5
1000037ac:	6b 05 00 d1	sub	x11, x11, #0x1
1000037b0:	66 01 00 39	strb	w6, [x11]
1000037b4:	8c 05 00 91	add	x12, x12, #0x1
1000037b8:	e9 03 04 aa	mov	x9, x4
1000037bc:	e9 fe ff b5	cbnz	x9, 0x100003798
1000037c0:	a3 00 00 34	cbz	w3, 0x1000037d4
1000037c4:	6b 05 00 d1	sub	x11, x11, #0x1
1000037c8:	aa 05 80 52	mov	w10, #0x2d
1000037cc:	6a 01 00 39	strb	w10, [x11]
1000037d0:	8c 05 00 91	add	x12, x12, #0x1
1000037d4:	40 00 80 52	mov	w0, #0x2
1000037d8:	e1 03 0b aa	mov	x1, x11
1000037dc:	e2 03 0c aa	mov	x2, x12
1000037e0:	90 00 80 52	mov	w16, #0x4
1000037e4:	01 10 00 d4	svc	#0x80
1000037e8:	ff 83 00 91	add	sp, sp, #0x20
1000037ec:	40 00 80 52	mov	w0, #0x2
1000037f0:	21 00 00 f0	adrp	x1, 7 ; 0x10000a000
1000037f4:	21 60 00 91	add	x1, x1, #0x18
1000037f8:	82 03 80 d2	mov	x2, #0x1c
1000037fc:	02 00 a0 f2	movk	x2, #0x0, lsl #16
100003800:	02 00 c0 f2	movk	x2, #0x0, lsl #32
100003804:	02 00 e0 f2	movk	x2, #0x0, lsl #48
100003808:	90 00 80 52	mov	w16, #0x4
10000380c:	01 10 00 d4	svc	#0x80
100003810:	68 00 80 52	mov	w8, #0x3
100003814:	36 fe ff 17	b	0x1000030ec
100003818:	40 00 80 52	mov	w0, #0x2
10000381c:	21 00 00 f0	adrp	x1, 7 ; 0x10000a000
100003820:	21 60 33 91	add	x1, x1, #0xcd8
100003824:	22 17 80 d2	mov	x2, #0xb9
100003828:	02 00 a0 f2	movk	x2, #0x0, lsl #16
10000382c:	02 00 c0 f2	movk	x2, #0x0, lsl #32
100003830:	02 00 e0 f2	movk	x2, #0x0, lsl #48
100003834:	90 00 80 52	mov	w16, #0x4
100003838:	01 10 00 d4	svc	#0x80
10000383c:	e9 5b 44 f9	ldr	x9, [sp, #0x8b0]
100003840:	ff 83 00 d1	sub	sp, sp, #0x20
100003844:	eb 83 00 91	add	x11, sp, #0x20
100003848:	0c 00 80 52	mov	w12, #0x0
10000384c:	c9 00 00 b5	cbnz	x9, 0x100003864
100003850:	6b 05 00 d1	sub	x11, x11, #0x1
100003854:	0a 06 80 52	mov	w10, #0x30
100003858:	6a 01 00 39	strb	w10, [x11]
10000385c:	8c 05 00 91	add	x12, x12, #0x1
100003860:	16 00 00 14	b	0x1000038b8
100003864:	03 00 80 52	mov	w3, #0x0
100003868:	3f 01 1f eb	cmp	x9, xzr
10000386c:	6b 00 00 54	b.lt	0x100003878
100003870:	e9 03 09 eb	negs	x9, x9
100003874:	02 00 00 14	b	0x10000387c
100003878:	23 00 80 52	mov	w3, #0x1
10000387c:	4a 01 80 52	mov	w10, #0xa
100003880:	24 0d ca 9a	sdiv	x4, x9, x10
100003884:	85 a4 0a 9b	msub	x5, x4, x10, x9
100003888:	06 06 80 52	mov	w6, #0x30
10000388c:	c6 00 05 eb	subs	x6, x6, x5
100003890:	6b 05 00 d1	sub	x11, x11, #0x1
100003894:	66 01 00 39	strb	w6, [x11]
100003898:	8c 05 00 91	add	x12, x12, #0x1
10000389c:	e9 03 04 aa	mov	x9, x4
1000038a0:	e9 fe ff b5	cbnz	x9, 0x10000387c
1000038a4:	a3 00 00 34	cbz	w3, 0x1000038b8
1000038a8:	6b 05 00 d1	sub	x11, x11, #0x1
1000038ac:	aa 05 80 52	mov	w10, #0x2d
1000038b0:	6a 01 00 39	strb	w10, [x11]
1000038b4:	8c 05 00 91	add	x12, x12, #0x1
1000038b8:	40 00 80 52	mov	w0, #0x2
1000038bc:	e1 03 0b aa	mov	x1, x11
1000038c0:	e2 03 0c aa	mov	x2, x12
1000038c4:	90 00 80 52	mov	w16, #0x4
1000038c8:	01 10 00 d4	svc	#0x80
1000038cc:	ff 83 00 91	add	sp, sp, #0x20
1000038d0:	40 00 80 52	mov	w0, #0x2
1000038d4:	21 00 00 f0	adrp	x1, 7 ; 0x10000a000
1000038d8:	21 60 00 91	add	x1, x1, #0x18
1000038dc:	82 03 80 d2	mov	x2, #0x1c
1000038e0:	02 00 a0 f2	movk	x2, #0x0, lsl #16
1000038e4:	02 00 c0 f2	movk	x2, #0x0, lsl #32
1000038e8:	02 00 e0 f2	movk	x2, #0x0, lsl #48
1000038ec:	90 00 80 52	mov	w16, #0x4
1000038f0:	01 10 00 d4	svc	#0x80
1000038f4:	68 00 80 52	mov	w8, #0x3
1000038f8:	fd fd ff 17	b	0x1000030ec
1000038fc:	40 00 80 52	mov	w0, #0x2
100003900:	21 00 00 f0	adrp	x1, 7 ; 0x10000a000
100003904:	21 40 37 91	add	x1, x1, #0xdd0
100003908:	22 17 80 d2	mov	x2, #0xb9
10000390c:	02 00 a0 f2	movk	x2, #0x0, lsl #16
100003910:	02 00 c0 f2	movk	x2, #0x0, lsl #32
100003914:	02 00 e0 f2	movk	x2, #0x0, lsl #48
100003918:	90 00 80 52	mov	w16, #0x4
10000391c:	01 10 00 d4	svc	#0x80
100003920:	e9 5b 44 f9	ldr	x9, [sp, #0x8b0]
100003924:	ff 83 00 d1	sub	sp, sp, #0x20
100003928:	eb 83 00 91	add	x11, sp, #0x20
10000392c:	0c 00 80 52	mov	w12, #0x0
100003930:	c9 00 00 b5	cbnz	x9, 0x100003948
100003934:	6b 05 00 d1	sub	x11, x11, #0x1
100003938:	0a 06 80 52	mov	w10, #0x30
10000393c:	6a 01 00 39	strb	w10, [x11]
100003940:	8c 05 00 91	add	x12, x12, #0x1
100003944:	16 00 00 14	b	0x10000399c
100003948:	03 00 80 52	mov	w3, #0x0
10000394c:	3f 01 1f eb	cmp	x9, xzr
100003950:	6b 00 00 54	b.lt	0x10000395c
100003954:	e9 03 09 eb	negs	x9, x9
100003958:	02 00 00 14	b	0x100003960
10000395c:	23 00 80 52	mov	w3, #0x1
100003960:	4a 01 80 52	mov	w10, #0xa
100003964:	24 0d ca 9a	sdiv	x4, x9, x10
100003968:	85 a4 0a 9b	msub	x5, x4, x10, x9
10000396c:	06 06 80 52	mov	w6, #0x30
100003970:	c6 00 05 eb	subs	x6, x6, x5
100003974:	6b 05 00 d1	sub	x11, x11, #0x1
100003978:	66 01 00 39	strb	w6, [x11]
10000397c:	8c 05 00 91	add	x12, x12, #0x1
100003980:	e9 03 04 aa	mov	x9, x4
100003984:	e9 fe ff b5	cbnz	x9, 0x100003960
100003988:	a3 00 00 34	cbz	w3, 0x10000399c
10000398c:	6b 05 00 d1	sub	x11, x11, #0x1
100003990:	aa 05 80 52	mov	w10, #0x2d
100003994:	6a 01 00 39	strb	w10, [x11]
100003998:	8c 05 00 91	add	x12, x12, #0x1
10000399c:	40 00 80 52	mov	w0, #0x2
1000039a0:	e1 03 0b aa	mov	x1, x11
1000039a4:	e2 03 0c aa	mov	x2, x12
1000039a8:	90 00 80 52	mov	w16, #0x4
1000039ac:	01 10 00 d4	svc	#0x80
1000039b0:	ff 83 00 91	add	sp, sp, #0x20
1000039b4:	40 00 80 52	mov	w0, #0x2
1000039b8:	21 00 00 f0	adrp	x1, 7 ; 0x10000a000
1000039bc:	21 60 00 91	add	x1, x1, #0x18
1000039c0:	82 03 80 d2	mov	x2, #0x1c
1000039c4:	02 00 a0 f2	movk	x2, #0x0, lsl #16
1000039c8:	02 00 c0 f2	movk	x2, #0x0, lsl #32
1000039cc:	02 00 e0 f2	movk	x2, #0x0, lsl #48
1000039d0:	90 00 80 52	mov	w16, #0x4
1000039d4:	01 10 00 d4	svc	#0x80
1000039d8:	68 00 80 52	mov	w8, #0x3
1000039dc:	c4 fd ff 17	b	0x1000030ec
1000039e0:	40 00 80 52	mov	w0, #0x2
1000039e4:	21 00 00 f0	adrp	x1, 7 ; 0x10000a000
1000039e8:	21 60 3a 91	add	x1, x1, #0xe98
1000039ec:	22 17 80 d2	mov	x2, #0xb9
1000039f0:	02 00 a0 f2	movk	x2, #0x0, lsl #16
1000039f4:	02 00 c0 f2	movk	x2, #0x0, lsl #32
1000039f8:	02 00 e0 f2	movk	x2, #0x0, lsl #48
1000039fc:	90 00 80 52	mov	w16, #0x4
100003a00:	01 10 00 d4	svc	#0x80
100003a04:	e9 5b 44 f9	ldr	x9, [sp, #0x8b0]
100003a08:	ff 83 00 d1	sub	sp, sp, #0x20
100003a0c:	eb 83 00 91	add	x11, sp, #0x20
100003a10:	0c 00 80 52	mov	w12, #0x0
100003a14:	c9 00 00 b5	cbnz	x9, 0x100003a2c
100003a18:	6b 05 00 d1	sub	x11, x11, #0x1
100003a1c:	0a 06 80 52	mov	w10, #0x30
100003a20:	6a 01 00 39	strb	w10, [x11]
100003a24:	8c 05 00 91	add	x12, x12, #0x1
100003a28:	16 00 00 14	b	0x100003a80
100003a2c:	03 00 80 52	mov	w3, #0x0
100003a30:	3f 01 1f eb	cmp	x9, xzr
100003a34:	6b 00 00 54	b.lt	0x100003a40
100003a38:	e9 03 09 eb	negs	x9, x9
100003a3c:	02 00 00 14	b	0x100003a44
100003a40:	23 00 80 52	mov	w3, #0x1
100003a44:	4a 01 80 52	mov	w10, #0xa
100003a48:	24 0d ca 9a	sdiv	x4, x9, x10
100003a4c:	85 a4 0a 9b	msub	x5, x4, x10, x9
100003a50:	06 06 80 52	mov	w6, #0x30
100003a54:	c6 00 05 eb	subs	x6, x6, x5
100003a58:	6b 05 00 d1	sub	x11, x11, #0x1
100003a5c:	66 01 00 39	strb	w6, [x11]
100003a60:	8c 05 00 91	add	x12, x12, #0x1
100003a64:	e9 03 04 aa	mov	x9, x4
100003a68:	e9 fe ff b5	cbnz	x9, 0x100003a44
100003a6c:	a3 00 00 34	cbz	w3, 0x100003a80
100003a70:	6b 05 00 d1	sub	x11, x11, #0x1
100003a74:	aa 05 80 52	mov	w10, #0x2d
100003a78:	6a 01 00 39	strb	w10, [x11]
100003a7c:	8c 05 00 91	add	x12, x12, #0x1
100003a80:	40 00 80 52	mov	w0, #0x2
100003a84:	e1 03 0b aa	mov	x1, x11
100003a88:	e2 03 0c aa	mov	x2, x12
100003a8c:	90 00 80 52	mov	w16, #0x4
100003a90:	01 10 00 d4	svc	#0x80
100003a94:	ff 83 00 91	add	sp, sp, #0x20
100003a98:	40 00 80 52	mov	w0, #0x2
100003a9c:	21 00 00 f0	adrp	x1, 7 ; 0x10000a000
100003aa0:	21 60 00 91	add	x1, x1, #0x18
100003aa4:	82 03 80 d2	mov	x2, #0x1c
100003aa8:	02 00 a0 f2	movk	x2, #0x0, lsl #16
100003aac:	02 00 c0 f2	movk	x2, #0x0, lsl #32
100003ab0:	02 00 e0 f2	movk	x2, #0x0, lsl #48
100003ab4:	90 00 80 52	mov	w16, #0x4
100003ab8:	01 10 00 d4	svc	#0x80
100003abc:	68 00 80 52	mov	w8, #0x3
100003ac0:	8b fd ff 17	b	0x1000030ec
100003ac4:	40 00 80 52	mov	w0, #0x2
100003ac8:	21 00 00 f0	adrp	x1, 7 ; 0x10000a000
100003acc:	21 80 3d 91	add	x1, x1, #0xf60
100003ad0:	22 17 80 d2	mov	x2, #0xb9
100003ad4:	02 00 a0 f2	movk	x2, #0x0, lsl #16
100003ad8:	02 00 c0 f2	movk	x2, #0x0, lsl #32
100003adc:	02 00 e0 f2	movk	x2, #0x0, lsl #48
100003ae0:	90 00 80 52	mov	w16, #0x4
100003ae4:	01 10 00 d4	svc	#0x80
100003ae8:	e9 5b 44 f9	ldr	x9, [sp, #0x8b0]
100003aec:	ff 83 00 d1	sub	sp, sp, #0x20
100003af0:	eb 83 00 91	add	x11, sp, #0x20
100003af4:	0c 00 80 52	mov	w12, #0x0
100003af8:	c9 00 00 b5	cbnz	x9, 0x100003b10
100003afc:	6b 05 00 d1	sub	x11, x11, #0x1
100003b00:	0a 06 80 52	mov	w10, #0x30
100003b04:	6a 01 00 39	strb	w10, [x11]
100003b08:	8c 05 00 91	add	x12, x12, #0x1
100003b0c:	16 00 00 14	b	0x100003b64
100003b10:	03 00 80 52	mov	w3, #0x0
100003b14:	3f 01 1f eb	cmp	x9, xzr
100003b18:	6b 00 00 54	b.lt	0x100003b24
100003b1c:	e9 03 09 eb	negs	x9, x9
100003b20:	02 00 00 14	b	0x100003b28
100003b24:	23 00 80 52	mov	w3, #0x1
100003b28:	4a 01 80 52	mov	w10, #0xa
100003b2c:	24 0d ca 9a	sdiv	x4, x9, x10
100003b30:	85 a4 0a 9b	msub	x5, x4, x10, x9
100003b34:	06 06 80 52	mov	w6, #0x30
100003b38:	c6 00 05 eb	subs	x6, x6, x5
100003b3c:	6b 05 00 d1	sub	x11, x11, #0x1
100003b40:	66 01 00 39	strb	w6, [x11]
100003b44:	8c 05 00 91	add	x12, x12, #0x1
100003b48:	e9 03 04 aa	mov	x9, x4
100003b4c:	e9 fe ff b5	cbnz	x9, 0x100003b28
100003b50:	a3 00 00 34	cbz	w3, 0x100003b64
100003b54:	6b 05 00 d1	sub	x11, x11, #0x1
100003b58:	aa 05 80 52	mov	w10, #0x2d
100003b5c:	6a 01 00 39	strb	w10, [x11]
100003b60:	8c 05 00 91	add	x12, x12, #0x1
100003b64:	40 00 80 52	mov	w0, #0x2
100003b68:	e1 03 0b aa	mov	x1, x11
100003b6c:	e2 03 0c aa	mov	x2, x12
100003b70:	90 00 80 52	mov	w16, #0x4
100003b74:	01 10 00 d4	svc	#0x80
100003b78:	ff 83 00 91	add	sp, sp, #0x20
100003b7c:	40 00 80 52	mov	w0, #0x2
100003b80:	21 00 00 f0	adrp	x1, 7 ; 0x10000a000
100003b84:	21 60 00 91	add	x1, x1, #0x18
100003b88:	82 03 80 d2	mov	x2, #0x1c
100003b8c:	02 00 a0 f2	movk	x2, #0x0, lsl #16
100003b90:	02 00 c0 f2	movk	x2, #0x0, lsl #32
100003b94:	02 00 e0 f2	movk	x2, #0x0, lsl #48
100003b98:	90 00 80 52	mov	w16, #0x4
100003b9c:	01 10 00 d4	svc	#0x80
100003ba0:	68 00 80 52	mov	w8, #0x3
100003ba4:	52 fd ff 17	b	0x1000030ec
100003ba8:	40 00 80 52	mov	w0, #0x2
100003bac:	41 00 00 90	adrp	x1, 8 ; 0x10000b000
100003bb0:	21 a0 00 91	add	x1, x1, #0x28
100003bb4:	22 17 80 d2	mov	x2, #0xb9
100003bb8:	02 00 a0 f2	movk	x2, #0x0, lsl #16
100003bbc:	02 00 c0 f2	movk	x2, #0x0, lsl #32
100003bc0:	02 00 e0 f2	movk	x2, #0x0, lsl #48
100003bc4:	90 00 80 52	mov	w16, #0x4
100003bc8:	01 10 00 d4	svc	#0x80
100003bcc:	e9 5b 44 f9	ldr	x9, [sp, #0x8b0]
100003bd0:	ff 83 00 d1	sub	sp, sp, #0x20
100003bd4:	eb 83 00 91	add	x11, sp, #0x20
100003bd8:	0c 00 80 52	mov	w12, #0x0
100003bdc:	c9 00 00 b5	cbnz	x9, 0x100003bf4
100003be0:	6b 05 00 d1	sub	x11, x11, #0x1
100003be4:	0a 06 80 52	mov	w10, #0x30
100003be8:	6a 01 00 39	strb	w10, [x11]
100003bec:	8c 05 00 91	add	x12, x12, #0x1
100003bf0:	16 00 00 14	b	0x100003c48
100003bf4:	03 00 80 52	mov	w3, #0x0
100003bf8:	3f 01 1f eb	cmp	x9, xzr
100003bfc:	6b 00 00 54	b.lt	0x100003c08
100003c00:	e9 03 09 eb	negs	x9, x9
100003c04:	02 00 00 14	b	0x100003c0c
100003c08:	23 00 80 52	mov	w3, #0x1
100003c0c:	4a 01 80 52	mov	w10, #0xa
100003c10:	24 0d ca 9a	sdiv	x4, x9, x10
100003c14:	85 a4 0a 9b	msub	x5, x4, x10, x9
100003c18:	06 06 80 52	mov	w6, #0x30
100003c1c:	c6 00 05 eb	subs	x6, x6, x5
100003c20:	6b 05 00 d1	sub	x11, x11, #0x1
100003c24:	66 01 00 39	strb	w6, [x11]
100003c28:	8c 05 00 91	add	x12, x12, #0x1
100003c2c:	e9 03 04 aa	mov	x9, x4
100003c30:	e9 fe ff b5	cbnz	x9, 0x100003c0c
100003c34:	a3 00 00 34	cbz	w3, 0x100003c48
100003c38:	6b 05 00 d1	sub	x11, x11, #0x1
100003c3c:	aa 05 80 52	mov	w10, #0x2d
100003c40:	6a 01 00 39	strb	w10, [x11]
100003c44:	8c 05 00 91	add	x12, x12, #0x1
100003c48:	40 00 80 52	mov	w0, #0x2
100003c4c:	e1 03 0b aa	mov	x1, x11
100003c50:	e2 03 0c aa	mov	x2, x12
100003c54:	90 00 80 52	mov	w16, #0x4
100003c58:	01 10 00 d4	svc	#0x80
100003c5c:	ff 83 00 91	add	sp, sp, #0x20
100003c60:	40 00 80 52	mov	w0, #0x2
100003c64:	21 00 00 f0	adrp	x1, 7 ; 0x10000a000
100003c68:	21 60 00 91	add	x1, x1, #0x18
100003c6c:	82 03 80 d2	mov	x2, #0x1c
100003c70:	02 00 a0 f2	movk	x2, #0x0, lsl #16
100003c74:	02 00 c0 f2	movk	x2, #0x0, lsl #32
100003c78:	02 00 e0 f2	movk	x2, #0x0, lsl #48
100003c7c:	90 00 80 52	mov	w16, #0x4
100003c80:	01 10 00 d4	svc	#0x80
100003c84:	68 00 80 52	mov	w8, #0x3
100003c88:	19 fd ff 17	b	0x1000030ec
100003c8c:	40 00 80 52	mov	w0, #0x2
100003c90:	41 00 00 90	adrp	x1, 8 ; 0x10000b000
100003c94:	21 c0 03 91	add	x1, x1, #0xf0
100003c98:	22 17 80 d2	mov	x2, #0xb9
100003c9c:	02 00 a0 f2	movk	x2, #0x0, lsl #16
100003ca0:	02 00 c0 f2	movk	x2, #0x0, lsl #32
100003ca4:	02 00 e0 f2	movk	x2, #0x0, lsl #48
100003ca8:	90 00 80 52	mov	w16, #0x4
100003cac:	01 10 00 d4	svc	#0x80
100003cb0:	e9 5b 44 f9	ldr	x9, [sp, #0x8b0]
100003cb4:	ff 83 00 d1	sub	sp, sp, #0x20
100003cb8:	eb 83 00 91	add	x11, sp, #0x20
100003cbc:	0c 00 80 52	mov	w12, #0x0
100003cc0:	c9 00 00 b5	cbnz	x9, 0x100003cd8
100003cc4:	6b 05 00 d1	sub	x11, x11, #0x1
100003cc8:	0a 06 80 52	mov	w10, #0x30
100003ccc:	6a 01 00 39	strb	w10, [x11]
100003cd0:	8c 05 00 91	add	x12, x12, #0x1
100003cd4:	16 00 00 14	b	0x100003d2c
100003cd8:	03 00 80 52	mov	w3, #0x0
100003cdc:	3f 01 1f eb	cmp	x9, xzr
100003ce0:	6b 00 00 54	b.lt	0x100003cec
100003ce4:	e9 03 09 eb	negs	x9, x9
100003ce8:	02 00 00 14	b	0x100003cf0
100003cec:	23 00 80 52	mov	w3, #0x1
100003cf0:	4a 01 80 52	mov	w10, #0xa
100003cf4:	24 0d ca 9a	sdiv	x4, x9, x10
100003cf8:	85 a4 0a 9b	msub	x5, x4, x10, x9
100003cfc:	06 06 80 52	mov	w6, #0x30
100003d00:	c6 00 05 eb	subs	x6, x6, x5
100003d04:	6b 05 00 d1	sub	x11, x11, #0x1
100003d08:	66 01 00 39	strb	w6, [x11]
100003d0c:	8c 05 00 91	add	x12, x12, #0x1
100003d10:	e9 03 04 aa	mov	x9, x4
100003d14:	e9 fe ff b5	cbnz	x9, 0x100003cf0
100003d18:	a3 00 00 34	cbz	w3, 0x100003d2c
100003d1c:	6b 05 00 d1	sub	x11, x11, #0x1
100003d20:	aa 05 80 52	mov	w10, #0x2d
100003d24:	6a 01 00 39	strb	w10, [x11]
100003d28:	8c 05 00 91	add	x12, x12, #0x1
100003d2c:	40 00 80 52	mov	w0, #0x2
100003d30:	e1 03 0b aa	mov	x1, x11
100003d34:	e2 03 0c aa	mov	x2, x12
100003d38:	90 00 80 52	mov	w16, #0x4
100003d3c:	01 10 00 d4	svc	#0x80
100003d40:	ff 83 00 91	add	sp, sp, #0x20
100003d44:	40 00 80 52	mov	w0, #0x2
100003d48:	21 00 00 f0	adrp	x1, 7 ; 0x10000a000
100003d4c:	21 60 00 91	add	x1, x1, #0x18
100003d50:	82 03 80 d2	mov	x2, #0x1c
100003d54:	02 00 a0 f2	movk	x2, #0x0, lsl #16
100003d58:	02 00 c0 f2	movk	x2, #0x0, lsl #32
100003d5c:	02 00 e0 f2	movk	x2, #0x0, lsl #48
100003d60:	90 00 80 52	mov	w16, #0x4
100003d64:	01 10 00 d4	svc	#0x80
100003d68:	68 00 80 52	mov	w8, #0x3
100003d6c:	e0 fc ff 17	b	0x1000030ec
100003d70:	40 00 80 52	mov	w0, #0x2
100003d74:	41 00 00 90	adrp	x1, 8 ; 0x10000b000
100003d78:	21 e0 06 91	add	x1, x1, #0x1b8
100003d7c:	22 17 80 d2	mov	x2, #0xb9
100003d80:	02 00 a0 f2	movk	x2, #0x0, lsl #16
100003d84:	02 00 c0 f2	movk	x2, #0x0, lsl #32
100003d88:	02 00 e0 f2	movk	x2, #0x0, lsl #48
100003d8c:	90 00 80 52	mov	w16, #0x4
100003d90:	01 10 00 d4	svc	#0x80
100003d94:	e9 5b 44 f9	ldr	x9, [sp, #0x8b0]
100003d98:	ff 83 00 d1	sub	sp, sp, #0x20
100003d9c:	eb 83 00 91	add	x11, sp, #0x20
100003da0:	0c 00 80 52	mov	w12, #0x0
100003da4:	c9 00 00 b5	cbnz	x9, 0x100003dbc
100003da8:	6b 05 00 d1	sub	x11, x11, #0x1
100003dac:	0a 06 80 52	mov	w10, #0x30
100003db0:	6a 01 00 39	strb	w10, [x11]
100003db4:	8c 05 00 91	add	x12, x12, #0x1
100003db8:	16 00 00 14	b	0x100003e10
100003dbc:	03 00 80 52	mov	w3, #0x0
100003dc0:	3f 01 1f eb	cmp	x9, xzr
100003dc4:	6b 00 00 54	b.lt	0x100003dd0
100003dc8:	e9 03 09 eb	negs	x9, x9
100003dcc:	02 00 00 14	b	0x100003dd4
100003dd0:	23 00 80 52	mov	w3, #0x1
100003dd4:	4a 01 80 52	mov	w10, #0xa
100003dd8:	24 0d ca 9a	sdiv	x4, x9, x10
100003ddc:	85 a4 0a 9b	msub	x5, x4, x10, x9
100003de0:	06 06 80 52	mov	w6, #0x30
100003de4:	c6 00 05 eb	subs	x6, x6, x5
100003de8:	6b 05 00 d1	sub	x11, x11, #0x1
100003dec:	66 01 00 39	strb	w6, [x11]
100003df0:	8c 05 00 91	add	x12, x12, #0x1
100003df4:	e9 03 04 aa	mov	x9, x4
100003df8:	e9 fe ff b5	cbnz	x9, 0x100003dd4
100003dfc:	a3 00 00 34	cbz	w3, 0x100003e10
100003e00:	6b 05 00 d1	sub	x11, x11, #0x1
100003e04:	aa 05 80 52	mov	w10, #0x2d
100003e08:	6a 01 00 39	strb	w10, [x11]
100003e0c:	8c 05 00 91	add	x12, x12, #0x1
100003e10:	40 00 80 52	mov	w0, #0x2
100003e14:	e1 03 0b aa	mov	x1, x11
100003e18:	e2 03 0c aa	mov	x2, x12
100003e1c:	90 00 80 52	mov	w16, #0x4
100003e20:	01 10 00 d4	svc	#0x80
100003e24:	ff 83 00 91	add	sp, sp, #0x20
100003e28:	40 00 80 52	mov	w0, #0x2
100003e2c:	21 00 00 f0	adrp	x1, 7 ; 0x10000a000
100003e30:	21 60 00 91	add	x1, x1, #0x18
100003e34:	82 03 80 d2	mov	x2, #0x1c
100003e38:	02 00 a0 f2	movk	x2, #0x0, lsl #16
100003e3c:	02 00 c0 f2	movk	x2, #0x0, lsl #32
100003e40:	02 00 e0 f2	movk	x2, #0x0, lsl #48
100003e44:	90 00 80 52	mov	w16, #0x4
100003e48:	01 10 00 d4	svc	#0x80
100003e4c:	68 00 80 52	mov	w8, #0x3
100003e50:	a7 fc ff 17	b	0x1000030ec
100003e54:	40 00 80 52	mov	w0, #0x2
100003e58:	41 00 00 90	adrp	x1, 8 ; 0x10000b000
100003e5c:	21 00 0a 91	add	x1, x1, #0x280
100003e60:	22 17 80 d2	mov	x2, #0xb9
100003e64:	02 00 a0 f2	movk	x2, #0x0, lsl #16
100003e68:	02 00 c0 f2	movk	x2, #0x0, lsl #32
100003e6c:	02 00 e0 f2	movk	x2, #0x0, lsl #48
100003e70:	90 00 80 52	mov	w16, #0x4
100003e74:	01 10 00 d4	svc	#0x80
100003e78:	e9 5b 44 f9	ldr	x9, [sp, #0x8b0]
100003e7c:	ff 83 00 d1	sub	sp, sp, #0x20
100003e80:	eb 83 00 91	add	x11, sp, #0x20
100003e84:	0c 00 80 52	mov	w12, #0x0
100003e88:	c9 00 00 b5	cbnz	x9, 0x100003ea0
100003e8c:	6b 05 00 d1	sub	x11, x11, #0x1
100003e90:	0a 06 80 52	mov	w10, #0x30
100003e94:	6a 01 00 39	strb	w10, [x11]
100003e98:	8c 05 00 91	add	x12, x12, #0x1
100003e9c:	16 00 00 14	b	0x100003ef4
100003ea0:	03 00 80 52	mov	w3, #0x0
100003ea4:	3f 01 1f eb	cmp	x9, xzr
100003ea8:	6b 00 00 54	b.lt	0x100003eb4
100003eac:	e9 03 09 eb	negs	x9, x9
100003eb0:	02 00 00 14	b	0x100003eb8
100003eb4:	23 00 80 52	mov	w3, #0x1
100003eb8:	4a 01 80 52	mov	w10, #0xa
100003ebc:	24 0d ca 9a	sdiv	x4, x9, x10
100003ec0:	85 a4 0a 9b	msub	x5, x4, x10, x9
100003ec4:	06 06 80 52	mov	w6, #0x30
100003ec8:	c6 00 05 eb	subs	x6, x6, x5
100003ecc:	6b 05 00 d1	sub	x11, x11, #0x1
100003ed0:	66 01 00 39	strb	w6, [x11]
100003ed4:	8c 05 00 91	add	x12, x12, #0x1
100003ed8:	e9 03 04 aa	mov	x9, x4
100003edc:	e9 fe ff b5	cbnz	x9, 0x100003eb8
100003ee0:	a3 00 00 34	cbz	w3, 0x100003ef4
100003ee4:	6b 05 00 d1	sub	x11, x11, #0x1
100003ee8:	aa 05 80 52	mov	w10, #0x2d
100003eec:	6a 01 00 39	strb	w10, [x11]
100003ef0:	8c 05 00 91	add	x12, x12, #0x1
100003ef4:	40 00 80 52	mov	w0, #0x2
100003ef8:	e1 03 0b aa	mov	x1, x11
100003efc:	e2 03 0c aa	mov	x2, x12
100003f00:	90 00 80 52	mov	w16, #0x4
100003f04:	01 10 00 d4	svc	#0x80
100003f08:	ff 83 00 91	add	sp, sp, #0x20
100003f0c:	40 00 80 52	mov	w0, #0x2
100003f10:	21 00 00 f0	adrp	x1, 7 ; 0x10000a000
100003f14:	21 60 00 91	add	x1, x1, #0x18
100003f18:	82 03 80 d2	mov	x2, #0x1c
100003f1c:	02 00 a0 f2	movk	x2, #0x0, lsl #16
100003f20:	02 00 c0 f2	movk	x2, #0x0, lsl #32
100003f24:	02 00 e0 f2	movk	x2, #0x0, lsl #48
100003f28:	90 00 80 52	mov	w16, #0x4
100003f2c:	01 10 00 d4	svc	#0x80
100003f30:	68 00 80 52	mov	w8, #0x3
100003f34:	6e fc ff 17	b	0x1000030ec
100003f38:	28 00 80 52	mov	w8, #0x1
100003f3c:	6c fc ff 17	b	0x1000030ec
100003f40:	48 00 80 52	mov	w8, #0x2
100003f44:	6a fc ff 17	b	0x1000030ec
_silex_function_4:
100003f48:	09 00 67 9e	fmov	d9, x0
100003f4c:	30 41 60 1e	fmov	d16, d9
100003f50:	11 c2 21 1e	fsqrt	s17, s16
100003f54:	29 42 20 1e	fmov	s9, s17
100003f58:	20 01 26 1e	fmov	w0, s9
100003f5c:	08 00 80 52	mov	w8, #0x0
100003f60:	c0 03 5f d6	ret
100003f64:	28 00 80 52	mov	w8, #0x1
100003f68:	fe ff ff 17	b	0x100003f60
100003f6c:	48 00 80 52	mov	w8, #0x2
100003f70:	fc ff ff 17	b	0x100003f60
_silex_function_5:
100003f74:	09 00 67 9e	fmov	d9, x0
100003f78:	30 41 60 1e	fmov	d16, d9
100003f7c:	11 10 2e 1e	fmov	s17, #1.00000000
100003f80:	09 02 26 1e	fmov	w9, s16
100003f84:	2a 02 26 1e	fmov	w10, s17
100003f88:	4a 01 09 ca	eor	x10, x10, x9
100003f8c:	0b 00 b0 d2	mov	x11, #0x80000000
100003f90:	4a 01 0b 8a	and	x10, x10, x11
100003f94:	29 01 0a ca	eor	x9, x9, x10
100003f98:	29 7d 40 d3	ubfx	x9, x9, #0, #32
100003f9c:	32 01 27 1e	fmov	s18, w9
100003fa0:	49 42 20 1e	fmov	s9, s18
100003fa4:	20 01 26 1e	fmov	w0, s9
100003fa8:	08 00 80 52	mov	w8, #0x0
100003fac:	c0 03 5f d6	ret
100003fb0:	28 00 80 52	mov	w8, #0x1
100003fb4:	fe ff ff 17	b	0x100003fac
100003fb8:	48 00 80 52	mov	w8, #0x2
100003fbc:	fc ff ff 17	b	0x100003fac
_silex_function_6:
100003fc0:	09 00 67 9e	fmov	d9, x0
100003fc4:	30 41 60 1e	fmov	d16, d9
100003fc8:	11 c2 21 1e	fsqrt	s17, s16
100003fcc:	29 42 20 1e	fmov	s9, s17
100003fd0:	20 01 26 1e	fmov	w0, s9
100003fd4:	08 00 80 52	mov	w8, #0x0
100003fd8:	c0 03 5f d6	ret
100003fdc:	28 00 80 52	mov	w8, #0x1
100003fe0:	fe ff ff 17	b	0x100003fd8
100003fe4:	48 00 80 52	mov	w8, #0x2
100003fe8:	fc ff ff 17	b	0x100003fd8
_silex_function_7:
100003fec:	09 00 67 9e	fmov	d9, x0
100003ff0:	30 41 60 1e	fmov	d16, d9
100003ff4:	29 00 67 9e	fmov	d9, x1
100003ff8:	31 41 60 1e	fmov	d17, d9
100003ffc:	09 02 26 1e	fmov	w9, s16
100004000:	2a 02 26 1e	fmov	w10, s17
100004004:	4a 01 09 ca	eor	x10, x10, x9
100004008:	0b 00 b0 d2	mov	x11, #0x80000000
10000400c:	4a 01 0b 8a	and	x10, x10, x11
100004010:	29 01 0a ca	eor	x9, x9, x10
100004014:	29 7d 40 d3	ubfx	x9, x9, #0, #32
100004018:	32 01 27 1e	fmov	s18, w9
10000401c:	49 42 20 1e	fmov	s9, s18
100004020:	20 01 26 1e	fmov	w0, s9
100004024:	08 00 80 52	mov	w8, #0x0
100004028:	c0 03 5f d6	ret
10000402c:	28 00 80 52	mov	w8, #0x1
100004030:	fe ff ff 17	b	0x100004028
100004034:	48 00 80 52	mov	w8, #0x2
100004038:	fc ff ff 17	b	0x100004028
_silex_function_8:
10000403c:	fd 7b bf a9	stp	x29, x30, [sp, #-0x10]!
100004040:	fd 03 00 91	mov	x29, sp
100004044:	ff 43 05 d1	sub	sp, sp, #0x150
100004048:	ef 03 00 f9	str	x15, [sp]
10000404c:	ef 23 00 91	add	x15, sp, #0x8
100004050:	7d 02 00 94	bl	_silex_function_10
100004054:	68 2f 00 35	cbnz	w8, 0x100004640
100004058:	09 00 80 52	mov	w9, #0x0
10000405c:	e9 0f 00 f9	str	x9, [sp, #0x18]
100004060:	e9 13 00 f9	str	x9, [sp, #0x20]
100004064:	e9 07 40 f9	ldr	x9, [sp, #0x8]
100004068:	ea 0f 40 f9	ldr	x10, [sp, #0x18]
10000406c:	3f 01 0a eb	cmp	x9, x10
100004070:	0b 00 80 52	mov	w11, #0x0
100004074:	41 00 00 54	b.ne	0x10000407c
100004078:	2b 00 80 52	mov	w11, #0x1
10000407c:	eb 17 00 f9	str	x11, [sp, #0x28]
100004080:	e9 17 40 f9	ldr	x9, [sp, #0x28]
100004084:	29 02 00 34	cbz	w9, 0x1000040c8
100004088:	e9 07 40 f9	ldr	x9, [sp, #0x8]
10000408c:	2a 00 80 d2	mov	x10, #0x1
100004090:	3f 01 0a eb	cmp	x9, x10
100004094:	41 01 00 54	b.ne	0x1000040bc
100004098:	e9 0b 40 f9	ldr	x9, [sp, #0x10]
10000409c:	ea 13 40 f9	ldr	x10, [sp, #0x20]
1000040a0:	3f 01 0a eb	cmp	x9, x10
1000040a4:	0b 00 80 52	mov	w11, #0x0
1000040a8:	41 00 00 54	b.ne	0x1000040b0
1000040ac:	2b 00 80 52	mov	w11, #0x1
1000040b0:	eb 17 00 f9	str	x11, [sp, #0x28]
1000040b4:	e9 17 40 f9	ldr	x9, [sp, #0x28]
1000040b8:	89 00 00 34	cbz	w9, 0x1000040c8
1000040bc:	09 00 80 52	mov	w9, #0x0
1000040c0:	e9 17 00 f9	str	x9, [sp, #0x28]
1000040c4:	03 00 00 14	b	0x1000040d0
1000040c8:	29 00 80 52	mov	w9, #0x1
1000040cc:	e9 17 00 f9	str	x9, [sp, #0x28]
1000040d0:	e9 17 40 f9	ldr	x9, [sp, #0x28]
1000040d4:	89 21 00 34	cbz	w9, 0x100004504
1000040d8:	e9 0b 40 f9	ldr	x9, [sp, #0x10]
1000040dc:	e9 1b 00 f9	str	x9, [sp, #0x30]
1000040e0:	ea 1b 40 f9	ldr	x10, [sp, #0x30]
1000040e4:	4e 21 00 91	add	x14, x10, #0x8
1000040e8:	c9 fd 5f c8	ldaxr	x9, [x14]
1000040ec:	29 05 00 91	add	x9, x9, #0x1
1000040f0:	c9 fd 0b c8	stlxr	w11, x9, [x14]
1000040f4:	ab ff ff 35	cbnz	w11, 0x1000040e8
1000040f8:	09 00 e0 d2	movz	x9, #0x0, lsl #48
1000040fc:	e9 1f 00 f9	str	x9, [sp, #0x38]
100004100:	f0 03 09 aa	mov	x16, x9
100004104:	e9 1b 40 f9	ldr	x9, [sp, #0x30]
100004108:	2a 01 40 f9	ldr	x10, [x9]
10000410c:	ea 23 00 f9	str	x10, [sp, #0x40]
100004110:	e9 1f 40 f9	ldr	x9, [sp, #0x38]
100004114:	e9 a3 00 f9	str	x9, [sp, #0x140]
100004118:	f0 03 09 aa	mov	x16, x9
10000411c:	e9 a3 40 f9	ldr	x9, [sp, #0x140]
100004120:	ea 23 40 f9	ldr	x10, [sp, #0x40]
100004124:	3f 01 0a eb	cmp	x9, x10
100004128:	0b 00 80 52	mov	w11, #0x0
10000412c:	4a 00 00 54	b.ge	0x100004134
100004130:	2b 00 80 52	mov	w11, #0x1
100004134:	eb 27 00 f9	str	x11, [sp, #0x48]
100004138:	f0 03 0b aa	mov	x16, x11
10000413c:	e9 27 40 f9	ldr	x9, [sp, #0x48]
100004140:	89 03 00 34	cbz	w9, 0x1000041b0
100004144:	ea 1b 40 f9	ldr	x10, [sp, #0x30]
100004148:	4a a1 00 91	add	x10, x10, #0x28
10000414c:	e9 a3 40 f9	ldr	x9, [sp, #0x140]
100004150:	4a 0d 09 8b	add	x10, x10, x9, lsl #3
100004154:	4c 01 40 f9	ldr	x12, [x10]
100004158:	ec 2b 00 f9	str	x12, [sp, #0x50]
10000415c:	ea 2b 40 f9	ldr	x10, [sp, #0x50]
100004160:	49 01 40 f9	ldr	x9, [x10]
100004164:	0b 00 80 d2	mov	x11, #0x0
100004168:	0b 00 a0 f2	movk	x11, #0x0, lsl #16
10000416c:	0b 00 c0 f2	movk	x11, #0x0, lsl #32
100004170:	0b 00 f0 f2	movk	x11, #0x8000, lsl #48
100004174:	29 01 0b 8a	and	x9, x9, x11
100004178:	c9 00 00 b4	cbz	x9, 0x100004190
10000417c:	4a 41 00 d1	sub	x10, x10, #0x10
100004180:	49 fd 5f c8	ldaxr	x9, [x10]
100004184:	29 05 00 91	add	x9, x9, #0x1
100004188:	49 fd 0b c8	stlxr	w11, x9, [x10]
10000418c:	ab ff ff 35	cbnz	w11, 0x100004180
100004190:	e9 a3 40 f9	ldr	x9, [sp, #0x140]
100004194:	2b 05 00 91	add	x11, x9, #0x1
100004198:	eb 33 00 f9	str	x11, [sp, #0x60]
10000419c:	f0 03 0b aa	mov	x16, x11
1000041a0:	e9 03 10 aa	mov	x9, x16
1000041a4:	e9 a3 00 f9	str	x9, [sp, #0x140]
1000041a8:	f1 03 09 aa	mov	x17, x9
1000041ac:	dc ff ff 17	b	0x10000411c
1000041b0:	09 00 e0 d2	movz	x9, #0x0, lsl #48
1000041b4:	e9 37 00 f9	str	x9, [sp, #0x68]
1000041b8:	09 00 80 52	mov	w9, #0x0
1000041bc:	e9 3b 00 f9	str	x9, [sp, #0x70]
1000041c0:	09 00 80 52	mov	w9, #0x0
1000041c4:	e9 3f 00 f9	str	x9, [sp, #0x78]
1000041c8:	09 00 80 52	mov	w9, #0x0
1000041cc:	e9 43 00 f9	str	x9, [sp, #0x80]
1000041d0:	09 00 80 52	mov	w9, #0x0
1000041d4:	e9 47 00 f9	str	x9, [sp, #0x88]
1000041d8:	09 00 80 52	mov	w9, #0x0
1000041dc:	e9 4b 00 f9	str	x9, [sp, #0x90]
1000041e0:	e9 1b 40 f9	ldr	x9, [sp, #0x30]
1000041e4:	e9 3b 00 f9	str	x9, [sp, #0x70]
1000041e8:	e9 1b 40 f9	ldr	x9, [sp, #0x30]
1000041ec:	2a 01 40 f9	ldr	x10, [x9]
1000041f0:	ea 4f 00 f9	str	x10, [sp, #0x98]
1000041f4:	e9 4f 40 f9	ldr	x9, [sp, #0x98]
1000041f8:	e9 a7 00 f9	str	x9, [sp, #0x148]
1000041fc:	f0 03 09 aa	mov	x16, x9
100004200:	09 00 e0 d2	movz	x9, #0x0, lsl #48
100004204:	e9 53 00 f9	str	x9, [sp, #0xa0]
100004208:	f0 03 09 aa	mov	x16, x9
10000420c:	e9 a7 40 f9	ldr	x9, [sp, #0x148]
100004210:	ea 53 40 f9	ldr	x10, [sp, #0xa0]
100004214:	3f 01 0a eb	cmp	x9, x10
100004218:	0b 00 80 52	mov	w11, #0x0
10000421c:	40 00 00 54	b.eq	0x100004224
100004220:	2b 00 80 52	mov	w11, #0x1
100004224:	eb 57 00 f9	str	x11, [sp, #0xa8]
100004228:	f1 03 0b aa	mov	x17, x11
10000422c:	e9 57 40 f9	ldr	x9, [sp, #0xa8]
100004230:	89 11 00 34	cbz	w9, 0x100004460
100004234:	e9 a7 40 f9	ldr	x9, [sp, #0x148]
100004238:	2b 05 00 d1	sub	x11, x9, #0x1
10000423c:	eb 5f 00 f9	str	x11, [sp, #0xb8]
100004240:	f0 03 0b aa	mov	x16, x11
100004244:	ea 1b 40 f9	ldr	x10, [sp, #0x30]
100004248:	4d 01 40 f9	ldr	x13, [x10]
10000424c:	e9 5f 40 f9	ldr	x9, [sp, #0xb8]
100004250:	3f 01 1f eb	cmp	x9, xzr
100004254:	4a 00 00 54	b.ge	0x10000425c
100004258:	29 01 0d 8b	add	x9, x9, x13
10000425c:	3f 01 1f eb	cmp	x9, xzr
100004260:	0b 01 00 54	b.lt	0x100004280
100004264:	3f 01 0d eb	cmp	x9, x13
100004268:	ca 00 00 54	b.ge	0x100004280
10000426c:	4a a1 00 91	add	x10, x10, #0x28
100004270:	4a 0d 09 8b	add	x10, x10, x9, lsl #3
100004274:	4c 01 40 f9	ldr	x12, [x10]
100004278:	ec 63 00 f9	str	x12, [sp, #0xc0]
10000427c:	62 00 00 14	b	0x100004404
100004280:	ed 63 00 f9	str	x13, [sp, #0xc0]
100004284:	40 00 80 52	mov	w0, #0x2
100004288:	21 00 00 d0	adrp	x1, 6 ; 0x10000a000
10000428c:	21 c0 0d 91	add	x1, x1, #0x370
100004290:	c2 13 80 d2	mov	x2, #0x9e
100004294:	02 00 a0 f2	movk	x2, #0x0, lsl #16
100004298:	02 00 c0 f2	movk	x2, #0x0, lsl #32
10000429c:	02 00 e0 f2	movk	x2, #0x0, lsl #48
1000042a0:	90 00 80 52	mov	w16, #0x4
1000042a4:	01 10 00 d4	svc	#0x80
1000042a8:	e9 5f 40 f9	ldr	x9, [sp, #0xb8]
1000042ac:	ff 83 00 d1	sub	sp, sp, #0x20
1000042b0:	eb 83 00 91	add	x11, sp, #0x20
1000042b4:	0c 00 80 52	mov	w12, #0x0
1000042b8:	c9 00 00 b5	cbnz	x9, 0x1000042d0
1000042bc:	6b 05 00 d1	sub	x11, x11, #0x1
1000042c0:	0a 06 80 52	mov	w10, #0x30
1000042c4:	6a 01 00 39	strb	w10, [x11]
1000042c8:	8c 05 00 91	add	x12, x12, #0x1
1000042cc:	16 00 00 14	b	0x100004324
1000042d0:	03 00 80 52	mov	w3, #0x0
1000042d4:	3f 01 1f eb	cmp	x9, xzr
1000042d8:	6b 00 00 54	b.lt	0x1000042e4
1000042dc:	e9 03 09 eb	negs	x9, x9
1000042e0:	02 00 00 14	b	0x1000042e8
1000042e4:	23 00 80 52	mov	w3, #0x1
1000042e8:	4a 01 80 52	mov	w10, #0xa
1000042ec:	24 0d ca 9a	sdiv	x4, x9, x10
1000042f0:	85 a4 0a 9b	msub	x5, x4, x10, x9
1000042f4:	06 06 80 52	mov	w6, #0x30
1000042f8:	c6 00 05 eb	subs	x6, x6, x5
1000042fc:	6b 05 00 d1	sub	x11, x11, #0x1
100004300:	66 01 00 39	strb	w6, [x11]
100004304:	8c 05 00 91	add	x12, x12, #0x1
100004308:	e9 03 04 aa	mov	x9, x4
10000430c:	e9 fe ff b5	cbnz	x9, 0x1000042e8
100004310:	a3 00 00 34	cbz	w3, 0x100004324
100004314:	6b 05 00 d1	sub	x11, x11, #0x1
100004318:	aa 05 80 52	mov	w10, #0x2d
10000431c:	6a 01 00 39	strb	w10, [x11]
100004320:	8c 05 00 91	add	x12, x12, #0x1
100004324:	40 00 80 52	mov	w0, #0x2
100004328:	e1 03 0b aa	mov	x1, x11
10000432c:	e2 03 0c aa	mov	x2, x12
100004330:	90 00 80 52	mov	w16, #0x4
100004334:	01 10 00 d4	svc	#0x80
100004338:	ff 83 00 91	add	sp, sp, #0x20
10000433c:	40 00 80 52	mov	w0, #0x2
100004340:	21 00 00 d0	adrp	x1, 6 ; 0x10000a000
100004344:	21 60 00 91	add	x1, x1, #0x18
100004348:	82 03 80 d2	mov	x2, #0x1c
10000434c:	02 00 a0 f2	movk	x2, #0x0, lsl #16
100004350:	02 00 c0 f2	movk	x2, #0x0, lsl #32
100004354:	02 00 e0 f2	movk	x2, #0x0, lsl #48
100004358:	90 00 80 52	mov	w16, #0x4
10000435c:	01 10 00 d4	svc	#0x80
100004360:	e9 63 40 f9	ldr	x9, [sp, #0xc0]
100004364:	ff 83 00 d1	sub	sp, sp, #0x20
100004368:	eb 7f 00 91	add	x11, sp, #0x1f
10000436c:	4a 01 80 52	mov	w10, #0xa
100004370:	6a 01 00 39	strb	w10, [x11]
100004374:	2c 00 80 52	mov	w12, #0x1
100004378:	c9 00 00 b5	cbnz	x9, 0x100004390
10000437c:	6b 05 00 d1	sub	x11, x11, #0x1
100004380:	0a 06 80 52	mov	w10, #0x30
100004384:	6a 01 00 39	strb	w10, [x11]
100004388:	8c 05 00 91	add	x12, x12, #0x1
10000438c:	16 00 00 14	b	0x1000043e4
100004390:	03 00 80 52	mov	w3, #0x0
100004394:	3f 01 1f eb	cmp	x9, xzr
100004398:	6b 00 00 54	b.lt	0x1000043a4
10000439c:	e9 03 09 eb	negs	x9, x9
1000043a0:	02 00 00 14	b	0x1000043a8
1000043a4:	23 00 80 52	mov	w3, #0x1
1000043a8:	4a 01 80 52	mov	w10, #0xa
1000043ac:	24 0d ca 9a	sdiv	x4, x9, x10
1000043b0:	85 a4 0a 9b	msub	x5, x4, x10, x9
1000043b4:	06 06 80 52	mov	w6, #0x30
1000043b8:	c6 00 05 eb	subs	x6, x6, x5
1000043bc:	6b 05 00 d1	sub	x11, x11, #0x1
1000043c0:	66 01 00 39	strb	w6, [x11]
1000043c4:	8c 05 00 91	add	x12, x12, #0x1
1000043c8:	e9 03 04 aa	mov	x9, x4
1000043cc:	e9 fe ff b5	cbnz	x9, 0x1000043a8
1000043d0:	a3 00 00 34	cbz	w3, 0x1000043e4
1000043d4:	6b 05 00 d1	sub	x11, x11, #0x1
1000043d8:	aa 05 80 52	mov	w10, #0x2d
1000043dc:	6a 01 00 39	strb	w10, [x11]
1000043e0:	8c 05 00 91	add	x12, x12, #0x1
1000043e4:	40 00 80 52	mov	w0, #0x2
1000043e8:	e1 03 0b aa	mov	x1, x11
1000043ec:	e2 03 0c aa	mov	x2, x12
1000043f0:	90 00 80 52	mov	w16, #0x4
1000043f4:	01 10 00 d4	svc	#0x80
1000043f8:	ff 83 00 91	add	sp, sp, #0x20
1000043fc:	68 00 80 52	mov	w8, #0x3
100004400:	90 00 00 14	b	0x100004640
100004404:	ea 63 40 f9	ldr	x10, [sp, #0xc0]
100004408:	49 01 40 f9	ldr	x9, [x10]
10000440c:	0b 00 80 d2	mov	x11, #0x0
100004410:	0b 00 a0 f2	movk	x11, #0x0, lsl #16
100004414:	0b 00 c0 f2	movk	x11, #0x0, lsl #32
100004418:	0b 00 f0 f2	movk	x11, #0x8000, lsl #48
10000441c:	29 01 0b 8a	and	x9, x9, x11
100004420:	89 01 00 b4	cbz	x9, 0x100004450
100004424:	4a 41 00 d1	sub	x10, x10, #0x10
100004428:	49 fd 5f c8	ldaxr	x9, [x10]
10000442c:	29 01 00 b4	cbz	x9, 0x100004450
100004430:	29 05 00 d1	sub	x9, x9, #0x1
100004434:	49 fd 0b c8	stlxr	w11, x9, [x10]
100004438:	8b ff ff 35	cbnz	w11, 0x100004428
10000443c:	a9 00 00 b5	cbnz	x9, 0x100004450
100004440:	41 05 40 f9	ldr	x1, [x10, #0x8]
100004444:	e0 03 0a aa	mov	x0, x10
100004448:	30 09 80 52	mov	w16, #0x49
10000444c:	01 10 00 d4	svc	#0x80
100004450:	e9 5f 40 f9	ldr	x9, [sp, #0xb8]
100004454:	e9 a7 00 f9	str	x9, [sp, #0x148]
100004458:	f0 03 09 aa	mov	x16, x9
10000445c:	69 ff ff 17	b	0x100004200
100004460:	ea 1b 40 f9	ldr	x10, [sp, #0x30]
100004464:	4e 21 00 91	add	x14, x10, #0x8
100004468:	c9 fd 5f c8	ldaxr	x9, [x14]
10000446c:	c9 02 00 b4	cbz	x9, 0x1000044c4
100004470:	29 05 00 d1	sub	x9, x9, #0x1
100004474:	c9 fd 0b c8	stlxr	w11, x9, [x14]
100004478:	8b ff ff 35	cbnz	w11, 0x100004468
10000447c:	4b 09 40 f9	ldr	x11, [x10, #0x10]
100004480:	29 01 0b 8b	add	x9, x9, x11
100004484:	09 02 00 b5	cbnz	x9, 0x1000044c4
100004488:	4e 81 00 91	add	x14, x10, #0x20
10000448c:	c9 fd 5f c8	ldaxr	x9, [x14]
100004490:	4b 00 80 d2	mov	x11, #0x2
100004494:	3f 01 0b eb	cmp	x9, x11
100004498:	a0 ff ff 54	b.eq	0x10000448c
10000449c:	2b 00 80 d2	mov	x11, #0x1
1000044a0:	3f 01 0b eb	cmp	x9, x11
1000044a4:	00 01 00 54	b.eq	0x1000044c4
1000044a8:	29 00 80 d2	mov	x9, #0x1
1000044ac:	c9 fd 0b c8	stlxr	w11, x9, [x14]
1000044b0:	eb fe ff 35	cbnz	w11, 0x10000448c
1000044b4:	41 0d 40 f9	ldr	x1, [x10, #0x18]
1000044b8:	e0 03 0a aa	mov	x0, x10
1000044bc:	30 09 80 52	mov	w16, #0x49
1000044c0:	01 10 00 d4	svc	#0x80
1000044c4:	ee 03 40 f9	ldr	x14, [sp]
1000044c8:	e9 37 40 f9	ldr	x9, [sp, #0x68]
1000044cc:	c9 01 00 f9	str	x9, [x14]
1000044d0:	e9 3b 40 f9	ldr	x9, [sp, #0x70]
1000044d4:	c9 05 00 f9	str	x9, [x14, #0x8]
1000044d8:	e9 3f 40 f9	ldr	x9, [sp, #0x78]
1000044dc:	c9 09 00 f9	str	x9, [x14, #0x10]
1000044e0:	e9 43 40 f9	ldr	x9, [sp, #0x80]
1000044e4:	c9 0d 00 f9	str	x9, [x14, #0x18]
1000044e8:	e9 47 40 f9	ldr	x9, [sp, #0x88]
1000044ec:	c9 11 00 f9	str	x9, [x14, #0x20]
1000044f0:	e9 4b 40 f9	ldr	x9, [sp, #0x90]
1000044f4:	c9 15 00 f9	str	x9, [x14, #0x28]
1000044f8:	00 00 80 d2	mov	x0, #0x0
1000044fc:	08 00 80 52	mov	w8, #0x0
100004500:	50 00 00 14	b	0x100004640
100004504:	29 00 00 f0	adrp	x9, 7 ; 0x10000b000
100004508:	29 41 10 91	add	x9, x9, #0x410
10000450c:	e9 67 00 f9	str	x9, [sp, #0xc8]
100004510:	09 00 80 52	mov	w9, #0x0
100004514:	e9 6b 00 f9	str	x9, [sp, #0xd0]
100004518:	e9 6f 00 f9	str	x9, [sp, #0xd8]
10000451c:	29 00 00 f0	adrp	x9, 7 ; 0x10000b000
100004520:	29 c1 10 91	add	x9, x9, #0x430
100004524:	e9 73 00 f9	str	x9, [sp, #0xe0]
100004528:	ea 67 40 f9	ldr	x10, [sp, #0xc8]
10000452c:	49 01 40 f9	ldr	x9, [x10]
100004530:	0b 00 80 d2	mov	x11, #0x0
100004534:	0b 00 a0 f2	movk	x11, #0x0, lsl #16
100004538:	0b 00 c0 f2	movk	x11, #0x0, lsl #32
10000453c:	0b 00 f0 f2	movk	x11, #0x8000, lsl #48
100004540:	29 01 0b 8a	and	x9, x9, x11
100004544:	c9 00 00 b4	cbz	x9, 0x10000455c
100004548:	4a 41 00 d1	sub	x10, x10, #0x10
10000454c:	49 fd 5f c8	ldaxr	x9, [x10]
100004550:	29 05 00 91	add	x9, x9, #0x1
100004554:	49 fd 0b c8	stlxr	w11, x9, [x10]
100004558:	ab ff ff 35	cbnz	w11, 0x10000454c
10000455c:	ea 73 40 f9	ldr	x10, [sp, #0xe0]
100004560:	49 01 40 f9	ldr	x9, [x10]
100004564:	0b 00 80 d2	mov	x11, #0x0
100004568:	0b 00 a0 f2	movk	x11, #0x0, lsl #16
10000456c:	0b 00 c0 f2	movk	x11, #0x0, lsl #32
100004570:	0b 00 f0 f2	movk	x11, #0x8000, lsl #48
100004574:	29 01 0b 8a	and	x9, x9, x11
100004578:	c9 00 00 b4	cbz	x9, 0x100004590
10000457c:	4a 41 00 d1	sub	x10, x10, #0x10
100004580:	49 fd 5f c8	ldaxr	x9, [x10]
100004584:	29 05 00 91	add	x9, x9, #0x1
100004588:	49 fd 0b c8	stlxr	w11, x9, [x10]
10000458c:	ab ff ff 35	cbnz	w11, 0x100004580
100004590:	e0 67 40 f9	ldr	x0, [sp, #0xc8]
100004594:	e1 6b 40 f9	ldr	x1, [sp, #0xd0]
100004598:	e2 6f 40 f9	ldr	x2, [sp, #0xd8]
10000459c:	e3 73 40 f9	ldr	x3, [sp, #0xe0]
1000045a0:	ef a3 03 91	add	x15, sp, #0xe8
1000045a4:	2e 00 00 94	bl	_silex_function_9
1000045a8:	c8 04 00 35	cbnz	w8, 0x100004640
1000045ac:	29 00 80 d2	mov	x9, #0x1
1000045b0:	e9 8b 00 f9	str	x9, [sp, #0x110]
1000045b4:	09 00 80 52	mov	w9, #0x0
1000045b8:	e9 8f 00 f9	str	x9, [sp, #0x118]
1000045bc:	09 00 80 52	mov	w9, #0x0
1000045c0:	e9 93 00 f9	str	x9, [sp, #0x120]
1000045c4:	09 00 80 52	mov	w9, #0x0
1000045c8:	e9 97 00 f9	str	x9, [sp, #0x128]
1000045cc:	09 00 80 52	mov	w9, #0x0
1000045d0:	e9 9b 00 f9	str	x9, [sp, #0x130]
1000045d4:	09 00 80 52	mov	w9, #0x0
1000045d8:	e9 9f 00 f9	str	x9, [sp, #0x138]
1000045dc:	e9 77 40 f9	ldr	x9, [sp, #0xe8]
1000045e0:	e9 8f 00 f9	str	x9, [sp, #0x118]
1000045e4:	e9 7b 40 f9	ldr	x9, [sp, #0xf0]
1000045e8:	e9 93 00 f9	str	x9, [sp, #0x120]
1000045ec:	e9 7f 40 f9	ldr	x9, [sp, #0xf8]
1000045f0:	e9 97 00 f9	str	x9, [sp, #0x128]
1000045f4:	e9 83 40 f9	ldr	x9, [sp, #0x100]
1000045f8:	e9 9b 00 f9	str	x9, [sp, #0x130]
1000045fc:	e9 87 40 f9	ldr	x9, [sp, #0x108]
100004600:	e9 9f 00 f9	str	x9, [sp, #0x138]
100004604:	ee 03 40 f9	ldr	x14, [sp]
100004608:	e9 8b 40 f9	ldr	x9, [sp, #0x110]
10000460c:	c9 01 00 f9	str	x9, [x14]
100004610:	e9 8f 40 f9	ldr	x9, [sp, #0x118]
100004614:	c9 05 00 f9	str	x9, [x14, #0x8]
100004618:	e9 93 40 f9	ldr	x9, [sp, #0x120]
10000461c:	c9 09 00 f9	str	x9, [x14, #0x10]
100004620:	e9 97 40 f9	ldr	x9, [sp, #0x128]
100004624:	c9 0d 00 f9	str	x9, [x14, #0x18]
100004628:	e9 9b 40 f9	ldr	x9, [sp, #0x130]
10000462c:	c9 11 00 f9	str	x9, [x14, #0x20]
100004630:	e9 9f 40 f9	ldr	x9, [sp, #0x138]
100004634:	c9 15 00 f9	str	x9, [x14, #0x28]
100004638:	00 00 80 d2	mov	x0, #0x0
10000463c:	08 00 80 52	mov	w8, #0x0
100004640:	ff 43 05 91	add	sp, sp, #0x150
100004644:	fd 7b c1 a8	ldp	x29, x30, [sp], #0x10
100004648:	c0 03 5f d6	ret
10000464c:	28 00 80 52	mov	w8, #0x1
100004650:	fc ff ff 17	b	0x100004640
100004654:	48 00 80 52	mov	w8, #0x2
100004658:	fa ff ff 17	b	0x100004640
_silex_function_9:
10000465c:	fd 7b bf a9	stp	x29, x30, [sp, #-0x10]!
100004660:	fd 03 00 91	mov	x29, sp
100004664:	ff 83 02 d1	sub	sp, sp, #0xa0
100004668:	ef 13 00 f9	str	x15, [sp, #0x20]
10000466c:	e0 03 00 f9	str	x0, [sp]
100004670:	e1 07 00 f9	str	x1, [sp, #0x8]
100004674:	e2 0b 00 f9	str	x2, [sp, #0x10]
100004678:	e3 0f 00 f9	str	x3, [sp, #0x18]
10000467c:	c9 03 80 d2	mov	x9, #0x1e
100004680:	e9 17 00 f9	str	x9, [sp, #0x28]
100004684:	ea 03 40 f9	ldr	x10, [sp]
100004688:	49 01 40 f9	ldr	x9, [x10]
10000468c:	0b 00 80 d2	mov	x11, #0x0
100004690:	0b 00 a0 f2	movk	x11, #0x0, lsl #16
100004694:	0b 00 c0 f2	movk	x11, #0x0, lsl #32
100004698:	0b 00 f0 f2	movk	x11, #0x8000, lsl #48
10000469c:	29 01 0b 8a	and	x9, x9, x11
1000046a0:	c9 00 00 b4	cbz	x9, 0x1000046b8
1000046a4:	4a 41 00 d1	sub	x10, x10, #0x10
1000046a8:	49 fd 5f c8	ldaxr	x9, [x10]
1000046ac:	29 05 00 91	add	x9, x9, #0x1
1000046b0:	49 fd 0b c8	stlxr	w11, x9, [x10]
1000046b4:	ab ff ff 35	cbnz	w11, 0x1000046a8
1000046b8:	09 00 80 52	mov	w9, #0x0
1000046bc:	e9 1b 00 f9	str	x9, [sp, #0x30]
1000046c0:	e9 1f 00 f9	str	x9, [sp, #0x38]
1000046c4:	e9 07 40 f9	ldr	x9, [sp, #0x8]
1000046c8:	ea 1b 40 f9	ldr	x10, [sp, #0x30]
1000046cc:	3f 01 0a eb	cmp	x9, x10
1000046d0:	0b 00 80 52	mov	w11, #0x0
1000046d4:	41 00 00 54	b.ne	0x1000046dc
1000046d8:	2b 00 80 52	mov	w11, #0x1
1000046dc:	eb 23 00 f9	str	x11, [sp, #0x40]
1000046e0:	e9 23 40 f9	ldr	x9, [sp, #0x40]
1000046e4:	09 05 00 34	cbz	w9, 0x100004784
1000046e8:	e9 07 40 f9	ldr	x9, [sp, #0x8]
1000046ec:	2a 00 80 d2	mov	x10, #0x1
1000046f0:	3f 01 0a eb	cmp	x9, x10
1000046f4:	21 04 00 54	b.ne	0x100004778
1000046f8:	e9 0b 40 f9	ldr	x9, [sp, #0x10]
1000046fc:	ea 1f 40 f9	ldr	x10, [sp, #0x38]
100004700:	2b 01 40 f9	ldr	x11, [x9]
100004704:	ee ff 9f d2	mov	x14, #0xffff
100004708:	ee ff bf f2	movk	x14, #0xffff, lsl #16
10000470c:	ee ff df f2	movk	x14, #0xffff, lsl #32
100004710:	ee ff ef f2	movk	x14, #0x7fff, lsl #48
100004714:	6b 01 0e 8a	and	x11, x11, x14
100004718:	4c 01 40 f9	ldr	x12, [x10]
10000471c:	ee ff 9f d2	mov	x14, #0xffff
100004720:	ee ff bf f2	movk	x14, #0xffff, lsl #16
100004724:	ee ff df f2	movk	x14, #0xffff, lsl #32
100004728:	ee ff ef f2	movk	x14, #0x7fff, lsl #48
10000472c:	8c 01 0e 8a	and	x12, x12, x14
100004730:	0d 00 80 52	mov	w13, #0x0
100004734:	7f 01 0c eb	cmp	x11, x12
100004738:	a1 01 00 54	b.ne	0x10000476c
10000473c:	29 21 00 91	add	x9, x9, #0x8
100004740:	4a 21 00 91	add	x10, x10, #0x8
100004744:	2b 01 00 b4	cbz	x11, 0x100004768
100004748:	2e 01 40 39	ldrb	w14, [x9]
10000474c:	4f 01 40 39	ldrb	w15, [x10]
100004750:	df 01 0f eb	cmp	x14, x15
100004754:	c1 00 00 54	b.ne	0x10000476c
100004758:	29 05 00 91	add	x9, x9, #0x1
10000475c:	4a 05 00 91	add	x10, x10, #0x1
100004760:	6b 05 00 d1	sub	x11, x11, #0x1
100004764:	2b ff ff b5	cbnz	x11, 0x100004748
100004768:	2d 00 80 52	mov	w13, #0x1
10000476c:	ed 23 00 f9	str	x13, [sp, #0x40]
100004770:	e9 23 40 f9	ldr	x9, [sp, #0x40]
100004774:	89 00 00 34	cbz	w9, 0x100004784
100004778:	09 00 80 52	mov	w9, #0x0
10000477c:	e9 23 00 f9	str	x9, [sp, #0x40]
100004780:	03 00 00 14	b	0x10000478c
100004784:	29 00 80 52	mov	w9, #0x1
100004788:	e9 23 00 f9	str	x9, [sp, #0x40]
10000478c:	e9 23 40 f9	ldr	x9, [sp, #0x40]
100004790:	09 02 00 34	cbz	w9, 0x1000047d0
100004794:	e9 0b 40 f9	ldr	x9, [sp, #0x10]
100004798:	e9 27 00 f9	str	x9, [sp, #0x48]
10000479c:	ea 27 40 f9	ldr	x10, [sp, #0x48]
1000047a0:	49 01 40 f9	ldr	x9, [x10]
1000047a4:	0b 00 80 d2	mov	x11, #0x0
1000047a8:	0b 00 a0 f2	movk	x11, #0x0, lsl #16
1000047ac:	0b 00 c0 f2	movk	x11, #0x0, lsl #32
1000047b0:	0b 00 f0 f2	movk	x11, #0x8000, lsl #48
1000047b4:	29 01 0b 8a	and	x9, x9, x11
1000047b8:	c9 00 00 b4	cbz	x9, 0x1000047d0
1000047bc:	4a 41 00 d1	sub	x10, x10, #0x10
1000047c0:	49 fd 5f c8	ldaxr	x9, [x10]
1000047c4:	29 05 00 91	add	x9, x9, #0x1
1000047c8:	49 fd 0b c8	stlxr	w11, x9, [x10]
1000047cc:	ab ff ff 35	cbnz	w11, 0x1000047c0
1000047d0:	ea 0f 40 f9	ldr	x10, [sp, #0x18]
1000047d4:	49 01 40 f9	ldr	x9, [x10]
1000047d8:	0b 00 80 d2	mov	x11, #0x0
1000047dc:	0b 00 a0 f2	movk	x11, #0x0, lsl #16
1000047e0:	0b 00 c0 f2	movk	x11, #0x0, lsl #32
1000047e4:	0b 00 f0 f2	movk	x11, #0x8000, lsl #48
1000047e8:	29 01 0b 8a	and	x9, x9, x11
1000047ec:	c9 00 00 b4	cbz	x9, 0x100004804
1000047f0:	4a 41 00 d1	sub	x10, x10, #0x10
1000047f4:	49 fd 5f c8	ldaxr	x9, [x10]
1000047f8:	29 05 00 91	add	x9, x9, #0x1
1000047fc:	49 fd 0b c8	stlxr	w11, x9, [x10]
100004800:	ab ff ff 35	cbnz	w11, 0x1000047f4
100004804:	e9 17 40 f9	ldr	x9, [sp, #0x28]
100004808:	e9 2b 00 f9	str	x9, [sp, #0x50]
10000480c:	e9 03 40 f9	ldr	x9, [sp]
100004810:	e9 2f 00 f9	str	x9, [sp, #0x58]
100004814:	e9 07 40 f9	ldr	x9, [sp, #0x8]
100004818:	e9 33 00 f9	str	x9, [sp, #0x60]
10000481c:	e9 0b 40 f9	ldr	x9, [sp, #0x10]
100004820:	e9 37 00 f9	str	x9, [sp, #0x68]
100004824:	e9 0f 40 f9	ldr	x9, [sp, #0x18]
100004828:	e9 3b 00 f9	str	x9, [sp, #0x70]
10000482c:	ea 0f 40 f9	ldr	x10, [sp, #0x18]
100004830:	49 01 40 f9	ldr	x9, [x10]
100004834:	0b 00 80 d2	mov	x11, #0x0
100004838:	0b 00 a0 f2	movk	x11, #0x0, lsl #16
10000483c:	0b 00 c0 f2	movk	x11, #0x0, lsl #32
100004840:	0b 00 f0 f2	movk	x11, #0x8000, lsl #48
100004844:	29 01 0b 8a	and	x9, x9, x11
100004848:	89 01 00 b4	cbz	x9, 0x100004878
10000484c:	4a 41 00 d1	sub	x10, x10, #0x10
100004850:	49 fd 5f c8	ldaxr	x9, [x10]
100004854:	29 01 00 b4	cbz	x9, 0x100004878
100004858:	29 05 00 d1	sub	x9, x9, #0x1
10000485c:	49 fd 0b c8	stlxr	w11, x9, [x10]
100004860:	8b ff ff 35	cbnz	w11, 0x100004850
100004864:	a9 00 00 b5	cbnz	x9, 0x100004878
100004868:	41 05 40 f9	ldr	x1, [x10, #0x8]
10000486c:	e0 03 0a aa	mov	x0, x10
100004870:	30 09 80 52	mov	w16, #0x49
100004874:	01 10 00 d4	svc	#0x80
100004878:	09 00 80 52	mov	w9, #0x0
10000487c:	e9 3f 00 f9	str	x9, [sp, #0x78]
100004880:	e9 43 00 f9	str	x9, [sp, #0x80]
100004884:	e9 07 40 f9	ldr	x9, [sp, #0x8]
100004888:	ea 3f 40 f9	ldr	x10, [sp, #0x78]
10000488c:	3f 01 0a eb	cmp	x9, x10
100004890:	0b 00 80 52	mov	w11, #0x0
100004894:	41 00 00 54	b.ne	0x10000489c
100004898:	2b 00 80 52	mov	w11, #0x1
10000489c:	eb 47 00 f9	str	x11, [sp, #0x88]
1000048a0:	e9 47 40 f9	ldr	x9, [sp, #0x88]
1000048a4:	09 05 00 34	cbz	w9, 0x100004944
1000048a8:	e9 07 40 f9	ldr	x9, [sp, #0x8]
1000048ac:	2a 00 80 d2	mov	x10, #0x1
1000048b0:	3f 01 0a eb	cmp	x9, x10
1000048b4:	21 04 00 54	b.ne	0x100004938
1000048b8:	e9 0b 40 f9	ldr	x9, [sp, #0x10]
1000048bc:	ea 43 40 f9	ldr	x10, [sp, #0x80]
1000048c0:	2b 01 40 f9	ldr	x11, [x9]
1000048c4:	ee ff 9f d2	mov	x14, #0xffff
1000048c8:	ee ff bf f2	movk	x14, #0xffff, lsl #16
1000048cc:	ee ff df f2	movk	x14, #0xffff, lsl #32
1000048d0:	ee ff ef f2	movk	x14, #0x7fff, lsl #48
1000048d4:	6b 01 0e 8a	and	x11, x11, x14
1000048d8:	4c 01 40 f9	ldr	x12, [x10]
1000048dc:	ee ff 9f d2	mov	x14, #0xffff
1000048e0:	ee ff bf f2	movk	x14, #0xffff, lsl #16
1000048e4:	ee ff df f2	movk	x14, #0xffff, lsl #32
1000048e8:	ee ff ef f2	movk	x14, #0x7fff, lsl #48
1000048ec:	8c 01 0e 8a	and	x12, x12, x14
1000048f0:	0d 00 80 52	mov	w13, #0x0
1000048f4:	7f 01 0c eb	cmp	x11, x12
1000048f8:	a1 01 00 54	b.ne	0x10000492c
1000048fc:	29 21 00 91	add	x9, x9, #0x8
100004900:	4a 21 00 91	add	x10, x10, #0x8
100004904:	2b 01 00 b4	cbz	x11, 0x100004928
100004908:	2e 01 40 39	ldrb	w14, [x9]
10000490c:	4f 01 40 39	ldrb	w15, [x10]
100004910:	df 01 0f eb	cmp	x14, x15
100004914:	c1 00 00 54	b.ne	0x10000492c
100004918:	29 05 00 91	add	x9, x9, #0x1
10000491c:	4a 05 00 91	add	x10, x10, #0x1
100004920:	6b 05 00 d1	sub	x11, x11, #0x1
100004924:	2b ff ff b5	cbnz	x11, 0x100004908
100004928:	2d 00 80 52	mov	w13, #0x1
10000492c:	ed 47 00 f9	str	x13, [sp, #0x88]
100004930:	e9 47 40 f9	ldr	x9, [sp, #0x88]
100004934:	89 00 00 34	cbz	w9, 0x100004944
100004938:	09 00 80 52	mov	w9, #0x0
10000493c:	e9 47 00 f9	str	x9, [sp, #0x88]
100004940:	03 00 00 14	b	0x10000494c
100004944:	29 00 80 52	mov	w9, #0x1
100004948:	e9 47 00 f9	str	x9, [sp, #0x88]
10000494c:	e9 47 40 f9	ldr	x9, [sp, #0x88]
100004950:	c9 02 00 34	cbz	w9, 0x1000049a8
100004954:	e9 0b 40 f9	ldr	x9, [sp, #0x10]
100004958:	e9 4b 00 f9	str	x9, [sp, #0x90]
10000495c:	ea 4b 40 f9	ldr	x10, [sp, #0x90]
100004960:	49 01 40 f9	ldr	x9, [x10]
100004964:	0b 00 80 d2	mov	x11, #0x0
100004968:	0b 00 a0 f2	movk	x11, #0x0, lsl #16
10000496c:	0b 00 c0 f2	movk	x11, #0x0, lsl #32
100004970:	0b 00 f0 f2	movk	x11, #0x8000, lsl #48
100004974:	29 01 0b 8a	and	x9, x9, x11
100004978:	89 01 00 b4	cbz	x9, 0x1000049a8
10000497c:	4a 41 00 d1	sub	x10, x10, #0x10
100004980:	49 fd 5f c8	ldaxr	x9, [x10]
100004984:	29 01 00 b4	cbz	x9, 0x1000049a8
100004988:	29 05 00 d1	sub	x9, x9, #0x1
10000498c:	49 fd 0b c8	stlxr	w11, x9, [x10]
100004990:	8b ff ff 35	cbnz	w11, 0x100004980
100004994:	a9 00 00 b5	cbnz	x9, 0x1000049a8
100004998:	41 05 40 f9	ldr	x1, [x10, #0x8]
10000499c:	e0 03 0a aa	mov	x0, x10
1000049a0:	30 09 80 52	mov	w16, #0x49
1000049a4:	01 10 00 d4	svc	#0x80
1000049a8:	ea 03 40 f9	ldr	x10, [sp]
1000049ac:	49 01 40 f9	ldr	x9, [x10]
1000049b0:	0b 00 80 d2	mov	x11, #0x0
1000049b4:	0b 00 a0 f2	movk	x11, #0x0, lsl #16
1000049b8:	0b 00 c0 f2	movk	x11, #0x0, lsl #32
1000049bc:	0b 00 f0 f2	movk	x11, #0x8000, lsl #48
1000049c0:	29 01 0b 8a	and	x9, x9, x11
1000049c4:	89 01 00 b4	cbz	x9, 0x1000049f4
1000049c8:	4a 41 00 d1	sub	x10, x10, #0x10
1000049cc:	49 fd 5f c8	ldaxr	x9, [x10]
1000049d0:	29 01 00 b4	cbz	x9, 0x1000049f4
1000049d4:	29 05 00 d1	sub	x9, x9, #0x1
1000049d8:	49 fd 0b c8	stlxr	w11, x9, [x10]
1000049dc:	8b ff ff 35	cbnz	w11, 0x1000049cc
1000049e0:	a9 00 00 b5	cbnz	x9, 0x1000049f4
1000049e4:	41 05 40 f9	ldr	x1, [x10, #0x8]
1000049e8:	e0 03 0a aa	mov	x0, x10
1000049ec:	30 09 80 52	mov	w16, #0x49
1000049f0:	01 10 00 d4	svc	#0x80
1000049f4:	ee 13 40 f9	ldr	x14, [sp, #0x20]
1000049f8:	e9 2b 40 f9	ldr	x9, [sp, #0x50]
1000049fc:	c9 01 00 f9	str	x9, [x14]
100004a00:	e9 2f 40 f9	ldr	x9, [sp, #0x58]
100004a04:	c9 05 00 f9	str	x9, [x14, #0x8]
100004a08:	e9 33 40 f9	ldr	x9, [sp, #0x60]
100004a0c:	c9 09 00 f9	str	x9, [x14, #0x10]
100004a10:	e9 37 40 f9	ldr	x9, [sp, #0x68]
100004a14:	c9 0d 00 f9	str	x9, [x14, #0x18]
100004a18:	e9 3b 40 f9	ldr	x9, [sp, #0x70]
100004a1c:	c9 11 00 f9	str	x9, [x14, #0x20]
100004a20:	00 00 80 d2	mov	x0, #0x0
100004a24:	08 00 80 52	mov	w8, #0x0
100004a28:	ff 83 02 91	add	sp, sp, #0xa0
100004a2c:	fd 7b c1 a8	ldp	x29, x30, [sp], #0x10
100004a30:	c0 03 5f d6	ret
100004a34:	28 00 80 52	mov	w8, #0x1
100004a38:	fc ff ff 17	b	0x100004a28
100004a3c:	48 00 80 52	mov	w8, #0x2
100004a40:	fa ff ff 17	b	0x100004a28
_silex_function_10:
100004a44:	fd 7b bf a9	stp	x29, x30, [sp, #-0x10]!
100004a48:	fd 03 00 91	mov	x29, sp
100004a4c:	ff 43 0c d1	sub	sp, sp, #0x310
100004a50:	ef 03 00 f9	str	x15, [sp]
100004a54:	01 00 88 d2	mov	x1, #0x4000
100004a58:	00 00 80 52	mov	w0, #0x0
100004a5c:	62 00 80 52	mov	w2, #0x3
100004a60:	43 00 82 52	mov	w3, #0x1002
100004a64:	e4 ff 9f d2	mov	x4, #0xffff
100004a68:	e4 ff bf f2	movk	x4, #0xffff, lsl #16
100004a6c:	e4 ff df f2	movk	x4, #0xffff, lsl #32
100004a70:	e4 ff ff f2	movk	x4, #0xffff, lsl #48
100004a74:	05 00 80 52	mov	w5, #0x0
100004a78:	b0 18 80 52	mov	w16, #0xc5
100004a7c:	01 10 00 d4	svc	#0x80
100004a80:	62 01 00 54	b.hs	0x100004aac
100004a84:	ef 03 00 aa	mov	x15, x0
100004a88:	09 00 80 d2	mov	x9, #0x0
100004a8c:	e9 01 00 f9	str	x9, [x15]
100004a90:	29 00 80 d2	mov	x9, #0x1
100004a94:	e9 05 00 f9	str	x9, [x15, #0x8]
100004a98:	09 00 88 d2	mov	x9, #0x4000
100004a9c:	e9 0d 00 f9	str	x9, [x15, #0x18]
100004aa0:	ee a1 00 91	add	x14, x15, #0x28
100004aa4:	ef 0b 00 f9	str	x15, [sp, #0x10]
100004aa8:	03 00 00 14	b	0x100004ab4
100004aac:	68 00 80 52	mov	w8, #0x3
100004ab0:	66 04 00 14	b	0x100005c48
100004ab4:	e9 0b 40 f9	ldr	x9, [sp, #0x10]
100004ab8:	e9 07 00 f9	str	x9, [sp, #0x8]
100004abc:	f0 03 09 aa	mov	x16, x9
100004ac0:	3d 1f 00 94	bl	0x10000c7b4 ; symbol stub for: __NSGetArgc
100004ac4:	1f 20 03 d5	nop
100004ac8:	1f 20 03 d5	nop
100004acc:	08 00 80 52	mov	w8, #0x0
100004ad0:	e0 0f 00 f9	str	x0, [sp, #0x18]
100004ad4:	e9 0f 40 f9	ldr	x9, [sp, #0x18]
100004ad8:	e9 13 00 f9	str	x9, [sp, #0x20]
100004adc:	f0 03 09 aa	mov	x16, x9
100004ae0:	38 1f 00 94	bl	0x10000c7c0 ; symbol stub for: __NSGetArgv
100004ae4:	1f 20 03 d5	nop
100004ae8:	1f 20 03 d5	nop
100004aec:	08 00 80 52	mov	w8, #0x0
100004af0:	e0 17 00 f9	str	x0, [sp, #0x28]
100004af4:	e9 17 40 f9	ldr	x9, [sp, #0x28]
100004af8:	e9 1b 00 f9	str	x9, [sp, #0x30]
100004afc:	f0 03 09 aa	mov	x16, x9
100004b00:	09 00 e0 d2	movz	x9, #0x0, lsl #48
100004b04:	e9 1f 00 f9	str	x9, [sp, #0x38]
100004b08:	f1 03 09 aa	mov	x17, x9
100004b0c:	e9 13 40 f9	ldr	x9, [sp, #0x20]
100004b10:	ea 1f 40 f9	ldr	x10, [sp, #0x38]
100004b14:	3f 01 0a eb	cmp	x9, x10
100004b18:	0b 00 80 52	mov	w11, #0x0
100004b1c:	41 00 00 54	b.ne	0x100004b24
100004b20:	2b 00 80 52	mov	w11, #0x1
100004b24:	eb 23 00 f9	str	x11, [sp, #0x40]
100004b28:	f0 03 0b aa	mov	x16, x11
100004b2c:	e9 23 40 f9	ldr	x9, [sp, #0x40]
100004b30:	09 02 00 35	cbnz	w9, 0x100004b70
100004b34:	09 00 e0 d2	movz	x9, #0x0, lsl #48
100004b38:	e9 2b 00 f9	str	x9, [sp, #0x50]
100004b3c:	f0 03 09 aa	mov	x16, x9
100004b40:	e9 1b 40 f9	ldr	x9, [sp, #0x30]
100004b44:	ea 2b 40 f9	ldr	x10, [sp, #0x50]
100004b48:	3f 01 0a eb	cmp	x9, x10
100004b4c:	0b 00 80 52	mov	w11, #0x0
100004b50:	41 00 00 54	b.ne	0x100004b58
100004b54:	2b 00 80 52	mov	w11, #0x1
100004b58:	eb 2f 00 f9	str	x11, [sp, #0x58]
100004b5c:	f1 03 0b aa	mov	x17, x11
100004b60:	e9 03 11 aa	mov	x9, x17
100004b64:	e9 27 00 f9	str	x9, [sp, #0x48]
100004b68:	f0 03 09 aa	mov	x16, x9
100004b6c:	04 00 00 14	b	0x100004b7c
100004b70:	29 00 80 52	mov	w9, #0x1
100004b74:	e9 27 00 f9	str	x9, [sp, #0x48]
100004b78:	f0 03 09 aa	mov	x16, x9
100004b7c:	e9 27 40 f9	ldr	x9, [sp, #0x48]
100004b80:	49 24 00 34	cbz	w9, 0x100005008
100004b84:	e9 07 40 f9	ldr	x9, [sp, #0x8]
100004b88:	e9 33 00 f9	str	x9, [sp, #0x60]
100004b8c:	f0 03 09 aa	mov	x16, x9
100004b90:	29 00 80 52	mov	w9, #0x1
100004b94:	e9 37 00 f9	str	x9, [sp, #0x68]
100004b98:	e9 33 40 f9	ldr	x9, [sp, #0x60]
100004b9c:	e9 3b 00 f9	str	x9, [sp, #0x70]
100004ba0:	09 00 80 52	mov	w9, #0x0
100004ba4:	e9 3f 00 f9	str	x9, [sp, #0x78]
100004ba8:	e9 43 00 f9	str	x9, [sp, #0x80]
100004bac:	e9 37 40 f9	ldr	x9, [sp, #0x68]
100004bb0:	ea 3f 40 f9	ldr	x10, [sp, #0x78]
100004bb4:	3f 01 0a eb	cmp	x9, x10
100004bb8:	0b 00 80 52	mov	w11, #0x0
100004bbc:	41 00 00 54	b.ne	0x100004bc4
100004bc0:	2b 00 80 52	mov	w11, #0x1
100004bc4:	eb 47 00 f9	str	x11, [sp, #0x88]
100004bc8:	e9 47 40 f9	ldr	x9, [sp, #0x88]
100004bcc:	29 02 00 34	cbz	w9, 0x100004c10
100004bd0:	e9 37 40 f9	ldr	x9, [sp, #0x68]
100004bd4:	2a 00 80 d2	mov	x10, #0x1
100004bd8:	3f 01 0a eb	cmp	x9, x10
100004bdc:	41 01 00 54	b.ne	0x100004c04
100004be0:	e9 3b 40 f9	ldr	x9, [sp, #0x70]
100004be4:	ea 43 40 f9	ldr	x10, [sp, #0x80]
100004be8:	3f 01 0a eb	cmp	x9, x10
100004bec:	0b 00 80 52	mov	w11, #0x0
100004bf0:	41 00 00 54	b.ne	0x100004bf8
100004bf4:	2b 00 80 52	mov	w11, #0x1
100004bf8:	eb 47 00 f9	str	x11, [sp, #0x88]
100004bfc:	e9 47 40 f9	ldr	x9, [sp, #0x88]
100004c00:	89 00 00 34	cbz	w9, 0x100004c10
100004c04:	09 00 80 52	mov	w9, #0x0
100004c08:	e9 47 00 f9	str	x9, [sp, #0x88]
100004c0c:	03 00 00 14	b	0x100004c18
100004c10:	29 00 80 52	mov	w9, #0x1
100004c14:	e9 47 00 f9	str	x9, [sp, #0x88]
100004c18:	e9 47 40 f9	ldr	x9, [sp, #0x88]
100004c1c:	69 02 00 34	cbz	w9, 0x100004c68
100004c20:	e9 3b 40 f9	ldr	x9, [sp, #0x70]
100004c24:	e9 4b 00 f9	str	x9, [sp, #0x90]
100004c28:	ea 4b 40 f9	ldr	x10, [sp, #0x90]
100004c2c:	4e 21 00 91	add	x14, x10, #0x8
100004c30:	c9 fd 5f c8	ldaxr	x9, [x14]
100004c34:	29 05 00 91	add	x9, x9, #0x1
100004c38:	c9 fd 0b c8	stlxr	w11, x9, [x14]
100004c3c:	ab ff ff 35	cbnz	w11, 0x100004c30
100004c40:	09 00 e0 d2	movz	x9, #0x0, lsl #48
100004c44:	e9 4f 00 f9	str	x9, [sp, #0x98]
100004c48:	f0 03 09 aa	mov	x16, x9
100004c4c:	e9 4b 40 f9	ldr	x9, [sp, #0x90]
100004c50:	2a 01 40 f9	ldr	x10, [x9]
100004c54:	ea 53 00 f9	str	x10, [sp, #0xa0]
100004c58:	e9 4f 40 f9	ldr	x9, [sp, #0x98]
100004c5c:	e9 6b 01 f9	str	x9, [sp, #0x2d0]
100004c60:	f0 03 09 aa	mov	x16, x9
100004c64:	0b 00 00 14	b	0x100004c90
100004c68:	e9 07 40 f9	ldr	x9, [sp, #0x8]
100004c6c:	e9 67 00 f9	str	x9, [sp, #0xc8]
100004c70:	f0 03 09 aa	mov	x16, x9
100004c74:	e9 67 40 f9	ldr	x9, [sp, #0xc8]
100004c78:	2a 01 40 f9	ldr	x10, [x9]
100004c7c:	ea 6b 00 f9	str	x10, [sp, #0xd0]
100004c80:	e9 6b 40 f9	ldr	x9, [sp, #0xd0]
100004c84:	e9 6f 01 f9	str	x9, [sp, #0x2d8]
100004c88:	f0 03 09 aa	mov	x16, x9
100004c8c:	26 00 00 14	b	0x100004d24
100004c90:	e9 6b 41 f9	ldr	x9, [sp, #0x2d0]
100004c94:	ea 53 40 f9	ldr	x10, [sp, #0xa0]
100004c98:	3f 01 0a eb	cmp	x9, x10
100004c9c:	0b 00 80 52	mov	w11, #0x0
100004ca0:	4a 00 00 54	b.ge	0x100004ca8
100004ca4:	2b 00 80 52	mov	w11, #0x1
100004ca8:	eb 57 00 f9	str	x11, [sp, #0xa8]
100004cac:	f0 03 0b aa	mov	x16, x11
100004cb0:	e9 57 40 f9	ldr	x9, [sp, #0xa8]
100004cb4:	a9 fd ff 34	cbz	w9, 0x100004c68
100004cb8:	ea 4b 40 f9	ldr	x10, [sp, #0x90]
100004cbc:	4a a1 00 91	add	x10, x10, #0x28
100004cc0:	e9 6b 41 f9	ldr	x9, [sp, #0x2d0]
100004cc4:	4a 0d 09 8b	add	x10, x10, x9, lsl #3
100004cc8:	4c 01 40 f9	ldr	x12, [x10]
100004ccc:	ec 5b 00 f9	str	x12, [sp, #0xb0]
100004cd0:	ea 5b 40 f9	ldr	x10, [sp, #0xb0]
100004cd4:	49 01 40 f9	ldr	x9, [x10]
100004cd8:	0b 00 80 d2	mov	x11, #0x0
100004cdc:	0b 00 a0 f2	movk	x11, #0x0, lsl #16
100004ce0:	0b 00 c0 f2	movk	x11, #0x0, lsl #32
100004ce4:	0b 00 f0 f2	movk	x11, #0x8000, lsl #48
100004ce8:	29 01 0b 8a	and	x9, x9, x11
100004cec:	c9 00 00 b4	cbz	x9, 0x100004d04
100004cf0:	4a 41 00 d1	sub	x10, x10, #0x10
100004cf4:	49 fd 5f c8	ldaxr	x9, [x10]
100004cf8:	29 05 00 91	add	x9, x9, #0x1
100004cfc:	49 fd 0b c8	stlxr	w11, x9, [x10]
100004d00:	ab ff ff 35	cbnz	w11, 0x100004cf4
100004d04:	e9 6b 41 f9	ldr	x9, [sp, #0x2d0]
100004d08:	2b 05 00 91	add	x11, x9, #0x1
100004d0c:	eb 63 00 f9	str	x11, [sp, #0xc0]
100004d10:	f0 03 0b aa	mov	x16, x11
100004d14:	e9 03 10 aa	mov	x9, x16
100004d18:	e9 6b 01 f9	str	x9, [sp, #0x2d0]
100004d1c:	f1 03 09 aa	mov	x17, x9
100004d20:	dc ff ff 17	b	0x100004c90
100004d24:	09 00 e0 d2	movz	x9, #0x0, lsl #48
100004d28:	e9 6f 00 f9	str	x9, [sp, #0xd8]
100004d2c:	f0 03 09 aa	mov	x16, x9
100004d30:	e9 6f 41 f9	ldr	x9, [sp, #0x2d8]
100004d34:	ea 6f 40 f9	ldr	x10, [sp, #0xd8]
100004d38:	3f 01 0a eb	cmp	x9, x10
100004d3c:	0b 00 80 52	mov	w11, #0x0
100004d40:	40 00 00 54	b.eq	0x100004d48
100004d44:	2b 00 80 52	mov	w11, #0x1
100004d48:	eb 73 00 f9	str	x11, [sp, #0xe0]
100004d4c:	f1 03 0b aa	mov	x17, x11
100004d50:	e9 73 40 f9	ldr	x9, [sp, #0xe0]
100004d54:	89 11 00 34	cbz	w9, 0x100004f84
100004d58:	e9 6f 41 f9	ldr	x9, [sp, #0x2d8]
100004d5c:	2b 05 00 d1	sub	x11, x9, #0x1
100004d60:	eb 7b 00 f9	str	x11, [sp, #0xf0]
100004d64:	f0 03 0b aa	mov	x16, x11
100004d68:	ea 67 40 f9	ldr	x10, [sp, #0xc8]
100004d6c:	4d 01 40 f9	ldr	x13, [x10]
100004d70:	e9 7b 40 f9	ldr	x9, [sp, #0xf0]
100004d74:	3f 01 1f eb	cmp	x9, xzr
100004d78:	4a 00 00 54	b.ge	0x100004d80
100004d7c:	29 01 0d 8b	add	x9, x9, x13
100004d80:	3f 01 1f eb	cmp	x9, xzr
100004d84:	0b 01 00 54	b.lt	0x100004da4
100004d88:	3f 01 0d eb	cmp	x9, x13
100004d8c:	ca 00 00 54	b.ge	0x100004da4
100004d90:	4a a1 00 91	add	x10, x10, #0x28
100004d94:	4a 0d 09 8b	add	x10, x10, x9, lsl #3
100004d98:	4c 01 40 f9	ldr	x12, [x10]
100004d9c:	ec 7f 00 f9	str	x12, [sp, #0xf8]
100004da0:	62 00 00 14	b	0x100004f28
100004da4:	ed 7f 00 f9	str	x13, [sp, #0xf8]
100004da8:	40 00 80 52	mov	w0, #0x2
100004dac:	21 00 00 d0	adrp	x1, 6 ; 0x10000a000
100004db0:	21 c0 0d 91	add	x1, x1, #0x370
100004db4:	c2 13 80 d2	mov	x2, #0x9e
100004db8:	02 00 a0 f2	movk	x2, #0x0, lsl #16
100004dbc:	02 00 c0 f2	movk	x2, #0x0, lsl #32
100004dc0:	02 00 e0 f2	movk	x2, #0x0, lsl #48
100004dc4:	90 00 80 52	mov	w16, #0x4
100004dc8:	01 10 00 d4	svc	#0x80
100004dcc:	e9 7b 40 f9	ldr	x9, [sp, #0xf0]
100004dd0:	ff 83 00 d1	sub	sp, sp, #0x20
100004dd4:	eb 83 00 91	add	x11, sp, #0x20
100004dd8:	0c 00 80 52	mov	w12, #0x0
100004ddc:	c9 00 00 b5	cbnz	x9, 0x100004df4
100004de0:	6b 05 00 d1	sub	x11, x11, #0x1
100004de4:	0a 06 80 52	mov	w10, #0x30
100004de8:	6a 01 00 39	strb	w10, [x11]
100004dec:	8c 05 00 91	add	x12, x12, #0x1
100004df0:	16 00 00 14	b	0x100004e48
100004df4:	03 00 80 52	mov	w3, #0x0
100004df8:	3f 01 1f eb	cmp	x9, xzr
100004dfc:	6b 00 00 54	b.lt	0x100004e08
100004e00:	e9 03 09 eb	negs	x9, x9
100004e04:	02 00 00 14	b	0x100004e0c
100004e08:	23 00 80 52	mov	w3, #0x1
100004e0c:	4a 01 80 52	mov	w10, #0xa
100004e10:	24 0d ca 9a	sdiv	x4, x9, x10
100004e14:	85 a4 0a 9b	msub	x5, x4, x10, x9
100004e18:	06 06 80 52	mov	w6, #0x30
100004e1c:	c6 00 05 eb	subs	x6, x6, x5
100004e20:	6b 05 00 d1	sub	x11, x11, #0x1
100004e24:	66 01 00 39	strb	w6, [x11]
100004e28:	8c 05 00 91	add	x12, x12, #0x1
100004e2c:	e9 03 04 aa	mov	x9, x4
100004e30:	e9 fe ff b5	cbnz	x9, 0x100004e0c
100004e34:	a3 00 00 34	cbz	w3, 0x100004e48
100004e38:	6b 05 00 d1	sub	x11, x11, #0x1
100004e3c:	aa 05 80 52	mov	w10, #0x2d
100004e40:	6a 01 00 39	strb	w10, [x11]
100004e44:	8c 05 00 91	add	x12, x12, #0x1
100004e48:	40 00 80 52	mov	w0, #0x2
100004e4c:	e1 03 0b aa	mov	x1, x11
100004e50:	e2 03 0c aa	mov	x2, x12
100004e54:	90 00 80 52	mov	w16, #0x4
100004e58:	01 10 00 d4	svc	#0x80
100004e5c:	ff 83 00 91	add	sp, sp, #0x20
100004e60:	40 00 80 52	mov	w0, #0x2
100004e64:	21 00 00 d0	adrp	x1, 6 ; 0x10000a000
100004e68:	21 60 00 91	add	x1, x1, #0x18
100004e6c:	82 03 80 d2	mov	x2, #0x1c
100004e70:	02 00 a0 f2	movk	x2, #0x0, lsl #16
100004e74:	02 00 c0 f2	movk	x2, #0x0, lsl #32
100004e78:	02 00 e0 f2	movk	x2, #0x0, lsl #48
100004e7c:	90 00 80 52	mov	w16, #0x4
100004e80:	01 10 00 d4	svc	#0x80
100004e84:	e9 7f 40 f9	ldr	x9, [sp, #0xf8]
100004e88:	ff 83 00 d1	sub	sp, sp, #0x20
100004e8c:	eb 7f 00 91	add	x11, sp, #0x1f
100004e90:	4a 01 80 52	mov	w10, #0xa
100004e94:	6a 01 00 39	strb	w10, [x11]
100004e98:	2c 00 80 52	mov	w12, #0x1
100004e9c:	c9 00 00 b5	cbnz	x9, 0x100004eb4
100004ea0:	6b 05 00 d1	sub	x11, x11, #0x1
100004ea4:	0a 06 80 52	mov	w10, #0x30
100004ea8:	6a 01 00 39	strb	w10, [x11]
100004eac:	8c 05 00 91	add	x12, x12, #0x1
100004eb0:	16 00 00 14	b	0x100004f08
100004eb4:	03 00 80 52	mov	w3, #0x0
100004eb8:	3f 01 1f eb	cmp	x9, xzr
100004ebc:	6b 00 00 54	b.lt	0x100004ec8
100004ec0:	e9 03 09 eb	negs	x9, x9
100004ec4:	02 00 00 14	b	0x100004ecc
100004ec8:	23 00 80 52	mov	w3, #0x1
100004ecc:	4a 01 80 52	mov	w10, #0xa
100004ed0:	24 0d ca 9a	sdiv	x4, x9, x10
100004ed4:	85 a4 0a 9b	msub	x5, x4, x10, x9
100004ed8:	06 06 80 52	mov	w6, #0x30
100004edc:	c6 00 05 eb	subs	x6, x6, x5
100004ee0:	6b 05 00 d1	sub	x11, x11, #0x1
100004ee4:	66 01 00 39	strb	w6, [x11]
100004ee8:	8c 05 00 91	add	x12, x12, #0x1
100004eec:	e9 03 04 aa	mov	x9, x4
100004ef0:	e9 fe ff b5	cbnz	x9, 0x100004ecc
100004ef4:	a3 00 00 34	cbz	w3, 0x100004f08
100004ef8:	6b 05 00 d1	sub	x11, x11, #0x1
100004efc:	aa 05 80 52	mov	w10, #0x2d
100004f00:	6a 01 00 39	strb	w10, [x11]
100004f04:	8c 05 00 91	add	x12, x12, #0x1
100004f08:	40 00 80 52	mov	w0, #0x2
100004f0c:	e1 03 0b aa	mov	x1, x11
100004f10:	e2 03 0c aa	mov	x2, x12
100004f14:	90 00 80 52	mov	w16, #0x4
100004f18:	01 10 00 d4	svc	#0x80
100004f1c:	ff 83 00 91	add	sp, sp, #0x20
100004f20:	68 00 80 52	mov	w8, #0x3
100004f24:	49 03 00 14	b	0x100005c48
100004f28:	ea 7f 40 f9	ldr	x10, [sp, #0xf8]
100004f2c:	49 01 40 f9	ldr	x9, [x10]
100004f30:	0b 00 80 d2	mov	x11, #0x0
100004f34:	0b 00 a0 f2	movk	x11, #0x0, lsl #16
100004f38:	0b 00 c0 f2	movk	x11, #0x0, lsl #32
100004f3c:	0b 00 f0 f2	movk	x11, #0x8000, lsl #48
100004f40:	29 01 0b 8a	and	x9, x9, x11
100004f44:	89 01 00 b4	cbz	x9, 0x100004f74
100004f48:	4a 41 00 d1	sub	x10, x10, #0x10
100004f4c:	49 fd 5f c8	ldaxr	x9, [x10]
100004f50:	29 01 00 b4	cbz	x9, 0x100004f74
100004f54:	29 05 00 d1	sub	x9, x9, #0x1
100004f58:	49 fd 0b c8	stlxr	w11, x9, [x10]
100004f5c:	8b ff ff 35	cbnz	w11, 0x100004f4c
100004f60:	a9 00 00 b5	cbnz	x9, 0x100004f74
100004f64:	41 05 40 f9	ldr	x1, [x10, #0x8]
100004f68:	e0 03 0a aa	mov	x0, x10
100004f6c:	30 09 80 52	mov	w16, #0x49
100004f70:	01 10 00 d4	svc	#0x80
100004f74:	e9 7b 40 f9	ldr	x9, [sp, #0xf0]
100004f78:	e9 6f 01 f9	str	x9, [sp, #0x2d8]
100004f7c:	f0 03 09 aa	mov	x16, x9
100004f80:	69 ff ff 17	b	0x100004d24
100004f84:	ea 67 40 f9	ldr	x10, [sp, #0xc8]
100004f88:	4e 21 00 91	add	x14, x10, #0x8
100004f8c:	c9 fd 5f c8	ldaxr	x9, [x14]
100004f90:	c9 02 00 b4	cbz	x9, 0x100004fe8
100004f94:	29 05 00 d1	sub	x9, x9, #0x1
100004f98:	c9 fd 0b c8	stlxr	w11, x9, [x14]
100004f9c:	8b ff ff 35	cbnz	w11, 0x100004f8c
100004fa0:	4b 09 40 f9	ldr	x11, [x10, #0x10]
100004fa4:	29 01 0b 8b	add	x9, x9, x11
100004fa8:	09 02 00 b5	cbnz	x9, 0x100004fe8
100004fac:	4e 81 00 91	add	x14, x10, #0x20
100004fb0:	c9 fd 5f c8	ldaxr	x9, [x14]
100004fb4:	4b 00 80 d2	mov	x11, #0x2
100004fb8:	3f 01 0b eb	cmp	x9, x11
100004fbc:	a0 ff ff 54	b.eq	0x100004fb0
100004fc0:	2b 00 80 d2	mov	x11, #0x1
100004fc4:	3f 01 0b eb	cmp	x9, x11
100004fc8:	00 01 00 54	b.eq	0x100004fe8
100004fcc:	29 00 80 d2	mov	x9, #0x1
100004fd0:	c9 fd 0b c8	stlxr	w11, x9, [x14]
100004fd4:	eb fe ff 35	cbnz	w11, 0x100004fb0
100004fd8:	41 0d 40 f9	ldr	x1, [x10, #0x18]
100004fdc:	e0 03 0a aa	mov	x0, x10
100004fe0:	30 09 80 52	mov	w16, #0x49
100004fe4:	01 10 00 d4	svc	#0x80
100004fe8:	ee 03 40 f9	ldr	x14, [sp]
100004fec:	e9 37 40 f9	ldr	x9, [sp, #0x68]
100004ff0:	c9 01 00 f9	str	x9, [x14]
100004ff4:	e9 3b 40 f9	ldr	x9, [sp, #0x70]
100004ff8:	c9 05 00 f9	str	x9, [x14, #0x8]
100004ffc:	00 00 80 d2	mov	x0, #0x0
100005000:	08 00 80 52	mov	w8, #0x0
100005004:	11 03 00 14	b	0x100005c48
100005008:	09 00 e0 d2	movz	x9, #0x0, lsl #48
10000500c:	e9 83 00 f9	str	x9, [sp, #0x100]
100005010:	f0 03 09 aa	mov	x16, x9
100005014:	e9 13 40 f9	ldr	x9, [sp, #0x20]
100005018:	ea 83 40 f9	ldr	x10, [sp, #0x100]
10000501c:	29 01 0a 8b	add	x9, x9, x10
100005020:	29 01 40 b9	ldr	w9, [x9]
100005024:	29 7d 40 93	sxtw	x9, w9
100005028:	e9 87 00 f9	str	x9, [sp, #0x108]
10000502c:	09 00 e0 d2	movz	x9, #0x0, lsl #48
100005030:	e9 8b 00 f9	str	x9, [sp, #0x110]
100005034:	f0 03 09 aa	mov	x16, x9
100005038:	e9 1b 40 f9	ldr	x9, [sp, #0x30]
10000503c:	ea 8b 40 f9	ldr	x10, [sp, #0x110]
100005040:	29 01 0a 8b	add	x9, x9, x10
100005044:	29 01 40 f9	ldr	x9, [x9]
100005048:	e9 8f 00 f9	str	x9, [sp, #0x118]
10000504c:	09 00 e0 d2	movz	x9, #0x0, lsl #48
100005050:	e9 93 00 f9	str	x9, [sp, #0x120]
100005054:	f0 03 09 aa	mov	x16, x9
100005058:	e9 03 10 aa	mov	x9, x16
10000505c:	e9 73 01 f9	str	x9, [sp, #0x2e0]
100005060:	f1 03 09 aa	mov	x17, x9
100005064:	e9 87 40 f9	ldr	x9, [sp, #0x108]
100005068:	e9 97 00 f9	str	x9, [sp, #0x128]
10000506c:	e9 73 41 f9	ldr	x9, [sp, #0x2e0]
100005070:	ea 97 40 f9	ldr	x10, [sp, #0x128]
100005074:	3f 01 0a eb	cmp	x9, x10
100005078:	0b 00 80 52	mov	w11, #0x0
10000507c:	4a 00 00 54	b.ge	0x100005084
100005080:	2b 00 80 52	mov	w11, #0x1
100005084:	eb 9b 00 f9	str	x11, [sp, #0x130]
100005088:	f0 03 0b aa	mov	x16, x11
10000508c:	e9 9b 40 f9	ldr	x9, [sp, #0x130]
100005090:	29 04 00 34	cbz	w9, 0x100005114
100005094:	e9 73 41 f9	ldr	x9, [sp, #0x2e0]
100005098:	e9 9f 00 f9	str	x9, [sp, #0x138]
10000509c:	09 01 80 d2	mov	x9, #0x8
1000050a0:	e9 a3 00 f9	str	x9, [sp, #0x140]
1000050a4:	f0 03 09 aa	mov	x16, x9
1000050a8:	e9 9f 40 f9	ldr	x9, [sp, #0x138]
1000050ac:	ea a3 40 f9	ldr	x10, [sp, #0x140]
1000050b0:	2b 7d 0a 9b	mul	x11, x9, x10
1000050b4:	2c 7d ca 9b	umulh	x12, x9, x10
1000050b8:	ec 5c 00 b5	cbnz	x12, 0x100005c54
1000050bc:	eb a7 00 f9	str	x11, [sp, #0x148]
1000050c0:	f1 03 0b aa	mov	x17, x11
1000050c4:	e9 8f 40 f9	ldr	x9, [sp, #0x118]
1000050c8:	ea a7 40 f9	ldr	x10, [sp, #0x148]
1000050cc:	29 01 0a 8b	add	x9, x9, x10
1000050d0:	29 01 40 f9	ldr	x9, [x9]
1000050d4:	e9 ab 00 f9	str	x9, [sp, #0x150]
1000050d8:	09 00 e0 d2	movz	x9, #0x0, lsl #48
1000050dc:	e9 af 00 f9	str	x9, [sp, #0x158]
1000050e0:	f0 03 09 aa	mov	x16, x9
1000050e4:	e9 ab 40 f9	ldr	x9, [sp, #0x150]
1000050e8:	ea af 40 f9	ldr	x10, [sp, #0x158]
1000050ec:	3f 01 0a eb	cmp	x9, x10
1000050f0:	0b 00 80 52	mov	w11, #0x0
1000050f4:	41 00 00 54	b.ne	0x1000050fc
1000050f8:	2b 00 80 52	mov	w11, #0x1
1000050fc:	eb b3 00 f9	str	x11, [sp, #0x160]
100005100:	f1 03 0b aa	mov	x17, x11
100005104:	e9 b3 40 f9	ldr	x9, [sp, #0x160]
100005108:	49 00 00 34	cbz	w9, 0x100005110
10000510c:	2b 00 00 14	b	0x1000051b8
100005110:	4b 01 00 14	b	0x10000563c
100005114:	e9 07 40 f9	ldr	x9, [sp, #0x8]
100005118:	e9 1b 01 f9	str	x9, [sp, #0x230]
10000511c:	f0 03 09 aa	mov	x16, x9
100005120:	29 00 80 52	mov	w9, #0x1
100005124:	e9 1f 01 f9	str	x9, [sp, #0x238]
100005128:	e9 1b 41 f9	ldr	x9, [sp, #0x230]
10000512c:	e9 23 01 f9	str	x9, [sp, #0x240]
100005130:	09 00 80 52	mov	w9, #0x0
100005134:	e9 27 01 f9	str	x9, [sp, #0x248]
100005138:	e9 2b 01 f9	str	x9, [sp, #0x250]
10000513c:	e9 1f 41 f9	ldr	x9, [sp, #0x238]
100005140:	ea 27 41 f9	ldr	x10, [sp, #0x248]
100005144:	3f 01 0a eb	cmp	x9, x10
100005148:	0b 00 80 52	mov	w11, #0x0
10000514c:	41 00 00 54	b.ne	0x100005154
100005150:	2b 00 80 52	mov	w11, #0x1
100005154:	eb 2f 01 f9	str	x11, [sp, #0x258]
100005158:	e9 2f 41 f9	ldr	x9, [sp, #0x258]
10000515c:	29 02 00 34	cbz	w9, 0x1000051a0
100005160:	e9 1f 41 f9	ldr	x9, [sp, #0x238]
100005164:	2a 00 80 d2	mov	x10, #0x1
100005168:	3f 01 0a eb	cmp	x9, x10
10000516c:	41 01 00 54	b.ne	0x100005194
100005170:	e9 23 41 f9	ldr	x9, [sp, #0x240]
100005174:	ea 2b 41 f9	ldr	x10, [sp, #0x250]
100005178:	3f 01 0a eb	cmp	x9, x10
10000517c:	0b 00 80 52	mov	w11, #0x0
100005180:	41 00 00 54	b.ne	0x100005188
100005184:	2b 00 80 52	mov	w11, #0x1
100005188:	eb 2f 01 f9	str	x11, [sp, #0x258]
10000518c:	e9 2f 41 f9	ldr	x9, [sp, #0x258]
100005190:	89 00 00 34	cbz	w9, 0x1000051a0
100005194:	09 00 80 52	mov	w9, #0x0
100005198:	e9 2f 01 f9	str	x9, [sp, #0x258]
10000519c:	03 00 00 14	b	0x1000051a8
1000051a0:	29 00 80 52	mov	w9, #0x1
1000051a4:	e9 2f 01 f9	str	x9, [sp, #0x258]
1000051a8:	e9 2f 41 f9	ldr	x9, [sp, #0x258]
1000051ac:	49 00 00 34	cbz	w9, 0x1000051b4
1000051b0:	ad 01 00 14	b	0x100005864
1000051b4:	be 01 00 14	b	0x1000058ac
1000051b8:	e9 07 40 f9	ldr	x9, [sp, #0x8]
1000051bc:	e9 b7 00 f9	str	x9, [sp, #0x168]
1000051c0:	f0 03 09 aa	mov	x16, x9
1000051c4:	29 00 80 52	mov	w9, #0x1
1000051c8:	e9 bb 00 f9	str	x9, [sp, #0x170]
1000051cc:	e9 b7 40 f9	ldr	x9, [sp, #0x168]
1000051d0:	e9 bf 00 f9	str	x9, [sp, #0x178]
1000051d4:	09 00 80 52	mov	w9, #0x0
1000051d8:	e9 c3 00 f9	str	x9, [sp, #0x180]
1000051dc:	e9 c7 00 f9	str	x9, [sp, #0x188]
1000051e0:	e9 bb 40 f9	ldr	x9, [sp, #0x170]
1000051e4:	ea c3 40 f9	ldr	x10, [sp, #0x180]
1000051e8:	3f 01 0a eb	cmp	x9, x10
1000051ec:	0b 00 80 52	mov	w11, #0x0
1000051f0:	41 00 00 54	b.ne	0x1000051f8
1000051f4:	2b 00 80 52	mov	w11, #0x1
1000051f8:	eb cb 00 f9	str	x11, [sp, #0x190]
1000051fc:	e9 cb 40 f9	ldr	x9, [sp, #0x190]
100005200:	29 02 00 34	cbz	w9, 0x100005244
100005204:	e9 bb 40 f9	ldr	x9, [sp, #0x170]
100005208:	2a 00 80 d2	mov	x10, #0x1
10000520c:	3f 01 0a eb	cmp	x9, x10
100005210:	41 01 00 54	b.ne	0x100005238
100005214:	e9 bf 40 f9	ldr	x9, [sp, #0x178]
100005218:	ea c7 40 f9	ldr	x10, [sp, #0x188]
10000521c:	3f 01 0a eb	cmp	x9, x10
100005220:	0b 00 80 52	mov	w11, #0x0
100005224:	41 00 00 54	b.ne	0x10000522c
100005228:	2b 00 80 52	mov	w11, #0x1
10000522c:	eb cb 00 f9	str	x11, [sp, #0x190]
100005230:	e9 cb 40 f9	ldr	x9, [sp, #0x190]
100005234:	89 00 00 34	cbz	w9, 0x100005244
100005238:	09 00 80 52	mov	w9, #0x0
10000523c:	e9 cb 00 f9	str	x9, [sp, #0x190]
100005240:	03 00 00 14	b	0x10000524c
100005244:	29 00 80 52	mov	w9, #0x1
100005248:	e9 cb 00 f9	str	x9, [sp, #0x190]
10000524c:	e9 cb 40 f9	ldr	x9, [sp, #0x190]
100005250:	69 02 00 34	cbz	w9, 0x10000529c
100005254:	e9 bf 40 f9	ldr	x9, [sp, #0x178]
100005258:	e9 cf 00 f9	str	x9, [sp, #0x198]
10000525c:	ea cf 40 f9	ldr	x10, [sp, #0x198]
100005260:	4e 21 00 91	add	x14, x10, #0x8
100005264:	c9 fd 5f c8	ldaxr	x9, [x14]
100005268:	29 05 00 91	add	x9, x9, #0x1
10000526c:	c9 fd 0b c8	stlxr	w11, x9, [x14]
100005270:	ab ff ff 35	cbnz	w11, 0x100005264
100005274:	09 00 e0 d2	movz	x9, #0x0, lsl #48
100005278:	e9 d3 00 f9	str	x9, [sp, #0x1a0]
10000527c:	f0 03 09 aa	mov	x16, x9
100005280:	e9 cf 40 f9	ldr	x9, [sp, #0x198]
100005284:	2a 01 40 f9	ldr	x10, [x9]
100005288:	ea d7 00 f9	str	x10, [sp, #0x1a8]
10000528c:	e9 d3 40 f9	ldr	x9, [sp, #0x1a0]
100005290:	e9 77 01 f9	str	x9, [sp, #0x2e8]
100005294:	f0 03 09 aa	mov	x16, x9
100005298:	0b 00 00 14	b	0x1000052c4
10000529c:	e9 07 40 f9	ldr	x9, [sp, #0x8]
1000052a0:	e9 eb 00 f9	str	x9, [sp, #0x1d0]
1000052a4:	f0 03 09 aa	mov	x16, x9
1000052a8:	e9 eb 40 f9	ldr	x9, [sp, #0x1d0]
1000052ac:	2a 01 40 f9	ldr	x10, [x9]
1000052b0:	ea ef 00 f9	str	x10, [sp, #0x1d8]
1000052b4:	e9 ef 40 f9	ldr	x9, [sp, #0x1d8]
1000052b8:	e9 7b 01 f9	str	x9, [sp, #0x2f0]
1000052bc:	f0 03 09 aa	mov	x16, x9
1000052c0:	26 00 00 14	b	0x100005358
1000052c4:	e9 77 41 f9	ldr	x9, [sp, #0x2e8]
1000052c8:	ea d7 40 f9	ldr	x10, [sp, #0x1a8]
1000052cc:	3f 01 0a eb	cmp	x9, x10
1000052d0:	0b 00 80 52	mov	w11, #0x0
1000052d4:	4a 00 00 54	b.ge	0x1000052dc
1000052d8:	2b 00 80 52	mov	w11, #0x1
1000052dc:	eb db 00 f9	str	x11, [sp, #0x1b0]
1000052e0:	f0 03 0b aa	mov	x16, x11
1000052e4:	e9 db 40 f9	ldr	x9, [sp, #0x1b0]
1000052e8:	a9 fd ff 34	cbz	w9, 0x10000529c
1000052ec:	ea cf 40 f9	ldr	x10, [sp, #0x198]
1000052f0:	4a a1 00 91	add	x10, x10, #0x28
1000052f4:	e9 77 41 f9	ldr	x9, [sp, #0x2e8]
1000052f8:	4a 0d 09 8b	add	x10, x10, x9, lsl #3
1000052fc:	4c 01 40 f9	ldr	x12, [x10]
100005300:	ec df 00 f9	str	x12, [sp, #0x1b8]
100005304:	ea df 40 f9	ldr	x10, [sp, #0x1b8]
100005308:	49 01 40 f9	ldr	x9, [x10]
10000530c:	0b 00 80 d2	mov	x11, #0x0
100005310:	0b 00 a0 f2	movk	x11, #0x0, lsl #16
100005314:	0b 00 c0 f2	movk	x11, #0x0, lsl #32
100005318:	0b 00 f0 f2	movk	x11, #0x8000, lsl #48
10000531c:	29 01 0b 8a	and	x9, x9, x11
100005320:	c9 00 00 b4	cbz	x9, 0x100005338
100005324:	4a 41 00 d1	sub	x10, x10, #0x10
100005328:	49 fd 5f c8	ldaxr	x9, [x10]
10000532c:	29 05 00 91	add	x9, x9, #0x1
100005330:	49 fd 0b c8	stlxr	w11, x9, [x10]
100005334:	ab ff ff 35	cbnz	w11, 0x100005328
100005338:	e9 77 41 f9	ldr	x9, [sp, #0x2e8]
10000533c:	2b 05 00 91	add	x11, x9, #0x1
100005340:	eb e7 00 f9	str	x11, [sp, #0x1c8]
100005344:	f0 03 0b aa	mov	x16, x11
100005348:	e9 03 10 aa	mov	x9, x16
10000534c:	e9 77 01 f9	str	x9, [sp, #0x2e8]
100005350:	f1 03 09 aa	mov	x17, x9
100005354:	dc ff ff 17	b	0x1000052c4
100005358:	09 00 e0 d2	movz	x9, #0x0, lsl #48
10000535c:	e9 f3 00 f9	str	x9, [sp, #0x1e0]
100005360:	f0 03 09 aa	mov	x16, x9
100005364:	e9 7b 41 f9	ldr	x9, [sp, #0x2f0]
100005368:	ea f3 40 f9	ldr	x10, [sp, #0x1e0]
10000536c:	3f 01 0a eb	cmp	x9, x10
100005370:	0b 00 80 52	mov	w11, #0x0
100005374:	40 00 00 54	b.eq	0x10000537c
100005378:	2b 00 80 52	mov	w11, #0x1
10000537c:	eb f7 00 f9	str	x11, [sp, #0x1e8]
100005380:	f1 03 0b aa	mov	x17, x11
100005384:	e9 f7 40 f9	ldr	x9, [sp, #0x1e8]
100005388:	89 11 00 34	cbz	w9, 0x1000055b8
10000538c:	e9 7b 41 f9	ldr	x9, [sp, #0x2f0]
100005390:	2b 05 00 d1	sub	x11, x9, #0x1
100005394:	eb ff 00 f9	str	x11, [sp, #0x1f8]
100005398:	f0 03 0b aa	mov	x16, x11
10000539c:	ea eb 40 f9	ldr	x10, [sp, #0x1d0]
1000053a0:	4d 01 40 f9	ldr	x13, [x10]
1000053a4:	e9 ff 40 f9	ldr	x9, [sp, #0x1f8]
1000053a8:	3f 01 1f eb	cmp	x9, xzr
1000053ac:	4a 00 00 54	b.ge	0x1000053b4
1000053b0:	29 01 0d 8b	add	x9, x9, x13
1000053b4:	3f 01 1f eb	cmp	x9, xzr
1000053b8:	0b 01 00 54	b.lt	0x1000053d8
1000053bc:	3f 01 0d eb	cmp	x9, x13
1000053c0:	ca 00 00 54	b.ge	0x1000053d8
1000053c4:	4a a1 00 91	add	x10, x10, #0x28
1000053c8:	4a 0d 09 8b	add	x10, x10, x9, lsl #3
1000053cc:	4c 01 40 f9	ldr	x12, [x10]
1000053d0:	ec 03 01 f9	str	x12, [sp, #0x200]
1000053d4:	62 00 00 14	b	0x10000555c
1000053d8:	ed 03 01 f9	str	x13, [sp, #0x200]
1000053dc:	40 00 80 52	mov	w0, #0x2
1000053e0:	21 00 00 b0	adrp	x1, 5 ; 0x10000a000
1000053e4:	21 c0 0d 91	add	x1, x1, #0x370
1000053e8:	c2 13 80 d2	mov	x2, #0x9e
1000053ec:	02 00 a0 f2	movk	x2, #0x0, lsl #16
1000053f0:	02 00 c0 f2	movk	x2, #0x0, lsl #32
1000053f4:	02 00 e0 f2	movk	x2, #0x0, lsl #48
1000053f8:	90 00 80 52	mov	w16, #0x4
1000053fc:	01 10 00 d4	svc	#0x80
100005400:	e9 ff 40 f9	ldr	x9, [sp, #0x1f8]
100005404:	ff 83 00 d1	sub	sp, sp, #0x20
100005408:	eb 83 00 91	add	x11, sp, #0x20
10000540c:	0c 00 80 52	mov	w12, #0x0
100005410:	c9 00 00 b5	cbnz	x9, 0x100005428
100005414:	6b 05 00 d1	sub	x11, x11, #0x1
100005418:	0a 06 80 52	mov	w10, #0x30
10000541c:	6a 01 00 39	strb	w10, [x11]
100005420:	8c 05 00 91	add	x12, x12, #0x1
100005424:	16 00 00 14	b	0x10000547c
100005428:	03 00 80 52	mov	w3, #0x0
10000542c:	3f 01 1f eb	cmp	x9, xzr
100005430:	6b 00 00 54	b.lt	0x10000543c
100005434:	e9 03 09 eb	negs	x9, x9
100005438:	02 00 00 14	b	0x100005440
10000543c:	23 00 80 52	mov	w3, #0x1
100005440:	4a 01 80 52	mov	w10, #0xa
100005444:	24 0d ca 9a	sdiv	x4, x9, x10
100005448:	85 a4 0a 9b	msub	x5, x4, x10, x9
10000544c:	06 06 80 52	mov	w6, #0x30
100005450:	c6 00 05 eb	subs	x6, x6, x5
100005454:	6b 05 00 d1	sub	x11, x11, #0x1
100005458:	66 01 00 39	strb	w6, [x11]
10000545c:	8c 05 00 91	add	x12, x12, #0x1
100005460:	e9 03 04 aa	mov	x9, x4
100005464:	e9 fe ff b5	cbnz	x9, 0x100005440
100005468:	a3 00 00 34	cbz	w3, 0x10000547c
10000546c:	6b 05 00 d1	sub	x11, x11, #0x1
100005470:	aa 05 80 52	mov	w10, #0x2d
100005474:	6a 01 00 39	strb	w10, [x11]
100005478:	8c 05 00 91	add	x12, x12, #0x1
10000547c:	40 00 80 52	mov	w0, #0x2
100005480:	e1 03 0b aa	mov	x1, x11
100005484:	e2 03 0c aa	mov	x2, x12
100005488:	90 00 80 52	mov	w16, #0x4
10000548c:	01 10 00 d4	svc	#0x80
100005490:	ff 83 00 91	add	sp, sp, #0x20
100005494:	40 00 80 52	mov	w0, #0x2
100005498:	21 00 00 b0	adrp	x1, 5 ; 0x10000a000
10000549c:	21 60 00 91	add	x1, x1, #0x18
1000054a0:	82 03 80 d2	mov	x2, #0x1c
1000054a4:	02 00 a0 f2	movk	x2, #0x0, lsl #16
1000054a8:	02 00 c0 f2	movk	x2, #0x0, lsl #32
1000054ac:	02 00 e0 f2	movk	x2, #0x0, lsl #48
1000054b0:	90 00 80 52	mov	w16, #0x4
1000054b4:	01 10 00 d4	svc	#0x80
1000054b8:	e9 03 41 f9	ldr	x9, [sp, #0x200]
1000054bc:	ff 83 00 d1	sub	sp, sp, #0x20
1000054c0:	eb 7f 00 91	add	x11, sp, #0x1f
1000054c4:	4a 01 80 52	mov	w10, #0xa
1000054c8:	6a 01 00 39	strb	w10, [x11]
1000054cc:	2c 00 80 52	mov	w12, #0x1
1000054d0:	c9 00 00 b5	cbnz	x9, 0x1000054e8
1000054d4:	6b 05 00 d1	sub	x11, x11, #0x1
1000054d8:	0a 06 80 52	mov	w10, #0x30
1000054dc:	6a 01 00 39	strb	w10, [x11]
1000054e0:	8c 05 00 91	add	x12, x12, #0x1
1000054e4:	16 00 00 14	b	0x10000553c
1000054e8:	03 00 80 52	mov	w3, #0x0
1000054ec:	3f 01 1f eb	cmp	x9, xzr
1000054f0:	6b 00 00 54	b.lt	0x1000054fc
1000054f4:	e9 03 09 eb	negs	x9, x9
1000054f8:	02 00 00 14	b	0x100005500
1000054fc:	23 00 80 52	mov	w3, #0x1
100005500:	4a 01 80 52	mov	w10, #0xa
100005504:	24 0d ca 9a	sdiv	x4, x9, x10
100005508:	85 a4 0a 9b	msub	x5, x4, x10, x9
10000550c:	06 06 80 52	mov	w6, #0x30
100005510:	c6 00 05 eb	subs	x6, x6, x5
100005514:	6b 05 00 d1	sub	x11, x11, #0x1
100005518:	66 01 00 39	strb	w6, [x11]
10000551c:	8c 05 00 91	add	x12, x12, #0x1
100005520:	e9 03 04 aa	mov	x9, x4
100005524:	e9 fe ff b5	cbnz	x9, 0x100005500
100005528:	a3 00 00 34	cbz	w3, 0x10000553c
10000552c:	6b 05 00 d1	sub	x11, x11, #0x1
100005530:	aa 05 80 52	mov	w10, #0x2d
100005534:	6a 01 00 39	strb	w10, [x11]
100005538:	8c 05 00 91	add	x12, x12, #0x1
10000553c:	40 00 80 52	mov	w0, #0x2
100005540:	e1 03 0b aa	mov	x1, x11
100005544:	e2 03 0c aa	mov	x2, x12
100005548:	90 00 80 52	mov	w16, #0x4
10000554c:	01 10 00 d4	svc	#0x80
100005550:	ff 83 00 91	add	sp, sp, #0x20
100005554:	68 00 80 52	mov	w8, #0x3
100005558:	bc 01 00 14	b	0x100005c48
10000555c:	ea 03 41 f9	ldr	x10, [sp, #0x200]
100005560:	49 01 40 f9	ldr	x9, [x10]
100005564:	0b 00 80 d2	mov	x11, #0x0
100005568:	0b 00 a0 f2	movk	x11, #0x0, lsl #16
10000556c:	0b 00 c0 f2	movk	x11, #0x0, lsl #32
100005570:	0b 00 f0 f2	movk	x11, #0x8000, lsl #48
100005574:	29 01 0b 8a	and	x9, x9, x11
100005578:	89 01 00 b4	cbz	x9, 0x1000055a8
10000557c:	4a 41 00 d1	sub	x10, x10, #0x10
100005580:	49 fd 5f c8	ldaxr	x9, [x10]
100005584:	29 01 00 b4	cbz	x9, 0x1000055a8
100005588:	29 05 00 d1	sub	x9, x9, #0x1
10000558c:	49 fd 0b c8	stlxr	w11, x9, [x10]
100005590:	8b ff ff 35	cbnz	w11, 0x100005580
100005594:	a9 00 00 b5	cbnz	x9, 0x1000055a8
100005598:	41 05 40 f9	ldr	x1, [x10, #0x8]
10000559c:	e0 03 0a aa	mov	x0, x10
1000055a0:	30 09 80 52	mov	w16, #0x49
1000055a4:	01 10 00 d4	svc	#0x80
1000055a8:	e9 ff 40 f9	ldr	x9, [sp, #0x1f8]
1000055ac:	e9 7b 01 f9	str	x9, [sp, #0x2f0]
1000055b0:	f0 03 09 aa	mov	x16, x9
1000055b4:	69 ff ff 17	b	0x100005358
1000055b8:	ea eb 40 f9	ldr	x10, [sp, #0x1d0]
1000055bc:	4e 21 00 91	add	x14, x10, #0x8
1000055c0:	c9 fd 5f c8	ldaxr	x9, [x14]
1000055c4:	c9 02 00 b4	cbz	x9, 0x10000561c
1000055c8:	29 05 00 d1	sub	x9, x9, #0x1
1000055cc:	c9 fd 0b c8	stlxr	w11, x9, [x14]
1000055d0:	8b ff ff 35	cbnz	w11, 0x1000055c0
1000055d4:	4b 09 40 f9	ldr	x11, [x10, #0x10]
1000055d8:	29 01 0b 8b	add	x9, x9, x11
1000055dc:	09 02 00 b5	cbnz	x9, 0x10000561c
1000055e0:	4e 81 00 91	add	x14, x10, #0x20
1000055e4:	c9 fd 5f c8	ldaxr	x9, [x14]
1000055e8:	4b 00 80 d2	mov	x11, #0x2
1000055ec:	3f 01 0b eb	cmp	x9, x11
1000055f0:	a0 ff ff 54	b.eq	0x1000055e4
1000055f4:	2b 00 80 d2	mov	x11, #0x1
1000055f8:	3f 01 0b eb	cmp	x9, x11
1000055fc:	00 01 00 54	b.eq	0x10000561c
100005600:	29 00 80 d2	mov	x9, #0x1
100005604:	c9 fd 0b c8	stlxr	w11, x9, [x14]
100005608:	eb fe ff 35	cbnz	w11, 0x1000055e4
10000560c:	41 0d 40 f9	ldr	x1, [x10, #0x18]
100005610:	e0 03 0a aa	mov	x0, x10
100005614:	30 09 80 52	mov	w16, #0x49
100005618:	01 10 00 d4	svc	#0x80
10000561c:	ee 03 40 f9	ldr	x14, [sp]
100005620:	e9 bb 40 f9	ldr	x9, [sp, #0x170]
100005624:	c9 01 00 f9	str	x9, [x14]
100005628:	e9 bf 40 f9	ldr	x9, [sp, #0x178]
10000562c:	c9 05 00 f9	str	x9, [x14, #0x8]
100005630:	00 00 80 d2	mov	x0, #0x0
100005634:	08 00 80 52	mov	w8, #0x0
100005638:	84 01 00 14	b	0x100005c48
10000563c:	e9 07 40 f9	ldr	x9, [sp, #0x8]
100005640:	e9 07 01 f9	str	x9, [sp, #0x208]
100005644:	f0 03 09 aa	mov	x16, x9
100005648:	e0 ab 40 f9	ldr	x0, [sp, #0x150]
10000564c:	86 01 00 94	bl	_silex_function_11
100005650:	c8 2f 00 35	cbnz	w8, 0x100005c48
100005654:	e0 0b 01 f9	str	x0, [sp, #0x210]
100005658:	ea 07 41 f9	ldr	x10, [sp, #0x208]
10000565c:	4d 01 40 f9	ldr	x13, [x10]
100005660:	09 00 80 52	mov	w9, #0x0
100005664:	ec 03 0d aa	mov	x12, x13
100005668:	8c 05 00 91	add	x12, x12, #0x1
10000566c:	4b 05 40 f9	ldr	x11, [x10, #0x8]
100005670:	45 09 40 f9	ldr	x5, [x10, #0x10]
100005674:	6b 01 05 8b	add	x11, x11, x5
100005678:	25 00 80 d2	mov	x5, #0x1
10000567c:	7f 01 05 eb	cmp	x11, x5
100005680:	01 02 00 54	b.ne	0x1000056c0
100005684:	0b 01 80 d2	mov	x11, #0x8
100005688:	85 7d 0b 9b	mul	x5, x12, x11
10000568c:	a5 a0 00 91	add	x5, x5, #0x28
100005690:	4b 0d 40 f9	ldr	x11, [x10, #0x18]
100005694:	bf 00 0b eb	cmp	x5, x11
100005698:	48 01 00 54	b.hi	0x1000056c0
10000569c:	4e a1 00 91	add	x14, x10, #0x28
1000056a0:	0b 01 80 d2	mov	x11, #0x8
1000056a4:	a5 7d 0b 9b	mul	x5, x13, x11
1000056a8:	ce 01 05 8b	add	x14, x14, x5
1000056ac:	e5 0b 41 f9	ldr	x5, [sp, #0x210]
1000056b0:	c5 01 00 f9	str	x5, [x14]
1000056b4:	4c 01 00 f9	str	x12, [x10]
1000056b8:	ea 0f 01 f9	str	x10, [sp, #0x218]
1000056bc:	5b 00 00 14	b	0x100005828
1000056c0:	ff c3 00 d1	sub	sp, sp, #0x30
1000056c4:	ea 03 00 f9	str	x10, [sp]
1000056c8:	ed 07 00 f9	str	x13, [sp, #0x8]
1000056cc:	e9 0b 00 f9	str	x9, [sp, #0x10]
1000056d0:	ec 0f 00 f9	str	x12, [sp, #0x18]
1000056d4:	e7 13 00 f9	str	x7, [sp, #0x20]
1000056d8:	e6 17 00 f9	str	x6, [sp, #0x28]
1000056dc:	0b 01 80 d2	mov	x11, #0x8
1000056e0:	81 7d 0b 9b	mul	x1, x12, x11
1000056e4:	21 a0 00 91	add	x1, x1, #0x28
1000056e8:	05 00 88 d2	mov	x5, #0x4000
1000056ec:	3f 00 05 eb	cmp	x1, x5
1000056f0:	42 00 00 54	b.hs	0x1000056f8
1000056f4:	e1 03 05 aa	mov	x1, x5
1000056f8:	21 00 01 8b	add	x1, x1, x1
1000056fc:	00 00 80 52	mov	w0, #0x0
100005700:	62 00 80 52	mov	w2, #0x3
100005704:	43 00 82 52	mov	w3, #0x1002
100005708:	e4 ff 9f d2	mov	x4, #0xffff
10000570c:	e4 ff bf f2	movk	x4, #0xffff, lsl #16
100005710:	e4 ff df f2	movk	x4, #0xffff, lsl #32
100005714:	e4 ff ff f2	movk	x4, #0xffff, lsl #48
100005718:	05 00 80 52	mov	w5, #0x0
10000571c:	b0 18 80 52	mov	w16, #0xc5
100005720:	01 10 00 d4	svc	#0x80
100005724:	42 08 00 54	b.hs	0x10000582c
100005728:	ef 03 00 aa	mov	x15, x0
10000572c:	ea 03 40 f9	ldr	x10, [sp]
100005730:	ed 07 40 f9	ldr	x13, [sp, #0x8]
100005734:	e9 0b 40 f9	ldr	x9, [sp, #0x10]
100005738:	ec 0f 40 f9	ldr	x12, [sp, #0x18]
10000573c:	e7 13 40 f9	ldr	x7, [sp, #0x20]
100005740:	e6 17 40 f9	ldr	x6, [sp, #0x28]
100005744:	ec 01 00 f9	str	x12, [x15]
100005748:	25 00 80 d2	mov	x5, #0x1
10000574c:	e5 05 00 f9	str	x5, [x15, #0x8]
100005750:	0b 01 80 d2	mov	x11, #0x8
100005754:	8b 7d 0b 9b	mul	x11, x12, x11
100005758:	6b a1 00 91	add	x11, x11, #0x28
10000575c:	05 00 88 d2	mov	x5, #0x4000
100005760:	7f 01 05 eb	cmp	x11, x5
100005764:	42 00 00 54	b.hs	0x10000576c
100005768:	eb 03 05 aa	mov	x11, x5
10000576c:	6b 01 0b 8b	add	x11, x11, x11
100005770:	eb 0d 00 f9	str	x11, [x15, #0x18]
100005774:	4a a1 00 91	add	x10, x10, #0x28
100005778:	ee a1 00 91	add	x14, x15, #0x28
10000577c:	2b 00 80 d2	mov	x11, #0x1
100005780:	ac 7d 0b 9b	mul	x12, x13, x11
100005784:	ec 00 00 b4	cbz	x12, 0x1000057a0
100005788:	4b 01 40 f9	ldr	x11, [x10]
10000578c:	cb 01 00 f9	str	x11, [x14]
100005790:	4a 21 00 91	add	x10, x10, #0x8
100005794:	ce 21 00 91	add	x14, x14, #0x8
100005798:	8c 05 00 d1	sub	x12, x12, #0x1
10000579c:	6c ff ff b5	cbnz	x12, 0x100005788
1000057a0:	ff c3 00 91	add	sp, sp, #0x30
1000057a4:	e9 03 0d aa	mov	x9, x13
1000057a8:	ee a1 00 91	add	x14, x15, #0x28
1000057ac:	0b 01 80 d2	mov	x11, #0x8
1000057b0:	29 7d 0b 9b	mul	x9, x9, x11
1000057b4:	ce 01 09 8b	add	x14, x14, x9
1000057b8:	ec 0b 41 f9	ldr	x12, [sp, #0x210]
1000057bc:	cc 01 00 f9	str	x12, [x14]
1000057c0:	ef 0f 01 f9	str	x15, [sp, #0x218]
1000057c4:	ea 07 41 f9	ldr	x10, [sp, #0x208]
1000057c8:	4e 21 00 91	add	x14, x10, #0x8
1000057cc:	c9 fd 5f c8	ldaxr	x9, [x14]
1000057d0:	c9 02 00 b4	cbz	x9, 0x100005828
1000057d4:	29 05 00 d1	sub	x9, x9, #0x1
1000057d8:	c9 fd 0b c8	stlxr	w11, x9, [x14]
1000057dc:	8b ff ff 35	cbnz	w11, 0x1000057cc
1000057e0:	4b 09 40 f9	ldr	x11, [x10, #0x10]
1000057e4:	29 01 0b 8b	add	x9, x9, x11
1000057e8:	09 02 00 b5	cbnz	x9, 0x100005828
1000057ec:	4e 81 00 91	add	x14, x10, #0x20
1000057f0:	c9 fd 5f c8	ldaxr	x9, [x14]
1000057f4:	4b 00 80 d2	mov	x11, #0x2
1000057f8:	3f 01 0b eb	cmp	x9, x11
1000057fc:	a0 ff ff 54	b.eq	0x1000057f0
100005800:	2b 00 80 d2	mov	x11, #0x1
100005804:	3f 01 0b eb	cmp	x9, x11
100005808:	00 01 00 54	b.eq	0x100005828
10000580c:	29 00 80 d2	mov	x9, #0x1
100005810:	c9 fd 0b c8	stlxr	w11, x9, [x14]
100005814:	eb fe ff 35	cbnz	w11, 0x1000057f0
100005818:	41 0d 40 f9	ldr	x1, [x10, #0x18]
10000581c:	e0 03 0a aa	mov	x0, x10
100005820:	30 09 80 52	mov	w16, #0x49
100005824:	01 10 00 d4	svc	#0x80
100005828:	04 00 00 14	b	0x100005838
10000582c:	ff c3 00 91	add	sp, sp, #0x30
100005830:	68 00 80 52	mov	w8, #0x3
100005834:	05 01 00 14	b	0x100005c48
100005838:	e9 0f 41 f9	ldr	x9, [sp, #0x218]
10000583c:	e9 07 00 f9	str	x9, [sp, #0x8]
100005840:	f0 03 09 aa	mov	x16, x9
100005844:	e9 73 41 f9	ldr	x9, [sp, #0x2e0]
100005848:	2b 05 00 91	add	x11, x9, #0x1
10000584c:	eb 17 01 f9	str	x11, [sp, #0x228]
100005850:	f1 03 0b aa	mov	x17, x11
100005854:	e9 03 11 aa	mov	x9, x17
100005858:	e9 73 01 f9	str	x9, [sp, #0x2e0]
10000585c:	f0 03 09 aa	mov	x16, x9
100005860:	01 fe ff 17	b	0x100005064
100005864:	e9 23 41 f9	ldr	x9, [sp, #0x240]
100005868:	e9 33 01 f9	str	x9, [sp, #0x260]
10000586c:	ea 33 41 f9	ldr	x10, [sp, #0x260]
100005870:	4e 21 00 91	add	x14, x10, #0x8
100005874:	c9 fd 5f c8	ldaxr	x9, [x14]
100005878:	29 05 00 91	add	x9, x9, #0x1
10000587c:	c9 fd 0b c8	stlxr	w11, x9, [x14]
100005880:	ab ff ff 35	cbnz	w11, 0x100005874
100005884:	09 00 e0 d2	movz	x9, #0x0, lsl #48
100005888:	e9 37 01 f9	str	x9, [sp, #0x268]
10000588c:	f0 03 09 aa	mov	x16, x9
100005890:	e9 33 41 f9	ldr	x9, [sp, #0x260]
100005894:	2a 01 40 f9	ldr	x10, [x9]
100005898:	ea 3b 01 f9	str	x10, [sp, #0x270]
10000589c:	e9 37 41 f9	ldr	x9, [sp, #0x268]
1000058a0:	e9 7f 01 f9	str	x9, [sp, #0x2f8]
1000058a4:	f0 03 09 aa	mov	x16, x9
1000058a8:	0b 00 00 14	b	0x1000058d4
1000058ac:	e9 07 40 f9	ldr	x9, [sp, #0x8]
1000058b0:	e9 4f 01 f9	str	x9, [sp, #0x298]
1000058b4:	f0 03 09 aa	mov	x16, x9
1000058b8:	e9 4f 41 f9	ldr	x9, [sp, #0x298]
1000058bc:	2a 01 40 f9	ldr	x10, [x9]
1000058c0:	ea 53 01 f9	str	x10, [sp, #0x2a0]
1000058c4:	e9 53 41 f9	ldr	x9, [sp, #0x2a0]
1000058c8:	e9 83 01 f9	str	x9, [sp, #0x300]
1000058cc:	f0 03 09 aa	mov	x16, x9
1000058d0:	26 00 00 14	b	0x100005968
1000058d4:	e9 7f 41 f9	ldr	x9, [sp, #0x2f8]
1000058d8:	ea 3b 41 f9	ldr	x10, [sp, #0x270]
1000058dc:	3f 01 0a eb	cmp	x9, x10
1000058e0:	0b 00 80 52	mov	w11, #0x0
1000058e4:	4a 00 00 54	b.ge	0x1000058ec
1000058e8:	2b 00 80 52	mov	w11, #0x1
1000058ec:	eb 3f 01 f9	str	x11, [sp, #0x278]
1000058f0:	f0 03 0b aa	mov	x16, x11
1000058f4:	e9 3f 41 f9	ldr	x9, [sp, #0x278]
1000058f8:	a9 fd ff 34	cbz	w9, 0x1000058ac
1000058fc:	ea 33 41 f9	ldr	x10, [sp, #0x260]
100005900:	4a a1 00 91	add	x10, x10, #0x28
100005904:	e9 7f 41 f9	ldr	x9, [sp, #0x2f8]
100005908:	4a 0d 09 8b	add	x10, x10, x9, lsl #3
10000590c:	4c 01 40 f9	ldr	x12, [x10]
100005910:	ec 43 01 f9	str	x12, [sp, #0x280]
100005914:	ea 43 41 f9	ldr	x10, [sp, #0x280]
100005918:	49 01 40 f9	ldr	x9, [x10]
10000591c:	0b 00 80 d2	mov	x11, #0x0
100005920:	0b 00 a0 f2	movk	x11, #0x0, lsl #16
100005924:	0b 00 c0 f2	movk	x11, #0x0, lsl #32
100005928:	0b 00 f0 f2	movk	x11, #0x8000, lsl #48
10000592c:	29 01 0b 8a	and	x9, x9, x11
100005930:	c9 00 00 b4	cbz	x9, 0x100005948
100005934:	4a 41 00 d1	sub	x10, x10, #0x10
100005938:	49 fd 5f c8	ldaxr	x9, [x10]
10000593c:	29 05 00 91	add	x9, x9, #0x1
100005940:	49 fd 0b c8	stlxr	w11, x9, [x10]
100005944:	ab ff ff 35	cbnz	w11, 0x100005938
100005948:	e9 7f 41 f9	ldr	x9, [sp, #0x2f8]
10000594c:	2b 05 00 91	add	x11, x9, #0x1
100005950:	eb 4b 01 f9	str	x11, [sp, #0x290]
100005954:	f0 03 0b aa	mov	x16, x11
100005958:	e9 03 10 aa	mov	x9, x16
10000595c:	e9 7f 01 f9	str	x9, [sp, #0x2f8]
100005960:	f1 03 09 aa	mov	x17, x9
100005964:	dc ff ff 17	b	0x1000058d4
100005968:	09 00 e0 d2	movz	x9, #0x0, lsl #48
10000596c:	e9 57 01 f9	str	x9, [sp, #0x2a8]
100005970:	f0 03 09 aa	mov	x16, x9
100005974:	e9 83 41 f9	ldr	x9, [sp, #0x300]
100005978:	ea 57 41 f9	ldr	x10, [sp, #0x2a8]
10000597c:	3f 01 0a eb	cmp	x9, x10
100005980:	0b 00 80 52	mov	w11, #0x0
100005984:	40 00 00 54	b.eq	0x10000598c
100005988:	2b 00 80 52	mov	w11, #0x1
10000598c:	eb 5b 01 f9	str	x11, [sp, #0x2b0]
100005990:	f1 03 0b aa	mov	x17, x11
100005994:	e9 5b 41 f9	ldr	x9, [sp, #0x2b0]
100005998:	89 11 00 34	cbz	w9, 0x100005bc8
10000599c:	e9 83 41 f9	ldr	x9, [sp, #0x300]
1000059a0:	2b 05 00 d1	sub	x11, x9, #0x1
1000059a4:	eb 63 01 f9	str	x11, [sp, #0x2c0]
1000059a8:	f0 03 0b aa	mov	x16, x11
1000059ac:	ea 4f 41 f9	ldr	x10, [sp, #0x298]
1000059b0:	4d 01 40 f9	ldr	x13, [x10]
1000059b4:	e9 63 41 f9	ldr	x9, [sp, #0x2c0]
1000059b8:	3f 01 1f eb	cmp	x9, xzr
1000059bc:	4a 00 00 54	b.ge	0x1000059c4
1000059c0:	29 01 0d 8b	add	x9, x9, x13
1000059c4:	3f 01 1f eb	cmp	x9, xzr
1000059c8:	0b 01 00 54	b.lt	0x1000059e8
1000059cc:	3f 01 0d eb	cmp	x9, x13
1000059d0:	ca 00 00 54	b.ge	0x1000059e8
1000059d4:	4a a1 00 91	add	x10, x10, #0x28
1000059d8:	4a 0d 09 8b	add	x10, x10, x9, lsl #3
1000059dc:	4c 01 40 f9	ldr	x12, [x10]
1000059e0:	ec 67 01 f9	str	x12, [sp, #0x2c8]
1000059e4:	62 00 00 14	b	0x100005b6c
1000059e8:	ed 67 01 f9	str	x13, [sp, #0x2c8]
1000059ec:	40 00 80 52	mov	w0, #0x2
1000059f0:	21 00 00 b0	adrp	x1, 5 ; 0x10000a000
1000059f4:	21 c0 0d 91	add	x1, x1, #0x370
1000059f8:	c2 13 80 d2	mov	x2, #0x9e
1000059fc:	02 00 a0 f2	movk	x2, #0x0, lsl #16
100005a00:	02 00 c0 f2	movk	x2, #0x0, lsl #32
100005a04:	02 00 e0 f2	movk	x2, #0x0, lsl #48
100005a08:	90 00 80 52	mov	w16, #0x4
100005a0c:	01 10 00 d4	svc	#0x80
100005a10:	e9 63 41 f9	ldr	x9, [sp, #0x2c0]
100005a14:	ff 83 00 d1	sub	sp, sp, #0x20
100005a18:	eb 83 00 91	add	x11, sp, #0x20
100005a1c:	0c 00 80 52	mov	w12, #0x0
100005a20:	c9 00 00 b5	cbnz	x9, 0x100005a38
100005a24:	6b 05 00 d1	sub	x11, x11, #0x1
100005a28:	0a 06 80 52	mov	w10, #0x30
100005a2c:	6a 01 00 39	strb	w10, [x11]
100005a30:	8c 05 00 91	add	x12, x12, #0x1
100005a34:	16 00 00 14	b	0x100005a8c
100005a38:	03 00 80 52	mov	w3, #0x0
100005a3c:	3f 01 1f eb	cmp	x9, xzr
100005a40:	6b 00 00 54	b.lt	0x100005a4c
100005a44:	e9 03 09 eb	negs	x9, x9
100005a48:	02 00 00 14	b	0x100005a50
100005a4c:	23 00 80 52	mov	w3, #0x1
100005a50:	4a 01 80 52	mov	w10, #0xa
100005a54:	24 0d ca 9a	sdiv	x4, x9, x10
100005a58:	85 a4 0a 9b	msub	x5, x4, x10, x9
100005a5c:	06 06 80 52	mov	w6, #0x30
100005a60:	c6 00 05 eb	subs	x6, x6, x5
100005a64:	6b 05 00 d1	sub	x11, x11, #0x1
100005a68:	66 01 00 39	strb	w6, [x11]
100005a6c:	8c 05 00 91	add	x12, x12, #0x1
100005a70:	e9 03 04 aa	mov	x9, x4
100005a74:	e9 fe ff b5	cbnz	x9, 0x100005a50
100005a78:	a3 00 00 34	cbz	w3, 0x100005a8c
100005a7c:	6b 05 00 d1	sub	x11, x11, #0x1
100005a80:	aa 05 80 52	mov	w10, #0x2d
100005a84:	6a 01 00 39	strb	w10, [x11]
100005a88:	8c 05 00 91	add	x12, x12, #0x1
100005a8c:	40 00 80 52	mov	w0, #0x2
100005a90:	e1 03 0b aa	mov	x1, x11
100005a94:	e2 03 0c aa	mov	x2, x12
100005a98:	90 00 80 52	mov	w16, #0x4
100005a9c:	01 10 00 d4	svc	#0x80
100005aa0:	ff 83 00 91	add	sp, sp, #0x20
100005aa4:	40 00 80 52	mov	w0, #0x2
100005aa8:	21 00 00 b0	adrp	x1, 5 ; 0x10000a000
100005aac:	21 60 00 91	add	x1, x1, #0x18
100005ab0:	82 03 80 d2	mov	x2, #0x1c
100005ab4:	02 00 a0 f2	movk	x2, #0x0, lsl #16
100005ab8:	02 00 c0 f2	movk	x2, #0x0, lsl #32
100005abc:	02 00 e0 f2	movk	x2, #0x0, lsl #48
100005ac0:	90 00 80 52	mov	w16, #0x4
100005ac4:	01 10 00 d4	svc	#0x80
100005ac8:	e9 67 41 f9	ldr	x9, [sp, #0x2c8]
100005acc:	ff 83 00 d1	sub	sp, sp, #0x20
100005ad0:	eb 7f 00 91	add	x11, sp, #0x1f
100005ad4:	4a 01 80 52	mov	w10, #0xa
100005ad8:	6a 01 00 39	strb	w10, [x11]
100005adc:	2c 00 80 52	mov	w12, #0x1
100005ae0:	c9 00 00 b5	cbnz	x9, 0x100005af8
100005ae4:	6b 05 00 d1	sub	x11, x11, #0x1
100005ae8:	0a 06 80 52	mov	w10, #0x30
100005aec:	6a 01 00 39	strb	w10, [x11]
100005af0:	8c 05 00 91	add	x12, x12, #0x1
100005af4:	16 00 00 14	b	0x100005b4c
100005af8:	03 00 80 52	mov	w3, #0x0
100005afc:	3f 01 1f eb	cmp	x9, xzr
100005b00:	6b 00 00 54	b.lt	0x100005b0c
100005b04:	e9 03 09 eb	negs	x9, x9
100005b08:	02 00 00 14	b	0x100005b10
100005b0c:	23 00 80 52	mov	w3, #0x1
100005b10:	4a 01 80 52	mov	w10, #0xa
100005b14:	24 0d ca 9a	sdiv	x4, x9, x10
100005b18:	85 a4 0a 9b	msub	x5, x4, x10, x9
100005b1c:	06 06 80 52	mov	w6, #0x30
100005b20:	c6 00 05 eb	subs	x6, x6, x5
100005b24:	6b 05 00 d1	sub	x11, x11, #0x1
100005b28:	66 01 00 39	strb	w6, [x11]
100005b2c:	8c 05 00 91	add	x12, x12, #0x1
100005b30:	e9 03 04 aa	mov	x9, x4
100005b34:	e9 fe ff b5	cbnz	x9, 0x100005b10
100005b38:	a3 00 00 34	cbz	w3, 0x100005b4c
100005b3c:	6b 05 00 d1	sub	x11, x11, #0x1
100005b40:	aa 05 80 52	mov	w10, #0x2d
100005b44:	6a 01 00 39	strb	w10, [x11]
100005b48:	8c 05 00 91	add	x12, x12, #0x1
100005b4c:	40 00 80 52	mov	w0, #0x2
100005b50:	e1 03 0b aa	mov	x1, x11
100005b54:	e2 03 0c aa	mov	x2, x12
100005b58:	90 00 80 52	mov	w16, #0x4
100005b5c:	01 10 00 d4	svc	#0x80
100005b60:	ff 83 00 91	add	sp, sp, #0x20
100005b64:	68 00 80 52	mov	w8, #0x3
100005b68:	38 00 00 14	b	0x100005c48
100005b6c:	ea 67 41 f9	ldr	x10, [sp, #0x2c8]
100005b70:	49 01 40 f9	ldr	x9, [x10]
100005b74:	0b 00 80 d2	mov	x11, #0x0
100005b78:	0b 00 a0 f2	movk	x11, #0x0, lsl #16
100005b7c:	0b 00 c0 f2	movk	x11, #0x0, lsl #32
100005b80:	0b 00 f0 f2	movk	x11, #0x8000, lsl #48
100005b84:	29 01 0b 8a	and	x9, x9, x11
100005b88:	89 01 00 b4	cbz	x9, 0x100005bb8
100005b8c:	4a 41 00 d1	sub	x10, x10, #0x10
100005b90:	49 fd 5f c8	ldaxr	x9, [x10]
100005b94:	29 01 00 b4	cbz	x9, 0x100005bb8
100005b98:	29 05 00 d1	sub	x9, x9, #0x1
100005b9c:	49 fd 0b c8	stlxr	w11, x9, [x10]
100005ba0:	8b ff ff 35	cbnz	w11, 0x100005b90
100005ba4:	a9 00 00 b5	cbnz	x9, 0x100005bb8
100005ba8:	41 05 40 f9	ldr	x1, [x10, #0x8]
100005bac:	e0 03 0a aa	mov	x0, x10
100005bb0:	30 09 80 52	mov	w16, #0x49
100005bb4:	01 10 00 d4	svc	#0x80
100005bb8:	e9 63 41 f9	ldr	x9, [sp, #0x2c0]
100005bbc:	e9 83 01 f9	str	x9, [sp, #0x300]
100005bc0:	f0 03 09 aa	mov	x16, x9
100005bc4:	69 ff ff 17	b	0x100005968
100005bc8:	ea 4f 41 f9	ldr	x10, [sp, #0x298]
100005bcc:	4e 21 00 91	add	x14, x10, #0x8
100005bd0:	c9 fd 5f c8	ldaxr	x9, [x14]
100005bd4:	c9 02 00 b4	cbz	x9, 0x100005c2c
100005bd8:	29 05 00 d1	sub	x9, x9, #0x1
100005bdc:	c9 fd 0b c8	stlxr	w11, x9, [x14]
100005be0:	8b ff ff 35	cbnz	w11, 0x100005bd0
100005be4:	4b 09 40 f9	ldr	x11, [x10, #0x10]
100005be8:	29 01 0b 8b	add	x9, x9, x11
100005bec:	09 02 00 b5	cbnz	x9, 0x100005c2c
100005bf0:	4e 81 00 91	add	x14, x10, #0x20
100005bf4:	c9 fd 5f c8	ldaxr	x9, [x14]
100005bf8:	4b 00 80 d2	mov	x11, #0x2
100005bfc:	3f 01 0b eb	cmp	x9, x11
100005c00:	a0 ff ff 54	b.eq	0x100005bf4
100005c04:	2b 00 80 d2	mov	x11, #0x1
100005c08:	3f 01 0b eb	cmp	x9, x11
100005c0c:	00 01 00 54	b.eq	0x100005c2c
100005c10:	29 00 80 d2	mov	x9, #0x1
100005c14:	c9 fd 0b c8	stlxr	w11, x9, [x14]
100005c18:	eb fe ff 35	cbnz	w11, 0x100005bf4
100005c1c:	41 0d 40 f9	ldr	x1, [x10, #0x18]
100005c20:	e0 03 0a aa	mov	x0, x10
100005c24:	30 09 80 52	mov	w16, #0x49
100005c28:	01 10 00 d4	svc	#0x80
100005c2c:	ee 03 40 f9	ldr	x14, [sp]
100005c30:	e9 1f 41 f9	ldr	x9, [sp, #0x238]
100005c34:	c9 01 00 f9	str	x9, [x14]
100005c38:	e9 23 41 f9	ldr	x9, [sp, #0x240]
100005c3c:	c9 05 00 f9	str	x9, [x14, #0x8]
100005c40:	00 00 80 d2	mov	x0, #0x0
100005c44:	08 00 80 52	mov	w8, #0x0
100005c48:	ff 43 0c 91	add	sp, sp, #0x310
100005c4c:	fd 7b c1 a8	ldp	x29, x30, [sp], #0x10
100005c50:	c0 03 5f d6	ret
100005c54:	28 00 80 52	mov	w8, #0x1
100005c58:	fc ff ff 17	b	0x100005c48
100005c5c:	48 00 80 52	mov	w8, #0x2
100005c60:	fa ff ff 17	b	0x100005c48
_silex_function_11:
100005c64:	fd 7b bf a9	stp	x29, x30, [sp, #-0x10]!
100005c68:	fd 03 00 91	mov	x29, sp
100005c6c:	ff 83 03 d1	sub	sp, sp, #0xe0
100005c70:	e0 03 00 f9	str	x0, [sp]
100005c74:	01 00 88 d2	mov	x1, #0x4000
100005c78:	00 00 80 52	mov	w0, #0x0
100005c7c:	62 00 80 52	mov	w2, #0x3
100005c80:	43 00 82 52	mov	w3, #0x1002
100005c84:	e4 ff 9f d2	mov	x4, #0xffff
100005c88:	e4 ff bf f2	movk	x4, #0xffff, lsl #16
100005c8c:	e4 ff df f2	movk	x4, #0xffff, lsl #32
100005c90:	e4 ff ff f2	movk	x4, #0xffff, lsl #48
100005c94:	05 00 80 52	mov	w5, #0x0
100005c98:	b0 18 80 52	mov	w16, #0xc5
100005c9c:	01 10 00 d4	svc	#0x80
100005ca0:	62 01 00 54	b.hs	0x100005ccc
100005ca4:	ef 03 00 aa	mov	x15, x0
100005ca8:	09 00 80 d2	mov	x9, #0x0
100005cac:	e9 01 00 f9	str	x9, [x15]
100005cb0:	29 00 80 d2	mov	x9, #0x1
100005cb4:	e9 05 00 f9	str	x9, [x15, #0x8]
100005cb8:	09 00 88 d2	mov	x9, #0x4000
100005cbc:	e9 0d 00 f9	str	x9, [x15, #0x18]
100005cc0:	ee a1 00 91	add	x14, x15, #0x28
100005cc4:	ef 07 00 f9	str	x15, [sp, #0x8]
100005cc8:	03 00 00 14	b	0x100005cd4
100005ccc:	68 00 80 52	mov	w8, #0x3
100005cd0:	71 01 00 14	b	0x100006294
100005cd4:	e9 07 40 f9	ldr	x9, [sp, #0x8]
100005cd8:	e9 6f 00 f9	str	x9, [sp, #0xd8]
100005cdc:	f0 03 09 aa	mov	x16, x9
100005ce0:	09 00 e0 d2	movz	x9, #0x0, lsl #48
100005ce4:	e9 0b 00 f9	str	x9, [sp, #0x10]
100005ce8:	f1 03 09 aa	mov	x17, x9
100005cec:	e9 03 11 aa	mov	x9, x17
100005cf0:	e9 6b 00 f9	str	x9, [sp, #0xd0]
100005cf4:	f0 03 09 aa	mov	x16, x9
100005cf8:	09 00 82 d2	mov	x9, #0x1000
100005cfc:	e9 0f 00 f9	str	x9, [sp, #0x18]
100005d00:	f0 03 09 aa	mov	x16, x9
100005d04:	e9 6b 40 f9	ldr	x9, [sp, #0xd0]
100005d08:	ea 0f 40 f9	ldr	x10, [sp, #0x18]
100005d0c:	3f 01 0a eb	cmp	x9, x10
100005d10:	0b 00 80 52	mov	w11, #0x0
100005d14:	42 00 00 54	b.hs	0x100005d1c
100005d18:	2b 00 80 52	mov	w11, #0x1
100005d1c:	eb 13 00 f9	str	x11, [sp, #0x20]
100005d20:	f1 03 0b aa	mov	x17, x11
100005d24:	e9 13 40 f9	ldr	x9, [sp, #0x20]
100005d28:	a9 02 00 34	cbz	w9, 0x100005d7c
100005d2c:	e9 03 40 f9	ldr	x9, [sp]
100005d30:	ea 6b 40 f9	ldr	x10, [sp, #0xd0]
100005d34:	29 01 0a 8b	add	x9, x9, x10
100005d38:	29 01 40 39	ldrb	w9, [x9]
100005d3c:	e9 17 00 f9	str	x9, [sp, #0x28]
100005d40:	09 00 e0 d2	movz	x9, #0x0, lsl #48
100005d44:	e9 1b 00 f9	str	x9, [sp, #0x30]
100005d48:	f0 03 09 aa	mov	x16, x9
100005d4c:	e9 17 40 f9	ldr	x9, [sp, #0x28]
100005d50:	ea 1b 40 f9	ldr	x10, [sp, #0x30]
100005d54:	3f 01 0a eb	cmp	x9, x10
100005d58:	0b 00 80 52	mov	w11, #0x0
100005d5c:	41 00 00 54	b.ne	0x100005d64
100005d60:	2b 00 80 52	mov	w11, #0x1
100005d64:	eb 1f 00 f9	str	x11, [sp, #0x38]
100005d68:	f1 03 0b aa	mov	x17, x11
100005d6c:	e9 1f 40 f9	ldr	x9, [sp, #0x38]
100005d70:	49 00 00 34	cbz	w9, 0x100005d78
100005d74:	24 00 00 14	b	0x100005e04
100005d78:	c1 00 00 14	b	0x10000607c
100005d7c:	29 00 00 d0	adrp	x9, 6 ; 0x10000b000
100005d80:	29 81 1a 91	add	x9, x9, #0x6a0
100005d84:	e9 67 00 f9	str	x9, [sp, #0xc8]
100005d88:	40 00 80 52	mov	w0, #0x2
100005d8c:	21 00 00 d0	adrp	x1, 6 ; 0x10000b000
100005d90:	21 60 1b 91	add	x1, x1, #0x6d8
100005d94:	a2 13 80 d2	mov	x2, #0x9d
100005d98:	02 00 a0 f2	movk	x2, #0x0, lsl #16
100005d9c:	02 00 c0 f2	movk	x2, #0x0, lsl #32
100005da0:	02 00 e0 f2	movk	x2, #0x0, lsl #48
100005da4:	90 00 80 52	mov	w16, #0x4
100005da8:	01 10 00 d4	svc	#0x80
100005dac:	e9 67 40 f9	ldr	x9, [sp, #0xc8]
100005db0:	22 01 40 f9	ldr	x2, [x9]
100005db4:	ea ff 9f d2	mov	x10, #0xffff
100005db8:	ea ff bf f2	movk	x10, #0xffff, lsl #16
100005dbc:	ea ff df f2	movk	x10, #0xffff, lsl #32
100005dc0:	ea ff ef f2	movk	x10, #0x7fff, lsl #48
100005dc4:	42 00 0a 8a	and	x2, x2, x10
100005dc8:	21 21 00 91	add	x1, x9, #0x8
100005dcc:	40 00 80 52	mov	w0, #0x2
100005dd0:	90 00 80 52	mov	w16, #0x4
100005dd4:	01 10 00 d4	svc	#0x80
100005dd8:	40 00 80 52	mov	w0, #0x2
100005ddc:	21 00 00 90	adrp	x1, 4 ; 0x100009000
100005de0:	21 40 3c 91	add	x1, x1, #0xf10
100005de4:	22 00 80 d2	mov	x2, #0x1
100005de8:	02 00 a0 f2	movk	x2, #0x0, lsl #16
100005dec:	02 00 c0 f2	movk	x2, #0x0, lsl #32
100005df0:	02 00 e0 f2	movk	x2, #0x0, lsl #48
100005df4:	90 00 80 52	mov	w16, #0x4
100005df8:	01 10 00 d4	svc	#0x80
100005dfc:	68 00 80 52	mov	w8, #0x3
100005e00:	25 01 00 14	b	0x100006294
100005e04:	e9 6f 40 f9	ldr	x9, [sp, #0xd8]
100005e08:	e9 23 00 f9	str	x9, [sp, #0x40]
100005e0c:	f0 03 09 aa	mov	x16, x9
100005e10:	09 00 e0 d2	movz	x9, #0x0, lsl #48
100005e14:	e9 27 00 f9	str	x9, [sp, #0x48]
100005e18:	f1 03 09 aa	mov	x17, x9
100005e1c:	e9 6f 40 f9	ldr	x9, [sp, #0xd8]
100005e20:	e9 2b 00 f9	str	x9, [sp, #0x50]
100005e24:	f0 03 09 aa	mov	x16, x9
100005e28:	e9 2b 40 f9	ldr	x9, [sp, #0x50]
100005e2c:	2a 01 40 f9	ldr	x10, [x9]
100005e30:	ea 2f 00 f9	str	x10, [sp, #0x58]
100005e34:	ea 23 40 f9	ldr	x10, [sp, #0x40]
100005e38:	4d 01 40 f9	ldr	x13, [x10]
100005e3c:	4a a1 00 91	add	x10, x10, #0x28
100005e40:	e9 27 40 f9	ldr	x9, [sp, #0x48]
100005e44:	3f 01 1f eb	cmp	x9, xzr
100005e48:	4a 00 00 54	b.ge	0x100005e50
100005e4c:	29 01 0d 8b	add	x9, x9, x13
100005e50:	3f 01 1f eb	cmp	x9, xzr
100005e54:	4a 00 00 54	b.ge	0x100005e5c
100005e58:	09 00 80 52	mov	w9, #0x0
100005e5c:	3f 01 0d eb	cmp	x9, x13
100005e60:	4d 00 00 54	b.le	0x100005e68
100005e64:	e9 03 0d aa	mov	x9, x13
100005e68:	e8 2f 40 f9	ldr	x8, [sp, #0x58]
100005e6c:	1f 01 1f eb	cmp	x8, xzr
100005e70:	4a 00 00 54	b.ge	0x100005e78
100005e74:	08 01 0d 8b	add	x8, x8, x13
100005e78:	1f 01 1f eb	cmp	x8, xzr
100005e7c:	4a 00 00 54	b.ge	0x100005e84
100005e80:	08 00 80 52	mov	w8, #0x0
100005e84:	1f 01 0d eb	cmp	x8, x13
100005e88:	4d 00 00 54	b.le	0x100005e90
100005e8c:	e8 03 0d aa	mov	x8, x13
100005e90:	0c 00 80 52	mov	w12, #0x0
100005e94:	3f 01 08 eb	cmp	x9, x8
100005e98:	4a 00 00 54	b.ge	0x100005ea0
100005e9c:	0c 01 09 eb	subs	x12, x8, x9
100005ea0:	0b 01 80 d2	mov	x11, #0x8
100005ea4:	29 7d 0b 9b	mul	x9, x9, x11
100005ea8:	4a 01 09 8b	add	x10, x10, x9
100005eac:	ea 33 00 f9	str	x10, [sp, #0x60]
100005eb0:	ec 37 00 f9	str	x12, [sp, #0x68]
100005eb4:	e0 33 40 f9	ldr	x0, [sp, #0x60]
100005eb8:	e1 37 40 f9	ldr	x1, [sp, #0x68]
100005ebc:	ef c3 01 91	add	x15, sp, #0x70
100005ec0:	fc 00 00 94	bl	_silex_function_12
100005ec4:	88 1e 00 35	cbnz	w8, 0x100006294
100005ec8:	e9 3b 40 f9	ldr	x9, [sp, #0x70]
100005ecc:	0a 00 e0 d2	movz	x10, #0x0, lsl #48
100005ed0:	3f 01 0a eb	cmp	x9, x10
100005ed4:	0b 00 80 52	mov	w11, #0x0
100005ed8:	41 00 00 54	b.ne	0x100005ee0
100005edc:	2b 00 80 52	mov	w11, #0x1
100005ee0:	eb 47 00 f9	str	x11, [sp, #0x88]
100005ee4:	e9 47 40 f9	ldr	x9, [sp, #0x88]
100005ee8:	69 08 00 34	cbz	w9, 0x100005ff4
100005eec:	e9 3f 40 f9	ldr	x9, [sp, #0x78]
100005ef0:	e9 4b 00 f9	str	x9, [sp, #0x90]
100005ef4:	f0 03 09 aa	mov	x16, x9
100005ef8:	ea 4b 40 f9	ldr	x10, [sp, #0x90]
100005efc:	49 01 40 f9	ldr	x9, [x10]
100005f00:	0b 00 80 d2	mov	x11, #0x0
100005f04:	0b 00 a0 f2	movk	x11, #0x0, lsl #16
100005f08:	0b 00 c0 f2	movk	x11, #0x0, lsl #32
100005f0c:	0b 00 f0 f2	movk	x11, #0x8000, lsl #48
100005f10:	29 01 0b 8a	and	x9, x9, x11
100005f14:	c9 00 00 b4	cbz	x9, 0x100005f2c
100005f18:	4a 41 00 d1	sub	x10, x10, #0x10
100005f1c:	49 fd 5f c8	ldaxr	x9, [x10]
100005f20:	29 05 00 91	add	x9, x9, #0x1
100005f24:	49 fd 0b c8	stlxr	w11, x9, [x10]
100005f28:	ab ff ff 35	cbnz	w11, 0x100005f1c
100005f2c:	ea 4b 40 f9	ldr	x10, [sp, #0x90]
100005f30:	49 01 40 f9	ldr	x9, [x10]
100005f34:	0b 00 80 d2	mov	x11, #0x0
100005f38:	0b 00 a0 f2	movk	x11, #0x0, lsl #16
100005f3c:	0b 00 c0 f2	movk	x11, #0x0, lsl #32
100005f40:	0b 00 f0 f2	movk	x11, #0x8000, lsl #48
100005f44:	29 01 0b 8a	and	x9, x9, x11
100005f48:	89 01 00 b4	cbz	x9, 0x100005f78
100005f4c:	4a 41 00 d1	sub	x10, x10, #0x10
100005f50:	49 fd 5f c8	ldaxr	x9, [x10]
100005f54:	29 01 00 b4	cbz	x9, 0x100005f78
100005f58:	29 05 00 d1	sub	x9, x9, #0x1
100005f5c:	49 fd 0b c8	stlxr	w11, x9, [x10]
100005f60:	8b ff ff 35	cbnz	w11, 0x100005f50
100005f64:	a9 00 00 b5	cbnz	x9, 0x100005f78
100005f68:	41 05 40 f9	ldr	x1, [x10, #0x8]
100005f6c:	e0 03 0a aa	mov	x0, x10
100005f70:	30 09 80 52	mov	w16, #0x49
100005f74:	01 10 00 d4	svc	#0x80
100005f78:	e9 6f 40 f9	ldr	x9, [sp, #0xd8]
100005f7c:	e9 4f 00 f9	str	x9, [sp, #0x98]
100005f80:	f0 03 09 aa	mov	x16, x9
100005f84:	ea 4f 40 f9	ldr	x10, [sp, #0x98]
100005f88:	4e 21 00 91	add	x14, x10, #0x8
100005f8c:	c9 fd 5f c8	ldaxr	x9, [x14]
100005f90:	c9 02 00 b4	cbz	x9, 0x100005fe8
100005f94:	29 05 00 d1	sub	x9, x9, #0x1
100005f98:	c9 fd 0b c8	stlxr	w11, x9, [x14]
100005f9c:	8b ff ff 35	cbnz	w11, 0x100005f8c
100005fa0:	4b 09 40 f9	ldr	x11, [x10, #0x10]
100005fa4:	29 01 0b 8b	add	x9, x9, x11
100005fa8:	09 02 00 b5	cbnz	x9, 0x100005fe8
100005fac:	4e 81 00 91	add	x14, x10, #0x20
100005fb0:	c9 fd 5f c8	ldaxr	x9, [x14]
100005fb4:	4b 00 80 d2	mov	x11, #0x2
100005fb8:	3f 01 0b eb	cmp	x9, x11
100005fbc:	a0 ff ff 54	b.eq	0x100005fb0
100005fc0:	2b 00 80 d2	mov	x11, #0x1
100005fc4:	3f 01 0b eb	cmp	x9, x11
100005fc8:	00 01 00 54	b.eq	0x100005fe8
100005fcc:	29 00 80 d2	mov	x9, #0x1
100005fd0:	c9 fd 0b c8	stlxr	w11, x9, [x14]
100005fd4:	eb fe ff 35	cbnz	w11, 0x100005fb0
100005fd8:	41 0d 40 f9	ldr	x1, [x10, #0x18]
100005fdc:	e0 03 0a aa	mov	x0, x10
100005fe0:	30 09 80 52	mov	w16, #0x49
100005fe4:	01 10 00 d4	svc	#0x80
100005fe8:	e0 4b 40 f9	ldr	x0, [sp, #0x90]
100005fec:	08 00 80 52	mov	w8, #0x0
100005ff0:	a9 00 00 14	b	0x100006294
100005ff4:	29 00 00 d0	adrp	x9, 6 ; 0x10000b000
100005ff8:	29 e1 1d 91	add	x9, x9, #0x778
100005ffc:	e9 53 00 f9	str	x9, [sp, #0xa0]
100006000:	40 00 80 52	mov	w0, #0x2
100006004:	21 00 00 b0	adrp	x1, 5 ; 0x10000b000
100006008:	21 e0 1e 91	add	x1, x1, #0x7b8
10000600c:	c2 13 80 d2	mov	x2, #0x9e
100006010:	02 00 a0 f2	movk	x2, #0x0, lsl #16
100006014:	02 00 c0 f2	movk	x2, #0x0, lsl #32
100006018:	02 00 e0 f2	movk	x2, #0x0, lsl #48
10000601c:	90 00 80 52	mov	w16, #0x4
100006020:	01 10 00 d4	svc	#0x80
100006024:	e9 53 40 f9	ldr	x9, [sp, #0xa0]
100006028:	22 01 40 f9	ldr	x2, [x9]
10000602c:	ea ff 9f d2	mov	x10, #0xffff
100006030:	ea ff bf f2	movk	x10, #0xffff, lsl #16
100006034:	ea ff df f2	movk	x10, #0xffff, lsl #32
100006038:	ea ff ef f2	movk	x10, #0x7fff, lsl #48
10000603c:	42 00 0a 8a	and	x2, x2, x10
100006040:	21 21 00 91	add	x1, x9, #0x8
100006044:	40 00 80 52	mov	w0, #0x2
100006048:	90 00 80 52	mov	w16, #0x4
10000604c:	01 10 00 d4	svc	#0x80
100006050:	40 00 80 52	mov	w0, #0x2
100006054:	01 00 00 f0	adrp	x1, 3 ; 0x100009000
100006058:	21 40 3c 91	add	x1, x1, #0xf10
10000605c:	22 00 80 d2	mov	x2, #0x1
100006060:	02 00 a0 f2	movk	x2, #0x0, lsl #16
100006064:	02 00 c0 f2	movk	x2, #0x0, lsl #32
100006068:	02 00 e0 f2	movk	x2, #0x0, lsl #48
10000606c:	90 00 80 52	mov	w16, #0x4
100006070:	01 10 00 d4	svc	#0x80
100006074:	68 00 80 52	mov	w8, #0x3
100006078:	87 00 00 14	b	0x100006294
10000607c:	e9 6f 40 f9	ldr	x9, [sp, #0xd8]
100006080:	e9 57 00 f9	str	x9, [sp, #0xa8]
100006084:	f0 03 09 aa	mov	x16, x9
100006088:	ea 57 40 f9	ldr	x10, [sp, #0xa8]
10000608c:	4d 01 40 f9	ldr	x13, [x10]
100006090:	09 00 80 52	mov	w9, #0x0
100006094:	ec 03 0d aa	mov	x12, x13
100006098:	8c 05 00 91	add	x12, x12, #0x1
10000609c:	4b 05 40 f9	ldr	x11, [x10, #0x8]
1000060a0:	45 09 40 f9	ldr	x5, [x10, #0x10]
1000060a4:	6b 01 05 8b	add	x11, x11, x5
1000060a8:	25 00 80 d2	mov	x5, #0x1
1000060ac:	7f 01 05 eb	cmp	x11, x5
1000060b0:	01 02 00 54	b.ne	0x1000060f0
1000060b4:	0b 01 80 d2	mov	x11, #0x8
1000060b8:	85 7d 0b 9b	mul	x5, x12, x11
1000060bc:	a5 a0 00 91	add	x5, x5, #0x28
1000060c0:	4b 0d 40 f9	ldr	x11, [x10, #0x18]
1000060c4:	bf 00 0b eb	cmp	x5, x11
1000060c8:	48 01 00 54	b.hi	0x1000060f0
1000060cc:	4e a1 00 91	add	x14, x10, #0x28
1000060d0:	0b 01 80 d2	mov	x11, #0x8
1000060d4:	a5 7d 0b 9b	mul	x5, x13, x11
1000060d8:	ce 01 05 8b	add	x14, x14, x5
1000060dc:	e5 17 40 f9	ldr	x5, [sp, #0x28]
1000060e0:	c5 01 00 f9	str	x5, [x14]
1000060e4:	4c 01 00 f9	str	x12, [x10]
1000060e8:	ea 5b 00 f9	str	x10, [sp, #0xb0]
1000060ec:	5b 00 00 14	b	0x100006258
1000060f0:	ff c3 00 d1	sub	sp, sp, #0x30
1000060f4:	ea 03 00 f9	str	x10, [sp]
1000060f8:	ed 07 00 f9	str	x13, [sp, #0x8]
1000060fc:	e9 0b 00 f9	str	x9, [sp, #0x10]
100006100:	ec 0f 00 f9	str	x12, [sp, #0x18]
100006104:	e7 13 00 f9	str	x7, [sp, #0x20]
100006108:	e6 17 00 f9	str	x6, [sp, #0x28]
10000610c:	0b 01 80 d2	mov	x11, #0x8
100006110:	81 7d 0b 9b	mul	x1, x12, x11
100006114:	21 a0 00 91	add	x1, x1, #0x28
100006118:	05 00 88 d2	mov	x5, #0x4000
10000611c:	3f 00 05 eb	cmp	x1, x5
100006120:	42 00 00 54	b.hs	0x100006128
100006124:	e1 03 05 aa	mov	x1, x5
100006128:	21 00 01 8b	add	x1, x1, x1
10000612c:	00 00 80 52	mov	w0, #0x0
100006130:	62 00 80 52	mov	w2, #0x3
100006134:	43 00 82 52	mov	w3, #0x1002
100006138:	e4 ff 9f d2	mov	x4, #0xffff
10000613c:	e4 ff bf f2	movk	x4, #0xffff, lsl #16
100006140:	e4 ff df f2	movk	x4, #0xffff, lsl #32
100006144:	e4 ff ff f2	movk	x4, #0xffff, lsl #48
100006148:	05 00 80 52	mov	w5, #0x0
10000614c:	b0 18 80 52	mov	w16, #0xc5
100006150:	01 10 00 d4	svc	#0x80
100006154:	42 08 00 54	b.hs	0x10000625c
100006158:	ef 03 00 aa	mov	x15, x0
10000615c:	ea 03 40 f9	ldr	x10, [sp]
100006160:	ed 07 40 f9	ldr	x13, [sp, #0x8]
100006164:	e9 0b 40 f9	ldr	x9, [sp, #0x10]
100006168:	ec 0f 40 f9	ldr	x12, [sp, #0x18]
10000616c:	e7 13 40 f9	ldr	x7, [sp, #0x20]
100006170:	e6 17 40 f9	ldr	x6, [sp, #0x28]
100006174:	ec 01 00 f9	str	x12, [x15]
100006178:	25 00 80 d2	mov	x5, #0x1
10000617c:	e5 05 00 f9	str	x5, [x15, #0x8]
100006180:	0b 01 80 d2	mov	x11, #0x8
100006184:	8b 7d 0b 9b	mul	x11, x12, x11
100006188:	6b a1 00 91	add	x11, x11, #0x28
10000618c:	05 00 88 d2	mov	x5, #0x4000
100006190:	7f 01 05 eb	cmp	x11, x5
100006194:	42 00 00 54	b.hs	0x10000619c
100006198:	eb 03 05 aa	mov	x11, x5
10000619c:	6b 01 0b 8b	add	x11, x11, x11
1000061a0:	eb 0d 00 f9	str	x11, [x15, #0x18]
1000061a4:	4a a1 00 91	add	x10, x10, #0x28
1000061a8:	ee a1 00 91	add	x14, x15, #0x28
1000061ac:	2b 00 80 d2	mov	x11, #0x1
1000061b0:	ac 7d 0b 9b	mul	x12, x13, x11
1000061b4:	ec 00 00 b4	cbz	x12, 0x1000061d0
1000061b8:	4b 01 40 f9	ldr	x11, [x10]
1000061bc:	cb 01 00 f9	str	x11, [x14]
1000061c0:	4a 21 00 91	add	x10, x10, #0x8
1000061c4:	ce 21 00 91	add	x14, x14, #0x8
1000061c8:	8c 05 00 d1	sub	x12, x12, #0x1
1000061cc:	6c ff ff b5	cbnz	x12, 0x1000061b8
1000061d0:	ff c3 00 91	add	sp, sp, #0x30
1000061d4:	e9 03 0d aa	mov	x9, x13
1000061d8:	ee a1 00 91	add	x14, x15, #0x28
1000061dc:	0b 01 80 d2	mov	x11, #0x8
1000061e0:	29 7d 0b 9b	mul	x9, x9, x11
1000061e4:	ce 01 09 8b	add	x14, x14, x9
1000061e8:	ec 17 40 f9	ldr	x12, [sp, #0x28]
1000061ec:	cc 01 00 f9	str	x12, [x14]
1000061f0:	ef 5b 00 f9	str	x15, [sp, #0xb0]
1000061f4:	ea 57 40 f9	ldr	x10, [sp, #0xa8]
1000061f8:	4e 21 00 91	add	x14, x10, #0x8
1000061fc:	c9 fd 5f c8	ldaxr	x9, [x14]
100006200:	c9 02 00 b4	cbz	x9, 0x100006258
100006204:	29 05 00 d1	sub	x9, x9, #0x1
100006208:	c9 fd 0b c8	stlxr	w11, x9, [x14]
10000620c:	8b ff ff 35	cbnz	w11, 0x1000061fc
100006210:	4b 09 40 f9	ldr	x11, [x10, #0x10]
100006214:	29 01 0b 8b	add	x9, x9, x11
100006218:	09 02 00 b5	cbnz	x9, 0x100006258
10000621c:	4e 81 00 91	add	x14, x10, #0x20
100006220:	c9 fd 5f c8	ldaxr	x9, [x14]
100006224:	4b 00 80 d2	mov	x11, #0x2
100006228:	3f 01 0b eb	cmp	x9, x11
10000622c:	a0 ff ff 54	b.eq	0x100006220
100006230:	2b 00 80 d2	mov	x11, #0x1
100006234:	3f 01 0b eb	cmp	x9, x11
100006238:	00 01 00 54	b.eq	0x100006258
10000623c:	29 00 80 d2	mov	x9, #0x1
100006240:	c9 fd 0b c8	stlxr	w11, x9, [x14]
100006244:	eb fe ff 35	cbnz	w11, 0x100006220
100006248:	41 0d 40 f9	ldr	x1, [x10, #0x18]
10000624c:	e0 03 0a aa	mov	x0, x10
100006250:	30 09 80 52	mov	w16, #0x49
100006254:	01 10 00 d4	svc	#0x80
100006258:	04 00 00 14	b	0x100006268
10000625c:	ff c3 00 91	add	sp, sp, #0x30
100006260:	68 00 80 52	mov	w8, #0x3
100006264:	0c 00 00 14	b	0x100006294
100006268:	e9 5b 40 f9	ldr	x9, [sp, #0xb0]
10000626c:	e9 6f 00 f9	str	x9, [sp, #0xd8]
100006270:	f0 03 09 aa	mov	x16, x9
100006274:	e9 6b 40 f9	ldr	x9, [sp, #0xd0]
100006278:	2b 05 00 91	add	x11, x9, #0x1
10000627c:	eb 63 00 f9	str	x11, [sp, #0xc0]
100006280:	f1 03 0b aa	mov	x17, x11
100006284:	e9 03 11 aa	mov	x9, x17
100006288:	e9 6b 00 f9	str	x9, [sp, #0xd0]
10000628c:	f0 03 09 aa	mov	x16, x9
100006290:	9a fe ff 17	b	0x100005cf8
100006294:	ff 83 03 91	add	sp, sp, #0xe0
100006298:	fd 7b c1 a8	ldp	x29, x30, [sp], #0x10
10000629c:	c0 03 5f d6	ret
1000062a0:	28 00 80 52	mov	w8, #0x1
1000062a4:	fc ff ff 17	b	0x100006294
1000062a8:	48 00 80 52	mov	w8, #0x2
1000062ac:	fa ff ff 17	b	0x100006294
_silex_function_12:
1000062b0:	fd 7b bf a9	stp	x29, x30, [sp, #-0x10]!
1000062b4:	fd 03 00 91	mov	x29, sp
1000062b8:	ff 43 0e d1	sub	sp, sp, #0x390
1000062bc:	ef 0b 00 f9	str	x15, [sp, #0x10]
1000062c0:	e0 03 00 f9	str	x0, [sp]
1000062c4:	e1 07 00 f9	str	x1, [sp, #0x8]
1000062c8:	09 00 e0 d2	movz	x9, #0x0, lsl #48
1000062cc:	e9 0f 00 f9	str	x9, [sp, #0x18]
1000062d0:	f0 03 09 aa	mov	x16, x9
1000062d4:	e9 03 10 aa	mov	x9, x16
1000062d8:	e9 bb 01 f9	str	x9, [sp, #0x370]
1000062dc:	f1 03 09 aa	mov	x17, x9
1000062e0:	ea 07 40 f9	ldr	x10, [sp, #0x8]
1000062e4:	ea 13 00 f9	str	x10, [sp, #0x20]
1000062e8:	e9 bb 41 f9	ldr	x9, [sp, #0x370]
1000062ec:	ea 13 40 f9	ldr	x10, [sp, #0x20]
1000062f0:	3f 01 0a eb	cmp	x9, x10
1000062f4:	0b 00 80 52	mov	w11, #0x0
1000062f8:	4a 00 00 54	b.ge	0x100006300
1000062fc:	2b 00 80 52	mov	w11, #0x1
100006300:	eb 17 00 f9	str	x11, [sp, #0x28]
100006304:	f0 03 0b aa	mov	x16, x11
100006308:	e9 17 40 f9	ldr	x9, [sp, #0x28]
10000630c:	e9 0f 00 34	cbz	w9, 0x100006508
100006310:	ea 03 40 f9	ldr	x10, [sp]
100006314:	ed 07 40 f9	ldr	x13, [sp, #0x8]
100006318:	e9 bb 41 f9	ldr	x9, [sp, #0x370]
10000631c:	3f 01 1f eb	cmp	x9, xzr
100006320:	4a 00 00 54	b.ge	0x100006328
100006324:	29 01 0d 8b	add	x9, x9, x13
100006328:	3f 01 1f eb	cmp	x9, xzr
10000632c:	eb 00 00 54	b.lt	0x100006348
100006330:	3f 01 0d eb	cmp	x9, x13
100006334:	aa 00 00 54	b.ge	0x100006348
100006338:	4a 0d 09 8b	add	x10, x10, x9, lsl #3
10000633c:	4c 01 40 f9	ldr	x12, [x10]
100006340:	ec 1b 00 f9	str	x12, [sp, #0x30]
100006344:	62 00 00 14	b	0x1000064cc
100006348:	ed 1b 00 f9	str	x13, [sp, #0x30]
10000634c:	40 00 80 52	mov	w0, #0x2
100006350:	21 00 00 b0	adrp	x1, 5 ; 0x10000b000
100006354:	21 60 24 91	add	x1, x1, #0x918
100006358:	42 14 80 d2	mov	x2, #0xa2
10000635c:	02 00 a0 f2	movk	x2, #0x0, lsl #16
100006360:	02 00 c0 f2	movk	x2, #0x0, lsl #32
100006364:	02 00 e0 f2	movk	x2, #0x0, lsl #48
100006368:	90 00 80 52	mov	w16, #0x4
10000636c:	01 10 00 d4	svc	#0x80
100006370:	e9 bb 41 f9	ldr	x9, [sp, #0x370]
100006374:	ff 83 00 d1	sub	sp, sp, #0x20
100006378:	eb 83 00 91	add	x11, sp, #0x20
10000637c:	0c 00 80 52	mov	w12, #0x0
100006380:	c9 00 00 b5	cbnz	x9, 0x100006398
100006384:	6b 05 00 d1	sub	x11, x11, #0x1
100006388:	0a 06 80 52	mov	w10, #0x30
10000638c:	6a 01 00 39	strb	w10, [x11]
100006390:	8c 05 00 91	add	x12, x12, #0x1
100006394:	16 00 00 14	b	0x1000063ec
100006398:	03 00 80 52	mov	w3, #0x0
10000639c:	3f 01 1f eb	cmp	x9, xzr
1000063a0:	6b 00 00 54	b.lt	0x1000063ac
1000063a4:	e9 03 09 eb	negs	x9, x9
1000063a8:	02 00 00 14	b	0x1000063b0
1000063ac:	23 00 80 52	mov	w3, #0x1
1000063b0:	4a 01 80 52	mov	w10, #0xa
1000063b4:	24 0d ca 9a	sdiv	x4, x9, x10
1000063b8:	85 a4 0a 9b	msub	x5, x4, x10, x9
1000063bc:	06 06 80 52	mov	w6, #0x30
1000063c0:	c6 00 05 eb	subs	x6, x6, x5
1000063c4:	6b 05 00 d1	sub	x11, x11, #0x1
1000063c8:	66 01 00 39	strb	w6, [x11]
1000063cc:	8c 05 00 91	add	x12, x12, #0x1
1000063d0:	e9 03 04 aa	mov	x9, x4
1000063d4:	e9 fe ff b5	cbnz	x9, 0x1000063b0
1000063d8:	a3 00 00 34	cbz	w3, 0x1000063ec
1000063dc:	6b 05 00 d1	sub	x11, x11, #0x1
1000063e0:	aa 05 80 52	mov	w10, #0x2d
1000063e4:	6a 01 00 39	strb	w10, [x11]
1000063e8:	8c 05 00 91	add	x12, x12, #0x1
1000063ec:	40 00 80 52	mov	w0, #0x2
1000063f0:	e1 03 0b aa	mov	x1, x11
1000063f4:	e2 03 0c aa	mov	x2, x12
1000063f8:	90 00 80 52	mov	w16, #0x4
1000063fc:	01 10 00 d4	svc	#0x80
100006400:	ff 83 00 91	add	sp, sp, #0x20
100006404:	40 00 80 52	mov	w0, #0x2
100006408:	21 00 00 90	adrp	x1, 4 ; 0x10000a000
10000640c:	21 60 00 91	add	x1, x1, #0x18
100006410:	82 03 80 d2	mov	x2, #0x1c
100006414:	02 00 a0 f2	movk	x2, #0x0, lsl #16
100006418:	02 00 c0 f2	movk	x2, #0x0, lsl #32
10000641c:	02 00 e0 f2	movk	x2, #0x0, lsl #48
100006420:	90 00 80 52	mov	w16, #0x4
100006424:	01 10 00 d4	svc	#0x80
100006428:	e9 1b 40 f9	ldr	x9, [sp, #0x30]
10000642c:	ff 83 00 d1	sub	sp, sp, #0x20
100006430:	eb 7f 00 91	add	x11, sp, #0x1f
100006434:	4a 01 80 52	mov	w10, #0xa
100006438:	6a 01 00 39	strb	w10, [x11]
10000643c:	2c 00 80 52	mov	w12, #0x1
100006440:	c9 00 00 b5	cbnz	x9, 0x100006458
100006444:	6b 05 00 d1	sub	x11, x11, #0x1
100006448:	0a 06 80 52	mov	w10, #0x30
10000644c:	6a 01 00 39	strb	w10, [x11]
100006450:	8c 05 00 91	add	x12, x12, #0x1
100006454:	16 00 00 14	b	0x1000064ac
100006458:	03 00 80 52	mov	w3, #0x0
10000645c:	3f 01 1f eb	cmp	x9, xzr
100006460:	6b 00 00 54	b.lt	0x10000646c
100006464:	e9 03 09 eb	negs	x9, x9
100006468:	02 00 00 14	b	0x100006470
10000646c:	23 00 80 52	mov	w3, #0x1
100006470:	4a 01 80 52	mov	w10, #0xa
100006474:	24 0d ca 9a	sdiv	x4, x9, x10
100006478:	85 a4 0a 9b	msub	x5, x4, x10, x9
10000647c:	06 06 80 52	mov	w6, #0x30
100006480:	c6 00 05 eb	subs	x6, x6, x5
100006484:	6b 05 00 d1	sub	x11, x11, #0x1
100006488:	66 01 00 39	strb	w6, [x11]
10000648c:	8c 05 00 91	add	x12, x12, #0x1
100006490:	e9 03 04 aa	mov	x9, x4
100006494:	e9 fe ff b5	cbnz	x9, 0x100006470
100006498:	a3 00 00 34	cbz	w3, 0x1000064ac
10000649c:	6b 05 00 d1	sub	x11, x11, #0x1
1000064a0:	aa 05 80 52	mov	w10, #0x2d
1000064a4:	6a 01 00 39	strb	w10, [x11]
1000064a8:	8c 05 00 91	add	x12, x12, #0x1
1000064ac:	40 00 80 52	mov	w0, #0x2
1000064b0:	e1 03 0b aa	mov	x1, x11
1000064b4:	e2 03 0c aa	mov	x2, x12
1000064b8:	90 00 80 52	mov	w16, #0x4
1000064bc:	01 10 00 d4	svc	#0x80
1000064c0:	ff 83 00 91	add	sp, sp, #0x20
1000064c4:	68 00 80 52	mov	w8, #0x3
1000064c8:	46 03 00 14	b	0x1000071e0
1000064cc:	e9 0f 80 d2	mov	x9, #0x7f
1000064d0:	e9 1f 00 f9	str	x9, [sp, #0x38]
1000064d4:	f0 03 09 aa	mov	x16, x9
1000064d8:	e9 1b 40 f9	ldr	x9, [sp, #0x30]
1000064dc:	ea 1f 40 f9	ldr	x10, [sp, #0x38]
1000064e0:	3f 01 0a eb	cmp	x9, x10
1000064e4:	0b 00 80 52	mov	w11, #0x0
1000064e8:	48 00 00 54	b.hi	0x1000064f0
1000064ec:	2b 00 80 52	mov	w11, #0x1
1000064f0:	eb 23 00 f9	str	x11, [sp, #0x40]
1000064f4:	f1 03 0b aa	mov	x17, x11
1000064f8:	e9 23 40 f9	ldr	x9, [sp, #0x40]
1000064fc:	49 00 00 34	cbz	w9, 0x100006504
100006500:	50 00 00 14	b	0x100006640
100006504:	58 00 00 14	b	0x100006664
100006508:	ea 03 40 f9	ldr	x10, [sp]
10000650c:	eb 07 40 f9	ldr	x11, [sp, #0x8]
100006510:	09 03 80 52	mov	w9, #0x18
100006514:	61 01 09 ab	adds	x1, x11, x9
100006518:	22 05 00 54	b.hs	0x1000065bc
10000651c:	ff 83 00 d1	sub	sp, sp, #0x20
100006520:	ea 03 00 f9	str	x10, [sp]
100006524:	eb 07 00 f9	str	x11, [sp, #0x8]
100006528:	00 00 80 52	mov	w0, #0x0
10000652c:	62 00 80 52	mov	w2, #0x3
100006530:	43 00 82 52	mov	w3, #0x1002
100006534:	e4 ff 9f d2	mov	x4, #0xffff
100006538:	e4 ff bf f2	movk	x4, #0xffff, lsl #16
10000653c:	e4 ff df f2	movk	x4, #0xffff, lsl #32
100006540:	e4 ff ff f2	movk	x4, #0xffff, lsl #48
100006544:	05 00 80 52	mov	w5, #0x0
100006548:	b0 18 80 52	mov	w16, #0xc5
10000654c:	01 10 00 d4	svc	#0x80
100006550:	42 03 00 54	b.hs	0x1000065b8
100006554:	ef 03 00 aa	mov	x15, x0
100006558:	ea 07 40 f9	ldr	x10, [sp, #0x8]
10000655c:	29 00 80 52	mov	w9, #0x1
100006560:	e9 01 00 f9	str	x9, [x15]
100006564:	49 61 00 91	add	x9, x10, #0x18
100006568:	e9 05 00 f9	str	x9, [x15, #0x8]
10000656c:	ef 41 00 91	add	x15, x15, #0x10
100006570:	09 00 80 d2	mov	x9, #0x0
100006574:	09 00 a0 f2	movk	x9, #0x0, lsl #16
100006578:	09 00 c0 f2	movk	x9, #0x0, lsl #32
10000657c:	09 00 f0 f2	movk	x9, #0x8000, lsl #48
100006580:	49 01 09 8b	add	x9, x10, x9
100006584:	e9 01 00 f9	str	x9, [x15]
100006588:	eb 03 40 f9	ldr	x11, [sp]
10000658c:	ec 21 00 91	add	x12, x15, #0x8
100006590:	ea 00 00 b4	cbz	x10, 0x1000065ac
100006594:	69 01 40 39	ldrb	w9, [x11]
100006598:	89 01 00 39	strb	w9, [x12]
10000659c:	6b 21 00 91	add	x11, x11, #0x8
1000065a0:	8c 05 00 91	add	x12, x12, #0x1
1000065a4:	4a 05 00 d1	sub	x10, x10, #0x1
1000065a8:	6a ff ff b5	cbnz	x10, 0x100006594
1000065ac:	ff 83 00 91	add	sp, sp, #0x20
1000065b0:	ef ab 01 f9	str	x15, [sp, #0x350]
1000065b4:	04 00 00 14	b	0x1000065c4
1000065b8:	ff 83 00 91	add	sp, sp, #0x20
1000065bc:	68 00 80 52	mov	w8, #0x3
1000065c0:	08 03 00 14	b	0x1000071e0
1000065c4:	ea ab 41 f9	ldr	x10, [sp, #0x350]
1000065c8:	49 01 40 f9	ldr	x9, [x10]
1000065cc:	0b 00 80 d2	mov	x11, #0x0
1000065d0:	0b 00 a0 f2	movk	x11, #0x0, lsl #16
1000065d4:	0b 00 c0 f2	movk	x11, #0x0, lsl #32
1000065d8:	0b 00 f0 f2	movk	x11, #0x8000, lsl #48
1000065dc:	29 01 0b 8a	and	x9, x9, x11
1000065e0:	c9 00 00 b4	cbz	x9, 0x1000065f8
1000065e4:	4a 41 00 d1	sub	x10, x10, #0x10
1000065e8:	49 fd 5f c8	ldaxr	x9, [x10]
1000065ec:	29 05 00 91	add	x9, x9, #0x1
1000065f0:	49 fd 0b c8	stlxr	w11, x9, [x10]
1000065f4:	ab ff ff 35	cbnz	w11, 0x1000065e8
1000065f8:	09 00 e0 d2	movz	x9, #0x0, lsl #48
1000065fc:	e9 af 01 f9	str	x9, [sp, #0x358]
100006600:	09 00 80 52	mov	w9, #0x0
100006604:	e9 b3 01 f9	str	x9, [sp, #0x360]
100006608:	09 00 80 52	mov	w9, #0x0
10000660c:	e9 b7 01 f9	str	x9, [sp, #0x368]
100006610:	e9 ab 41 f9	ldr	x9, [sp, #0x350]
100006614:	e9 b3 01 f9	str	x9, [sp, #0x360]
100006618:	ee 0b 40 f9	ldr	x14, [sp, #0x10]
10000661c:	e9 af 41 f9	ldr	x9, [sp, #0x358]
100006620:	c9 01 00 f9	str	x9, [x14]
100006624:	e9 b3 41 f9	ldr	x9, [sp, #0x360]
100006628:	c9 05 00 f9	str	x9, [x14, #0x8]
10000662c:	e9 b7 41 f9	ldr	x9, [sp, #0x368]
100006630:	c9 09 00 f9	str	x9, [x14, #0x10]
100006634:	00 00 80 d2	mov	x0, #0x0
100006638:	08 00 80 52	mov	w8, #0x0
10000663c:	e9 02 00 14	b	0x1000071e0
100006640:	e9 bb 41 f9	ldr	x9, [sp, #0x370]
100006644:	2b 05 00 b1	adds	x11, x9, #0x1
100006648:	26 5d 00 54	b.vs	0x1000071ec
10000664c:	eb 2b 00 f9	str	x11, [sp, #0x50]
100006650:	f0 03 0b aa	mov	x16, x11
100006654:	e9 03 10 aa	mov	x9, x16
100006658:	e9 bb 01 f9	str	x9, [sp, #0x370]
10000665c:	f1 03 09 aa	mov	x17, x9
100006660:	20 ff ff 17	b	0x1000062e0
100006664:	49 18 80 d2	mov	x9, #0xc2
100006668:	e9 2f 00 f9	str	x9, [sp, #0x58]
10000666c:	f0 03 09 aa	mov	x16, x9
100006670:	e9 1b 40 f9	ldr	x9, [sp, #0x30]
100006674:	ea 2f 40 f9	ldr	x10, [sp, #0x58]
100006678:	3f 01 0a eb	cmp	x9, x10
10000667c:	0b 00 80 52	mov	w11, #0x0
100006680:	43 00 00 54	b.lo	0x100006688
100006684:	2b 00 80 52	mov	w11, #0x1
100006688:	eb 33 00 f9	str	x11, [sp, #0x60]
10000668c:	f1 03 0b aa	mov	x17, x11
100006690:	e9 33 40 f9	ldr	x9, [sp, #0x60]
100006694:	a9 02 00 34	cbz	w9, 0x1000066e8
100006698:	e9 1b 80 d2	mov	x9, #0xdf
10000669c:	e9 37 00 f9	str	x9, [sp, #0x68]
1000066a0:	f0 03 09 aa	mov	x16, x9
1000066a4:	e9 1b 40 f9	ldr	x9, [sp, #0x30]
1000066a8:	ea 37 40 f9	ldr	x10, [sp, #0x68]
1000066ac:	3f 01 0a eb	cmp	x9, x10
1000066b0:	0b 00 80 52	mov	w11, #0x0
1000066b4:	48 00 00 54	b.hi	0x1000066bc
1000066b8:	2b 00 80 52	mov	w11, #0x1
1000066bc:	eb 3b 00 f9	str	x11, [sp, #0x70]
1000066c0:	f1 03 0b aa	mov	x17, x11
1000066c4:	e9 3b 40 f9	ldr	x9, [sp, #0x70]
1000066c8:	09 01 00 34	cbz	w9, 0x1000066e8
1000066cc:	49 00 80 d2	mov	x9, #0x2
1000066d0:	e9 3f 00 f9	str	x9, [sp, #0x78]
1000066d4:	f0 03 09 aa	mov	x16, x9
1000066d8:	e9 03 10 aa	mov	x9, x16
1000066dc:	e9 bf 01 f9	str	x9, [sp, #0x378]
1000066e0:	f1 03 09 aa	mov	x17, x9
1000066e4:	ae 00 00 14	b	0x10000699c
1000066e8:	09 1c 80 d2	mov	x9, #0xe0
1000066ec:	e9 43 00 f9	str	x9, [sp, #0x80]
1000066f0:	f0 03 09 aa	mov	x16, x9
1000066f4:	e9 1b 40 f9	ldr	x9, [sp, #0x30]
1000066f8:	ea 43 40 f9	ldr	x10, [sp, #0x80]
1000066fc:	3f 01 0a eb	cmp	x9, x10
100006700:	0b 00 80 52	mov	w11, #0x0
100006704:	43 00 00 54	b.lo	0x10000670c
100006708:	2b 00 80 52	mov	w11, #0x1
10000670c:	eb 47 00 f9	str	x11, [sp, #0x88]
100006710:	f1 03 0b aa	mov	x17, x11
100006714:	e9 47 40 f9	ldr	x9, [sp, #0x88]
100006718:	a9 02 00 34	cbz	w9, 0x10000676c
10000671c:	e9 1d 80 d2	mov	x9, #0xef
100006720:	e9 4b 00 f9	str	x9, [sp, #0x90]
100006724:	f0 03 09 aa	mov	x16, x9
100006728:	e9 1b 40 f9	ldr	x9, [sp, #0x30]
10000672c:	ea 4b 40 f9	ldr	x10, [sp, #0x90]
100006730:	3f 01 0a eb	cmp	x9, x10
100006734:	0b 00 80 52	mov	w11, #0x0
100006738:	48 00 00 54	b.hi	0x100006740
10000673c:	2b 00 80 52	mov	w11, #0x1
100006740:	eb 4f 00 f9	str	x11, [sp, #0x98]
100006744:	f1 03 0b aa	mov	x17, x11
100006748:	e9 4f 40 f9	ldr	x9, [sp, #0x98]
10000674c:	09 01 00 34	cbz	w9, 0x10000676c
100006750:	69 00 80 d2	mov	x9, #0x3
100006754:	e9 53 00 f9	str	x9, [sp, #0xa0]
100006758:	f0 03 09 aa	mov	x16, x9
10000675c:	e9 03 10 aa	mov	x9, x16
100006760:	e9 bf 01 f9	str	x9, [sp, #0x378]
100006764:	f1 03 09 aa	mov	x17, x9
100006768:	8d 00 00 14	b	0x10000699c
10000676c:	09 1e 80 d2	mov	x9, #0xf0
100006770:	e9 57 00 f9	str	x9, [sp, #0xa8]
100006774:	f0 03 09 aa	mov	x16, x9
100006778:	e9 1b 40 f9	ldr	x9, [sp, #0x30]
10000677c:	ea 57 40 f9	ldr	x10, [sp, #0xa8]
100006780:	3f 01 0a eb	cmp	x9, x10
100006784:	0b 00 80 52	mov	w11, #0x0
100006788:	43 00 00 54	b.lo	0x100006790
10000678c:	2b 00 80 52	mov	w11, #0x1
100006790:	eb 5b 00 f9	str	x11, [sp, #0xb0]
100006794:	f1 03 0b aa	mov	x17, x11
100006798:	e9 5b 40 f9	ldr	x9, [sp, #0xb0]
10000679c:	a9 02 00 34	cbz	w9, 0x1000067f0
1000067a0:	89 1e 80 d2	mov	x9, #0xf4
1000067a4:	e9 5f 00 f9	str	x9, [sp, #0xb8]
1000067a8:	f0 03 09 aa	mov	x16, x9
1000067ac:	e9 1b 40 f9	ldr	x9, [sp, #0x30]
1000067b0:	ea 5f 40 f9	ldr	x10, [sp, #0xb8]
1000067b4:	3f 01 0a eb	cmp	x9, x10
1000067b8:	0b 00 80 52	mov	w11, #0x0
1000067bc:	48 00 00 54	b.hi	0x1000067c4
1000067c0:	2b 00 80 52	mov	w11, #0x1
1000067c4:	eb 63 00 f9	str	x11, [sp, #0xc0]
1000067c8:	f1 03 0b aa	mov	x17, x11
1000067cc:	e9 63 40 f9	ldr	x9, [sp, #0xc0]
1000067d0:	09 01 00 34	cbz	w9, 0x1000067f0
1000067d4:	89 00 80 d2	mov	x9, #0x4
1000067d8:	e9 67 00 f9	str	x9, [sp, #0xc8]
1000067dc:	f0 03 09 aa	mov	x16, x9
1000067e0:	e9 03 10 aa	mov	x9, x16
1000067e4:	e9 bf 01 f9	str	x9, [sp, #0x378]
1000067e8:	f1 03 09 aa	mov	x17, x9
1000067ec:	6c 00 00 14	b	0x10000699c
1000067f0:	09 18 80 d2	mov	x9, #0xc0
1000067f4:	e9 6b 00 f9	str	x9, [sp, #0xd0]
1000067f8:	f0 03 09 aa	mov	x16, x9
1000067fc:	e9 1b 40 f9	ldr	x9, [sp, #0x30]
100006800:	ea 6b 40 f9	ldr	x10, [sp, #0xd0]
100006804:	3f 01 0a eb	cmp	x9, x10
100006808:	0b 00 80 52	mov	w11, #0x0
10000680c:	41 00 00 54	b.ne	0x100006814
100006810:	2b 00 80 52	mov	w11, #0x1
100006814:	eb 6f 00 f9	str	x11, [sp, #0xd8]
100006818:	f1 03 0b aa	mov	x17, x11
10000681c:	e9 6f 40 f9	ldr	x9, [sp, #0xd8]
100006820:	09 02 00 35	cbnz	w9, 0x100006860
100006824:	29 18 80 d2	mov	x9, #0xc1
100006828:	e9 77 00 f9	str	x9, [sp, #0xe8]
10000682c:	f0 03 09 aa	mov	x16, x9
100006830:	e9 1b 40 f9	ldr	x9, [sp, #0x30]
100006834:	ea 77 40 f9	ldr	x10, [sp, #0xe8]
100006838:	3f 01 0a eb	cmp	x9, x10
10000683c:	0b 00 80 52	mov	w11, #0x0
100006840:	41 00 00 54	b.ne	0x100006848
100006844:	2b 00 80 52	mov	w11, #0x1
100006848:	eb 7b 00 f9	str	x11, [sp, #0xf0]
10000684c:	f1 03 0b aa	mov	x17, x11
100006850:	e9 03 11 aa	mov	x9, x17
100006854:	e9 73 00 f9	str	x9, [sp, #0xe0]
100006858:	f0 03 09 aa	mov	x16, x9
10000685c:	04 00 00 14	b	0x10000686c
100006860:	29 00 80 52	mov	w9, #0x1
100006864:	e9 73 00 f9	str	x9, [sp, #0xe0]
100006868:	f0 03 09 aa	mov	x16, x9
10000686c:	e9 73 40 f9	ldr	x9, [sp, #0xe0]
100006870:	29 02 00 34	cbz	w9, 0x1000068b4
100006874:	69 00 80 d2	mov	x9, #0x3
100006878:	e9 7f 00 f9	str	x9, [sp, #0xf8]
10000687c:	e0 7f 40 f9	ldr	x0, [sp, #0xf8]
100006880:	e1 bb 41 f9	ldr	x1, [sp, #0x370]
100006884:	ef 03 04 91	add	x15, sp, #0x100
100006888:	5d 02 00 94	bl	_silex_function_13
10000688c:	ee 0b 40 f9	ldr	x14, [sp, #0x10]
100006890:	e9 83 40 f9	ldr	x9, [sp, #0x100]
100006894:	c9 01 00 f9	str	x9, [x14]
100006898:	e9 87 40 f9	ldr	x9, [sp, #0x108]
10000689c:	c9 05 00 f9	str	x9, [x14, #0x8]
1000068a0:	e9 8b 40 f9	ldr	x9, [sp, #0x110]
1000068a4:	c9 09 00 f9	str	x9, [x14, #0x10]
1000068a8:	00 00 80 d2	mov	x0, #0x0
1000068ac:	08 00 80 52	mov	w8, #0x0
1000068b0:	4c 02 00 14	b	0x1000071e0
1000068b4:	a9 1e 80 d2	mov	x9, #0xf5
1000068b8:	e9 8f 00 f9	str	x9, [sp, #0x118]
1000068bc:	f0 03 09 aa	mov	x16, x9
1000068c0:	e9 1b 40 f9	ldr	x9, [sp, #0x30]
1000068c4:	ea 8f 40 f9	ldr	x10, [sp, #0x118]
1000068c8:	3f 01 0a eb	cmp	x9, x10
1000068cc:	0b 00 80 52	mov	w11, #0x0
1000068d0:	43 00 00 54	b.lo	0x1000068d8
1000068d4:	2b 00 80 52	mov	w11, #0x1
1000068d8:	eb 93 00 f9	str	x11, [sp, #0x120]
1000068dc:	f1 03 0b aa	mov	x17, x11
1000068e0:	e9 93 40 f9	ldr	x9, [sp, #0x120]
1000068e4:	c9 03 00 34	cbz	w9, 0x10000695c
1000068e8:	e9 1e 80 d2	mov	x9, #0xf7
1000068ec:	e9 97 00 f9	str	x9, [sp, #0x128]
1000068f0:	f0 03 09 aa	mov	x16, x9
1000068f4:	e9 1b 40 f9	ldr	x9, [sp, #0x30]
1000068f8:	ea 97 40 f9	ldr	x10, [sp, #0x128]
1000068fc:	3f 01 0a eb	cmp	x9, x10
100006900:	0b 00 80 52	mov	w11, #0x0
100006904:	48 00 00 54	b.hi	0x10000690c
100006908:	2b 00 80 52	mov	w11, #0x1
10000690c:	eb 9b 00 f9	str	x11, [sp, #0x130]
100006910:	f1 03 0b aa	mov	x17, x11
100006914:	e9 9b 40 f9	ldr	x9, [sp, #0x130]
100006918:	29 02 00 34	cbz	w9, 0x10000695c
10000691c:	a9 00 80 d2	mov	x9, #0x5
100006920:	e9 9f 00 f9	str	x9, [sp, #0x138]
100006924:	e0 9f 40 f9	ldr	x0, [sp, #0x138]
100006928:	e1 bb 41 f9	ldr	x1, [sp, #0x370]
10000692c:	ef 03 05 91	add	x15, sp, #0x140
100006930:	33 02 00 94	bl	_silex_function_13
100006934:	ee 0b 40 f9	ldr	x14, [sp, #0x10]
100006938:	e9 a3 40 f9	ldr	x9, [sp, #0x140]
10000693c:	c9 01 00 f9	str	x9, [x14]
100006940:	e9 a7 40 f9	ldr	x9, [sp, #0x148]
100006944:	c9 05 00 f9	str	x9, [x14, #0x8]
100006948:	e9 ab 40 f9	ldr	x9, [sp, #0x150]
10000694c:	c9 09 00 f9	str	x9, [x14, #0x10]
100006950:	00 00 80 d2	mov	x0, #0x0
100006954:	08 00 80 52	mov	w8, #0x0
100006958:	22 02 00 14	b	0x1000071e0
10000695c:	09 00 e0 d2	movz	x9, #0x0, lsl #48
100006960:	e9 af 00 f9	str	x9, [sp, #0x158]
100006964:	e0 af 40 f9	ldr	x0, [sp, #0x158]
100006968:	e1 bb 41 f9	ldr	x1, [sp, #0x370]
10000696c:	ef 83 05 91	add	x15, sp, #0x160
100006970:	23 02 00 94	bl	_silex_function_13
100006974:	ee 0b 40 f9	ldr	x14, [sp, #0x10]
100006978:	e9 b3 40 f9	ldr	x9, [sp, #0x160]
10000697c:	c9 01 00 f9	str	x9, [x14]
100006980:	e9 b7 40 f9	ldr	x9, [sp, #0x168]
100006984:	c9 05 00 f9	str	x9, [x14, #0x8]
100006988:	e9 bb 40 f9	ldr	x9, [sp, #0x170]
10000698c:	c9 09 00 f9	str	x9, [x14, #0x10]
100006990:	00 00 80 d2	mov	x0, #0x0
100006994:	08 00 80 52	mov	w8, #0x0
100006998:	12 02 00 14	b	0x1000071e0
10000699c:	e9 bb 41 f9	ldr	x9, [sp, #0x370]
1000069a0:	ea bf 41 f9	ldr	x10, [sp, #0x378]
1000069a4:	2b 01 0a ab	adds	x11, x9, x10
1000069a8:	26 42 00 54	b.vs	0x1000071ec
1000069ac:	eb bf 00 f9	str	x11, [sp, #0x178]
1000069b0:	f0 03 0b aa	mov	x16, x11
1000069b4:	ea 07 40 f9	ldr	x10, [sp, #0x8]
1000069b8:	ea c3 00 f9	str	x10, [sp, #0x180]
1000069bc:	e9 bf 40 f9	ldr	x9, [sp, #0x178]
1000069c0:	ea c3 40 f9	ldr	x10, [sp, #0x180]
1000069c4:	3f 01 0a eb	cmp	x9, x10
1000069c8:	0b 00 80 52	mov	w11, #0x0
1000069cc:	4d 00 00 54	b.le	0x1000069d4
1000069d0:	2b 00 80 52	mov	w11, #0x1
1000069d4:	eb c7 00 f9	str	x11, [sp, #0x188]
1000069d8:	f0 03 0b aa	mov	x16, x11
1000069dc:	e9 c7 40 f9	ldr	x9, [sp, #0x188]
1000069e0:	29 02 00 34	cbz	w9, 0x100006a24
1000069e4:	49 00 80 d2	mov	x9, #0x2
1000069e8:	e9 cb 00 f9	str	x9, [sp, #0x190]
1000069ec:	e0 cb 40 f9	ldr	x0, [sp, #0x190]
1000069f0:	e1 bb 41 f9	ldr	x1, [sp, #0x370]
1000069f4:	ef 63 06 91	add	x15, sp, #0x198
1000069f8:	01 02 00 94	bl	_silex_function_13
1000069fc:	ee 0b 40 f9	ldr	x14, [sp, #0x10]
100006a00:	e9 cf 40 f9	ldr	x9, [sp, #0x198]
100006a04:	c9 01 00 f9	str	x9, [x14]
100006a08:	e9 d3 40 f9	ldr	x9, [sp, #0x1a0]
100006a0c:	c9 05 00 f9	str	x9, [x14, #0x8]
100006a10:	e9 d7 40 f9	ldr	x9, [sp, #0x1a8]
100006a14:	c9 09 00 f9	str	x9, [x14, #0x10]
100006a18:	00 00 80 d2	mov	x0, #0x0
100006a1c:	08 00 80 52	mov	w8, #0x0
100006a20:	f0 01 00 14	b	0x1000071e0
100006a24:	29 00 80 d2	mov	x9, #0x1
100006a28:	e9 db 00 f9	str	x9, [sp, #0x1b0]
100006a2c:	f0 03 09 aa	mov	x16, x9
100006a30:	e9 03 10 aa	mov	x9, x16
100006a34:	e9 c3 01 f9	str	x9, [sp, #0x380]
100006a38:	f1 03 09 aa	mov	x17, x9
100006a3c:	e9 c3 41 f9	ldr	x9, [sp, #0x380]
100006a40:	ea bf 41 f9	ldr	x10, [sp, #0x378]
100006a44:	3f 01 0a eb	cmp	x9, x10
100006a48:	0b 00 80 52	mov	w11, #0x0
100006a4c:	4a 00 00 54	b.ge	0x100006a54
100006a50:	2b 00 80 52	mov	w11, #0x1
100006a54:	eb df 00 f9	str	x11, [sp, #0x1b8]
100006a58:	f0 03 0b aa	mov	x16, x11
100006a5c:	e9 df 40 f9	ldr	x9, [sp, #0x1b8]
100006a60:	a9 10 00 34	cbz	w9, 0x100006c74
100006a64:	e9 bb 41 f9	ldr	x9, [sp, #0x370]
100006a68:	ea c3 41 f9	ldr	x10, [sp, #0x380]
100006a6c:	2b 01 0a ab	adds	x11, x9, x10
100006a70:	e6 3b 00 54	b.vs	0x1000071ec
100006a74:	eb e3 00 f9	str	x11, [sp, #0x1c0]
100006a78:	f0 03 0b aa	mov	x16, x11
100006a7c:	ea 03 40 f9	ldr	x10, [sp]
100006a80:	ed 07 40 f9	ldr	x13, [sp, #0x8]
100006a84:	e9 e3 40 f9	ldr	x9, [sp, #0x1c0]
100006a88:	3f 01 1f eb	cmp	x9, xzr
100006a8c:	4a 00 00 54	b.ge	0x100006a94
100006a90:	29 01 0d 8b	add	x9, x9, x13
100006a94:	3f 01 1f eb	cmp	x9, xzr
100006a98:	eb 00 00 54	b.lt	0x100006ab4
100006a9c:	3f 01 0d eb	cmp	x9, x13
100006aa0:	aa 00 00 54	b.ge	0x100006ab4
100006aa4:	4a 0d 09 8b	add	x10, x10, x9, lsl #3
100006aa8:	4c 01 40 f9	ldr	x12, [x10]
100006aac:	ec e7 00 f9	str	x12, [sp, #0x1c8]
100006ab0:	62 00 00 14	b	0x100006c38
100006ab4:	ed e7 00 f9	str	x13, [sp, #0x1c8]
100006ab8:	40 00 80 52	mov	w0, #0x2
100006abc:	21 00 00 b0	adrp	x1, 5 ; 0x10000b000
100006ac0:	21 20 27 91	add	x1, x1, #0x9c8
100006ac4:	42 14 80 d2	mov	x2, #0xa2
100006ac8:	02 00 a0 f2	movk	x2, #0x0, lsl #16
100006acc:	02 00 c0 f2	movk	x2, #0x0, lsl #32
100006ad0:	02 00 e0 f2	movk	x2, #0x0, lsl #48
100006ad4:	90 00 80 52	mov	w16, #0x4
100006ad8:	01 10 00 d4	svc	#0x80
100006adc:	e9 e3 40 f9	ldr	x9, [sp, #0x1c0]
100006ae0:	ff 83 00 d1	sub	sp, sp, #0x20
100006ae4:	eb 83 00 91	add	x11, sp, #0x20
100006ae8:	0c 00 80 52	mov	w12, #0x0
100006aec:	c9 00 00 b5	cbnz	x9, 0x100006b04
100006af0:	6b 05 00 d1	sub	x11, x11, #0x1
100006af4:	0a 06 80 52	mov	w10, #0x30
100006af8:	6a 01 00 39	strb	w10, [x11]
100006afc:	8c 05 00 91	add	x12, x12, #0x1
100006b00:	16 00 00 14	b	0x100006b58
100006b04:	03 00 80 52	mov	w3, #0x0
100006b08:	3f 01 1f eb	cmp	x9, xzr
100006b0c:	6b 00 00 54	b.lt	0x100006b18
100006b10:	e9 03 09 eb	negs	x9, x9
100006b14:	02 00 00 14	b	0x100006b1c
100006b18:	23 00 80 52	mov	w3, #0x1
100006b1c:	4a 01 80 52	mov	w10, #0xa
100006b20:	24 0d ca 9a	sdiv	x4, x9, x10
100006b24:	85 a4 0a 9b	msub	x5, x4, x10, x9
100006b28:	06 06 80 52	mov	w6, #0x30
100006b2c:	c6 00 05 eb	subs	x6, x6, x5
100006b30:	6b 05 00 d1	sub	x11, x11, #0x1
100006b34:	66 01 00 39	strb	w6, [x11]
100006b38:	8c 05 00 91	add	x12, x12, #0x1
100006b3c:	e9 03 04 aa	mov	x9, x4
100006b40:	e9 fe ff b5	cbnz	x9, 0x100006b1c
100006b44:	a3 00 00 34	cbz	w3, 0x100006b58
100006b48:	6b 05 00 d1	sub	x11, x11, #0x1
100006b4c:	aa 05 80 52	mov	w10, #0x2d
100006b50:	6a 01 00 39	strb	w10, [x11]
100006b54:	8c 05 00 91	add	x12, x12, #0x1
100006b58:	40 00 80 52	mov	w0, #0x2
100006b5c:	e1 03 0b aa	mov	x1, x11
100006b60:	e2 03 0c aa	mov	x2, x12
100006b64:	90 00 80 52	mov	w16, #0x4
100006b68:	01 10 00 d4	svc	#0x80
100006b6c:	ff 83 00 91	add	sp, sp, #0x20
100006b70:	40 00 80 52	mov	w0, #0x2
100006b74:	21 00 00 90	adrp	x1, 4 ; 0x10000a000
100006b78:	21 60 00 91	add	x1, x1, #0x18
100006b7c:	82 03 80 d2	mov	x2, #0x1c
100006b80:	02 00 a0 f2	movk	x2, #0x0, lsl #16
100006b84:	02 00 c0 f2	movk	x2, #0x0, lsl #32
100006b88:	02 00 e0 f2	movk	x2, #0x0, lsl #48
100006b8c:	90 00 80 52	mov	w16, #0x4
100006b90:	01 10 00 d4	svc	#0x80
100006b94:	e9 e7 40 f9	ldr	x9, [sp, #0x1c8]
100006b98:	ff 83 00 d1	sub	sp, sp, #0x20
100006b9c:	eb 7f 00 91	add	x11, sp, #0x1f
100006ba0:	4a 01 80 52	mov	w10, #0xa
100006ba4:	6a 01 00 39	strb	w10, [x11]
100006ba8:	2c 00 80 52	mov	w12, #0x1
100006bac:	c9 00 00 b5	cbnz	x9, 0x100006bc4
100006bb0:	6b 05 00 d1	sub	x11, x11, #0x1
100006bb4:	0a 06 80 52	mov	w10, #0x30
100006bb8:	6a 01 00 39	strb	w10, [x11]
100006bbc:	8c 05 00 91	add	x12, x12, #0x1
100006bc0:	16 00 00 14	b	0x100006c18
100006bc4:	03 00 80 52	mov	w3, #0x0
100006bc8:	3f 01 1f eb	cmp	x9, xzr
100006bcc:	6b 00 00 54	b.lt	0x100006bd8
100006bd0:	e9 03 09 eb	negs	x9, x9
100006bd4:	02 00 00 14	b	0x100006bdc
100006bd8:	23 00 80 52	mov	w3, #0x1
100006bdc:	4a 01 80 52	mov	w10, #0xa
100006be0:	24 0d ca 9a	sdiv	x4, x9, x10
100006be4:	85 a4 0a 9b	msub	x5, x4, x10, x9
100006be8:	06 06 80 52	mov	w6, #0x30
100006bec:	c6 00 05 eb	subs	x6, x6, x5
100006bf0:	6b 05 00 d1	sub	x11, x11, #0x1
100006bf4:	66 01 00 39	strb	w6, [x11]
100006bf8:	8c 05 00 91	add	x12, x12, #0x1
100006bfc:	e9 03 04 aa	mov	x9, x4
100006c00:	e9 fe ff b5	cbnz	x9, 0x100006bdc
100006c04:	a3 00 00 34	cbz	w3, 0x100006c18
100006c08:	6b 05 00 d1	sub	x11, x11, #0x1
100006c0c:	aa 05 80 52	mov	w10, #0x2d
100006c10:	6a 01 00 39	strb	w10, [x11]
100006c14:	8c 05 00 91	add	x12, x12, #0x1
100006c18:	40 00 80 52	mov	w0, #0x2
100006c1c:	e1 03 0b aa	mov	x1, x11
100006c20:	e2 03 0c aa	mov	x2, x12
100006c24:	90 00 80 52	mov	w16, #0x4
100006c28:	01 10 00 d4	svc	#0x80
100006c2c:	ff 83 00 91	add	sp, sp, #0x20
100006c30:	68 00 80 52	mov	w8, #0x3
100006c34:	6b 01 00 14	b	0x1000071e0
100006c38:	09 10 80 d2	mov	x9, #0x80
100006c3c:	e9 eb 00 f9	str	x9, [sp, #0x1d0]
100006c40:	f0 03 09 aa	mov	x16, x9
100006c44:	e9 e7 40 f9	ldr	x9, [sp, #0x1c8]
100006c48:	ea eb 40 f9	ldr	x10, [sp, #0x1d0]
100006c4c:	3f 01 0a eb	cmp	x9, x10
100006c50:	0b 00 80 52	mov	w11, #0x0
100006c54:	42 00 00 54	b.hs	0x100006c5c
100006c58:	2b 00 80 52	mov	w11, #0x1
100006c5c:	eb ef 00 f9	str	x11, [sp, #0x1d8]
100006c60:	f1 03 0b aa	mov	x17, x11
100006c64:	e9 ef 40 f9	ldr	x9, [sp, #0x1d8]
100006c68:	49 00 00 34	cbz	w9, 0x100006c70
100006c6c:	94 00 00 14	b	0x100006ebc
100006c70:	84 00 00 14	b	0x100006e80
100006c74:	e9 bb 41 f9	ldr	x9, [sp, #0x370]
100006c78:	2b 05 00 b1	adds	x11, x9, #0x1
100006c7c:	86 2b 00 54	b.vs	0x1000071ec
100006c80:	eb 1f 01 f9	str	x11, [sp, #0x238]
100006c84:	f0 03 0b aa	mov	x16, x11
100006c88:	ea 03 40 f9	ldr	x10, [sp]
100006c8c:	ed 07 40 f9	ldr	x13, [sp, #0x8]
100006c90:	e9 1f 41 f9	ldr	x9, [sp, #0x238]
100006c94:	3f 01 1f eb	cmp	x9, xzr
100006c98:	4a 00 00 54	b.ge	0x100006ca0
100006c9c:	29 01 0d 8b	add	x9, x9, x13
100006ca0:	3f 01 1f eb	cmp	x9, xzr
100006ca4:	eb 00 00 54	b.lt	0x100006cc0
100006ca8:	3f 01 0d eb	cmp	x9, x13
100006cac:	aa 00 00 54	b.ge	0x100006cc0
100006cb0:	4a 0d 09 8b	add	x10, x10, x9, lsl #3
100006cb4:	4c 01 40 f9	ldr	x12, [x10]
100006cb8:	ec 23 01 f9	str	x12, [sp, #0x240]
100006cbc:	62 00 00 14	b	0x100006e44
100006cc0:	ed 23 01 f9	str	x13, [sp, #0x240]
100006cc4:	40 00 80 52	mov	w0, #0x2
100006cc8:	21 00 00 b0	adrp	x1, 5 ; 0x10000b000
100006ccc:	21 e0 29 91	add	x1, x1, #0xa78
100006cd0:	42 14 80 d2	mov	x2, #0xa2
100006cd4:	02 00 a0 f2	movk	x2, #0x0, lsl #16
100006cd8:	02 00 c0 f2	movk	x2, #0x0, lsl #32
100006cdc:	02 00 e0 f2	movk	x2, #0x0, lsl #48
100006ce0:	90 00 80 52	mov	w16, #0x4
100006ce4:	01 10 00 d4	svc	#0x80
100006ce8:	e9 1f 41 f9	ldr	x9, [sp, #0x238]
100006cec:	ff 83 00 d1	sub	sp, sp, #0x20
100006cf0:	eb 83 00 91	add	x11, sp, #0x20
100006cf4:	0c 00 80 52	mov	w12, #0x0
100006cf8:	c9 00 00 b5	cbnz	x9, 0x100006d10
100006cfc:	6b 05 00 d1	sub	x11, x11, #0x1
100006d00:	0a 06 80 52	mov	w10, #0x30
100006d04:	6a 01 00 39	strb	w10, [x11]
100006d08:	8c 05 00 91	add	x12, x12, #0x1
100006d0c:	16 00 00 14	b	0x100006d64
100006d10:	03 00 80 52	mov	w3, #0x0
100006d14:	3f 01 1f eb	cmp	x9, xzr
100006d18:	6b 00 00 54	b.lt	0x100006d24
100006d1c:	e9 03 09 eb	negs	x9, x9
100006d20:	02 00 00 14	b	0x100006d28
100006d24:	23 00 80 52	mov	w3, #0x1
100006d28:	4a 01 80 52	mov	w10, #0xa
100006d2c:	24 0d ca 9a	sdiv	x4, x9, x10
100006d30:	85 a4 0a 9b	msub	x5, x4, x10, x9
100006d34:	06 06 80 52	mov	w6, #0x30
100006d38:	c6 00 05 eb	subs	x6, x6, x5
100006d3c:	6b 05 00 d1	sub	x11, x11, #0x1
100006d40:	66 01 00 39	strb	w6, [x11]
100006d44:	8c 05 00 91	add	x12, x12, #0x1
100006d48:	e9 03 04 aa	mov	x9, x4
100006d4c:	e9 fe ff b5	cbnz	x9, 0x100006d28
100006d50:	a3 00 00 34	cbz	w3, 0x100006d64
100006d54:	6b 05 00 d1	sub	x11, x11, #0x1
100006d58:	aa 05 80 52	mov	w10, #0x2d
100006d5c:	6a 01 00 39	strb	w10, [x11]
100006d60:	8c 05 00 91	add	x12, x12, #0x1
100006d64:	40 00 80 52	mov	w0, #0x2
100006d68:	e1 03 0b aa	mov	x1, x11
100006d6c:	e2 03 0c aa	mov	x2, x12
100006d70:	90 00 80 52	mov	w16, #0x4
100006d74:	01 10 00 d4	svc	#0x80
100006d78:	ff 83 00 91	add	sp, sp, #0x20
100006d7c:	40 00 80 52	mov	w0, #0x2
100006d80:	21 00 00 90	adrp	x1, 4 ; 0x10000a000
100006d84:	21 60 00 91	add	x1, x1, #0x18
100006d88:	82 03 80 d2	mov	x2, #0x1c
100006d8c:	02 00 a0 f2	movk	x2, #0x0, lsl #16
100006d90:	02 00 c0 f2	movk	x2, #0x0, lsl #32
100006d94:	02 00 e0 f2	movk	x2, #0x0, lsl #48
100006d98:	90 00 80 52	mov	w16, #0x4
100006d9c:	01 10 00 d4	svc	#0x80
100006da0:	e9 23 41 f9	ldr	x9, [sp, #0x240]
100006da4:	ff 83 00 d1	sub	sp, sp, #0x20
100006da8:	eb 7f 00 91	add	x11, sp, #0x1f
100006dac:	4a 01 80 52	mov	w10, #0xa
100006db0:	6a 01 00 39	strb	w10, [x11]
100006db4:	2c 00 80 52	mov	w12, #0x1
100006db8:	c9 00 00 b5	cbnz	x9, 0x100006dd0
100006dbc:	6b 05 00 d1	sub	x11, x11, #0x1
100006dc0:	0a 06 80 52	mov	w10, #0x30
100006dc4:	6a 01 00 39	strb	w10, [x11]
100006dc8:	8c 05 00 91	add	x12, x12, #0x1
100006dcc:	16 00 00 14	b	0x100006e24
100006dd0:	03 00 80 52	mov	w3, #0x0
100006dd4:	3f 01 1f eb	cmp	x9, xzr
100006dd8:	6b 00 00 54	b.lt	0x100006de4
100006ddc:	e9 03 09 eb	negs	x9, x9
100006de0:	02 00 00 14	b	0x100006de8
100006de4:	23 00 80 52	mov	w3, #0x1
100006de8:	4a 01 80 52	mov	w10, #0xa
100006dec:	24 0d ca 9a	sdiv	x4, x9, x10
100006df0:	85 a4 0a 9b	msub	x5, x4, x10, x9
100006df4:	06 06 80 52	mov	w6, #0x30
100006df8:	c6 00 05 eb	subs	x6, x6, x5
100006dfc:	6b 05 00 d1	sub	x11, x11, #0x1
100006e00:	66 01 00 39	strb	w6, [x11]
100006e04:	8c 05 00 91	add	x12, x12, #0x1
100006e08:	e9 03 04 aa	mov	x9, x4
100006e0c:	e9 fe ff b5	cbnz	x9, 0x100006de8
100006e10:	a3 00 00 34	cbz	w3, 0x100006e24
100006e14:	6b 05 00 d1	sub	x11, x11, #0x1
100006e18:	aa 05 80 52	mov	w10, #0x2d
100006e1c:	6a 01 00 39	strb	w10, [x11]
100006e20:	8c 05 00 91	add	x12, x12, #0x1
100006e24:	40 00 80 52	mov	w0, #0x2
100006e28:	e1 03 0b aa	mov	x1, x11
100006e2c:	e2 03 0c aa	mov	x2, x12
100006e30:	90 00 80 52	mov	w16, #0x4
100006e34:	01 10 00 d4	svc	#0x80
100006e38:	ff 83 00 91	add	sp, sp, #0x20
100006e3c:	68 00 80 52	mov	w8, #0x3
100006e40:	e8 00 00 14	b	0x1000071e0
100006e44:	09 1c 80 d2	mov	x9, #0xe0
100006e48:	e9 27 01 f9	str	x9, [sp, #0x248]
100006e4c:	f0 03 09 aa	mov	x16, x9
100006e50:	e9 1b 40 f9	ldr	x9, [sp, #0x30]
100006e54:	ea 27 41 f9	ldr	x10, [sp, #0x248]
100006e58:	3f 01 0a eb	cmp	x9, x10
100006e5c:	0b 00 80 52	mov	w11, #0x0
100006e60:	41 00 00 54	b.ne	0x100006e68
100006e64:	2b 00 80 52	mov	w11, #0x1
100006e68:	eb 2b 01 f9	str	x11, [sp, #0x250]
100006e6c:	f1 03 0b aa	mov	x17, x11
100006e70:	e9 2b 41 f9	ldr	x9, [sp, #0x250]
100006e74:	49 00 00 34	cbz	w9, 0x100006e7c
100006e78:	35 00 00 14	b	0x100006f4c
100006e7c:	51 00 00 14	b	0x100006fc0
100006e80:	e9 17 80 d2	mov	x9, #0xbf
100006e84:	e9 f7 00 f9	str	x9, [sp, #0x1e8]
100006e88:	f0 03 09 aa	mov	x16, x9
100006e8c:	e9 e7 40 f9	ldr	x9, [sp, #0x1c8]
100006e90:	ea f7 40 f9	ldr	x10, [sp, #0x1e8]
100006e94:	3f 01 0a eb	cmp	x9, x10
100006e98:	0b 00 80 52	mov	w11, #0x0
100006e9c:	49 00 00 54	b.ls	0x100006ea4
100006ea0:	2b 00 80 52	mov	w11, #0x1
100006ea4:	eb fb 00 f9	str	x11, [sp, #0x1f0]
100006ea8:	f1 03 0b aa	mov	x17, x11
100006eac:	e9 03 11 aa	mov	x9, x17
100006eb0:	e9 f3 00 f9	str	x9, [sp, #0x1e0]
100006eb4:	f0 03 09 aa	mov	x16, x9
100006eb8:	04 00 00 14	b	0x100006ec8
100006ebc:	29 00 80 52	mov	w9, #0x1
100006ec0:	e9 f3 00 f9	str	x9, [sp, #0x1e0]
100006ec4:	f0 03 09 aa	mov	x16, x9
100006ec8:	e9 f3 40 f9	ldr	x9, [sp, #0x1e0]
100006ecc:	e9 02 00 34	cbz	w9, 0x100006f28
100006ed0:	29 00 80 d2	mov	x9, #0x1
100006ed4:	e9 ff 00 f9	str	x9, [sp, #0x1f8]
100006ed8:	e9 bb 41 f9	ldr	x9, [sp, #0x370]
100006edc:	ea c3 41 f9	ldr	x10, [sp, #0x380]
100006ee0:	2b 01 0a ab	adds	x11, x9, x10
100006ee4:	46 18 00 54	b.vs	0x1000071ec
100006ee8:	eb 03 01 f9	str	x11, [sp, #0x200]
100006eec:	f0 03 0b aa	mov	x16, x11
100006ef0:	e0 ff 40 f9	ldr	x0, [sp, #0x1f8]
100006ef4:	e1 03 41 f9	ldr	x1, [sp, #0x200]
100006ef8:	ef 23 08 91	add	x15, sp, #0x208
100006efc:	c0 00 00 94	bl	_silex_function_13
100006f00:	ee 0b 40 f9	ldr	x14, [sp, #0x10]
100006f04:	e9 07 41 f9	ldr	x9, [sp, #0x208]
100006f08:	c9 01 00 f9	str	x9, [x14]
100006f0c:	e9 0b 41 f9	ldr	x9, [sp, #0x210]
100006f10:	c9 05 00 f9	str	x9, [x14, #0x8]
100006f14:	e9 0f 41 f9	ldr	x9, [sp, #0x218]
100006f18:	c9 09 00 f9	str	x9, [x14, #0x10]
100006f1c:	00 00 80 d2	mov	x0, #0x0
100006f20:	08 00 80 52	mov	w8, #0x0
100006f24:	af 00 00 14	b	0x1000071e0
100006f28:	e9 c3 41 f9	ldr	x9, [sp, #0x380]
100006f2c:	2b 05 00 b1	adds	x11, x9, #0x1
100006f30:	e6 15 00 54	b.vs	0x1000071ec
100006f34:	eb 17 01 f9	str	x11, [sp, #0x228]
100006f38:	f0 03 0b aa	mov	x16, x11
100006f3c:	e9 03 10 aa	mov	x9, x16
100006f40:	e9 c3 01 f9	str	x9, [sp, #0x380]
100006f44:	f1 03 09 aa	mov	x17, x9
100006f48:	bd fe ff 17	b	0x100006a3c
100006f4c:	09 14 80 d2	mov	x9, #0xa0
100006f50:	e9 2f 01 f9	str	x9, [sp, #0x258]
100006f54:	f0 03 09 aa	mov	x16, x9
100006f58:	e9 23 41 f9	ldr	x9, [sp, #0x240]
100006f5c:	ea 2f 41 f9	ldr	x10, [sp, #0x258]
100006f60:	3f 01 0a eb	cmp	x9, x10
100006f64:	0b 00 80 52	mov	w11, #0x0
100006f68:	42 00 00 54	b.hs	0x100006f70
100006f6c:	2b 00 80 52	mov	w11, #0x1
100006f70:	eb 33 01 f9	str	x11, [sp, #0x260]
100006f74:	f1 03 0b aa	mov	x17, x11
100006f78:	e9 33 41 f9	ldr	x9, [sp, #0x260]
100006f7c:	29 02 00 34	cbz	w9, 0x100006fc0
100006f80:	69 00 80 d2	mov	x9, #0x3
100006f84:	e9 37 01 f9	str	x9, [sp, #0x268]
100006f88:	e0 37 41 f9	ldr	x0, [sp, #0x268]
100006f8c:	e1 bb 41 f9	ldr	x1, [sp, #0x370]
100006f90:	ef c3 09 91	add	x15, sp, #0x270
100006f94:	9a 00 00 94	bl	_silex_function_13
100006f98:	ee 0b 40 f9	ldr	x14, [sp, #0x10]
100006f9c:	e9 3b 41 f9	ldr	x9, [sp, #0x270]
100006fa0:	c9 01 00 f9	str	x9, [x14]
100006fa4:	e9 3f 41 f9	ldr	x9, [sp, #0x278]
100006fa8:	c9 05 00 f9	str	x9, [x14, #0x8]
100006fac:	e9 43 41 f9	ldr	x9, [sp, #0x280]
100006fb0:	c9 09 00 f9	str	x9, [x14, #0x10]
100006fb4:	00 00 80 d2	mov	x0, #0x0
100006fb8:	08 00 80 52	mov	w8, #0x0
100006fbc:	89 00 00 14	b	0x1000071e0
100006fc0:	a9 1d 80 d2	mov	x9, #0xed
100006fc4:	e9 47 01 f9	str	x9, [sp, #0x288]
100006fc8:	f0 03 09 aa	mov	x16, x9
100006fcc:	e9 1b 40 f9	ldr	x9, [sp, #0x30]
100006fd0:	ea 47 41 f9	ldr	x10, [sp, #0x288]
100006fd4:	3f 01 0a eb	cmp	x9, x10
100006fd8:	0b 00 80 52	mov	w11, #0x0
100006fdc:	41 00 00 54	b.ne	0x100006fe4
100006fe0:	2b 00 80 52	mov	w11, #0x1
100006fe4:	eb 4b 01 f9	str	x11, [sp, #0x290]
100006fe8:	f1 03 0b aa	mov	x17, x11
100006fec:	e9 4b 41 f9	ldr	x9, [sp, #0x290]
100006ff0:	c9 03 00 34	cbz	w9, 0x100007068
100006ff4:	09 14 80 d2	mov	x9, #0xa0
100006ff8:	e9 4f 01 f9	str	x9, [sp, #0x298]
100006ffc:	f0 03 09 aa	mov	x16, x9
100007000:	e9 23 41 f9	ldr	x9, [sp, #0x240]
100007004:	ea 4f 41 f9	ldr	x10, [sp, #0x298]
100007008:	3f 01 0a eb	cmp	x9, x10
10000700c:	0b 00 80 52	mov	w11, #0x0
100007010:	43 00 00 54	b.lo	0x100007018
100007014:	2b 00 80 52	mov	w11, #0x1
100007018:	eb 53 01 f9	str	x11, [sp, #0x2a0]
10000701c:	f1 03 0b aa	mov	x17, x11
100007020:	e9 53 41 f9	ldr	x9, [sp, #0x2a0]
100007024:	29 02 00 34	cbz	w9, 0x100007068
100007028:	89 00 80 d2	mov	x9, #0x4
10000702c:	e9 57 01 f9	str	x9, [sp, #0x2a8]
100007030:	e0 57 41 f9	ldr	x0, [sp, #0x2a8]
100007034:	e1 bb 41 f9	ldr	x1, [sp, #0x370]
100007038:	ef c3 0a 91	add	x15, sp, #0x2b0
10000703c:	70 00 00 94	bl	_silex_function_13
100007040:	ee 0b 40 f9	ldr	x14, [sp, #0x10]
100007044:	e9 5b 41 f9	ldr	x9, [sp, #0x2b0]
100007048:	c9 01 00 f9	str	x9, [x14]
10000704c:	e9 5f 41 f9	ldr	x9, [sp, #0x2b8]
100007050:	c9 05 00 f9	str	x9, [x14, #0x8]
100007054:	e9 63 41 f9	ldr	x9, [sp, #0x2c0]
100007058:	c9 09 00 f9	str	x9, [x14, #0x10]
10000705c:	00 00 80 d2	mov	x0, #0x0
100007060:	08 00 80 52	mov	w8, #0x0
100007064:	5f 00 00 14	b	0x1000071e0
100007068:	09 1e 80 d2	mov	x9, #0xf0
10000706c:	e9 67 01 f9	str	x9, [sp, #0x2c8]
100007070:	f0 03 09 aa	mov	x16, x9
100007074:	e9 1b 40 f9	ldr	x9, [sp, #0x30]
100007078:	ea 67 41 f9	ldr	x10, [sp, #0x2c8]
10000707c:	3f 01 0a eb	cmp	x9, x10
100007080:	0b 00 80 52	mov	w11, #0x0
100007084:	41 00 00 54	b.ne	0x10000708c
100007088:	2b 00 80 52	mov	w11, #0x1
10000708c:	eb 6b 01 f9	str	x11, [sp, #0x2d0]
100007090:	f1 03 0b aa	mov	x17, x11
100007094:	e9 6b 41 f9	ldr	x9, [sp, #0x2d0]
100007098:	c9 03 00 34	cbz	w9, 0x100007110
10000709c:	09 12 80 d2	mov	x9, #0x90
1000070a0:	e9 6f 01 f9	str	x9, [sp, #0x2d8]
1000070a4:	f0 03 09 aa	mov	x16, x9
1000070a8:	e9 23 41 f9	ldr	x9, [sp, #0x240]
1000070ac:	ea 6f 41 f9	ldr	x10, [sp, #0x2d8]
1000070b0:	3f 01 0a eb	cmp	x9, x10
1000070b4:	0b 00 80 52	mov	w11, #0x0
1000070b8:	42 00 00 54	b.hs	0x1000070c0
1000070bc:	2b 00 80 52	mov	w11, #0x1
1000070c0:	eb 73 01 f9	str	x11, [sp, #0x2e0]
1000070c4:	f1 03 0b aa	mov	x17, x11
1000070c8:	e9 73 41 f9	ldr	x9, [sp, #0x2e0]
1000070cc:	29 02 00 34	cbz	w9, 0x100007110
1000070d0:	69 00 80 d2	mov	x9, #0x3
1000070d4:	e9 77 01 f9	str	x9, [sp, #0x2e8]
1000070d8:	e0 77 41 f9	ldr	x0, [sp, #0x2e8]
1000070dc:	e1 bb 41 f9	ldr	x1, [sp, #0x370]
1000070e0:	ef c3 0b 91	add	x15, sp, #0x2f0
1000070e4:	46 00 00 94	bl	_silex_function_13
1000070e8:	ee 0b 40 f9	ldr	x14, [sp, #0x10]
1000070ec:	e9 7b 41 f9	ldr	x9, [sp, #0x2f0]
1000070f0:	c9 01 00 f9	str	x9, [x14]
1000070f4:	e9 7f 41 f9	ldr	x9, [sp, #0x2f8]
1000070f8:	c9 05 00 f9	str	x9, [x14, #0x8]
1000070fc:	e9 83 41 f9	ldr	x9, [sp, #0x300]
100007100:	c9 09 00 f9	str	x9, [x14, #0x10]
100007104:	00 00 80 d2	mov	x0, #0x0
100007108:	08 00 80 52	mov	w8, #0x0
10000710c:	35 00 00 14	b	0x1000071e0
100007110:	89 1e 80 d2	mov	x9, #0xf4
100007114:	e9 87 01 f9	str	x9, [sp, #0x308]
100007118:	f0 03 09 aa	mov	x16, x9
10000711c:	e9 1b 40 f9	ldr	x9, [sp, #0x30]
100007120:	ea 87 41 f9	ldr	x10, [sp, #0x308]
100007124:	3f 01 0a eb	cmp	x9, x10
100007128:	0b 00 80 52	mov	w11, #0x0
10000712c:	41 00 00 54	b.ne	0x100007134
100007130:	2b 00 80 52	mov	w11, #0x1
100007134:	eb 8b 01 f9	str	x11, [sp, #0x310]
100007138:	f1 03 0b aa	mov	x17, x11
10000713c:	e9 8b 41 f9	ldr	x9, [sp, #0x310]
100007140:	c9 03 00 34	cbz	w9, 0x1000071b8
100007144:	e9 11 80 d2	mov	x9, #0x8f
100007148:	e9 8f 01 f9	str	x9, [sp, #0x318]
10000714c:	f0 03 09 aa	mov	x16, x9
100007150:	e9 23 41 f9	ldr	x9, [sp, #0x240]
100007154:	ea 8f 41 f9	ldr	x10, [sp, #0x318]
100007158:	3f 01 0a eb	cmp	x9, x10
10000715c:	0b 00 80 52	mov	w11, #0x0
100007160:	49 00 00 54	b.ls	0x100007168
100007164:	2b 00 80 52	mov	w11, #0x1
100007168:	eb 93 01 f9	str	x11, [sp, #0x320]
10000716c:	f1 03 0b aa	mov	x17, x11
100007170:	e9 93 41 f9	ldr	x9, [sp, #0x320]
100007174:	29 02 00 34	cbz	w9, 0x1000071b8
100007178:	a9 00 80 d2	mov	x9, #0x5
10000717c:	e9 97 01 f9	str	x9, [sp, #0x328]
100007180:	e0 97 41 f9	ldr	x0, [sp, #0x328]
100007184:	e1 bb 41 f9	ldr	x1, [sp, #0x370]
100007188:	ef c3 0c 91	add	x15, sp, #0x330
10000718c:	1c 00 00 94	bl	_silex_function_13
100007190:	ee 0b 40 f9	ldr	x14, [sp, #0x10]
100007194:	e9 9b 41 f9	ldr	x9, [sp, #0x330]
100007198:	c9 01 00 f9	str	x9, [x14]
10000719c:	e9 9f 41 f9	ldr	x9, [sp, #0x338]
1000071a0:	c9 05 00 f9	str	x9, [x14, #0x8]
1000071a4:	e9 a3 41 f9	ldr	x9, [sp, #0x340]
1000071a8:	c9 09 00 f9	str	x9, [x14, #0x10]
1000071ac:	00 00 80 d2	mov	x0, #0x0
1000071b0:	08 00 80 52	mov	w8, #0x0
1000071b4:	0b 00 00 14	b	0x1000071e0
1000071b8:	e9 bb 41 f9	ldr	x9, [sp, #0x370]
1000071bc:	ea bf 41 f9	ldr	x10, [sp, #0x378]
1000071c0:	2b 01 0a ab	adds	x11, x9, x10
1000071c4:	46 01 00 54	b.vs	0x1000071ec
1000071c8:	eb a7 01 f9	str	x11, [sp, #0x348]
1000071cc:	f0 03 0b aa	mov	x16, x11
1000071d0:	e9 03 10 aa	mov	x9, x16
1000071d4:	e9 bb 01 f9	str	x9, [sp, #0x370]
1000071d8:	f1 03 09 aa	mov	x17, x9
1000071dc:	41 fc ff 17	b	0x1000062e0
1000071e0:	ff 43 0e 91	add	sp, sp, #0x390
1000071e4:	fd 7b c1 a8	ldp	x29, x30, [sp], #0x10
1000071e8:	c0 03 5f d6	ret
1000071ec:	28 00 80 52	mov	w8, #0x1
1000071f0:	fc ff ff 17	b	0x1000071e0
1000071f4:	48 00 80 52	mov	w8, #0x2
1000071f8:	fa ff ff 17	b	0x1000071e0
_silex_function_13:
1000071fc:	fd 7b bf a9	stp	x29, x30, [sp, #-0x10]!
100007200:	fd 03 00 91	mov	x29, sp
100007204:	ff 43 01 d1	sub	sp, sp, #0x50
100007208:	ef 0b 00 f9	str	x15, [sp, #0x10]
10000720c:	e0 03 00 f9	str	x0, [sp]
100007210:	e1 07 00 f9	str	x1, [sp, #0x8]
100007214:	e9 03 40 f9	ldr	x9, [sp]
100007218:	e9 13 00 f9	str	x9, [sp, #0x20]
10000721c:	e9 07 40 f9	ldr	x9, [sp, #0x8]
100007220:	e9 17 00 f9	str	x9, [sp, #0x28]
100007224:	29 00 80 d2	mov	x9, #0x1
100007228:	e9 1b 00 f9	str	x9, [sp, #0x30]
10000722c:	09 00 80 52	mov	w9, #0x0
100007230:	e9 1f 00 f9	str	x9, [sp, #0x38]
100007234:	09 00 80 52	mov	w9, #0x0
100007238:	e9 23 00 f9	str	x9, [sp, #0x40]
10000723c:	e9 13 40 f9	ldr	x9, [sp, #0x20]
100007240:	e9 1f 00 f9	str	x9, [sp, #0x38]
100007244:	e9 17 40 f9	ldr	x9, [sp, #0x28]
100007248:	e9 23 00 f9	str	x9, [sp, #0x40]
10000724c:	ee 0b 40 f9	ldr	x14, [sp, #0x10]
100007250:	e9 1b 40 f9	ldr	x9, [sp, #0x30]
100007254:	c9 01 00 f9	str	x9, [x14]
100007258:	e9 1f 40 f9	ldr	x9, [sp, #0x38]
10000725c:	c9 05 00 f9	str	x9, [x14, #0x8]
100007260:	e9 23 40 f9	ldr	x9, [sp, #0x40]
100007264:	c9 09 00 f9	str	x9, [x14, #0x10]
100007268:	00 00 80 d2	mov	x0, #0x0
10000726c:	08 00 80 52	mov	w8, #0x0
100007270:	ff 43 01 91	add	sp, sp, #0x50
100007274:	fd 7b c1 a8	ldp	x29, x30, [sp], #0x10
100007278:	c0 03 5f d6	ret
10000727c:	28 00 80 52	mov	w8, #0x1
100007280:	fc ff ff 17	b	0x100007270
100007284:	48 00 80 52	mov	w8, #0x2
100007288:	fa ff ff 17	b	0x100007270
_silex_function_14:
10000728c:	fd 7b bf a9	stp	x29, x30, [sp, #-0x10]!
100007290:	fd 03 00 91	mov	x29, sp
100007294:	ff c3 00 d1	sub	sp, sp, #0x30
100007298:	09 01 80 d2	mov	x9, #0x8
10000729c:	e9 03 00 f9	str	x9, [sp]
1000072a0:	f0 03 09 aa	mov	x16, x9
1000072a4:	e0 03 40 f9	ldr	x0, [sp]
1000072a8:	49 15 00 94	bl	0x10000c7cc ; symbol stub for: _clock_gettime_nsec_np
1000072ac:	1f 20 03 d5	nop
1000072b0:	1f 20 03 d5	nop
1000072b4:	08 00 80 52	mov	w8, #0x0
1000072b8:	e0 07 00 f9	str	x0, [sp, #0x8]
1000072bc:	e9 07 40 f9	ldr	x9, [sp, #0x8]
1000072c0:	ec ce 97 d2	mov	x12, #0xbe77
1000072c4:	ec 53 a3 f2	movk	x12, #0x1a9f, lsl #16
1000072c8:	ec a5 db f2	movk	x12, #0xdd2f, lsl #32
1000072cc:	8c c4 e0 f2	movk	x12, #0x624, lsl #48
1000072d0:	2d 7d cc 9b	umulh	x13, x9, x12
1000072d4:	2e 01 0d cb	sub	x14, x9, x13
1000072d8:	ce fd 41 d3	lsr	x14, x14, #1
1000072dc:	ad 01 0e 8b	add	x13, x13, x14
1000072e0:	ad fd 49 d3	lsr	x13, x13, #9
1000072e4:	eb 03 0d aa	mov	x11, x13
1000072e8:	eb 0f 00 f9	str	x11, [sp, #0x18]
1000072ec:	f0 03 0b aa	mov	x16, x11
1000072f0:	e9 0f 40 f9	ldr	x9, [sp, #0x18]
1000072f4:	ea ff 9f d2	mov	x10, #0xffff
1000072f8:	ea ff bf f2	movk	x10, #0xffff, lsl #16
1000072fc:	ea ff df f2	movk	x10, #0xffff, lsl #32
100007300:	ea ff ef f2	movk	x10, #0x7fff, lsl #48
100007304:	3f 01 0a eb	cmp	x9, x10
100007308:	89 01 00 54	b.ls	0x100007338
10000730c:	40 00 80 52	mov	w0, #0x2
100007310:	21 00 00 90	adrp	x1, 4 ; 0x10000b000
100007314:	21 a0 2c 91	add	x1, x1, #0xb28
100007318:	c2 16 80 d2	mov	x2, #0xb6
10000731c:	02 00 a0 f2	movk	x2, #0x0, lsl #16
100007320:	02 00 c0 f2	movk	x2, #0x0, lsl #32
100007324:	02 00 e0 f2	movk	x2, #0x0, lsl #48
100007328:	90 00 80 52	mov	w16, #0x4
10000732c:	01 10 00 d4	svc	#0x80
100007330:	68 00 80 52	mov	w8, #0x3
100007334:	04 00 00 14	b	0x100007344
100007338:	e9 13 00 f9	str	x9, [sp, #0x20]
10000733c:	e0 13 40 f9	ldr	x0, [sp, #0x20]
100007340:	08 00 80 52	mov	w8, #0x0
100007344:	ff c3 00 91	add	sp, sp, #0x30
100007348:	fd 7b c1 a8	ldp	x29, x30, [sp], #0x10
10000734c:	c0 03 5f d6	ret
100007350:	28 00 80 52	mov	w8, #0x1
100007354:	fc ff ff 17	b	0x100007344
100007358:	48 00 80 52	mov	w8, #0x2
10000735c:	fa ff ff 17	b	0x100007344
_silex_function_15:
100007360:	f0 03 00 aa	mov	x16, x0
100007364:	f1 03 01 aa	mov	x17, x1
100007368:	31 02 10 eb	subs	x17, x17, x16
10000736c:	06 0b 00 54	b.vs	0x1000074cc
100007370:	6c 9b 86 d2	mov	x12, #0x34db
100007374:	cc f6 ba f2	movk	x12, #0xd7b6, lsl #16
100007378:	4c d0 db f2	movk	x12, #0xde82, lsl #32
10000737c:	6c 63 e8 f2	movk	x12, #0x431b, lsl #48
100007380:	2d 7e 4c 9b	smulh	x13, x17, x12
100007384:	ad fd 52 93	asr	x13, x13, #18
100007388:	ad fd 4d 8b	add	x13, x13, x13, lsr #63
10000738c:	e1 03 0d aa	mov	x1, x13
100007390:	6c 9b 86 d2	mov	x12, #0x34db
100007394:	cc f6 ba f2	movk	x12, #0xd7b6, lsl #16
100007398:	4c d0 db f2	movk	x12, #0xde82, lsl #32
10000739c:	6c 63 e8 f2	movk	x12, #0x431b, lsl #48
1000073a0:	2d 7e 4c 9b	smulh	x13, x17, x12
1000073a4:	ad fd 52 93	asr	x13, x13, #18
1000073a8:	ad fd 4d 8b	add	x13, x13, x13, lsr #63
1000073ac:	0c 48 88 d2	mov	x12, #0x4240
1000073b0:	ec 01 a0 f2	movk	x12, #0xf, lsl #16
1000073b4:	b1 c5 0c 9b	msub	x17, x13, x12, x17
1000073b8:	30 00 22 9e	scvtf	s16, x1
1000073bc:	0b e0 ab d2	mov	x11, #0x5f000000
1000073c0:	6b 01 27 1e	fmov	s11, w11
1000073c4:	00 22 2b 1e	fcmp	s16, s11
1000073c8:	84 01 00 54	b.mi	0x1000073f8
1000073cc:	40 00 80 52	mov	w0, #0x2
1000073d0:	21 00 00 90	adrp	x1, 4 ; 0x10000b000
1000073d4:	21 a0 2f 91	add	x1, x1, #0xbe8
1000073d8:	e2 15 80 d2	mov	x2, #0xaf
1000073dc:	02 00 a0 f2	movk	x2, #0x0, lsl #16
1000073e0:	02 00 c0 f2	movk	x2, #0x0, lsl #32
1000073e4:	02 00 e0 f2	movk	x2, #0x0, lsl #48
1000073e8:	90 00 80 52	mov	w16, #0x4
1000073ec:	01 10 00 d4	svc	#0x80
1000073f0:	68 00 80 52	mov	w8, #0x3
1000073f4:	35 00 00 14	b	0x1000074c8
1000073f8:	0b 02 38 9e	fcvtzs	x11, s16
1000073fc:	3f 00 0b eb	cmp	x1, x11
100007400:	80 01 00 54	b.eq	0x100007430
100007404:	40 00 80 52	mov	w0, #0x2
100007408:	21 00 00 90	adrp	x1, 4 ; 0x10000b000
10000740c:	21 a0 2f 91	add	x1, x1, #0xbe8
100007410:	e2 15 80 d2	mov	x2, #0xaf
100007414:	02 00 a0 f2	movk	x2, #0x0, lsl #16
100007418:	02 00 c0 f2	movk	x2, #0x0, lsl #32
10000741c:	02 00 e0 f2	movk	x2, #0x0, lsl #48
100007420:	90 00 80 52	mov	w16, #0x4
100007424:	01 10 00 d4	svc	#0x80
100007428:	68 00 80 52	mov	w8, #0x3
10000742c:	27 00 00 14	b	0x1000074c8
100007430:	31 02 22 9e	scvtf	s17, x17
100007434:	0b e0 ab d2	mov	x11, #0x5f000000
100007438:	6b 01 27 1e	fmov	s11, w11
10000743c:	20 22 2b 1e	fcmp	s17, s11
100007440:	84 01 00 54	b.mi	0x100007470
100007444:	40 00 80 52	mov	w0, #0x2
100007448:	21 00 00 90	adrp	x1, 4 ; 0x10000b000
10000744c:	21 80 32 91	add	x1, x1, #0xca0
100007450:	e2 15 80 d2	mov	x2, #0xaf
100007454:	02 00 a0 f2	movk	x2, #0x0, lsl #16
100007458:	02 00 c0 f2	movk	x2, #0x0, lsl #32
10000745c:	02 00 e0 f2	movk	x2, #0x0, lsl #48
100007460:	90 00 80 52	mov	w16, #0x4
100007464:	01 10 00 d4	svc	#0x80
100007468:	68 00 80 52	mov	w8, #0x3
10000746c:	17 00 00 14	b	0x1000074c8
100007470:	2b 02 38 9e	fcvtzs	x11, s17
100007474:	3f 02 0b eb	cmp	x17, x11
100007478:	80 01 00 54	b.eq	0x1000074a8
10000747c:	40 00 80 52	mov	w0, #0x2
100007480:	21 00 00 90	adrp	x1, 4 ; 0x10000b000
100007484:	21 80 32 91	add	x1, x1, #0xca0
100007488:	e2 15 80 d2	mov	x2, #0xaf
10000748c:	02 00 a0 f2	movk	x2, #0x0, lsl #16
100007490:	02 00 c0 f2	movk	x2, #0x0, lsl #32
100007494:	02 00 e0 f2	movk	x2, #0x0, lsl #48
100007498:	90 00 80 52	mov	w16, #0x4
10000749c:	01 10 00 d4	svc	#0x80
1000074a0:	68 00 80 52	mov	w8, #0x3
1000074a4:	09 00 00 14	b	0x1000074c8
1000074a8:	09 80 84 d2	mov	x9, #0x2400
1000074ac:	89 2e a9 f2	movk	x9, #0x4974, lsl #16
1000074b0:	32 01 27 1e	fmov	s18, w9
1000074b4:	31 1a 32 1e	fdiv	s17, s17, s18
1000074b8:	10 2a 31 1e	fadd	s16, s16, s17
1000074bc:	09 42 20 1e	fmov	s9, s16
1000074c0:	20 01 26 1e	fmov	w0, s9
1000074c4:	08 00 80 52	mov	w8, #0x0
1000074c8:	c0 03 5f d6	ret
1000074cc:	28 00 80 52	mov	w8, #0x1
1000074d0:	fe ff ff 17	b	0x1000074c8
1000074d4:	48 00 80 52	mov	w8, #0x2
1000074d8:	fc ff ff 17	b	0x1000074c8
_silex_function_16:
1000074dc:	fd 7b bf a9	stp	x29, x30, [sp, #-0x10]!
1000074e0:	fd 03 00 91	mov	x29, sp
1000074e4:	ff c3 00 d1	sub	sp, sp, #0x30
1000074e8:	09 01 80 d2	mov	x9, #0x8
1000074ec:	e9 03 00 f9	str	x9, [sp]
1000074f0:	f0 03 09 aa	mov	x16, x9
1000074f4:	e0 03 40 f9	ldr	x0, [sp]
1000074f8:	b5 14 00 94	bl	0x10000c7cc ; symbol stub for: _clock_gettime_nsec_np
1000074fc:	1f 20 03 d5	nop
100007500:	1f 20 03 d5	nop
100007504:	08 00 80 52	mov	w8, #0x0
100007508:	e0 07 00 f9	str	x0, [sp, #0x8]
10000750c:	e9 07 40 f9	ldr	x9, [sp, #0x8]
100007510:	ec ce 97 d2	mov	x12, #0xbe77
100007514:	ec 53 a3 f2	movk	x12, #0x1a9f, lsl #16
100007518:	ec a5 db f2	movk	x12, #0xdd2f, lsl #32
10000751c:	8c c4 e0 f2	movk	x12, #0x624, lsl #48
100007520:	2d 7d cc 9b	umulh	x13, x9, x12
100007524:	2e 01 0d cb	sub	x14, x9, x13
100007528:	ce fd 41 d3	lsr	x14, x14, #1
10000752c:	ad 01 0e 8b	add	x13, x13, x14
100007530:	ad fd 49 d3	lsr	x13, x13, #9
100007534:	eb 03 0d aa	mov	x11, x13
100007538:	eb 0f 00 f9	str	x11, [sp, #0x18]
10000753c:	f0 03 0b aa	mov	x16, x11
100007540:	e9 0f 40 f9	ldr	x9, [sp, #0x18]
100007544:	ea ff 9f d2	mov	x10, #0xffff
100007548:	ea ff bf f2	movk	x10, #0xffff, lsl #16
10000754c:	ea ff df f2	movk	x10, #0xffff, lsl #32
100007550:	ea ff ef f2	movk	x10, #0x7fff, lsl #48
100007554:	3f 01 0a eb	cmp	x9, x10
100007558:	89 01 00 54	b.ls	0x100007588
10000755c:	40 00 80 52	mov	w0, #0x2
100007560:	21 00 00 90	adrp	x1, 4 ; 0x10000b000
100007564:	21 a0 2c 91	add	x1, x1, #0xb28
100007568:	c2 16 80 d2	mov	x2, #0xb6
10000756c:	02 00 a0 f2	movk	x2, #0x0, lsl #16
100007570:	02 00 c0 f2	movk	x2, #0x0, lsl #32
100007574:	02 00 e0 f2	movk	x2, #0x0, lsl #48
100007578:	90 00 80 52	mov	w16, #0x4
10000757c:	01 10 00 d4	svc	#0x80
100007580:	68 00 80 52	mov	w8, #0x3
100007584:	04 00 00 14	b	0x100007594
100007588:	e9 13 00 f9	str	x9, [sp, #0x20]
10000758c:	e0 13 40 f9	ldr	x0, [sp, #0x20]
100007590:	08 00 80 52	mov	w8, #0x0
100007594:	ff c3 00 91	add	sp, sp, #0x30
100007598:	fd 7b c1 a8	ldp	x29, x30, [sp], #0x10
10000759c:	c0 03 5f d6	ret
1000075a0:	28 00 80 52	mov	w8, #0x1
1000075a4:	fc ff ff 17	b	0x100007594
1000075a8:	48 00 80 52	mov	w8, #0x2
1000075ac:	fa ff ff 17	b	0x100007594
_silex_function_17:
1000075b0:	fd 7b bf a9	stp	x29, x30, [sp, #-0x10]!
1000075b4:	fd 03 00 91	mov	x29, sp
1000075b8:	ff 03 0b d1	sub	sp, sp, #0x2c0
1000075bc:	ef 1b 00 f9	str	x15, [sp, #0x30]
1000075c0:	09 2c 40 a9	ldp	x9, x11, [x0]
1000075c4:	e9 2f 00 a9	stp	x9, x11, [sp]
1000075c8:	09 2c 41 a9	ldp	x9, x11, [x0, #0x10]
1000075cc:	e9 2f 01 a9	stp	x9, x11, [sp, #0x10]
1000075d0:	09 2c 42 a9	ldp	x9, x11, [x0, #0x20]
1000075d4:	e9 2f 02 a9	stp	x9, x11, [sp, #0x20]
1000075d8:	e9 03 40 f9	ldr	x9, [sp]
1000075dc:	e9 df 00 f9	str	x9, [sp, #0x1b8]
1000075e0:	f0 03 09 aa	mov	x16, x9
1000075e4:	e9 07 40 f9	ldr	x9, [sp, #0x8]
1000075e8:	e9 e3 00 f9	str	x9, [sp, #0x1c0]
1000075ec:	f1 03 09 aa	mov	x17, x9
1000075f0:	e9 0b 40 f9	ldr	x9, [sp, #0x10]
1000075f4:	e9 e7 00 f9	str	x9, [sp, #0x1c8]
1000075f8:	f0 03 09 aa	mov	x16, x9
1000075fc:	e9 0f 40 f9	ldr	x9, [sp, #0x18]
100007600:	e9 eb 00 f9	str	x9, [sp, #0x1d0]
100007604:	f1 03 09 aa	mov	x17, x9
100007608:	e9 13 40 f9	ldr	x9, [sp, #0x20]
10000760c:	e9 ef 00 f9	str	x9, [sp, #0x1d8]
100007610:	f0 03 09 aa	mov	x16, x9
100007614:	e9 17 40 f9	ldr	x9, [sp, #0x28]
100007618:	e9 f3 00 f9	str	x9, [sp, #0x1e0]
10000761c:	f1 03 09 aa	mov	x17, x9
100007620:	e9 f3 40 f9	ldr	x9, [sp, #0x1e0]
100007624:	49 05 00 34	cbz	w9, 0x1000076cc
100007628:	09 e4 00 2f	movi	d9, #0000000000000000
10000762c:	e9 3b 00 bd	str	s9, [sp, #0x38]
100007630:	e9 e3 40 f9	ldr	x9, [sp, #0x1c0]
100007634:	e9 f7 00 f9	str	x9, [sp, #0x1e8]
100007638:	f0 03 09 aa	mov	x16, x9
10000763c:	e9 e7 40 f9	ldr	x9, [sp, #0x1c8]
100007640:	e9 fb 00 f9	str	x9, [sp, #0x1f0]
100007644:	f1 03 09 aa	mov	x17, x9
100007648:	e9 eb 40 f9	ldr	x9, [sp, #0x1d0]
10000764c:	e9 ff 00 f9	str	x9, [sp, #0x1f8]
100007650:	f0 03 09 aa	mov	x16, x9
100007654:	e9 df 40 f9	ldr	x9, [sp, #0x1b8]
100007658:	e9 23 00 f9	str	x9, [sp, #0x40]
10000765c:	e9 f7 40 f9	ldr	x9, [sp, #0x1e8]
100007660:	e9 27 00 f9	str	x9, [sp, #0x48]
100007664:	e9 fb 40 f9	ldr	x9, [sp, #0x1f0]
100007668:	e9 2b 00 f9	str	x9, [sp, #0x50]
10000766c:	e9 ff 40 f9	ldr	x9, [sp, #0x1f8]
100007670:	e9 2f 00 f9	str	x9, [sp, #0x58]
100007674:	e9 ef 40 f9	ldr	x9, [sp, #0x1d8]
100007678:	e9 33 00 f9	str	x9, [sp, #0x60]
10000767c:	e9 f3 40 f9	ldr	x9, [sp, #0x1e0]
100007680:	e9 37 00 f9	str	x9, [sp, #0x68]
100007684:	ee 1b 40 f9	ldr	x14, [sp, #0x30]
100007688:	e9 23 40 f9	ldr	x9, [sp, #0x40]
10000768c:	c9 01 00 f9	str	x9, [x14]
100007690:	e9 27 40 f9	ldr	x9, [sp, #0x48]
100007694:	c9 05 00 f9	str	x9, [x14, #0x8]
100007698:	e9 2b 40 f9	ldr	x9, [sp, #0x50]
10000769c:	c9 09 00 f9	str	x9, [x14, #0x10]
1000076a0:	e9 2f 40 f9	ldr	x9, [sp, #0x58]
1000076a4:	c9 0d 00 f9	str	x9, [x14, #0x18]
1000076a8:	e9 33 40 f9	ldr	x9, [sp, #0x60]
1000076ac:	c9 11 00 f9	str	x9, [x14, #0x20]
1000076b0:	e9 37 40 f9	ldr	x9, [sp, #0x68]
1000076b4:	c9 15 00 f9	str	x9, [x14, #0x28]
1000076b8:	e9 1f 40 f9	ldr	x9, [sp, #0x38]
1000076bc:	c9 19 00 f9	str	x9, [x14, #0x30]
1000076c0:	00 00 80 d2	mov	x0, #0x0
1000076c4:	08 00 80 52	mov	w8, #0x0
1000076c8:	07 01 00 14	b	0x100007ae4
1000076cc:	09 01 80 d2	mov	x9, #0x8
1000076d0:	e9 27 01 f9	str	x9, [sp, #0x248]
1000076d4:	f0 03 09 aa	mov	x16, x9
1000076d8:	e0 27 41 f9	ldr	x0, [sp, #0x248]
1000076dc:	3c 14 00 94	bl	0x10000c7cc ; symbol stub for: _clock_gettime_nsec_np
1000076e0:	1f 20 03 d5	nop
1000076e4:	1f 20 03 d5	nop
1000076e8:	08 00 80 52	mov	w8, #0x0
1000076ec:	e0 2b 01 f9	str	x0, [sp, #0x250]
1000076f0:	e9 2b 41 f9	ldr	x9, [sp, #0x250]
1000076f4:	ec ce 97 d2	mov	x12, #0xbe77
1000076f8:	ec 53 a3 f2	movk	x12, #0x1a9f, lsl #16
1000076fc:	ec a5 db f2	movk	x12, #0xdd2f, lsl #32
100007700:	8c c4 e0 f2	movk	x12, #0x624, lsl #48
100007704:	2d 7d cc 9b	umulh	x13, x9, x12
100007708:	2e 01 0d cb	sub	x14, x9, x13
10000770c:	ce fd 41 d3	lsr	x14, x14, #1
100007710:	ad 01 0e 8b	add	x13, x13, x14
100007714:	ad fd 49 d3	lsr	x13, x13, #9
100007718:	eb 03 0d aa	mov	x11, x13
10000771c:	eb 33 01 f9	str	x11, [sp, #0x260]
100007720:	f0 03 0b aa	mov	x16, x11
100007724:	e9 33 41 f9	ldr	x9, [sp, #0x260]
100007728:	ea ff 9f d2	mov	x10, #0xffff
10000772c:	ea ff bf f2	movk	x10, #0xffff, lsl #16
100007730:	ea ff df f2	movk	x10, #0xffff, lsl #32
100007734:	ea ff ef f2	movk	x10, #0x7fff, lsl #48
100007738:	3f 01 0a eb	cmp	x9, x10
10000773c:	89 01 00 54	b.ls	0x10000776c
100007740:	40 00 80 52	mov	w0, #0x2
100007744:	21 00 00 90	adrp	x1, 4 ; 0x10000b000
100007748:	21 a0 2c 91	add	x1, x1, #0xb28
10000774c:	c2 16 80 d2	mov	x2, #0xb6
100007750:	02 00 a0 f2	movk	x2, #0x0, lsl #16
100007754:	02 00 c0 f2	movk	x2, #0x0, lsl #32
100007758:	02 00 e0 f2	movk	x2, #0x0, lsl #48
10000775c:	90 00 80 52	mov	w16, #0x4
100007760:	01 10 00 d4	svc	#0x80
100007764:	68 00 80 52	mov	w8, #0x3
100007768:	df 00 00 14	b	0x100007ae4
10000776c:	e9 37 01 f9	str	x9, [sp, #0x268]
100007770:	09 00 80 52	mov	w9, #0x0
100007774:	e9 57 00 f9	str	x9, [sp, #0xa8]
100007778:	f0 03 09 aa	mov	x16, x9
10000777c:	e9 ef 40 f9	ldr	x9, [sp, #0x1d8]
100007780:	ea 57 40 f9	ldr	x10, [sp, #0xa8]
100007784:	3f 01 0a eb	cmp	x9, x10
100007788:	0b 00 80 52	mov	w11, #0x0
10000778c:	41 00 00 54	b.ne	0x100007794
100007790:	2b 00 80 52	mov	w11, #0x1
100007794:	eb 5b 00 f9	str	x11, [sp, #0xb0]
100007798:	f1 03 0b aa	mov	x17, x11
10000779c:	e9 5b 40 f9	ldr	x9, [sp, #0xb0]
1000077a0:	a9 05 00 34	cbz	w9, 0x100007854
1000077a4:	29 00 80 52	mov	w9, #0x1
1000077a8:	e9 5f 00 f9	str	x9, [sp, #0xb8]
1000077ac:	f0 03 09 aa	mov	x16, x9
1000077b0:	09 e4 00 2f	movi	d9, #0000000000000000
1000077b4:	e9 c3 00 bd	str	s9, [sp, #0xc0]
1000077b8:	e9 e3 40 f9	ldr	x9, [sp, #0x1c0]
1000077bc:	e9 03 01 f9	str	x9, [sp, #0x200]
1000077c0:	f1 03 09 aa	mov	x17, x9
1000077c4:	e9 e7 40 f9	ldr	x9, [sp, #0x1c8]
1000077c8:	e9 07 01 f9	str	x9, [sp, #0x208]
1000077cc:	f0 03 09 aa	mov	x16, x9
1000077d0:	e9 eb 40 f9	ldr	x9, [sp, #0x1d0]
1000077d4:	e9 0b 01 f9	str	x9, [sp, #0x210]
1000077d8:	f1 03 09 aa	mov	x17, x9
1000077dc:	e9 37 41 f9	ldr	x9, [sp, #0x268]
1000077e0:	e9 67 00 f9	str	x9, [sp, #0xc8]
1000077e4:	e9 03 41 f9	ldr	x9, [sp, #0x200]
1000077e8:	e9 6b 00 f9	str	x9, [sp, #0xd0]
1000077ec:	e9 07 41 f9	ldr	x9, [sp, #0x208]
1000077f0:	e9 6f 00 f9	str	x9, [sp, #0xd8]
1000077f4:	e9 0b 41 f9	ldr	x9, [sp, #0x210]
1000077f8:	e9 73 00 f9	str	x9, [sp, #0xe0]
1000077fc:	e9 5f 40 f9	ldr	x9, [sp, #0xb8]
100007800:	e9 77 00 f9	str	x9, [sp, #0xe8]
100007804:	e9 f3 40 f9	ldr	x9, [sp, #0x1e0]
100007808:	e9 7b 00 f9	str	x9, [sp, #0xf0]
10000780c:	ee 1b 40 f9	ldr	x14, [sp, #0x30]
100007810:	e9 67 40 f9	ldr	x9, [sp, #0xc8]
100007814:	c9 01 00 f9	str	x9, [x14]
100007818:	e9 6b 40 f9	ldr	x9, [sp, #0xd0]
10000781c:	c9 05 00 f9	str	x9, [x14, #0x8]
100007820:	e9 6f 40 f9	ldr	x9, [sp, #0xd8]
100007824:	c9 09 00 f9	str	x9, [x14, #0x10]
100007828:	e9 73 40 f9	ldr	x9, [sp, #0xe0]
10000782c:	c9 0d 00 f9	str	x9, [x14, #0x18]
100007830:	e9 77 40 f9	ldr	x9, [sp, #0xe8]
100007834:	c9 11 00 f9	str	x9, [x14, #0x20]
100007838:	e9 7b 40 f9	ldr	x9, [sp, #0xf0]
10000783c:	c9 15 00 f9	str	x9, [x14, #0x28]
100007840:	e9 63 40 f9	ldr	x9, [sp, #0xc0]
100007844:	c9 19 00 f9	str	x9, [x14, #0x30]
100007848:	00 00 80 d2	mov	x0, #0x0
10000784c:	08 00 80 52	mov	w8, #0x0
100007850:	a5 00 00 14	b	0x100007ae4
100007854:	e9 e3 40 f9	ldr	x9, [sp, #0x1c0]
100007858:	e9 0f 01 f9	str	x9, [sp, #0x218]
10000785c:	f0 03 09 aa	mov	x16, x9
100007860:	e9 37 41 f9	ldr	x9, [sp, #0x268]
100007864:	ea df 40 f9	ldr	x10, [sp, #0x1b8]
100007868:	2b 01 0a eb	subs	x11, x9, x10
10000786c:	26 14 00 54	b.vs	0x100007af0
100007870:	eb 3b 01 f9	str	x11, [sp, #0x270]
100007874:	f1 03 0b aa	mov	x17, x11
100007878:	e9 3b 41 f9	ldr	x9, [sp, #0x270]
10000787c:	6c 9b 86 d2	mov	x12, #0x34db
100007880:	cc f6 ba f2	movk	x12, #0xd7b6, lsl #16
100007884:	4c d0 db f2	movk	x12, #0xde82, lsl #32
100007888:	6c 63 e8 f2	movk	x12, #0x431b, lsl #48
10000788c:	2d 7d 4c 9b	smulh	x13, x9, x12
100007890:	ad fd 52 93	asr	x13, x13, #18
100007894:	ad fd 4d 8b	add	x13, x13, x13, lsr #63
100007898:	eb 03 0d aa	mov	x11, x13
10000789c:	eb 43 01 f9	str	x11, [sp, #0x280]
1000078a0:	f0 03 0b aa	mov	x16, x11
1000078a4:	e9 3b 41 f9	ldr	x9, [sp, #0x270]
1000078a8:	6c 9b 86 d2	mov	x12, #0x34db
1000078ac:	cc f6 ba f2	movk	x12, #0xd7b6, lsl #16
1000078b0:	4c d0 db f2	movk	x12, #0xde82, lsl #32
1000078b4:	6c 63 e8 f2	movk	x12, #0x431b, lsl #48
1000078b8:	2d 7d 4c 9b	smulh	x13, x9, x12
1000078bc:	ad fd 52 93	asr	x13, x13, #18
1000078c0:	ad fd 4d 8b	add	x13, x13, x13, lsr #63
1000078c4:	0c 48 88 d2	mov	x12, #0x4240
1000078c8:	ec 01 a0 f2	movk	x12, #0xf, lsl #16
1000078cc:	ab a5 0c 9b	msub	x11, x13, x12, x9
1000078d0:	eb 4b 01 f9	str	x11, [sp, #0x290]
1000078d4:	f1 03 0b aa	mov	x17, x11
1000078d8:	e9 43 41 f9	ldr	x9, [sp, #0x280]
1000078dc:	2a 01 22 9e	scvtf	s10, x9
1000078e0:	0b e0 ab d2	mov	x11, #0x5f000000
1000078e4:	6b 01 27 1e	fmov	s11, w11
1000078e8:	40 21 2b 1e	fcmp	s10, s11
1000078ec:	84 01 00 54	b.mi	0x10000791c
1000078f0:	40 00 80 52	mov	w0, #0x2
1000078f4:	21 00 00 90	adrp	x1, 4 ; 0x10000b000
1000078f8:	21 a0 2f 91	add	x1, x1, #0xbe8
1000078fc:	e2 15 80 d2	mov	x2, #0xaf
100007900:	02 00 a0 f2	movk	x2, #0x0, lsl #16
100007904:	02 00 c0 f2	movk	x2, #0x0, lsl #32
100007908:	02 00 e0 f2	movk	x2, #0x0, lsl #48
10000790c:	90 00 80 52	mov	w16, #0x4
100007910:	01 10 00 d4	svc	#0x80
100007914:	68 00 80 52	mov	w8, #0x3
100007918:	73 00 00 14	b	0x100007ae4
10000791c:	4b 01 38 9e	fcvtzs	x11, s10
100007920:	3f 01 0b eb	cmp	x9, x11
100007924:	80 01 00 54	b.eq	0x100007954
100007928:	40 00 80 52	mov	w0, #0x2
10000792c:	21 00 00 90	adrp	x1, 4 ; 0x10000b000
100007930:	21 a0 2f 91	add	x1, x1, #0xbe8
100007934:	e2 15 80 d2	mov	x2, #0xaf
100007938:	02 00 a0 f2	movk	x2, #0x0, lsl #16
10000793c:	02 00 c0 f2	movk	x2, #0x0, lsl #32
100007940:	02 00 e0 f2	movk	x2, #0x0, lsl #48
100007944:	90 00 80 52	mov	w16, #0x4
100007948:	01 10 00 d4	svc	#0x80
10000794c:	68 00 80 52	mov	w8, #0x3
100007950:	65 00 00 14	b	0x100007ae4
100007954:	ea 9b 02 bd	str	s10, [sp, #0x298]
100007958:	e9 4b 41 f9	ldr	x9, [sp, #0x290]
10000795c:	2a 01 22 9e	scvtf	s10, x9
100007960:	0b e0 ab d2	mov	x11, #0x5f000000
100007964:	6b 01 27 1e	fmov	s11, w11
100007968:	40 21 2b 1e	fcmp	s10, s11
10000796c:	84 01 00 54	b.mi	0x10000799c
100007970:	40 00 80 52	mov	w0, #0x2
100007974:	21 00 00 90	adrp	x1, 4 ; 0x10000b000
100007978:	21 80 32 91	add	x1, x1, #0xca0
10000797c:	e2 15 80 d2	mov	x2, #0xaf
100007980:	02 00 a0 f2	movk	x2, #0x0, lsl #16
100007984:	02 00 c0 f2	movk	x2, #0x0, lsl #32
100007988:	02 00 e0 f2	movk	x2, #0x0, lsl #48
10000798c:	90 00 80 52	mov	w16, #0x4
100007990:	01 10 00 d4	svc	#0x80
100007994:	68 00 80 52	mov	w8, #0x3
100007998:	53 00 00 14	b	0x100007ae4
10000799c:	4b 01 38 9e	fcvtzs	x11, s10
1000079a0:	3f 01 0b eb	cmp	x9, x11
1000079a4:	80 01 00 54	b.eq	0x1000079d4
1000079a8:	40 00 80 52	mov	w0, #0x2
1000079ac:	21 00 00 90	adrp	x1, 4 ; 0x10000b000
1000079b0:	21 80 32 91	add	x1, x1, #0xca0
1000079b4:	e2 15 80 d2	mov	x2, #0xaf
1000079b8:	02 00 a0 f2	movk	x2, #0x0, lsl #16
1000079bc:	02 00 c0 f2	movk	x2, #0x0, lsl #32
1000079c0:	02 00 e0 f2	movk	x2, #0x0, lsl #48
1000079c4:	90 00 80 52	mov	w16, #0x4
1000079c8:	01 10 00 d4	svc	#0x80
1000079cc:	68 00 80 52	mov	w8, #0x3
1000079d0:	45 00 00 14	b	0x100007ae4
1000079d4:	ea a3 02 bd	str	s10, [sp, #0x2a0]
1000079d8:	09 80 84 d2	mov	x9, #0x2400
1000079dc:	89 2e a9 f2	movk	x9, #0x4974, lsl #16
1000079e0:	29 01 27 1e	fmov	s9, w9
1000079e4:	e9 ab 02 bd	str	s9, [sp, #0x2a8]
1000079e8:	e9 a3 42 bd	ldr	s9, [sp, #0x2a0]
1000079ec:	ea ab 42 bd	ldr	s10, [sp, #0x2a8]
1000079f0:	2b 19 2a 1e	fdiv	s11, s9, s10
1000079f4:	eb b3 02 bd	str	s11, [sp, #0x2b0]
1000079f8:	e9 9b 42 bd	ldr	s9, [sp, #0x298]
1000079fc:	ea b3 42 bd	ldr	s10, [sp, #0x2b0]
100007a00:	2b 29 2a 1e	fadd	s11, s9, s10
100007a04:	eb bb 02 bd	str	s11, [sp, #0x2b8]
100007a08:	e9 5f 41 f9	ldr	x9, [sp, #0x2b8]
100007a0c:	e9 9b 00 f9	str	x9, [sp, #0x130]
100007a10:	f0 03 09 aa	mov	x16, x9
100007a14:	e9 eb 40 f9	ldr	x9, [sp, #0x1d0]
100007a18:	e9 13 01 f9	str	x9, [sp, #0x220]
100007a1c:	f1 03 09 aa	mov	x17, x9
100007a20:	e9 33 41 bd	ldr	s9, [sp, #0x130]
100007a24:	ea 23 42 bd	ldr	s10, [sp, #0x220]
100007a28:	eb 1b 42 bd	ldr	s11, [sp, #0x218]
100007a2c:	2c 2d 0a 1f	fmadd	s12, s9, s10, s11
100007a30:	ec 43 01 bd	str	s12, [sp, #0x140]
100007a34:	e9 e7 40 f9	ldr	x9, [sp, #0x1c8]
100007a38:	e9 17 01 f9	str	x9, [sp, #0x228]
100007a3c:	f0 03 09 aa	mov	x16, x9
100007a40:	e9 2b 42 bd	ldr	s9, [sp, #0x228]
100007a44:	ea 43 41 bd	ldr	s10, [sp, #0x140]
100007a48:	2b 29 2a 1e	fadd	s11, s9, s10
100007a4c:	eb 4b 01 bd	str	s11, [sp, #0x148]
100007a50:	09 e4 00 2f	movi	d9, #0000000000000000
100007a54:	e9 33 02 bd	str	s9, [sp, #0x230]
100007a58:	e9 a7 40 f9	ldr	x9, [sp, #0x148]
100007a5c:	e9 1f 01 f9	str	x9, [sp, #0x238]
100007a60:	f1 03 09 aa	mov	x17, x9
100007a64:	e9 eb 40 f9	ldr	x9, [sp, #0x1d0]
100007a68:	e9 23 01 f9	str	x9, [sp, #0x240]
100007a6c:	f0 03 09 aa	mov	x16, x9
100007a70:	e9 37 41 f9	ldr	x9, [sp, #0x268]
100007a74:	e9 ab 00 f9	str	x9, [sp, #0x150]
100007a78:	e9 1b 41 f9	ldr	x9, [sp, #0x230]
100007a7c:	e9 af 00 f9	str	x9, [sp, #0x158]
100007a80:	e9 1f 41 f9	ldr	x9, [sp, #0x238]
100007a84:	e9 b3 00 f9	str	x9, [sp, #0x160]
100007a88:	e9 23 41 f9	ldr	x9, [sp, #0x240]
100007a8c:	e9 b7 00 f9	str	x9, [sp, #0x168]
100007a90:	e9 ef 40 f9	ldr	x9, [sp, #0x1d8]
100007a94:	e9 bb 00 f9	str	x9, [sp, #0x170]
100007a98:	e9 f3 40 f9	ldr	x9, [sp, #0x1e0]
100007a9c:	e9 bf 00 f9	str	x9, [sp, #0x178]
100007aa0:	ee 1b 40 f9	ldr	x14, [sp, #0x30]
100007aa4:	e9 ab 40 f9	ldr	x9, [sp, #0x150]
100007aa8:	c9 01 00 f9	str	x9, [x14]
100007aac:	e9 af 40 f9	ldr	x9, [sp, #0x158]
100007ab0:	c9 05 00 f9	str	x9, [x14, #0x8]
100007ab4:	e9 b3 40 f9	ldr	x9, [sp, #0x160]
100007ab8:	c9 09 00 f9	str	x9, [x14, #0x10]
100007abc:	e9 b7 40 f9	ldr	x9, [sp, #0x168]
100007ac0:	c9 0d 00 f9	str	x9, [x14, #0x18]
100007ac4:	e9 bb 40 f9	ldr	x9, [sp, #0x170]
100007ac8:	c9 11 00 f9	str	x9, [x14, #0x20]
100007acc:	e9 bf 40 f9	ldr	x9, [sp, #0x178]
100007ad0:	c9 15 00 f9	str	x9, [x14, #0x28]
100007ad4:	e9 a3 40 f9	ldr	x9, [sp, #0x140]
100007ad8:	c9 19 00 f9	str	x9, [x14, #0x30]
100007adc:	00 00 80 d2	mov	x0, #0x0
100007ae0:	08 00 80 52	mov	w8, #0x0
100007ae4:	ff 03 0b 91	add	sp, sp, #0x2c0
100007ae8:	fd 7b c1 a8	ldp	x29, x30, [sp], #0x10
100007aec:	c0 03 5f d6	ret
100007af0:	28 00 80 52	mov	w8, #0x1
100007af4:	fc ff ff 17	b	0x100007ae4
100007af8:	48 00 80 52	mov	w8, #0x2
100007afc:	fa ff ff 17	b	0x100007ae4
_main:
100007b00:	fd 7b bf a9	stp	x29, x30, [sp, #-0x10]!
100007b04:	fd 03 00 91	mov	x29, sp
100007b08:	88 e3 ff 97	bl	_silex_function_3
100007b0c:	88 00 00 34	cbz	w8, 0x100007b1c
100007b10:	20 00 80 52	mov	w0, #0x1
100007b14:	fd 7b c1 a8	ldp	x29, x30, [sp], #0x10
100007b18:	c0 03 5f d6	ret
100007b1c:	00 00 80 52	mov	w0, #0x0
100007b20:	fd 7b c1 a8	ldp	x29, x30, [sp], #0x10
100007b24:	c0 03 5f d6	ret
100007b28:	00 00 00 00	udf	#0x0
100007b2c:	00 00 00 00	udf	#0x0
100007b30:	00 00 00 00	udf	#0x0
100007b34:	00 00 00 00	udf	#0x0
100007b38:	00 00 00 00	udf	#0x0
100007b3c:	00 00 00 00	udf	#0x0
100007b40:	00 00 00 00	udf	#0x0
100007b44:	00 00 00 00	udf	#0x0
100007b48:	00 00 00 00	udf	#0x0
100007b4c:	00 00 00 00	udf	#0x0
100007b50:	00 00 00 00	udf	#0x0
100007b54:	00 00 00 00	udf	#0x0
100007b58:	00 00 00 00	udf	#0x0
100007b5c:	00 00 00 00	udf	#0x0
100007b60:	00 00 00 00	udf	#0x0
100007b64:	00 00 00 00	udf	#0x0
100007b68:	00 00 00 00	udf	#0x0
100007b6c:	00 00 00 00	udf	#0x0
100007b70:	00 00 00 00	udf	#0x0
100007b74:	00 00 00 00	udf	#0x0
100007b78:	00 00 00 00	udf	#0x0
100007b7c:	00 00 00 00	udf	#0x0
100007b80:	00 00 00 00	udf	#0x0
100007b84:	00 00 00 00	udf	#0x0
100007b88:	00 00 00 00	udf	#0x0
100007b8c:	00 00 00 00	udf	#0x0
100007b90:	00 00 00 00	udf	#0x0
100007b94:	00 00 00 00	udf	#0x0
100007b98:	00 00 00 00	udf	#0x0
100007b9c:	00 00 00 00	udf	#0x0
100007ba0:	00 00 00 00	udf	#0x0
100007ba4:	00 00 00 00	udf	#0x0
100007ba8:	00 00 00 00	udf	#0x0
100007bac:	00 00 00 00	udf	#0x0
100007bb0:	00 00 00 00	udf	#0x0
100007bb4:	00 00 00 00	udf	#0x0
100007bb8:	00 00 00 00	udf	#0x0
100007bbc:	00 00 00 00	udf	#0x0
100007bc0:	00 00 00 00	udf	#0x0
100007bc4:	00 00 00 00	udf	#0x0
100007bc8:	00 00 00 00	udf	#0x0
100007bcc:	00 00 00 00	udf	#0x0
100007bd0:	00 00 00 00	udf	#0x0
100007bd4:	00 00 00 00	udf	#0x0
100007bd8:	00 00 00 00	udf	#0x0
100007bdc:	00 00 00 00	udf	#0x0
100007be0:	00 00 00 00	udf	#0x0
100007be4:	00 00 00 00	udf	#0x0
100007be8:	00 00 00 00	udf	#0x0
100007bec:	00 00 00 00	udf	#0x0
100007bf0:	00 00 00 00	udf	#0x0
100007bf4:	00 00 00 00	udf	#0x0
100007bf8:	00 00 00 00	udf	#0x0
100007bfc:	00 00 00 00	udf	#0x0
100007c00:	00 00 00 00	udf	#0x0
100007c04:	00 00 00 00	udf	#0x0
100007c08:	00 00 00 00	udf	#0x0
100007c0c:	00 00 00 00	udf	#0x0
100007c10:	00 00 00 00	udf	#0x0
100007c14:	00 00 00 00	udf	#0x0
100007c18:	00 00 00 00	udf	#0x0
100007c1c:	00 00 00 00	udf	#0x0
100007c20:	00 00 00 00	udf	#0x0
100007c24:	00 00 00 00	udf	#0x0
100007c28:	00 00 00 00	udf	#0x0
100007c2c:	00 00 00 00	udf	#0x0
100007c30:	00 00 00 00	udf	#0x0
100007c34:	00 00 00 00	udf	#0x0
100007c38:	00 00 00 00	udf	#0x0
100007c3c:	00 00 00 00	udf	#0x0
100007c40:	00 00 00 00	udf	#0x0
100007c44:	00 00 00 00	udf	#0x0
100007c48:	00 00 00 00	udf	#0x0
100007c4c:	00 00 00 00	udf	#0x0
100007c50:	00 00 00 00	udf	#0x0
100007c54:	00 00 00 00	udf	#0x0
100007c58:	00 00 00 00	udf	#0x0
100007c5c:	00 00 00 00	udf	#0x0
100007c60:	00 00 00 00	udf	#0x0
100007c64:	00 00 00 00	udf	#0x0
100007c68:	00 00 00 00	udf	#0x0
100007c6c:	00 00 00 00	udf	#0x0
100007c70:	00 00 00 00	udf	#0x0
100007c74:	00 00 00 00	udf	#0x0
100007c78:	00 00 00 00	udf	#0x0
100007c7c:	00 00 00 00	udf	#0x0
100007c80:	00 00 00 00	udf	#0x0
100007c84:	00 00 00 00	udf	#0x0
100007c88:	00 00 00 00	udf	#0x0
100007c8c:	00 00 00 00	udf	#0x0
100007c90:	00 00 00 00	udf	#0x0
100007c94:	00 00 00 00	udf	#0x0
100007c98:	00 00 00 00	udf	#0x0
100007c9c:	00 00 00 00	udf	#0x0
100007ca0:	00 00 00 00	udf	#0x0
100007ca4:	00 00 00 00	udf	#0x0
100007ca8:	00 00 00 00	udf	#0x0
100007cac:	00 00 00 00	udf	#0x0
100007cb0:	00 00 00 00	udf	#0x0
100007cb4:	00 00 00 00	udf	#0x0
100007cb8:	00 00 00 00	udf	#0x0
100007cbc:	00 00 00 00	udf	#0x0
100007cc0:	00 00 00 00	udf	#0x0
100007cc4:	00 00 00 00	udf	#0x0
100007cc8:	00 00 00 00	udf	#0x0
100007ccc:	00 00 00 00	udf	#0x0
100007cd0:	00 00 00 00	udf	#0x0
100007cd4:	00 00 00 00	udf	#0x0
100007cd8:	00 00 00 00	udf	#0x0
100007cdc:	00 00 00 00	udf	#0x0
100007ce0:	00 00 00 00	udf	#0x0
100007ce4:	00 00 00 00	udf	#0x0
100007ce8:	00 00 00 00	udf	#0x0
100007cec:	00 00 00 00	udf	#0x0
100007cf0:	00 00 00 00	udf	#0x0
100007cf4:	00 00 00 00	udf	#0x0
100007cf8:	00 00 00 00	udf	#0x0
100007cfc:	00 00 00 00	udf	#0x0
100007d00:	00 00 00 00	udf	#0x0
100007d04:	00 00 00 00	udf	#0x0
100007d08:	00 00 00 00	udf	#0x0
100007d0c:	00 00 00 00	udf	#0x0
100007d10:	00 00 00 00	udf	#0x0
100007d14:	00 00 00 00	udf	#0x0
100007d18:	00 00 00 00	udf	#0x0
100007d1c:	00 00 00 00	udf	#0x0
100007d20:	00 00 00 00	udf	#0x0
100007d24:	00 00 00 00	udf	#0x0
100007d28:	00 00 00 00	udf	#0x0
100007d2c:	00 00 00 00	udf	#0x0
100007d30:	00 00 00 00	udf	#0x0
100007d34:	00 00 00 00	udf	#0x0
100007d38:	00 00 00 00	udf	#0x0
100007d3c:	00 00 00 00	udf	#0x0
100007d40:	00 00 00 00	udf	#0x0
100007d44:	00 00 00 00	udf	#0x0
100007d48:	00 00 00 00	udf	#0x0
100007d4c:	00 00 00 00	udf	#0x0
100007d50:	00 00 00 00	udf	#0x0
100007d54:	00 00 00 00	udf	#0x0
100007d58:	00 00 00 00	udf	#0x0
100007d5c:	00 00 00 00	udf	#0x0
100007d60:	00 00 00 00	udf	#0x0
100007d64:	00 00 00 00	udf	#0x0
100007d68:	00 00 00 00	udf	#0x0
100007d6c:	00 00 00 00	udf	#0x0
100007d70:	00 00 00 00	udf	#0x0
100007d74:	00 00 00 00	udf	#0x0
100007d78:	00 00 00 00	udf	#0x0
100007d7c:	00 00 00 00	udf	#0x0
100007d80:	00 00 00 00	udf	#0x0
100007d84:	00 00 00 00	udf	#0x0
100007d88:	00 00 00 00	udf	#0x0
100007d8c:	00 00 00 00	udf	#0x0
100007d90:	00 00 00 00	udf	#0x0
100007d94:	00 00 00 00	udf	#0x0
100007d98:	00 00 00 00	udf	#0x0
100007d9c:	00 00 00 00	udf	#0x0
100007da0:	00 00 00 00	udf	#0x0
100007da4:	00 00 00 00	udf	#0x0
100007da8:	00 00 00 00	udf	#0x0
100007dac:	00 00 00 00	udf	#0x0
100007db0:	00 00 00 00	udf	#0x0
100007db4:	00 00 00 00	udf	#0x0
100007db8:	00 00 00 00	udf	#0x0
100007dbc:	00 00 00 00	udf	#0x0
100007dc0:	00 00 00 00	udf	#0x0
100007dc4:	00 00 00 00	udf	#0x0
100007dc8:	00 00 00 00	udf	#0x0
100007dcc:	00 00 00 00	udf	#0x0
100007dd0:	00 00 00 00	udf	#0x0
100007dd4:	00 00 00 00	udf	#0x0
100007dd8:	00 00 00 00	udf	#0x0
100007ddc:	00 00 00 00	udf	#0x0
100007de0:	00 00 00 00	udf	#0x0
100007de4:	00 00 00 00	udf	#0x0
100007de8:	00 00 00 00	udf	#0x0
100007dec:	00 00 00 00	udf	#0x0
100007df0:	00 00 00 00	udf	#0x0
100007df4:	00 00 00 00	udf	#0x0
100007df8:	00 00 00 00	udf	#0x0
100007dfc:	00 00 00 00	udf	#0x0
100007e00:	00 00 00 00	udf	#0x0
100007e04:	00 00 00 00	udf	#0x0
100007e08:	00 00 00 00	udf	#0x0
100007e0c:	00 00 00 00	udf	#0x0
100007e10:	00 00 00 00	udf	#0x0
100007e14:	00 00 00 00	udf	#0x0
100007e18:	00 00 00 00	udf	#0x0
100007e1c:	00 00 00 00	udf	#0x0
100007e20:	00 00 00 00	udf	#0x0
100007e24:	00 00 00 00	udf	#0x0
100007e28:	00 00 00 00	udf	#0x0
100007e2c:	00 00 00 00	udf	#0x0
100007e30:	00 00 00 00	udf	#0x0
100007e34:	00 00 00 00	udf	#0x0
100007e38:	00 00 00 00	udf	#0x0
100007e3c:	00 00 00 00	udf	#0x0
100007e40:	00 00 00 00	udf	#0x0
100007e44:	00 00 00 00	udf	#0x0
100007e48:	00 00 00 00	udf	#0x0
100007e4c:	00 00 00 00	udf	#0x0
100007e50:	00 00 00 00	udf	#0x0
100007e54:	00 00 00 00	udf	#0x0
100007e58:	00 00 00 00	udf	#0x0
100007e5c:	00 00 00 00	udf	#0x0
100007e60:	00 00 00 00	udf	#0x0
100007e64:	00 00 00 00	udf	#0x0
100007e68:	00 00 00 00	udf	#0x0
100007e6c:	00 00 00 00	udf	#0x0
100007e70:	00 00 00 00	udf	#0x0
100007e74:	00 00 00 00	udf	#0x0
100007e78:	00 00 00 00	udf	#0x0
100007e7c:	00 00 00 00	udf	#0x0
100007e80:	00 00 00 00	udf	#0x0
100007e84:	00 00 00 00	udf	#0x0
100007e88:	00 00 00 00	udf	#0x0
100007e8c:	00 00 00 00	udf	#0x0
100007e90:	00 00 00 00	udf	#0x0
100007e94:	00 00 00 00	udf	#0x0
100007e98:	00 00 00 00	udf	#0x0
100007e9c:	00 00 00 00	udf	#0x0
100007ea0:	00 00 00 00	udf	#0x0
100007ea4:	00 00 00 00	udf	#0x0
100007ea8:	00 00 00 00	udf	#0x0
100007eac:	00 00 00 00	udf	#0x0
100007eb0:	00 00 00 00	udf	#0x0
100007eb4:	00 00 00 00	udf	#0x0
100007eb8:	00 00 00 00	udf	#0x0
100007ebc:	00 00 00 00	udf	#0x0
100007ec0:	00 00 00 00	udf	#0x0
100007ec4:	00 00 00 00	udf	#0x0
100007ec8:	00 00 00 00	udf	#0x0
100007ecc:	00 00 00 00	udf	#0x0
100007ed0:	00 00 00 00	udf	#0x0
100007ed4:	00 00 00 00	udf	#0x0
100007ed8:	00 00 00 00	udf	#0x0
100007edc:	00 00 00 00	udf	#0x0
100007ee0:	00 00 00 00	udf	#0x0
100007ee4:	00 00 00 00	udf	#0x0
100007ee8:	00 00 00 00	udf	#0x0
100007eec:	00 00 00 00	udf	#0x0
100007ef0:	00 00 00 00	udf	#0x0
100007ef4:	00 00 00 00	udf	#0x0
100007ef8:	00 00 00 00	udf	#0x0
100007efc:	00 00 00 00	udf	#0x0
100007f00:	00 00 00 00	udf	#0x0
100007f04:	00 00 00 00	udf	#0x0
100007f08:	00 00 00 00	udf	#0x0
100007f0c:	00 00 00 00	udf	#0x0
100007f10:	00 00 00 00	udf	#0x0
100007f14:	00 00 00 00	udf	#0x0
100007f18:	00 00 00 00	udf	#0x0
100007f1c:	00 00 00 00	udf	#0x0
100007f20:	00 00 00 00	udf	#0x0
100007f24:	00 00 00 00	udf	#0x0
100007f28:	00 00 00 00	udf	#0x0
100007f2c:	00 00 00 00	udf	#0x0
100007f30:	00 00 00 00	udf	#0x0
100007f34:	00 00 00 00	udf	#0x0
100007f38:	00 00 00 00	udf	#0x0
100007f3c:	00 00 00 00	udf	#0x0
100007f40:	00 00 00 00	udf	#0x0
100007f44:	00 00 00 00	udf	#0x0
100007f48:	00 00 00 00	udf	#0x0
100007f4c:	00 00 00 00	udf	#0x0
100007f50:	00 00 00 00	udf	#0x0
100007f54:	00 00 00 00	udf	#0x0
100007f58:	00 00 00 00	udf	#0x0
100007f5c:	00 00 00 00	udf	#0x0
100007f60:	00 00 00 00	udf	#0x0
100007f64:	00 00 00 00	udf	#0x0
100007f68:	00 00 00 00	udf	#0x0
100007f6c:	00 00 00 00	udf	#0x0
100007f70:	00 00 00 00	udf	#0x0
100007f74:	00 00 00 00	udf	#0x0
100007f78:	00 00 00 00	udf	#0x0
100007f7c:	00 00 00 00	udf	#0x0
100007f80:	00 00 00 00	udf	#0x0
100007f84:	00 00 00 00	udf	#0x0
100007f88:	00 00 00 00	udf	#0x0
100007f8c:	00 00 00 00	udf	#0x0
100007f90:	00 00 00 00	udf	#0x0
100007f94:	00 00 00 00	udf	#0x0
100007f98:	00 00 00 00	udf	#0x0
100007f9c:	00 00 00 00	udf	#0x0
100007fa0:	00 00 00 00	udf	#0x0
100007fa4:	00 00 00 00	udf	#0x0
100007fa8:	00 00 00 00	udf	#0x0
100007fac:	00 00 00 00	udf	#0x0
100007fb0:	00 00 00 00	udf	#0x0
100007fb4:	00 00 00 00	udf	#0x0
100007fb8:	00 00 00 00	udf	#0x0
100007fbc:	00 00 00 00	udf	#0x0
100007fc0:	00 00 00 00	udf	#0x0
100007fc4:	00 00 00 00	udf	#0x0
100007fc8:	00 00 00 00	udf	#0x0
100007fcc:	00 00 00 00	udf	#0x0
100007fd0:	00 00 00 00	udf	#0x0
100007fd4:	00 00 00 00	udf	#0x0
100007fd8:	00 00 00 00	udf	#0x0
100007fdc:	00 00 00 00	udf	#0x0
100007fe0:	00 00 00 00	udf	#0x0
100007fe4:	00 00 00 00	udf	#0x0
100007fe8:	00 00 00 00	udf	#0x0
100007fec:	00 00 00 00	udf	#0x0
100007ff0:	00 00 00 00	udf	#0x0
100007ff4:	00 00 00 00	udf	#0x0
100007ff8:	00 00 00 00	udf	#0x0
100007ffc:	00 00 00 00	udf	#0x0
100008000:	00 00 00 00	udf	#0x0
100008004:	00 00 00 00	udf	#0x0
100008008:	00 00 00 00	udf	#0x0
10000800c:	00 00 00 00	udf	#0x0
100008010:	00 00 00 00	udf	#0x0
100008014:	00 00 00 00	udf	#0x0
100008018:	00 00 00 00	udf	#0x0
10000801c:	00 00 00 00	udf	#0x0
100008020:	00 00 00 00	udf	#0x0
100008024:	00 00 00 00	udf	#0x0
100008028:	00 00 00 00	udf	#0x0
10000802c:	00 00 00 00	udf	#0x0
100008030:	00 00 00 00	udf	#0x0
100008034:	00 00 00 00	udf	#0x0
100008038:	00 00 00 00	udf	#0x0
10000803c:	00 00 00 00	udf	#0x0
100008040:	00 00 00 00	udf	#0x0
100008044:	00 00 00 00	udf	#0x0
100008048:	00 00 00 00	udf	#0x0
10000804c:	00 00 00 00	udf	#0x0
100008050:	00 00 00 00	udf	#0x0
100008054:	00 00 00 00	udf	#0x0
100008058:	00 00 00 00	udf	#0x0
10000805c:	00 00 00 00	udf	#0x0
100008060:	00 00 00 00	udf	#0x0
100008064:	00 00 00 00	udf	#0x0
100008068:	00 00 00 00	udf	#0x0
10000806c:	00 00 00 00	udf	#0x0
100008070:	00 00 00 00	udf	#0x0
100008074:	00 00 00 00	udf	#0x0
100008078:	00 00 00 00	udf	#0x0
10000807c:	00 00 00 00	udf	#0x0
100008080:	00 00 00 00	udf	#0x0
100008084:	00 00 00 00	udf	#0x0
100008088:	00 00 00 00	udf	#0x0
10000808c:	00 00 00 00	udf	#0x0
100008090:	00 00 00 00	udf	#0x0
100008094:	00 00 00 00	udf	#0x0
100008098:	00 00 00 00	udf	#0x0
10000809c:	00 00 00 00	udf	#0x0
1000080a0:	00 00 00 00	udf	#0x0
1000080a4:	00 00 00 00	udf	#0x0
1000080a8:	00 00 00 00	udf	#0x0
1000080ac:	00 00 00 00	udf	#0x0
1000080b0:	00 00 00 00	udf	#0x0
1000080b4:	00 00 00 00	udf	#0x0
1000080b8:	00 00 00 00	udf	#0x0
1000080bc:	00 00 00 00	udf	#0x0
1000080c0:	00 00 00 00	udf	#0x0
1000080c4:	00 00 00 00	udf	#0x0
1000080c8:	00 00 00 00	udf	#0x0
1000080cc:	00 00 00 00	udf	#0x0
1000080d0:	00 00 00 00	udf	#0x0
1000080d4:	00 00 00 00	udf	#0x0
1000080d8:	00 00 00 00	udf	#0x0
1000080dc:	00 00 00 00	udf	#0x0
1000080e0:	00 00 00 00	udf	#0x0
1000080e4:	00 00 00 00	udf	#0x0
1000080e8:	00 00 00 00	udf	#0x0
1000080ec:	00 00 00 00	udf	#0x0
1000080f0:	00 00 00 00	udf	#0x0
1000080f4:	00 00 00 00	udf	#0x0
1000080f8:	00 00 00 00	udf	#0x0
1000080fc:	00 00 00 00	udf	#0x0
100008100:	00 00 00 00	udf	#0x0
100008104:	00 00 00 00	udf	#0x0
100008108:	00 00 00 00	udf	#0x0
10000810c:	00 00 00 00	udf	#0x0
100008110:	00 00 00 00	udf	#0x0
100008114:	00 00 00 00	udf	#0x0
100008118:	00 00 00 00	udf	#0x0
10000811c:	00 00 00 00	udf	#0x0
100008120:	00 00 00 00	udf	#0x0
100008124:	00 00 00 00	udf	#0x0
100008128:	00 00 00 00	udf	#0x0
10000812c:	00 00 00 00	udf	#0x0
100008130:	00 00 00 00	udf	#0x0
100008134:	00 00 00 00	udf	#0x0
100008138:	00 00 00 00	udf	#0x0
10000813c:	00 00 00 00	udf	#0x0
100008140:	00 00 00 00	udf	#0x0
100008144:	00 00 00 00	udf	#0x0
100008148:	00 00 00 00	udf	#0x0
10000814c:	00 00 00 00	udf	#0x0
100008150:	00 00 00 00	udf	#0x0
100008154:	00 00 00 00	udf	#0x0
100008158:	00 00 00 00	udf	#0x0
10000815c:	00 00 00 00	udf	#0x0
100008160:	00 00 00 00	udf	#0x0
100008164:	00 00 00 00	udf	#0x0
100008168:	00 00 00 00	udf	#0x0
10000816c:	00 00 00 00	udf	#0x0
100008170:	00 00 00 00	udf	#0x0
100008174:	00 00 00 00	udf	#0x0
100008178:	00 00 00 00	udf	#0x0
10000817c:	00 00 00 00	udf	#0x0
100008180:	00 00 00 00	udf	#0x0
100008184:	00 00 00 00	udf	#0x0
100008188:	00 00 00 00	udf	#0x0
10000818c:	00 00 00 00	udf	#0x0
100008190:	00 00 00 00	udf	#0x0
100008194:	00 00 00 00	udf	#0x0
100008198:	00 00 00 00	udf	#0x0
10000819c:	00 00 00 00	udf	#0x0
1000081a0:	00 00 00 00	udf	#0x0
1000081a4:	00 00 00 00	udf	#0x0
1000081a8:	00 00 00 00	udf	#0x0
1000081ac:	00 00 00 00	udf	#0x0
1000081b0:	00 00 00 00	udf	#0x0
1000081b4:	00 00 00 00	udf	#0x0
1000081b8:	00 00 00 00	udf	#0x0
1000081bc:	00 00 00 00	udf	#0x0
1000081c0:	00 00 00 00	udf	#0x0
1000081c4:	00 00 00 00	udf	#0x0
1000081c8:	00 00 00 00	udf	#0x0
1000081cc:	00 00 00 00	udf	#0x0
1000081d0:	00 00 00 00	udf	#0x0
1000081d4:	00 00 00 00	udf	#0x0
1000081d8:	00 00 00 00	udf	#0x0
1000081dc:	00 00 00 00	udf	#0x0
1000081e0:	00 00 00 00	udf	#0x0
1000081e4:	00 00 00 00	udf	#0x0
1000081e8:	00 00 00 00	udf	#0x0
1000081ec:	00 00 00 00	udf	#0x0
1000081f0:	00 00 00 00	udf	#0x0
1000081f4:	00 00 00 00	udf	#0x0
1000081f8:	00 00 00 00	udf	#0x0
1000081fc:	00 00 00 00	udf	#0x0
100008200:	00 00 00 00	udf	#0x0
100008204:	00 00 00 00	udf	#0x0
100008208:	00 00 00 00	udf	#0x0
10000820c:	00 00 00 00	udf	#0x0
100008210:	00 00 00 00	udf	#0x0
100008214:	00 00 00 00	udf	#0x0
100008218:	00 00 00 00	udf	#0x0
10000821c:	00 00 00 00	udf	#0x0
100008220:	00 00 00 00	udf	#0x0
100008224:	00 00 00 00	udf	#0x0
100008228:	00 00 00 00	udf	#0x0
10000822c:	00 00 00 00	udf	#0x0
100008230:	00 00 00 00	udf	#0x0
100008234:	00 00 00 00	udf	#0x0
100008238:	00 00 00 00	udf	#0x0
10000823c:	00 00 00 00	udf	#0x0
100008240:	00 00 00 00	udf	#0x0
100008244:	00 00 00 00	udf	#0x0
100008248:	00 00 00 00	udf	#0x0
10000824c:	00 00 00 00	udf	#0x0
100008250:	00 00 00 00	udf	#0x0
100008254:	00 00 00 00	udf	#0x0
100008258:	00 00 00 00	udf	#0x0
10000825c:	00 00 00 00	udf	#0x0
100008260:	00 00 00 00	udf	#0x0
100008264:	00 00 00 00	udf	#0x0
100008268:	00 00 00 00	udf	#0x0
10000826c:	00 00 00 00	udf	#0x0
100008270:	00 00 00 00	udf	#0x0
100008274:	00 00 00 00	udf	#0x0
100008278:	00 00 00 00	udf	#0x0
10000827c:	00 00 00 00	udf	#0x0
100008280:	00 00 00 00	udf	#0x0
100008284:	00 00 00 00	udf	#0x0
100008288:	00 00 00 00	udf	#0x0
10000828c:	00 00 00 00	udf	#0x0
100008290:	00 00 00 00	udf	#0x0
100008294:	00 00 00 00	udf	#0x0
100008298:	00 00 00 00	udf	#0x0
10000829c:	00 00 00 00	udf	#0x0
1000082a0:	00 00 00 00	udf	#0x0
1000082a4:	00 00 00 00	udf	#0x0
1000082a8:	00 00 00 00	udf	#0x0
1000082ac:	00 00 00 00	udf	#0x0
1000082b0:	00 00 00 00	udf	#0x0
1000082b4:	00 00 00 00	udf	#0x0
1000082b8:	00 00 00 00	udf	#0x0
1000082bc:	00 00 00 00	udf	#0x0
1000082c0:	00 00 00 00	udf	#0x0
1000082c4:	00 00 00 00	udf	#0x0
1000082c8:	00 00 00 00	udf	#0x0
1000082cc:	00 00 00 00	udf	#0x0
1000082d0:	00 00 00 00	udf	#0x0
1000082d4:	00 00 00 00	udf	#0x0
1000082d8:	00 00 00 00	udf	#0x0
1000082dc:	00 00 00 00	udf	#0x0
1000082e0:	00 00 00 00	udf	#0x0
1000082e4:	00 00 00 00	udf	#0x0
1000082e8:	00 00 00 00	udf	#0x0
1000082ec:	00 00 00 00	udf	#0x0
1000082f0:	00 00 00 00	udf	#0x0
1000082f4:	00 00 00 00	udf	#0x0
1000082f8:	00 00 00 00	udf	#0x0
1000082fc:	00 00 00 00	udf	#0x0
100008300:	00 00 00 00	udf	#0x0
100008304:	00 00 00 00	udf	#0x0
100008308:	00 00 00 00	udf	#0x0
10000830c:	00 00 00 00	udf	#0x0
100008310:	00 00 00 00	udf	#0x0
100008314:	00 00 00 00	udf	#0x0
100008318:	00 00 00 00	udf	#0x0
10000831c:	00 00 00 00	udf	#0x0
100008320:	00 00 00 00	udf	#0x0
100008324:	00 00 00 00	udf	#0x0
100008328:	00 00 00 00	udf	#0x0
10000832c:	00 00 00 00	udf	#0x0
100008330:	00 00 00 00	udf	#0x0
100008334:	00 00 00 00	udf	#0x0
100008338:	00 00 00 00	udf	#0x0
10000833c:	00 00 00 00	udf	#0x0
100008340:	00 00 00 00	udf	#0x0
100008344:	00 00 00 00	udf	#0x0
100008348:	00 00 00 00	udf	#0x0
10000834c:	00 00 00 00	udf	#0x0
100008350:	00 00 00 00	udf	#0x0
100008354:	00 00 00 00	udf	#0x0
100008358:	00 00 00 00	udf	#0x0
10000835c:	00 00 00 00	udf	#0x0
100008360:	00 00 00 00	udf	#0x0
100008364:	00 00 00 00	udf	#0x0
100008368:	00 00 00 00	udf	#0x0
10000836c:	00 00 00 00	udf	#0x0
100008370:	00 00 00 00	udf	#0x0
100008374:	00 00 00 00	udf	#0x0
100008378:	00 00 00 00	udf	#0x0
10000837c:	00 00 00 00	udf	#0x0
100008380:	00 00 00 00	udf	#0x0
100008384:	00 00 00 00	udf	#0x0
100008388:	00 00 00 00	udf	#0x0
10000838c:	00 00 00 00	udf	#0x0
100008390:	00 00 00 00	udf	#0x0
100008394:	00 00 00 00	udf	#0x0
100008398:	00 00 00 00	udf	#0x0
10000839c:	00 00 00 00	udf	#0x0
1000083a0:	00 00 00 00	udf	#0x0
1000083a4:	00 00 00 00	udf	#0x0
1000083a8:	00 00 00 00	udf	#0x0
1000083ac:	00 00 00 00	udf	#0x0
1000083b0:	00 00 00 00	udf	#0x0
1000083b4:	00 00 00 00	udf	#0x0
1000083b8:	00 00 00 00	udf	#0x0
1000083bc:	00 00 00 00	udf	#0x0
1000083c0:	00 00 00 00	udf	#0x0
1000083c4:	00 00 00 00	udf	#0x0
1000083c8:	00 00 00 00	udf	#0x0
1000083cc:	00 00 00 00	udf	#0x0
1000083d0:	00 00 00 00	udf	#0x0
1000083d4:	00 00 00 00	udf	#0x0
1000083d8:	00 00 00 00	udf	#0x0
1000083dc:	00 00 00 00	udf	#0x0
1000083e0:	00 00 00 00	udf	#0x0
1000083e4:	00 00 00 00	udf	#0x0
1000083e8:	00 00 00 00	udf	#0x0
1000083ec:	00 00 00 00	udf	#0x0
1000083f0:	00 00 00 00	udf	#0x0
1000083f4:	00 00 00 00	udf	#0x0
1000083f8:	00 00 00 00	udf	#0x0
1000083fc:	00 00 00 00	udf	#0x0
100008400:	00 00 00 00	udf	#0x0
100008404:	00 00 00 00	udf	#0x0
100008408:	00 00 00 00	udf	#0x0
10000840c:	00 00 00 00	udf	#0x0
100008410:	00 00 00 00	udf	#0x0
100008414:	00 00 00 00	udf	#0x0
100008418:	00 00 00 00	udf	#0x0
10000841c:	00 00 00 00	udf	#0x0
100008420:	00 00 00 00	udf	#0x0
100008424:	00 00 00 00	udf	#0x0
100008428:	00 00 00 00	udf	#0x0
10000842c:	00 00 00 00	udf	#0x0
100008430:	00 00 00 00	udf	#0x0
100008434:	00 00 00 00	udf	#0x0
100008438:	00 00 00 00	udf	#0x0
10000843c:	00 00 00 00	udf	#0x0
100008440:	00 00 00 00	udf	#0x0
100008444:	00 00 00 00	udf	#0x0
100008448:	00 00 00 00	udf	#0x0
10000844c:	00 00 00 00	udf	#0x0
100008450:	00 00 00 00	udf	#0x0
100008454:	00 00 00 00	udf	#0x0
100008458:	00 00 00 00	udf	#0x0
10000845c:	00 00 00 00	udf	#0x0
100008460:	00 00 00 00	udf	#0x0
100008464:	00 00 00 00	udf	#0x0
100008468:	00 00 00 00	udf	#0x0
10000846c:	00 00 00 00	udf	#0x0
100008470:	00 00 00 00	udf	#0x0
100008474:	00 00 00 00	udf	#0x0
100008478:	00 00 00 00	udf	#0x0
10000847c:	00 00 00 00	udf	#0x0
100008480:	00 00 00 00	udf	#0x0
100008484:	00 00 00 00	udf	#0x0
100008488:	00 00 00 00	udf	#0x0
10000848c:	00 00 00 00	udf	#0x0
100008490:	00 00 00 00	udf	#0x0
100008494:	00 00 00 00	udf	#0x0
100008498:	00 00 00 00	udf	#0x0
10000849c:	00 00 00 00	udf	#0x0
1000084a0:	00 00 00 00	udf	#0x0
1000084a4:	00 00 00 00	udf	#0x0
1000084a8:	00 00 00 00	udf	#0x0
1000084ac:	00 00 00 00	udf	#0x0
1000084b0:	00 00 00 00	udf	#0x0
1000084b4:	00 00 00 00	udf	#0x0
1000084b8:	00 00 00 00	udf	#0x0
1000084bc:	00 00 00 00	udf	#0x0
1000084c0:	00 00 00 00	udf	#0x0
1000084c4:	00 00 00 00	udf	#0x0
1000084c8:	00 00 00 00	udf	#0x0
1000084cc:	00 00 00 00	udf	#0x0
1000084d0:	00 00 00 00	udf	#0x0
1000084d4:	00 00 00 00	udf	#0x0
1000084d8:	00 00 00 00	udf	#0x0
1000084dc:	00 00 00 00	udf	#0x0
1000084e0:	00 00 00 00	udf	#0x0
1000084e4:	00 00 00 00	udf	#0x0
1000084e8:	00 00 00 00	udf	#0x0
1000084ec:	00 00 00 00	udf	#0x0
1000084f0:	00 00 00 00	udf	#0x0
1000084f4:	00 00 00 00	udf	#0x0
1000084f8:	00 00 00 00	udf	#0x0
1000084fc:	00 00 00 00	udf	#0x0
100008500:	00 00 00 00	udf	#0x0
100008504:	00 00 00 00	udf	#0x0
100008508:	00 00 00 00	udf	#0x0
10000850c:	00 00 00 00	udf	#0x0
100008510:	00 00 00 00	udf	#0x0
100008514:	00 00 00 00	udf	#0x0
100008518:	00 00 00 00	udf	#0x0
10000851c:	00 00 00 00	udf	#0x0
100008520:	00 00 00 00	udf	#0x0
100008524:	00 00 00 00	udf	#0x0
100008528:	00 00 00 00	udf	#0x0
10000852c:	00 00 00 00	udf	#0x0
100008530:	00 00 00 00	udf	#0x0
100008534:	00 00 00 00	udf	#0x0
100008538:	00 00 00 00	udf	#0x0
10000853c:	00 00 00 00	udf	#0x0
100008540:	00 00 00 00	udf	#0x0
100008544:	00 00 00 00	udf	#0x0
100008548:	00 00 00 00	udf	#0x0
10000854c:	00 00 00 00	udf	#0x0
100008550:	00 00 00 00	udf	#0x0
100008554:	00 00 00 00	udf	#0x0
100008558:	00 00 00 00	udf	#0x0
10000855c:	00 00 00 00	udf	#0x0
100008560:	00 00 00 00	udf	#0x0
100008564:	00 00 00 00	udf	#0x0
100008568:	00 00 00 00	udf	#0x0
10000856c:	00 00 00 00	udf	#0x0
100008570:	00 00 00 00	udf	#0x0
100008574:	00 00 00 00	udf	#0x0
100008578:	00 00 00 00	udf	#0x0
10000857c:	00 00 00 00	udf	#0x0
100008580:	00 00 00 00	udf	#0x0
100008584:	00 00 00 00	udf	#0x0
100008588:	00 00 00 00	udf	#0x0
10000858c:	00 00 00 00	udf	#0x0
100008590:	00 00 00 00	udf	#0x0
100008594:	00 00 00 00	udf	#0x0
100008598:	00 00 00 00	udf	#0x0
10000859c:	00 00 00 00	udf	#0x0
1000085a0:	00 00 00 00	udf	#0x0
1000085a4:	00 00 00 00	udf	#0x0
1000085a8:	00 00 00 00	udf	#0x0
1000085ac:	00 00 00 00	udf	#0x0
1000085b0:	00 00 00 00	udf	#0x0
1000085b4:	00 00 00 00	udf	#0x0
1000085b8:	00 00 00 00	udf	#0x0
1000085bc:	00 00 00 00	udf	#0x0
1000085c0:	00 00 00 00	udf	#0x0
1000085c4:	00 00 00 00	udf	#0x0
1000085c8:	00 00 00 00	udf	#0x0
1000085cc:	00 00 00 00	udf	#0x0
1000085d0:	00 00 00 00	udf	#0x0
1000085d4:	00 00 00 00	udf	#0x0
1000085d8:	00 00 00 00	udf	#0x0
1000085dc:	00 00 00 00	udf	#0x0
1000085e0:	00 00 00 00	udf	#0x0
1000085e4:	00 00 00 00	udf	#0x0
1000085e8:	00 00 00 00	udf	#0x0
1000085ec:	00 00 00 00	udf	#0x0
1000085f0:	00 00 00 00	udf	#0x0
1000085f4:	00 00 00 00	udf	#0x0
1000085f8:	00 00 00 00	udf	#0x0
1000085fc:	00 00 00 00	udf	#0x0
100008600:	00 00 00 00	udf	#0x0
100008604:	00 00 00 00	udf	#0x0
100008608:	00 00 00 00	udf	#0x0
10000860c:	00 00 00 00	udf	#0x0
100008610:	00 00 00 00	udf	#0x0
100008614:	00 00 00 00	udf	#0x0
100008618:	00 00 00 00	udf	#0x0
10000861c:	00 00 00 00	udf	#0x0
100008620:	00 00 00 00	udf	#0x0
100008624:	00 00 00 00	udf	#0x0
100008628:	00 00 00 00	udf	#0x0
10000862c:	00 00 00 00	udf	#0x0
100008630:	00 00 00 00	udf	#0x0
100008634:	00 00 00 00	udf	#0x0
100008638:	00 00 00 00	udf	#0x0
10000863c:	00 00 00 00	udf	#0x0
100008640:	00 00 00 00	udf	#0x0
100008644:	00 00 00 00	udf	#0x0
100008648:	00 00 00 00	udf	#0x0
10000864c:	00 00 00 00	udf	#0x0
100008650:	00 00 00 00	udf	#0x0
100008654:	00 00 00 00	udf	#0x0
100008658:	00 00 00 00	udf	#0x0
10000865c:	00 00 00 00	udf	#0x0
100008660:	00 00 00 00	udf	#0x0
100008664:	00 00 00 00	udf	#0x0
100008668:	00 00 00 00	udf	#0x0
10000866c:	00 00 00 00	udf	#0x0
100008670:	00 00 00 00	udf	#0x0
100008674:	00 00 00 00	udf	#0x0
100008678:	00 00 00 00	udf	#0x0
10000867c:	00 00 00 00	udf	#0x0
100008680:	00 00 00 00	udf	#0x0
100008684:	00 00 00 00	udf	#0x0
100008688:	00 00 00 00	udf	#0x0
10000868c:	00 00 00 00	udf	#0x0
100008690:	00 00 00 00	udf	#0x0
100008694:	00 00 00 00	udf	#0x0
100008698:	00 00 00 00	udf	#0x0
10000869c:	00 00 00 00	udf	#0x0
1000086a0:	00 00 00 00	udf	#0x0
1000086a4:	00 00 00 00	udf	#0x0
1000086a8:	00 00 00 00	udf	#0x0
1000086ac:	00 00 00 00	udf	#0x0
1000086b0:	00 00 00 00	udf	#0x0
1000086b4:	00 00 00 00	udf	#0x0
1000086b8:	00 00 00 00	udf	#0x0
1000086bc:	00 00 00 00	udf	#0x0
1000086c0:	00 00 00 00	udf	#0x0
1000086c4:	00 00 00 00	udf	#0x0
1000086c8:	00 00 00 00	udf	#0x0
1000086cc:	00 00 00 00	udf	#0x0
1000086d0:	00 00 00 00	udf	#0x0
1000086d4:	00 00 00 00	udf	#0x0
1000086d8:	00 00 00 00	udf	#0x0
1000086dc:	00 00 00 00	udf	#0x0
1000086e0:	00 00 00 00	udf	#0x0
1000086e4:	00 00 00 00	udf	#0x0
1000086e8:	00 00 00 00	udf	#0x0
1000086ec:	00 00 00 00	udf	#0x0
1000086f0:	00 00 00 00	udf	#0x0
1000086f4:	00 00 00 00	udf	#0x0
1000086f8:	00 00 00 00	udf	#0x0
1000086fc:	00 00 00 00	udf	#0x0
100008700:	00 00 00 00	udf	#0x0
100008704:	00 00 00 00	udf	#0x0
100008708:	00 00 00 00	udf	#0x0
10000870c:	00 00 00 00	udf	#0x0
100008710:	00 00 00 00	udf	#0x0
100008714:	00 00 00 00	udf	#0x0
100008718:	00 00 00 00	udf	#0x0
10000871c:	00 00 00 00	udf	#0x0
100008720:	00 00 00 00	udf	#0x0
100008724:	00 00 00 00	udf	#0x0
100008728:	00 00 00 00	udf	#0x0
10000872c:	00 00 00 00	udf	#0x0
100008730:	00 00 00 00	udf	#0x0
100008734:	00 00 00 00	udf	#0x0
100008738:	00 00 00 00	udf	#0x0
10000873c:	00 00 00 00	udf	#0x0
100008740:	00 00 00 00	udf	#0x0
100008744:	00 00 00 00	udf	#0x0
100008748:	00 00 00 00	udf	#0x0
10000874c:	00 00 00 00	udf	#0x0
100008750:	00 00 00 00	udf	#0x0
100008754:	00 00 00 00	udf	#0x0
100008758:	00 00 00 00	udf	#0x0
10000875c:	00 00 00 00	udf	#0x0
100008760:	00 00 00 00	udf	#0x0
100008764:	00 00 00 00	udf	#0x0
100008768:	00 00 00 00	udf	#0x0
10000876c:	00 00 00 00	udf	#0x0
100008770:	00 00 00 00	udf	#0x0
100008774:	00 00 00 00	udf	#0x0
100008778:	00 00 00 00	udf	#0x0
10000877c:	00 00 00 00	udf	#0x0
100008780:	00 00 00 00	udf	#0x0
100008784:	00 00 00 00	udf	#0x0
100008788:	00 00 00 00	udf	#0x0
10000878c:	00 00 00 00	udf	#0x0
100008790:	00 00 00 00	udf	#0x0
100008794:	00 00 00 00	udf	#0x0
100008798:	00 00 00 00	udf	#0x0
10000879c:	00 00 00 00	udf	#0x0
1000087a0:	00 00 00 00	udf	#0x0
1000087a4:	00 00 00 00	udf	#0x0
1000087a8:	00 00 00 00	udf	#0x0
1000087ac:	00 00 00 00	udf	#0x0
1000087b0:	00 00 00 00	udf	#0x0
1000087b4:	00 00 00 00	udf	#0x0
1000087b8:	00 00 00 00	udf	#0x0
1000087bc:	00 00 00 00	udf	#0x0
1000087c0:	00 00 00 00	udf	#0x0
1000087c4:	00 00 00 00	udf	#0x0
1000087c8:	00 00 00 00	udf	#0x0
1000087cc:	00 00 00 00	udf	#0x0
1000087d0:	00 00 00 00	udf	#0x0
1000087d4:	00 00 00 00	udf	#0x0
1000087d8:	00 00 00 00	udf	#0x0
1000087dc:	00 00 00 00	udf	#0x0
1000087e0:	00 00 00 00	udf	#0x0
1000087e4:	00 00 00 00	udf	#0x0
1000087e8:	00 00 00 00	udf	#0x0
1000087ec:	00 00 00 00	udf	#0x0
1000087f0:	00 00 00 00	udf	#0x0
1000087f4:	00 00 00 00	udf	#0x0
1000087f8:	00 00 00 00	udf	#0x0
1000087fc:	00 00 00 00	udf	#0x0
100008800:	00 00 00 00	udf	#0x0
100008804:	00 00 00 00	udf	#0x0
100008808:	00 00 00 00	udf	#0x0
10000880c:	00 00 00 00	udf	#0x0
100008810:	00 00 00 00	udf	#0x0
100008814:	00 00 00 00	udf	#0x0
100008818:	00 00 00 00	udf	#0x0
10000881c:	00 00 00 00	udf	#0x0
100008820:	00 00 00 00	udf	#0x0
100008824:	00 00 00 00	udf	#0x0
100008828:	00 00 00 00	udf	#0x0
10000882c:	00 00 00 00	udf	#0x0
100008830:	00 00 00 00	udf	#0x0
100008834:	00 00 00 00	udf	#0x0
100008838:	00 00 00 00	udf	#0x0
10000883c:	00 00 00 00	udf	#0x0
100008840:	00 00 00 00	udf	#0x0
100008844:	00 00 00 00	udf	#0x0
100008848:	00 00 00 00	udf	#0x0
10000884c:	00 00 00 00	udf	#0x0
100008850:	00 00 00 00	udf	#0x0
100008854:	00 00 00 00	udf	#0x0
100008858:	00 00 00 00	udf	#0x0
10000885c:	00 00 00 00	udf	#0x0
100008860:	00 00 00 00	udf	#0x0
100008864:	00 00 00 00	udf	#0x0
100008868:	00 00 00 00	udf	#0x0
10000886c:	00 00 00 00	udf	#0x0
100008870:	00 00 00 00	udf	#0x0
100008874:	00 00 00 00	udf	#0x0
100008878:	00 00 00 00	udf	#0x0
10000887c:	00 00 00 00	udf	#0x0
100008880:	00 00 00 00	udf	#0x0
100008884:	00 00 00 00	udf	#0x0
100008888:	00 00 00 00	udf	#0x0
10000888c:	00 00 00 00	udf	#0x0
100008890:	00 00 00 00	udf	#0x0
100008894:	00 00 00 00	udf	#0x0
100008898:	00 00 00 00	udf	#0x0
10000889c:	00 00 00 00	udf	#0x0
1000088a0:	00 00 00 00	udf	#0x0
1000088a4:	00 00 00 00	udf	#0x0
1000088a8:	00 00 00 00	udf	#0x0
1000088ac:	00 00 00 00	udf	#0x0
1000088b0:	00 00 00 00	udf	#0x0
1000088b4:	00 00 00 00	udf	#0x0
1000088b8:	00 00 00 00	udf	#0x0
1000088bc:	00 00 00 00	udf	#0x0
1000088c0:	00 00 00 00	udf	#0x0
1000088c4:	00 00 00 00	udf	#0x0
1000088c8:	00 00 00 00	udf	#0x0
1000088cc:	00 00 00 00	udf	#0x0
1000088d0:	00 00 00 00	udf	#0x0
1000088d4:	00 00 00 00	udf	#0x0
1000088d8:	00 00 00 00	udf	#0x0
1000088dc:	00 00 00 00	udf	#0x0
1000088e0:	00 00 00 00	udf	#0x0
1000088e4:	00 00 00 00	udf	#0x0
1000088e8:	00 00 00 00	udf	#0x0
1000088ec:	00 00 00 00	udf	#0x0
1000088f0:	00 00 00 00	udf	#0x0
1000088f4:	00 00 00 00	udf	#0x0
1000088f8:	00 00 00 00	udf	#0x0
1000088fc:	00 00 00 00	udf	#0x0
100008900:	00 00 00 00	udf	#0x0
100008904:	00 00 00 00	udf	#0x0
100008908:	00 00 00 00	udf	#0x0
10000890c:	00 00 00 00	udf	#0x0
100008910:	00 00 00 00	udf	#0x0
100008914:	00 00 00 00	udf	#0x0
100008918:	00 00 00 00	udf	#0x0
10000891c:	00 00 00 00	udf	#0x0
100008920:	00 00 00 00	udf	#0x0
100008924:	00 00 00 00	udf	#0x0
100008928:	00 00 00 00	udf	#0x0
10000892c:	00 00 00 00	udf	#0x0
100008930:	00 00 00 00	udf	#0x0
100008934:	00 00 00 00	udf	#0x0
100008938:	00 00 00 00	udf	#0x0
10000893c:	00 00 00 00	udf	#0x0
100008940:	00 00 00 00	udf	#0x0
100008944:	00 00 00 00	udf	#0x0
100008948:	00 00 00 00	udf	#0x0
10000894c:	00 00 00 00	udf	#0x0
100008950:	00 00 00 00	udf	#0x0
100008954:	00 00 00 00	udf	#0x0
100008958:	00 00 00 00	udf	#0x0
10000895c:	00 00 00 00	udf	#0x0
100008960:	00 00 00 00	udf	#0x0
100008964:	00 00 00 00	udf	#0x0
100008968:	00 00 00 00	udf	#0x0
10000896c:	00 00 00 00	udf	#0x0
100008970:	00 00 00 00	udf	#0x0
100008974:	00 00 00 00	udf	#0x0
100008978:	00 00 00 00	udf	#0x0
10000897c:	00 00 00 00	udf	#0x0
100008980:	00 00 00 00	udf	#0x0
100008984:	00 00 00 00	udf	#0x0
100008988:	4a 00 03 aa	orr	x10, x2, x3
10000898c:	aa 04 00 b4	cbz	x10, 0x100008a20
100008990:	e8 03 01 aa	mov	x8, x1
100008994:	e9 03 00 aa	mov	x9, x0
100008998:	0d 00 80 d2	mov	x13, #0x0
10000899c:	0e 00 80 d2	mov	x14, #0x0
1000089a0:	00 00 80 d2	mov	x0, #0x0
1000089a4:	01 00 80 d2	mov	x1, #0x0
1000089a8:	0a 10 80 52	mov	w10, #0x80
1000089ac:	0b f9 7f d3	lsl	x11, x8, #1
1000089b0:	2c 00 80 52	mov	w12, #0x1
1000089b4:	5f 1d 00 72	tst	w10, #0xff
1000089b8:	80 03 00 54	b.eq	0x100008a28
1000089bc:	4a 05 00 51	sub	w10, w10, #0x1
1000089c0:	ce fd cd 93	extr	x14, x14, x13, #0x3f
1000089c4:	2f 25 ca 9a	lsr	x15, x9, x10
1000089c8:	f0 03 2a 2a	mvn	w16, w10
1000089cc:	70 21 d0 9a	lsl	x16, x11, x16
1000089d0:	0f 02 0f aa	orr	x15, x16, x15
1000089d4:	10 25 ca 9a	lsr	x16, x8, x10
1000089d8:	51 1d 40 92	and	x17, x10, #0xff
1000089dc:	3f 02 7a f2	tst	x17, #0x40
1000089e0:	0f 12 8f 9a	csel	x15, x16, x15, ne
1000089e4:	af f9 7f b3	bfi	x15, x13, #1, #63
1000089e8:	8d 21 ca 9a	lsl	x13, x12, x10
1000089ec:	b0 11 9f 9a	csel	x16, x13, xzr, ne
1000089f0:	ed 13 8d 9a	csel	x13, xzr, x13, ne
1000089f4:	ff 01 02 eb	cmp	x15, x2
1000089f8:	df 01 03 fa	sbcs	xzr, x14, x3
1000089fc:	f1 33 83 9a	csel	x17, xzr, x3, lo
100008a00:	e4 33 82 9a	csel	x4, xzr, x2, lo
100008a04:	e5 33 8d 9a	csel	x5, xzr, x13, lo
100008a08:	f0 33 90 9a	csel	x16, xzr, x16, lo
100008a0c:	ed 01 04 eb	subs	x13, x15, x4
100008a10:	ce 01 11 da	sbc	x14, x14, x17
100008a14:	01 02 01 aa	orr	x1, x16, x1
100008a18:	a0 00 00 aa	orr	x0, x5, x0
100008a1c:	e6 ff ff 17	b	0x1000089b4
100008a20:	00 00 80 d2	mov	x0, #0x0
100008a24:	01 00 80 d2	mov	x1, #0x0
100008a28:	c0 03 5f d6	ret
100008a2c:	08 00 80 d2	mov	x8, #0x0
100008a30:	5f 00 08 eb	cmp	x2, x8
100008a34:	80 00 00 54	b.eq	0x100008a44
100008a38:	01 68 28 38	strb	w1, [x0, x8]
100008a3c:	08 05 00 91	add	x8, x8, #0x1
100008a40:	fc ff ff 17	b	0x100008a30
100008a44:	c0 03 5f d6	ret
100008a48:	ff 43 01 d1	sub	sp, sp, #0x50
100008a4c:	f4 4f 03 a9	stp	x20, x19, [sp, #0x30]
100008a50:	fd 7b 04 a9	stp	x29, x30, [sp, #0x40]
100008a54:	f3 03 01 aa	mov	x19, x1
100008a58:	22 02 00 b4	cbz	x2, 0x100008a9c
100008a5c:	00 00 67 9e	fmov	d0, x0
100008a60:	00 20 60 1e	fcmp	d0, d0
100008a64:	c6 0e 00 54	b.vs	0x100008c3c
100008a68:	08 fe ef d2	mov	x8, #0x7ff0000000000000
100008a6c:	01 01 67 9e	fmov	d1, x8
100008a70:	00 20 61 1e	fcmp	d0, d1
100008a74:	20 02 00 54	b.eq	0x100008ab8
100008a78:	08 fe ff d2	mov	x8, #-0x10000000000000
100008a7c:	01 01 67 9e	fmov	d1, x8
100008a80:	00 20 61 1e	fcmp	d0, d1
100008a84:	e0 02 00 54	b.eq	0x100008ae0
100008a88:	08 20 60 1e	fcmp	d0, #0.0
100008a8c:	41 05 00 54	b.ne	0x100008b34
100008a90:	33 04 00 94	bl	0x100009b5c
100008a94:	1f 00 00 f1	cmp	x0, #0x0
100008a98:	1c 00 00 14	b	0x100008b08
100008a9c:	00 00 27 1e	fmov	s0, w0
100008aa0:	00 20 20 1e	fcmp	s0, s0
100008aa4:	c6 0c 00 54	b.vs	0x100008c3c
100008aa8:	08 f0 af 52	mov	w8, #0x7f800000
100008aac:	01 01 27 1e	fmov	s1, w8
100008ab0:	00 20 21 1e	fcmp	s0, s1
100008ab4:	e1 00 00 54	b.ne	0x100008ad0
100008ab8:	01 00 00 b0	adrp	x1, 1 ; 0x100009000
100008abc:	21 d0 3b 91	add	x1, x1, #0xef4
100008ac0:	74 00 80 52	mov	w20, #0x3
100008ac4:	e0 03 13 aa	mov	x0, x19
100008ac8:	62 00 80 52	mov	w2, #0x3
100008acc:	14 00 00 14	b	0x100008b1c
100008ad0:	08 f0 bf 52	mov	w8, #-0x800000
100008ad4:	01 01 27 1e	fmov	s1, w8
100008ad8:	00 20 21 1e	fcmp	s0, s1
100008adc:	e1 00 00 54	b.ne	0x100008af8
100008ae0:	01 00 00 b0	adrp	x1, 1 ; 0x100009000
100008ae4:	21 e0 3b 91	add	x1, x1, #0xef8
100008ae8:	94 00 80 52	mov	w20, #0x4
100008aec:	e0 03 13 aa	mov	x0, x19
100008af0:	82 00 80 52	mov	w2, #0x4
100008af4:	0a 00 00 14	b	0x100008b1c
100008af8:	08 20 20 1e	fcmp	s0, #0.0
100008afc:	41 03 00 54	b.ne	0x100008b64
100008b00:	17 04 00 94	bl	0x100009b5c
100008b04:	1f 00 00 71	cmp	w0, #0x0
100008b08:	21 b1 88 9a	csel	x1, x9, x8, lt
100008b0c:	68 00 80 52	mov	w8, #0x3
100008b10:	14 a5 88 9a	cinc	x20, x8, lt
100008b14:	e0 03 13 aa	mov	x0, x19
100008b18:	e2 03 14 aa	mov	x2, x20
100008b1c:	ce 03 00 94	bl	0x100009a54
100008b20:	e0 03 14 aa	mov	x0, x20
100008b24:	fd 7b 44 a9	ldp	x29, x30, [sp, #0x40]
100008b28:	f4 4f 43 a9	ldp	x20, x19, [sp, #0x30]
100008b2c:	ff 43 01 91	add	sp, sp, #0x50
100008b30:	c0 03 5f d6	ret
100008b34:	08 00 00 b0	adrp	x8, 1 ; 0x100009000
100008b38:	14 81 6e 39	ldrb	w20, [x8, #0xba0]
100008b3c:	e8 23 00 91	add	x8, sp, #0x8
100008b40:	81 06 80 52	mov	w1, #0x34
100008b44:	62 01 80 52	mov	w2, #0xb
100008b48:	63 02 00 94	bl	0x1000094d4
100008b4c:	02 00 00 b0	adrp	x2, 1 ; 0x100009000
100008b50:	42 40 2e 91	add	x2, x2, #0xb90
100008b54:	34 02 00 36	tbz	w20, #0x0, 0x100008b98
100008b58:	cf 03 00 94	bl	0x100009a94
100008b5c:	3b 00 00 94	bl	0x100008c48
100008b60:	10 00 00 14	b	0x100008ba0
100008b64:	08 00 00 b0	adrp	x8, 1 ; 0x100009000
100008b68:	14 81 6e 39	ldrb	w20, [x8, #0xba0]
100008b6c:	e0 03 00 2a	mov	w0, w0
100008b70:	e8 23 00 91	add	x8, sp, #0x8
100008b74:	e1 02 80 52	mov	w1, #0x17
100008b78:	02 01 80 52	mov	w2, #0x8
100008b7c:	56 02 00 94	bl	0x1000094d4
100008b80:	02 00 00 b0	adrp	x2, 1 ; 0x100009000
100008b84:	42 40 2e 91	add	x2, x2, #0xb90
100008b88:	b4 02 00 36	tbz	w20, #0x0, 0x100008bdc
100008b8c:	c2 03 00 94	bl	0x100009a94
100008b90:	2e 00 00 94	bl	0x100008c48
100008b94:	14 00 00 14	b	0x100008be4
100008b98:	bf 03 00 94	bl	0x100009a94
100008b9c:	bd 00 00 94	bl	0x100008e90
100008ba0:	88 22 40 79	ldrh	w8, [x20, #0x10]
100008ba4:	48 02 00 35	cbnz	w8, 0x100008bec
100008ba8:	da 03 00 94	bl	0x100009b10
100008bac:	9f 02 09 eb	cmp	x20, x9
100008bb0:	c0 03 00 54	b.eq	0x100008c28
100008bb4:	4d 69 69 38	ldrb	w13, [x10, x9]
100008bb8:	ad b9 00 51	sub	w13, w13, #0x2e
100008bbc:	bf dd 00 71	cmp	w13, #0x37
100008bc0:	6d 21 cd 9a	lsl	x13, x11, x13
100008bc4:	ad 01 0c 8a	and	x13, x13, x12
100008bc8:	a4 99 40 fa	ccmp	x13, #0x0, #0x4, ls
100008bcc:	40 00 00 54	b.eq	0x100008bd4
100008bd0:	28 00 80 52	mov	w8, #0x1
100008bd4:	29 05 00 91	add	x9, x9, #0x1
100008bd8:	f5 ff ff 17	b	0x100008bac
100008bdc:	ae 03 00 94	bl	0x100009a94
100008be0:	ac 00 00 94	bl	0x100008e90
100008be4:	88 22 40 79	ldrh	w8, [x20, #0x10]
100008be8:	68 00 00 34	cbz	w8, 0x100008bf4
100008bec:	14 00 80 d2	mov	x20, #0x0
100008bf0:	cc ff ff 17	b	0x100008b20
100008bf4:	c7 03 00 94	bl	0x100009b10
100008bf8:	9f 02 09 eb	cmp	x20, x9
100008bfc:	60 01 00 54	b.eq	0x100008c28
100008c00:	4d 69 69 38	ldrb	w13, [x10, x9]
100008c04:	ad b9 00 51	sub	w13, w13, #0x2e
100008c08:	bf dd 00 71	cmp	w13, #0x37
100008c0c:	6d 21 cd 9a	lsl	x13, x11, x13
100008c10:	ad 01 0c 8a	and	x13, x13, x12
100008c14:	a4 99 40 fa	ccmp	x13, #0x0, #0x4, ls
100008c18:	40 00 00 54	b.eq	0x100008c20
100008c1c:	28 00 80 52	mov	w8, #0x1
100008c20:	29 05 00 91	add	x9, x9, #0x1
100008c24:	f5 ff ff 17	b	0x100008bf8
100008c28:	c8 f7 07 37	tbnz	w8, #0x0, 0x100008b20
100008c2c:	c8 05 86 52	mov	w8, #0x302e
100008c30:	68 6a 34 78	strh	w8, [x19, x20]
100008c34:	94 0a 00 91	add	x20, x20, #0x2
100008c38:	ba ff ff 17	b	0x100008b20
100008c3c:	01 00 00 b0	adrp	x1, 1 ; 0x100009000
100008c40:	21 c0 3b 91	add	x1, x1, #0xef0
100008c44:	9f ff ff 17	b	0x100008ac0
100008c48:	e3 03 1e aa	mov	x3, x30
100008c4c:	c9 03 00 94	bl	0x100009b70
100008c50:	fe 03 03 aa	mov	x30, x3
100008c54:	fd 7b 09 a9	stp	x29, x30, [sp, #0x90]
100008c58:	f4 03 00 aa	mov	x20, x0
100008c5c:	f3 03 08 aa	mov	x19, x8
100008c60:	20 00 40 f9	ldr	x0, [x1]
100008c64:	39 08 40 b9	ldr	w25, [x1, #0x8]
100008c68:	37 30 40 39	ldrb	w23, [x1, #0xc]
100008c6c:	08 00 b0 12	mov	w8, #0x7fffffff
100008c70:	3f 03 08 6b	cmp	w25, w8
100008c74:	c1 01 00 54	b.ne	0x100008cac
100008c78:	e0 07 00 f9	str	x0, [sp, #0x8]
100008c7c:	e8 13 00 b9	str	w8, [sp, #0x10]
100008c80:	f7 53 00 39	strb	w23, [sp, #0x14]
100008c84:	28 d0 40 78	ldurh	w8, [x1, #0xd]
100008c88:	e8 53 01 78	sturh	w8, [sp, #0x15]
100008c8c:	28 f0 40 38	ldurb	w8, [x1, #0xf]
100008c90:	e8 5f 00 39	strb	w8, [sp, #0x17]
100008c94:	e1 23 00 91	add	x1, sp, #0x8
100008c98:	e0 03 14 aa	mov	x0, x20
100008c9c:	fa 01 00 94	bl	0x100009484
100008ca0:	7f 22 00 79	strh	wzr, [x19, #0x10]
100008ca4:	60 06 00 a9	stp	x0, x1, [x19]
100008ca8:	78 00 00 14	b	0x100008e88
100008cac:	f5 03 02 aa	mov	x21, x2
100008cb0:	58 20 40 39	ldrb	w24, [x2, #0x8]
100008cb4:	58 01 00 34	cbz	w24, 0x100008cdc
100008cb8:	a2 02 40 f9	ldr	x2, [x21]
100008cbc:	e0 0f 00 f9	str	x0, [sp, #0x18]
100008cc0:	f9 23 00 b9	str	w25, [sp, #0x20]
100008cc4:	79 03 00 94	bl	0x100009aa8
100008cc8:	01 00 80 52	mov	w1, #0x0
100008ccc:	a2 01 00 94	bl	0x100009354
100008cd0:	e0 17 40 f9	ldr	x0, [sp, #0x28]
100008cd4:	f9 33 40 b9	ldr	w25, [sp, #0x30]
100008cd8:	f7 d3 40 39	ldrb	w23, [sp, #0x34]
100008cdc:	e0 1f 00 f9	str	x0, [sp, #0x38]
100008ce0:	3d 01 00 94	bl	0x1000091d4
100008ce4:	f6 03 00 aa	mov	x22, x0
100008ce8:	d9 00 f8 37	tbnz	w25, #0x1f, 0x100008d00
100008cec:	28 0b 00 11	add	w8, w25, #0x2
100008cf0:	08 41 36 8b	add	x8, x8, w22, uxtw
100008cf4:	f8 00 00 34	cbz	w24, 0x100008d10
100008cf8:	a9 02 40 f9	ldr	x9, [x21]
100008cfc:	06 00 00 14	b	0x100008d14
100008d00:	c8 02 19 4b	sub	w8, w22, w25
100008d04:	d8 00 00 34	cbz	w24, 0x100008d1c
100008d08:	a9 02 40 f9	ldr	x9, [x21]
100008d0c:	05 00 00 14	b	0x100008d20
100008d10:	09 00 80 d2	mov	x9, #0x0
100008d14:	08 01 09 8b	add	x8, x8, x9
100008d18:	05 00 00 14	b	0x100008d2c
100008d1c:	09 00 80 d2	mov	x9, #0x0
100008d20:	1f 01 09 eb	cmp	x8, x9
100008d24:	08 81 89 9a	csel	x8, x8, x9, hi
100008d28:	08 09 00 91	add	x8, x8, #0x2
100008d2c:	1f 6d 05 f1	cmp	x8, #0x15b
100008d30:	69 00 00 54	b.ls	0x100008d3c
100008d34:	65 03 00 94	bl	0x100009ac8
100008d38:	54 00 00 14	b	0x100008e88
100008d3c:	b7 00 00 36	tbz	w23, #0x0, 0x100008d50
100008d40:	a8 05 80 52	mov	w8, #0x2d
100008d44:	88 02 00 39	strb	w8, [x20]
100008d48:	3a 00 80 52	mov	w26, #0x1
100008d4c:	02 00 00 14	b	0x100008d54
100008d50:	1a 00 80 d2	mov	x26, #0x0
100008d54:	d7 02 19 0b	add	w23, w22, w25
100008d58:	ff 06 00 71	cmp	w23, #0x1
100008d5c:	6b 03 00 54	b.lt	0x100008dc8
100008d60:	f8 03 16 2a	mov	w24, w22
100008d64:	ff 02 16 6b	cmp	w23, w22
100008d68:	62 06 00 54	b.hs	0x100008e34
100008d6c:	5b 03 17 8b	add	x27, x26, x23
100008d70:	79 07 00 91	add	x25, x27, #0x1
100008d74:	18 03 17 cb	sub	x24, x24, x23
100008d78:	80 02 19 8b	add	x0, x20, x25
100008d7c:	e1 e3 00 91	add	x1, sp, #0x38
100008d80:	e2 03 18 aa	mov	x2, x24
100008d84:	f2 00 00 94	bl	0x10000914c
100008d88:	c8 05 80 52	mov	w8, #0x2e
100008d8c:	88 6a 3b 38	strb	w8, [x20, x27]
100008d90:	55 03 00 94	bl	0x100009ae4
100008d94:	c8 06 00 11	add	w8, w22, #0x1
100008d98:	48 03 08 8b	add	x8, x26, x8
100008d9c:	a9 22 40 39	ldrb	w9, [x21, #0x8]
100008da0:	09 07 00 34	cbz	w9, 0x100008e80
100008da4:	b5 02 40 f9	ldr	x21, [x21]
100008da8:	a2 02 18 eb	subs	x2, x21, x24
100008dac:	69 00 00 54	b.ls	0x100008db8
100008db0:	80 02 08 8b	add	x0, x20, x8
100008db4:	66 03 00 94	bl	0x100009b4c
100008db8:	bf 02 00 f1	cmp	x21, #0x0
100008dbc:	e8 17 9f 1a	cset	w8, eq
100008dc0:	a9 02 19 8b	add	x9, x21, x25
100008dc4:	1a 00 00 14	b	0x100008e2c
100008dc8:	08 c6 85 52	mov	w8, #0x2e30
100008dcc:	88 6a 3a 78	strh	w8, [x20, x26]
100008dd0:	58 03 7f b2	orr	x24, x26, #0x2
100008dd4:	f7 03 17 4b	neg	w23, w23
100008dd8:	80 02 18 8b	add	x0, x20, x24
100008ddc:	01 06 80 52	mov	w1, #0x30
100008de0:	e2 03 17 aa	mov	x2, x23
100008de4:	12 ff ff 97	bl	0x100008a2c
100008de8:	17 03 17 8b	add	x23, x24, x23
100008dec:	e2 03 16 2a	mov	w2, w22
100008df0:	80 02 17 8b	add	x0, x20, x23
100008df4:	e1 e3 00 91	add	x1, sp, #0x38
100008df8:	d5 00 00 94	bl	0x10000914c
100008dfc:	e8 42 36 8b	add	x8, x23, w22, uxtw
100008e00:	a9 22 40 39	ldrb	w9, [x21, #0x8]
100008e04:	e9 03 00 34	cbz	w9, 0x100008e80
100008e08:	b5 02 40 f9	ldr	x21, [x21]
100008e0c:	09 01 18 cb	sub	x9, x8, x24
100008e10:	a2 02 09 eb	subs	x2, x21, x9
100008e14:	69 00 00 54	b.ls	0x100008e20
100008e18:	80 02 08 8b	add	x0, x20, x8
100008e1c:	4c 03 00 94	bl	0x100009b4c
100008e20:	bf 02 00 f1	cmp	x21, #0x0
100008e24:	e8 17 9f 1a	cset	w8, eq
100008e28:	a9 02 18 8b	add	x9, x21, x24
100008e2c:	28 01 08 cb	sub	x8, x9, x8
100008e30:	14 00 00 14	b	0x100008e80
100008e34:	96 02 1a 8b	add	x22, x20, x26
100008e38:	e1 e3 00 91	add	x1, sp, #0x38
100008e3c:	e0 03 16 aa	mov	x0, x22
100008e40:	e2 03 18 aa	mov	x2, x24
100008e44:	c2 00 00 94	bl	0x10000914c
100008e48:	22 7f 40 93	sxtw	x2, w25
100008e4c:	c0 02 18 8b	add	x0, x22, x24
100008e50:	3f 03 00 94	bl	0x100009b4c
100008e54:	48 03 17 8b	add	x8, x26, x23
100008e58:	a9 22 40 39	ldrb	w9, [x21, #0x8]
100008e5c:	29 01 00 34	cbz	w9, 0x100008e80
100008e60:	b5 02 40 f9	ldr	x21, [x21]
100008e64:	f5 00 00 b4	cbz	x21, 0x100008e80
100008e68:	c9 05 80 52	mov	w9, #0x2e
100008e6c:	89 6a 28 38	strb	w9, [x20, x8]
100008e70:	16 05 00 91	add	x22, x8, #0x1
100008e74:	80 02 16 8b	add	x0, x20, x22
100008e78:	32 03 00 94	bl	0x100009b40
100008e7c:	a8 02 16 8b	add	x8, x21, x22
100008e80:	7f 22 00 79	strh	wzr, [x19, #0x10]
100008e84:	74 22 00 a9	stp	x20, x8, [x19]
100008e88:	fd 7b 49 a9	ldp	x29, x30, [sp, #0x90]
100008e8c:	fb 02 00 14	b	0x100009a78
100008e90:	e3 03 1e aa	mov	x3, x30
100008e94:	37 03 00 94	bl	0x100009b70
100008e98:	fe 03 03 aa	mov	x30, x3
100008e9c:	fd 7b 09 a9	stp	x29, x30, [sp, #0x90]
100008ea0:	f4 03 00 aa	mov	x20, x0
100008ea4:	f3 03 08 aa	mov	x19, x8
100008ea8:	20 00 40 f9	ldr	x0, [x1]
100008eac:	38 08 40 b9	ldr	w24, [x1, #0x8]
100008eb0:	37 30 40 39	ldrb	w23, [x1, #0xc]
100008eb4:	08 00 b0 12	mov	w8, #0x7fffffff
100008eb8:	1f 03 08 6b	cmp	w24, w8
100008ebc:	c1 01 00 54	b.ne	0x100008ef4
100008ec0:	e0 07 00 f9	str	x0, [sp, #0x8]
100008ec4:	e8 13 00 b9	str	w8, [sp, #0x10]
100008ec8:	f7 53 00 39	strb	w23, [sp, #0x14]
100008ecc:	28 d0 40 78	ldurh	w8, [x1, #0xd]
100008ed0:	e8 53 01 78	sturh	w8, [sp, #0x15]
100008ed4:	28 f0 40 38	ldurb	w8, [x1, #0xf]
100008ed8:	e8 5f 00 39	strb	w8, [sp, #0x17]
100008edc:	e1 23 00 91	add	x1, sp, #0x8
100008ee0:	e0 03 14 aa	mov	x0, x20
100008ee4:	68 01 00 94	bl	0x100009484
100008ee8:	7f 22 00 79	strh	wzr, [x19, #0x10]
100008eec:	60 06 00 a9	stp	x0, x1, [x19]
100008ef0:	95 00 00 14	b	0x100009144
100008ef4:	f5 03 02 aa	mov	x21, x2
100008ef8:	59 20 40 39	ldrb	w25, [x2, #0x8]
100008efc:	59 01 00 34	cbz	w25, 0x100008f24
100008f00:	a2 02 40 f9	ldr	x2, [x21]
100008f04:	e0 0f 00 f9	str	x0, [sp, #0x18]
100008f08:	f8 23 00 b9	str	w24, [sp, #0x20]
100008f0c:	e7 02 00 94	bl	0x100009aa8
100008f10:	21 00 80 52	mov	w1, #0x1
100008f14:	10 01 00 94	bl	0x100009354
100008f18:	e0 17 40 f9	ldr	x0, [sp, #0x28]
100008f1c:	f8 33 40 b9	ldr	w24, [sp, #0x30]
100008f20:	f7 d3 40 39	ldrb	w23, [sp, #0x34]
100008f24:	e0 1f 00 f9	str	x0, [sp, #0x38]
100008f28:	ab 00 00 94	bl	0x1000091d4
100008f2c:	f6 03 00 aa	mov	x22, x0
100008f30:	d9 00 00 34	cbz	w25, 0x100008f48
100008f34:	a8 02 40 f9	ldr	x8, [x21]
100008f38:	1f 51 05 f1	cmp	x8, #0x154
100008f3c:	63 00 00 54	b.lo	0x100008f48
100008f40:	e2 02 00 94	bl	0x100009ac8
100008f44:	80 00 00 14	b	0x100009144
100008f48:	b7 00 00 36	tbz	w23, #0x0, 0x100008f5c
100008f4c:	a8 05 80 52	mov	w8, #0x2d
100008f50:	88 02 00 39	strb	w8, [x20]
100008f54:	3b 00 80 52	mov	w27, #0x1
100008f58:	02 00 00 14	b	0x100008f60
100008f5c:	1b 00 80 d2	mov	x27, #0x0
100008f60:	7a 03 7f b2	orr	x26, x27, #0x2
100008f64:	d7 06 00 71	subs	w23, w22, #0x1
100008f68:	48 03 17 8b	add	x8, x26, x23
100008f6c:	19 85 9b 9a	csinc	x25, x8, x27, hi
100008f70:	dd 02 00 94	bl	0x100009ae4
100008f74:	88 02 1b 8b	add	x8, x20, x27
100008f78:	e9 1f 40 f9	ldr	x9, [sp, #0x38]
100008f7c:	4a 01 80 52	mov	w10, #0xa
100008f80:	2b 09 ca 9a	udiv	x11, x9, x10
100008f84:	69 a5 0a 1b	msub	w9, w11, w10, w9
100008f88:	29 05 1c 32	orr	w9, w9, #0x30
100008f8c:	09 01 00 39	strb	w9, [x8]
100008f90:	c9 05 80 52	mov	w9, #0x2e
100008f94:	09 05 00 39	strb	w9, [x8, #0x1]
100008f98:	a8 22 40 39	ldrb	w8, [x21, #0x8]
100008f9c:	c8 01 00 34	cbz	w8, 0x100008fd4
100008fa0:	a8 02 40 f9	ldr	x8, [x21]
100008fa4:	15 01 17 eb	subs	x21, x8, x23
100008fa8:	e9 00 00 54	b.ls	0x100008fc4
100008fac:	df 06 00 71	cmp	w22, #0x1
100008fb0:	37 17 99 9a	cinc	x23, x25, eq
100008fb4:	80 02 17 8b	add	x0, x20, x23
100008fb8:	e2 02 00 94	bl	0x100009b40
100008fbc:	b9 02 17 8b	add	x25, x21, x23
100008fc0:	05 00 00 14	b	0x100008fd4
100008fc4:	1f 01 00 f1	cmp	x8, #0x0
100008fc8:	e9 17 9f 1a	cset	w9, eq
100008fcc:	08 01 1a 8b	add	x8, x8, x26
100008fd0:	19 01 09 cb	sub	x25, x8, x9
100008fd4:	a8 0c 80 52	mov	w8, #0x65
100008fd8:	88 6a 39 38	strb	w8, [x20, x25]
100008fdc:	28 07 00 91	add	x8, x25, #0x1
100008fe0:	ca 02 18 0b	add	w10, w22, w24
100008fe4:	49 05 00 71	subs	w9, w10, #0x1
100008fe8:	ca 00 00 54	b.ge	0x100009000
100008fec:	a9 05 80 52	mov	w9, #0x2d
100008ff0:	89 6a 28 38	strb	w9, [x20, x8]
100008ff4:	28 0b 00 91	add	x8, x25, #0x2
100008ff8:	29 00 80 52	mov	w9, #0x1
100008ffc:	29 01 0a 4b	sub	w9, w9, w10
100009000:	4a 01 80 52	mov	w10, #0xa
100009004:	eb 3f 99 52	mov	w11, #0xc9ff
100009008:	4b 73 a7 72	movk	w11, #0x3b9a, lsl #16
10000900c:	3f 01 0b 6b	cmp	w9, w11
100009010:	69 00 00 54	b.ls	0x10000901c
100009014:	4b 01 80 52	mov	w11, #0xa
100009018:	28 00 00 14	b	0x1000090b8
10000901c:	eb 1f 9c 52	mov	w11, #0xe0ff
100009020:	ab be a0 72	movk	w11, #0x5f5, lsl #16
100009024:	3f 01 0b 6b	cmp	w9, w11
100009028:	69 00 00 54	b.ls	0x100009034
10000902c:	2b 01 80 52	mov	w11, #0x9
100009030:	22 00 00 14	b	0x1000090b8
100009034:	eb cf 92 52	mov	w11, #0x967f
100009038:	0b 13 a0 72	movk	w11, #0x98, lsl #16
10000903c:	3f 01 0b 6b	cmp	w9, w11
100009040:	69 00 00 54	b.ls	0x10000904c
100009044:	0b 01 80 52	mov	w11, #0x8
100009048:	1c 00 00 14	b	0x1000090b8
10000904c:	eb 47 88 52	mov	w11, #0x423f
100009050:	eb 01 a0 72	movk	w11, #0xf, lsl #16
100009054:	3f 01 0b 6b	cmp	w9, w11
100009058:	69 00 00 54	b.ls	0x100009064
10000905c:	eb 00 80 52	mov	w11, #0x7
100009060:	16 00 00 14	b	0x1000090b8
100009064:	2b 7d 05 53	lsr	w11, w9, #5
100009068:	7f d1 30 71	cmp	w11, #0xc34
10000906c:	69 00 00 54	b.ls	0x100009078
100009070:	cb 00 80 52	mov	w11, #0x6
100009074:	11 00 00 14	b	0x1000090b8
100009078:	2b 7d 04 53	lsr	w11, w9, #4
10000907c:	7f c1 09 71	cmp	w11, #0x270
100009080:	69 00 00 54	b.ls	0x10000908c
100009084:	ab 00 80 52	mov	w11, #0x5
100009088:	0c 00 00 14	b	0x1000090b8
10000908c:	3f 9d 0f 71	cmp	w9, #0x3e7
100009090:	69 00 00 54	b.ls	0x10000909c
100009094:	8b 00 80 52	mov	w11, #0x4
100009098:	08 00 00 14	b	0x1000090b8
10000909c:	3f 8d 01 71	cmp	w9, #0x63
1000090a0:	69 00 00 54	b.ls	0x1000090ac
1000090a4:	6b 00 80 52	mov	w11, #0x3
1000090a8:	04 00 00 14	b	0x1000090b8
1000090ac:	3f 25 00 71	cmp	w9, #0x9
1000090b0:	2b 00 80 52	mov	w11, #0x1
1000090b4:	6b 95 8b 9a	cinc	x11, x11, hi
1000090b8:	0d 00 80 d2	mov	x13, #0x0
1000090bc:	6c 01 08 8b	add	x12, x11, x8
1000090c0:	8c 05 00 d1	sub	x12, x12, #0x1
1000090c4:	8e 0c 80 52	mov	w14, #0x64
1000090c8:	af 09 00 91	add	x15, x13, #0x2
1000090cc:	ff 01 0b eb	cmp	x15, x11
1000090d0:	e2 01 00 54	b.hs	0x10000910c
1000090d4:	2d 09 ce 1a	udiv	w13, w9, w14
1000090d8:	a9 a5 0e 1b	msub	w9, w13, w14, w9
1000090dc:	30 1d 00 12	and	w16, w9, #0xff
1000090e0:	10 0a ca 1a	udiv	w16, w16, w10
1000090e4:	11 06 1c 32	orr	w17, w16, #0x30
1000090e8:	09 a6 0a 1b	msub	w9, w16, w10, w9
1000090ec:	29 05 1c 32	orr	w9, w9, #0x30
1000090f0:	90 02 0c 8b	add	x16, x20, x12
1000090f4:	09 02 00 39	strb	w9, [x16]
1000090f8:	11 f2 1f 38	sturb	w17, [x16, #-0x1]
1000090fc:	8c 09 00 d1	sub	x12, x12, #0x2
100009100:	e9 03 0d aa	mov	x9, x13
100009104:	ed 03 0f aa	mov	x13, x15
100009108:	f0 ff ff 17	b	0x1000090c8
10000910c:	4a 01 80 52	mov	w10, #0xa
100009110:	bf 01 0b eb	cmp	x13, x11
100009114:	22 01 00 54	b.hs	0x100009138
100009118:	2e 09 ca 1a	udiv	w14, w9, w10
10000911c:	c9 a5 0a 1b	msub	w9, w14, w10, w9
100009120:	29 05 1c 32	orr	w9, w9, #0x30
100009124:	89 6a 2c 38	strb	w9, [x20, x12]
100009128:	ad 05 00 91	add	x13, x13, #0x1
10000912c:	8c 05 00 d1	sub	x12, x12, #0x1
100009130:	e9 03 0e aa	mov	x9, x14
100009134:	f7 ff ff 17	b	0x100009110
100009138:	68 01 08 8b	add	x8, x11, x8
10000913c:	7f 22 00 79	strh	wzr, [x19, #0x10]
100009140:	74 22 00 a9	stp	x20, x8, [x19]
100009144:	fd 7b 49 a9	ldp	x29, x30, [sp, #0x90]
100009148:	4c 02 00 14	b	0x100009a78
10000914c:	09 00 80 d2	mov	x9, #0x0
100009150:	48 00 00 8b	add	x8, x2, x0
100009154:	08 05 00 d1	sub	x8, x8, #0x1
100009158:	8a 0c 80 52	mov	w10, #0x64
10000915c:	4b 01 80 52	mov	w11, #0xa
100009160:	2c 09 00 91	add	x12, x9, #0x2
100009164:	9f 01 02 eb	cmp	x12, x2
100009168:	e2 01 00 54	b.hs	0x1000091a4
10000916c:	29 00 40 f9	ldr	x9, [x1]
100009170:	2d 09 ca 9a	udiv	x13, x9, x10
100009174:	a9 a5 0a 1b	msub	w9, w13, w10, w9
100009178:	2e 1d 00 12	and	w14, w9, #0xff
10000917c:	2d 00 00 f9	str	x13, [x1]
100009180:	cd 09 cb 1a	udiv	w13, w14, w11
100009184:	ae 05 1c 32	orr	w14, w13, #0x30
100009188:	a9 a5 0b 1b	msub	w9, w13, w11, w9
10000918c:	29 05 1c 32	orr	w9, w9, #0x30
100009190:	09 01 00 39	strb	w9, [x8]
100009194:	0e f1 1f 38	sturb	w14, [x8, #-0x1]
100009198:	08 09 00 d1	sub	x8, x8, #0x2
10000919c:	e9 03 0c aa	mov	x9, x12
1000091a0:	f0 ff ff 17	b	0x100009160
1000091a4:	4a 01 80 52	mov	w10, #0xa
1000091a8:	3f 01 02 eb	cmp	x9, x2
1000091ac:	22 01 00 54	b.hs	0x1000091d0
1000091b0:	2b 00 40 f9	ldr	x11, [x1]
1000091b4:	6c 09 ca 9a	udiv	x12, x11, x10
1000091b8:	8b ad 0a 1b	msub	w11, w12, w10, w11
1000091bc:	2c 00 00 f9	str	x12, [x1]
1000091c0:	6b 05 1c 32	orr	w11, w11, #0x30
1000091c4:	0b f5 1f 38	strb	w11, [x8], #-0x1
1000091c8:	29 05 00 91	add	x9, x9, #0x1
1000091cc:	f7 ff ff 17	b	0x1000091a8
1000091d0:	c0 03 5f d6	ret
1000091d4:	28 f8 ad d2	mov	x8, #0x6fc10000
1000091d8:	48 de d0 f2	movk	x8, #0x86f2, lsl #32
1000091dc:	68 04 e0 f2	movk	x8, #0x23, lsl #48
1000091e0:	1f 00 08 eb	cmp	x0, x8
1000091e4:	63 00 00 54	b.lo	0x1000091f0
1000091e8:	20 02 80 52	mov	w0, #0x11
1000091ec:	c0 03 5f d6	ret
1000091f0:	e8 ff 8f d2	mov	x8, #0x7fff
1000091f4:	c8 98 b4 f2	movk	x8, #0xa4c6, lsl #16
1000091f8:	c8 af d1 f2	movk	x8, #0x8d7e, lsl #32
1000091fc:	68 00 e0 f2	movk	x8, #0x3, lsl #48
100009200:	1f 00 08 eb	cmp	x0, x8
100009204:	69 00 00 54	b.ls	0x100009210
100009208:	00 02 80 52	mov	w0, #0x10
10000920c:	c0 03 5f d6	ret
100009210:	e8 ff 87 d2	mov	x8, #0x3fff
100009214:	48 0f a2 f2	movk	x8, #0x107a, lsl #16
100009218:	68 5e cb f2	movk	x8, #0x5af3, lsl #32
10000921c:	1f 00 08 eb	cmp	x0, x8
100009220:	69 00 00 54	b.ls	0x10000922c
100009224:	e0 01 80 52	mov	w0, #0xf
100009228:	c0 03 5f d6	ret
10000922c:	e8 ff 93 d2	mov	x8, #0x9fff
100009230:	48 ce a9 f2	movk	x8, #0x4e72, lsl #16
100009234:	08 23 c1 f2	movk	x8, #0x918, lsl #32
100009238:	1f 00 08 eb	cmp	x0, x8
10000923c:	69 00 00 54	b.ls	0x100009248
100009240:	c0 01 80 52	mov	w0, #0xe
100009244:	c0 03 5f d6	ret
100009248:	e8 ff 81 d2	mov	x8, #0xfff
10000924c:	a8 94 ba f2	movk	x8, #0xd4a5, lsl #16
100009250:	08 1d c0 f2	movk	x8, #0xe8, lsl #32
100009254:	1f 00 08 eb	cmp	x0, x8
100009258:	69 00 00 54	b.ls	0x100009264
10000925c:	a0 01 80 52	mov	w0, #0xd
100009260:	c0 03 5f d6	ret
100009264:	e8 ff 9c d2	mov	x8, #0xe7ff
100009268:	c8 0e a9 f2	movk	x8, #0x4876, lsl #16
10000926c:	e8 02 c0 f2	movk	x8, #0x17, lsl #32
100009270:	1f 00 08 eb	cmp	x0, x8
100009274:	69 00 00 54	b.ls	0x100009280
100009278:	80 01 80 52	mov	w0, #0xc
10000927c:	c0 03 5f d6	ret
100009280:	e8 7f 9c d2	mov	x8, #0xe3ff
100009284:	68 81 aa f2	movk	x8, #0x540b, lsl #16
100009288:	48 00 c0 f2	movk	x8, #0x2, lsl #32
10000928c:	1f 00 08 eb	cmp	x0, x8
100009290:	69 00 00 54	b.ls	0x10000929c
100009294:	60 01 80 52	mov	w0, #0xb
100009298:	c0 03 5f d6	ret
10000929c:	e8 3f 99 52	mov	w8, #0xc9ff
1000092a0:	48 73 a7 72	movk	w8, #0x3b9a, lsl #16
1000092a4:	1f 00 08 eb	cmp	x0, x8
1000092a8:	69 00 00 54	b.ls	0x1000092b4
1000092ac:	40 01 80 52	mov	w0, #0xa
1000092b0:	c0 03 5f d6	ret
1000092b4:	e8 1f 9c 52	mov	w8, #0xe0ff
1000092b8:	a8 be a0 72	movk	w8, #0x5f5, lsl #16
1000092bc:	1f 00 08 eb	cmp	x0, x8
1000092c0:	69 00 00 54	b.ls	0x1000092cc
1000092c4:	20 01 80 52	mov	w0, #0x9
1000092c8:	c0 03 5f d6	ret
1000092cc:	e8 cf 92 52	mov	w8, #0x967f
1000092d0:	08 13 a0 72	movk	w8, #0x98, lsl #16
1000092d4:	1f 00 08 eb	cmp	x0, x8
1000092d8:	69 00 00 54	b.ls	0x1000092e4
1000092dc:	00 01 80 52	mov	w0, #0x8
1000092e0:	c0 03 5f d6	ret
1000092e4:	e8 47 88 52	mov	w8, #0x423f
1000092e8:	e8 01 a0 72	movk	w8, #0xf, lsl #16
1000092ec:	1f 00 08 eb	cmp	x0, x8
1000092f0:	69 00 00 54	b.ls	0x1000092fc
1000092f4:	e0 00 80 52	mov	w0, #0x7
1000092f8:	c0 03 5f d6	ret
1000092fc:	08 fc 45 d3	lsr	x8, x0, #5
100009300:	1f d1 30 f1	cmp	x8, #0xc34
100009304:	69 00 00 54	b.ls	0x100009310
100009308:	c0 00 80 52	mov	w0, #0x6
10000930c:	c0 03 5f d6	ret
100009310:	08 fc 44 d3	lsr	x8, x0, #4
100009314:	1f c1 09 f1	cmp	x8, #0x270
100009318:	69 00 00 54	b.ls	0x100009324
10000931c:	a0 00 80 52	mov	w0, #0x5
100009320:	c0 03 5f d6	ret
100009324:	1f 9c 0f f1	cmp	x0, #0x3e7
100009328:	69 00 00 54	b.ls	0x100009334
10000932c:	80 00 80 52	mov	w0, #0x4
100009330:	c0 03 5f d6	ret
100009334:	1f 8c 01 f1	cmp	x0, #0x63
100009338:	69 00 00 54	b.ls	0x100009344
10000933c:	60 00 80 52	mov	w0, #0x3
100009340:	c0 03 5f d6	ret
100009344:	1f 24 00 f1	cmp	x0, #0x9
100009348:	28 00 80 52	mov	w8, #0x1
10000934c:	00 95 88 1a	cinc	w0, w8, hi
100009350:	c0 03 5f d6	ret
100009354:	fa 67 bb a9	stp	x26, x25, [sp, #-0x50]!
100009358:	f8 5f 01 a9	stp	x24, x23, [sp, #0x10]
10000935c:	f6 57 02 a9	stp	x22, x21, [sp, #0x20]
100009360:	f4 4f 03 a9	stp	x20, x19, [sp, #0x30]
100009364:	fd 7b 04 a9	stp	x29, x30, [sp, #0x40]
100009368:	f5 03 02 aa	mov	x21, x2
10000936c:	f6 03 01 aa	mov	x22, x1
100009370:	f3 03 08 aa	mov	x19, x8
100009374:	14 00 40 f9	ldr	x20, [x0]
100009378:	17 08 40 b9	ldr	w23, [x0, #0x8]
10000937c:	18 30 40 39	ldrb	w24, [x0, #0xc]
100009380:	e0 03 14 aa	mov	x0, x20
100009384:	94 ff ff 97	bl	0x1000091d4
100009388:	08 04 00 51	sub	w8, w0, #0x1
10000938c:	a9 02 17 8b	add	x9, x21, x23
100009390:	28 01 08 8b	add	x8, x9, x8
100009394:	a9 42 20 8b	add	x9, x21, w0, uxtw
100009398:	ea 03 17 4b	neg	w10, w23
10000939c:	29 01 0a eb	subs	x9, x9, x10
1000093a0:	e9 33 89 9a	csel	x9, xzr, x9, lo
1000093a4:	ff 02 00 71	cmp	w23, #0x0
1000093a8:	08 c1 89 9a	csel	x8, x8, x9, gt
1000093ac:	df 02 00 72	tst	w22, #0x1
1000093b0:	08 05 95 9a	csinc	x8, x8, x21, eq
1000093b4:	1f 41 20 eb	cmp	x8, w0, uxtw
1000093b8:	22 05 00 54	b.hs	0x10000945c
1000093bc:	e9 03 00 2a	mov	w9, w0
1000093c0:	e8 03 28 aa	mvn	x8, x8
1000093c4:	08 01 09 8b	add	x8, x8, x9
1000093c8:	49 01 80 52	mov	w9, #0xa
1000093cc:	a8 00 00 b4	cbz	x8, 0x1000093e0
1000093d0:	f7 06 00 11	add	w23, w23, #0x1
1000093d4:	08 05 00 d1	sub	x8, x8, #0x1
1000093d8:	94 0a c9 9a	udiv	x20, x20, x9
1000093dc:	a8 ff ff b5	cbnz	x8, 0x1000093d0
1000093e0:	49 01 80 52	mov	w9, #0xa
1000093e4:	88 0a c9 9a	udiv	x8, x20, x9
1000093e8:	09 d1 09 9b	msub	x9, x8, x9, x20
1000093ec:	3f 15 00 f1	cmp	x9, #0x5
1000093f0:	63 03 00 54	b.lo	0x10000945c
1000093f4:	15 00 80 d2	mov	x21, #0x0
1000093f8:	14 05 00 91	add	x20, x8, #0x1
1000093fc:	59 01 80 52	mov	w25, #0xa
100009400:	f6 03 14 aa	mov	x22, x20
100009404:	da 02 15 aa	orr	x26, x22, x21
100009408:	e0 03 16 aa	mov	x0, x22
10000940c:	e1 03 15 aa	mov	x1, x21
100009410:	42 01 80 52	mov	w2, #0xa
100009414:	03 00 80 d2	mov	x3, #0x0
100009418:	5c fd ff 97	bl	0x100008988
10000941c:	08 7c d9 9b	umulh	x8, x0, x25
100009420:	29 20 19 9b	madd	x9, x1, x25, x8
100009424:	08 08 00 8b	add	x8, x0, x0, lsl #2
100009428:	c8 06 08 eb	subs	x8, x22, x8, lsl #1
10000942c:	a9 02 09 da	sbc	x9, x21, x9
100009430:	ba 00 00 b4	cbz	x26, 0x100009444
100009434:	f6 03 00 aa	mov	x22, x0
100009438:	f5 03 01 aa	mov	x21, x1
10000943c:	08 01 09 aa	orr	x8, x8, x9
100009440:	28 fe ff b4	cbz	x8, 0x100009404
100009444:	7a 00 00 b4	cbz	x26, 0x100009450
100009448:	f7 06 00 11	add	w23, w23, #0x1
10000944c:	04 00 00 14	b	0x10000945c
100009450:	48 01 80 52	mov	w8, #0xa
100009454:	f7 0a 00 11	add	w23, w23, #0x2
100009458:	94 0a c8 9a	udiv	x20, x20, x8
10000945c:	74 02 00 f9	str	x20, [x19]
100009460:	77 0a 00 b9	str	w23, [x19, #0x8]
100009464:	08 03 00 12	and	w8, w24, #0x1
100009468:	68 32 00 39	strb	w8, [x19, #0xc]
10000946c:	fd 7b 44 a9	ldp	x29, x30, [sp, #0x40]
100009470:	f4 4f 43 a9	ldp	x20, x19, [sp, #0x30]
100009474:	f6 57 42 a9	ldp	x22, x21, [sp, #0x20]
100009478:	f8 5f 41 a9	ldp	x24, x23, [sp, #0x10]
10000947c:	fa 67 c5 a8	ldp	x26, x25, [sp], #0x50
100009480:	c0 03 5f d6	ret
100009484:	29 00 40 f9	ldr	x9, [x1]
100009488:	28 30 40 39	ldrb	w8, [x1, #0xc]
10000948c:	68 00 00 36	tbz	w8, #0x0, 0x100009498
100009490:	aa 05 80 52	mov	w10, #0x2d
100009494:	0a 00 00 39	strb	w10, [x0]
100009498:	0a 01 40 92	and	x10, x8, #0x1
10000949c:	0a 00 0a 8b	add	x10, x0, x10
1000094a0:	a9 00 00 b4	cbz	x9, 0x1000094b4
1000094a4:	c9 0d 80 52	mov	w9, #0x6e
1000094a8:	49 09 00 39	strb	w9, [x10, #0x2]
1000094ac:	c9 2d 8c 52	mov	w9, #0x616e
1000094b0:	04 00 00 14	b	0x1000094c0
1000094b4:	c9 0c 80 52	mov	w9, #0x66
1000094b8:	49 09 00 39	strb	w9, [x10, #0x2]
1000094bc:	29 cd 8d 52	mov	w9, #0x6e69
1000094c0:	49 01 00 79	strh	w9, [x10]
1000094c4:	1f 01 00 72	tst	w8, #0x1
1000094c8:	68 00 80 52	mov	w8, #0x3
1000094cc:	01 05 88 9a	cinc	x1, x8, ne
1000094d0:	c0 03 5f d6	ret
1000094d4:	e3 03 1e aa	mov	x3, x30
1000094d8:	a6 01 00 94	bl	0x100009b70
1000094dc:	fe 03 03 aa	mov	x30, x3
1000094e0:	fd 7b 09 a9	stp	x29, x30, [sp, #0x90]
1000094e4:	f6 03 02 aa	mov	x22, x2
1000094e8:	f5 03 01 aa	mov	x21, x1
1000094ec:	f4 03 00 aa	mov	x20, x0
1000094f0:	f3 03 08 aa	mov	x19, x8
1000094f4:	28 00 80 52	mov	w8, #0x1
1000094f8:	08 21 c1 9a	lsl	x8, x8, x1
1000094fc:	09 05 00 d1	sub	x9, x8, #0x1
100009500:	29 01 00 8a	and	x9, x9, x0
100009504:	0a 24 c1 9a	lsr	x10, x0, x1
100009508:	4b 10 40 92	and	x11, x2, #0x1f
10000950c:	0c 00 80 92	mov	x12, #-0x1
100009510:	8b 21 cb 9a	lsl	x11, x12, x11
100009514:	4b 01 2b 8a	bic	x11, x10, x11
100009518:	6a 01 09 aa	orr	x10, x11, x9
10000951c:	8a 00 00 b5	cbnz	x10, 0x10000952c
100009520:	7f 02 00 f9	str	xzr, [x19]
100009524:	7f 0a 00 b9	str	wzr, [x19, #0x8]
100009528:	26 01 00 14	b	0x1000099c0
10000952c:	0a 00 80 12	mov	w10, #-0x1
100009530:	4c 21 d6 1a	lsl	w12, w10, w22
100009534:	8c 01 0b 4a	eor	w12, w12, w11
100009538:	9f 05 00 31	cmn	w12, #0x1
10000953c:	a0 05 00 54	b.eq	0x1000095f0
100009540:	cc 06 00 51	sub	w12, w22, #0x1
100009544:	4a 21 cc 1a	lsl	w10, w10, w12
100009548:	ac 16 00 12	and	w12, w21, #0x3f
10000954c:	ed 03 2c 2a	mvn	w13, w12
100009550:	4d 01 0d 0b	add	w13, w10, w13
100009554:	ad 01 0b 0b	add	w13, w13, w11
100009558:	28 01 08 aa	orr	x8, x9, x8
10000955c:	4a 01 0c 4b	sub	w10, w10, w12
100009560:	7f 01 00 f1	cmp	x11, #0x0
100009564:	0c 11 89 9a	csel	x12, x8, x9, ne
100009568:	aa 11 8a 1a	csel	w10, w13, w10, ne
10000956c:	ec 0f 00 f9	str	x12, [sp, #0x18]
100009570:	68 a3 99 d2	mov	x8, #0xcd1b
100009574:	68 09 af f2	movk	x8, #0x784b, lsl #16
100009578:	48 93 d2 f2	movk	x8, #0x949a, lsl #32
10000957c:	98 f5 7e d3	lsl	x24, x12, #2
100009580:	3f 01 00 f1	cmp	x9, #0x0
100009584:	64 09 40 fa	ccmp	x11, #0x0, #0x4, eq
100009588:	fc 17 9f 1a	cset	w28, eq
10000958c:	8a 03 f8 37	tbnz	w10, #0x1f, 0x1000095fc
100009590:	e9 79 9f d2	mov	x9, #0xfbcf
100009594:	89 50 b3 f2	movk	x9, #0x9a84, lsl #16
100009598:	09 44 d3 f2	movk	x9, #0x9a20, lsl #32
10000959c:	49 7d 09 9b	mul	x9, x10, x9
1000095a0:	29 fd 71 d3	lsr	x9, x9, #49
1000095a4:	5f 0d 00 71	cmp	w10, #0x3
1000095a8:	eb 97 9f 1a	cset	w11, hi
1000095ac:	37 01 0b 4b	sub	w23, w9, w11
1000095b0:	ea 02 0a 4b	sub	w10, w23, w10
1000095b4:	e9 7e 08 9b	mul	x9, x23, x8
1000095b8:	29 fd 6e d3	lsr	x9, x9, #46
1000095bc:	5a 01 09 0b	add	w26, w10, w9
1000095c0:	ea 66 00 11	add	w10, w23, #0x19
1000095c4:	4a 3d 00 12	and	w10, w10, #0xffff
1000095c8:	4b 03 80 52	mov	w11, #0x1a
1000095cc:	4c 09 cb 1a	udiv	w12, w10, w11
1000095d0:	8a 7d 0b 1b	mul	w10, w12, w11
1000095d4:	0b 00 00 90	adrp	x11, 0 ; 0x100009000
1000095d8:	6b c1 34 91	add	x11, x11, #0xd30
1000095dc:	6b 51 2c 8b	add	x11, x11, w12, uxtw #4
1000095e0:	4c 01 17 6b	subs	w12, w10, w23
1000095e4:	21 04 00 54	b.ne	0x100009668
1000095e8:	68 25 40 a9	ldp	x8, x9, [x11]
1000095ec:	4d 00 00 14	b	0x100009720
1000095f0:	69 02 00 f9	str	x9, [x19]
1000095f4:	08 00 b0 12	mov	w8, #0x7fffffff
1000095f8:	f1 00 00 14	b	0x1000099bc
1000095fc:	fc 17 00 b9	str	w28, [sp, #0x14]
100009600:	e9 03 0a 4b	neg	w9, w10
100009604:	0b 43 90 d2	mov	x11, #0x8218
100009608:	ab 57 b6 f2	movk	x11, #0xb2bd, lsl #16
10000960c:	eb 5d d6 f2	movk	x11, #0xb2ef, lsl #32
100009610:	2b 7d 0b 9b	mul	x11, x9, x11
100009614:	6b fd 70 d3	lsr	x11, x11, #48
100009618:	5f 05 00 31	cmn	w10, #0x1
10000961c:	ec 07 9f 1a	cset	w12, ne
100009620:	7c 01 0c 4b	sub	w28, w11, w12
100009624:	8e 03 0a 0b	add	w14, w28, w10
100009628:	29 01 1c 4b	sub	w9, w9, w28
10000962c:	2a 7d 08 9b	mul	x10, x9, x8
100009630:	4a fd 6e d3	lsr	x10, x10, #46
100009634:	9a 03 0a 4b	sub	w26, w28, w10
100009638:	2b 3d 00 12	and	w11, w9, #0xffff
10000963c:	4c 03 80 52	mov	w12, #0x1a
100009640:	6d 09 cc 1a	udiv	w13, w11, w12
100009644:	ab 7d 0c 1b	mul	w11, w13, w12
100009648:	0c 00 00 90	adrp	x12, 0 ; 0x100009000
10000964c:	8c 81 38 91	add	x12, x12, #0xe20
100009650:	8c 51 2d 8b	add	x12, x12, w13, uxtw #4
100009654:	2d 01 0b 6b	subs	w13, w9, w11
100009658:	ee 07 00 f9	str	x14, [sp, #0x8]
10000965c:	01 0a 00 54	b.ne	0x10000979c
100009660:	88 25 40 a9	ldp	x8, x9, [x12]
100009664:	7b 00 00 14	b	0x100009850
100009668:	0d 00 00 90	adrp	x13, 0 ; 0x100009000
10000966c:	ad 01 2f 91	add	x13, x13, #0xbc0
100009670:	ac 59 6c f8	ldr	x12, [x13, w12, uxtw #3]
100009674:	6d 2d 40 a9	ldp	x13, x11, [x11]
100009678:	ad 05 00 d1	sub	x13, x13, #0x1
10000967c:	ae 7d cc 9b	umulh	x14, x13, x12
100009680:	ad 7d 0c 9b	mul	x13, x13, x12
100009684:	6f 7d 0c 9b	mul	x15, x11, x12
100009688:	6b 7d cc 9b	umulh	x11, x11, x12
10000968c:	48 7d 08 9b	mul	x8, x10, x8
100009690:	08 fd 6e d3	lsr	x8, x8, #46
100009694:	08 01 09 4b	sub	w8, w8, w9
100009698:	e9 03 28 2a	mvn	w9, w8
10000969c:	aa 25 c8 9a	lsr	x10, x13, x8
1000096a0:	cc f9 7f d3	lsl	x12, x14, #1
1000096a4:	89 21 c9 9a	lsl	x9, x12, x9
1000096a8:	29 01 0a aa	orr	x9, x9, x10
1000096ac:	ca 25 c8 9a	lsr	x10, x14, x8
1000096b0:	1f 01 7a f2	tst	x8, #0x40
1000096b4:	49 11 89 9a	csel	x9, x10, x9, ne
1000096b8:	ea 13 8a 9a	csel	x10, xzr, x10, ne
1000096bc:	0c 08 80 52	mov	w12, #0x40
1000096c0:	88 01 08 4b	sub	w8, w12, w8
1000096c4:	ec 03 28 2a	mvn	w12, w8
1000096c8:	6b 21 c8 9a	lsl	x11, x11, x8
1000096cc:	ed fd 41 d3	lsr	x13, x15, #1
1000096d0:	ac 25 cc 9a	lsr	x12, x13, x12
1000096d4:	6b 01 0c aa	orr	x11, x11, x12
1000096d8:	ec 21 c8 9a	lsl	x12, x15, x8
1000096dc:	08 19 40 92	and	x8, x8, #0x7f
1000096e0:	1f 01 7a f2	tst	x8, #0x40
1000096e4:	88 11 8b 9a	csel	x8, x12, x11, ne
1000096e8:	eb 13 8c 9a	csel	x11, xzr, x12, ne
1000096ec:	0c 00 00 90	adrp	x12, 0 ; 0x100009000
1000096f0:	8c 91 33 91	add	x12, x12, #0xce4
1000096f4:	ed 7e 04 53	lsr	w13, w23, #4
1000096f8:	8c 59 6d b8	ldr	w12, [x12, w13, uxtw #2]
1000096fc:	ed 0e 1f 53	ubfiz	w13, w23, #1, #4
100009700:	8c 25 cd 1a	lsr	w12, w12, w13
100009704:	8c 05 00 12	and	w12, w12, #0x3
100009708:	69 01 09 ab	adds	x9, x11, x9
10000970c:	08 01 0a 9a	adc	x8, x8, x10
100009710:	29 01 0c ab	adds	x9, x9, x12
100009714:	0a 35 88 9a	cinc	x10, x8, hs
100009718:	28 05 00 b1	adds	x8, x9, #0x1
10000971c:	49 35 8a 9a	cinc	x9, x10, hs
100009720:	e8 27 02 a9	stp	x8, x9, [sp, #0x20]
100009724:	e1 83 00 91	add	x1, sp, #0x20
100009728:	42 f7 01 11	add	w2, w26, #0x7d
10000972c:	e0 03 18 aa	mov	x0, x24
100009730:	b9 00 00 94	bl	0x100009a14
100009734:	f9 03 00 aa	mov	x25, x0
100009738:	00 03 7f b2	orr	x0, x24, #0x2
10000973c:	fb 00 00 94	bl	0x100009b28
100009740:	fb 03 00 aa	mov	x27, x0
100009744:	9f 03 00 71	cmp	w28, #0x0
100009748:	28 00 80 92	mov	x8, #-0x2
10000974c:	1c 15 88 9a	cinc	x28, x8, eq
100009750:	80 03 18 8b	add	x0, x28, x24
100009754:	f5 00 00 94	bl	0x100009b28
100009758:	fa 03 00 aa	mov	x26, x0
10000975c:	ff 5a 00 71	cmp	w23, #0x16
100009760:	82 01 00 54	b.hs	0x100009790
100009764:	a8 00 80 52	mov	w8, #0x5
100009768:	08 0b c8 9a	udiv	x8, x24, x8
10000976c:	08 09 08 8b	add	x8, x8, x8, lsl #2
100009770:	1f 03 08 eb	cmp	x24, x8
100009774:	e8 0f 40 f9	ldr	x8, [sp, #0x18]
100009778:	00 0b 00 54	b.eq	0x1000098d8
10000977c:	a8 0b 00 37	tbnz	w8, #0x0, 0x1000098f0
100009780:	80 03 18 8b	add	x0, x28, x24
100009784:	f4 00 00 94	bl	0x100009b54
100009788:	08 00 80 52	mov	w8, #0x0
10000978c:	60 00 00 14	b	0x10000990c
100009790:	08 00 80 52	mov	w8, #0x0
100009794:	00 00 80 52	mov	w0, #0x0
100009798:	5d 00 00 14	b	0x10000990c
10000979c:	0e 00 00 90	adrp	x14, 0 ; 0x100009000
1000097a0:	ce 01 2f 91	add	x14, x14, #0xbc0
1000097a4:	cd 59 6d f8	ldr	x13, [x14, w13, uxtw #3]
1000097a8:	8e 31 40 a9	ldp	x14, x12, [x12]
1000097ac:	cf 7d cd 9b	umulh	x15, x14, x13
1000097b0:	ce 7d 0d 9b	mul	x14, x14, x13
1000097b4:	90 7d 0d 9b	mul	x16, x12, x13
1000097b8:	8c 7d cd 9b	umulh	x12, x12, x13
1000097bc:	68 7d 08 9b	mul	x8, x11, x8
1000097c0:	08 fd 6e d3	lsr	x8, x8, #46
1000097c4:	48 01 08 4b	sub	w8, w10, w8
1000097c8:	ea 03 28 2a	mvn	w10, w8
1000097cc:	cb 25 c8 9a	lsr	x11, x14, x8
1000097d0:	ed f9 7f d3	lsl	x13, x15, #1
1000097d4:	aa 21 ca 9a	lsl	x10, x13, x10
1000097d8:	4a 01 0b aa	orr	x10, x10, x11
1000097dc:	eb 25 c8 9a	lsr	x11, x15, x8
1000097e0:	1f 01 7a f2	tst	x8, #0x40
1000097e4:	6a 11 8a 9a	csel	x10, x11, x10, ne
1000097e8:	eb 13 8b 9a	csel	x11, xzr, x11, ne
1000097ec:	0d 08 80 52	mov	w13, #0x40
1000097f0:	a8 01 08 4b	sub	w8, w13, w8
1000097f4:	ed 03 28 2a	mvn	w13, w8
1000097f8:	8c 21 c8 9a	lsl	x12, x12, x8
1000097fc:	0e fe 41 d3	lsr	x14, x16, #1
100009800:	cd 25 cd 9a	lsr	x13, x14, x13
100009804:	8c 01 0d aa	orr	x12, x12, x13
100009808:	0d 22 c8 9a	lsl	x13, x16, x8
10000980c:	08 19 40 92	and	x8, x8, #0x7f
100009810:	1f 01 7a f2	tst	x8, #0x40
100009814:	a8 11 8c 9a	csel	x8, x13, x12, ne
100009818:	ec 13 8d 9a	csel	x12, xzr, x13, ne
10000981c:	0d 00 00 90	adrp	x13, 0 ; 0x100009000
100009820:	ad 41 32 91	add	x13, x13, #0xc90
100009824:	2e 7d 04 53	lsr	w14, w9, #4
100009828:	ad 59 6e b8	ldr	w13, [x13, w14, uxtw #2]
10000982c:	29 0d 1f 53	ubfiz	w9, w9, #1, #4
100009830:	a9 25 c9 1a	lsr	w9, w13, w9
100009834:	29 05 00 12	and	w9, w9, #0x3
100009838:	4a 01 0c ab	adds	x10, x10, x12
10000983c:	68 01 08 9a	adc	x8, x11, x8
100009840:	49 01 09 ab	adds	x9, x10, x9
100009844:	0a 35 88 9a	cinc	x10, x8, hs
100009848:	28 05 00 b1	adds	x8, x9, #0x1
10000984c:	49 35 8a 9a	cinc	x9, x10, hs
100009850:	e8 27 03 a9	stp	x8, x9, [sp, #0x30]
100009854:	e1 c3 00 91	add	x1, sp, #0x30
100009858:	42 f3 01 11	add	w2, w26, #0x7c
10000985c:	e0 03 18 aa	mov	x0, x24
100009860:	6d 00 00 94	bl	0x100009a14
100009864:	f9 03 00 aa	mov	x25, x0
100009868:	00 03 7f b2	orr	x0, x24, #0x2
10000986c:	b2 00 00 94	bl	0x100009b34
100009870:	fb 03 00 aa	mov	x27, x0
100009874:	f7 17 40 b9	ldr	w23, [sp, #0x14]
100009878:	ff 02 00 71	cmp	w23, #0x0
10000987c:	28 00 80 92	mov	x8, #-0x2
100009880:	08 15 88 9a	cinc	x8, x8, eq
100009884:	00 01 18 8b	add	x0, x8, x24
100009888:	ab 00 00 94	bl	0x100009b34
10000988c:	fa 03 00 aa	mov	x26, x0
100009890:	ee 0f 40 f9	ldr	x14, [sp, #0x18]
100009894:	c8 01 40 f2	ands	x8, x14, #0x1
100009898:	e9 17 9f 1a	cset	w9, eq
10000989c:	29 01 17 0a	and	w9, w9, w23
1000098a0:	6a 03 08 cb	sub	x10, x27, x8
1000098a4:	28 00 80 52	mov	w8, #0x1
1000098a8:	0b 00 80 92	mov	x11, #-0x1
1000098ac:	6b 21 dc 9a	lsl	x11, x11, x28
1000098b0:	1f 03 2b ea	bics	xzr, x24, x11
1000098b4:	eb 17 9f 1a	cset	w11, eq
1000098b8:	9f fb 00 71	cmp	w28, #0x3e
1000098bc:	eb 83 8b 1a	csel	w11, wzr, w11, hi
1000098c0:	9f 0b 00 71	cmp	w28, #0x2
1000098c4:	08 31 8b 1a	csel	w8, w8, w11, lo
1000098c8:	20 31 9f 1a	csel	w0, w9, wzr, lo
1000098cc:	5b 31 9b 9a	csel	x27, x10, x27, lo
1000098d0:	f7 07 40 f9	ldr	x23, [sp, #0x8]
1000098d4:	0f 00 00 14	b	0x100009910
1000098d8:	e0 03 18 aa	mov	x0, x24
1000098dc:	9e 00 00 94	bl	0x100009b54
1000098e0:	ee 0f 40 f9	ldr	x14, [sp, #0x18]
1000098e4:	e8 03 00 aa	mov	x8, x0
1000098e8:	00 00 80 52	mov	w0, #0x0
1000098ec:	09 00 00 14	b	0x100009910
1000098f0:	00 03 7f b2	orr	x0, x24, #0x2
1000098f4:	98 00 00 94	bl	0x100009b54
1000098f8:	e9 03 00 aa	mov	x9, x0
1000098fc:	08 00 80 52	mov	w8, #0x0
100009900:	00 00 80 52	mov	w0, #0x0
100009904:	29 01 40 92	and	x9, x9, #0x1
100009908:	7b 03 09 cb	sub	x27, x27, x9
10000990c:	ee 0f 40 f9	ldr	x14, [sp, #0x18]
100009910:	0a 00 80 52	mov	w10, #0x0
100009914:	09 00 80 52	mov	w9, #0x0
100009918:	4b 01 80 52	mov	w11, #0xa
10000991c:	7b 0b cb 9a	udiv	x27, x27, x11
100009920:	4c 0b cb 9a	udiv	x12, x26, x11
100009924:	7f 03 0c eb	cmp	x27, x12
100009928:	29 01 00 54	b.ls	0x10000994c
10000992c:	8d e9 0b 9b	msub	x13, x12, x11, x26
100009930:	bf 01 00 f1	cmp	x13, #0x0
100009934:	ed 17 9f 1a	cset	w13, eq
100009938:	00 00 0d 0a	and	w0, w0, w13
10000993c:	5f 1d 00 72	tst	w10, #0xff
100009940:	ea 17 9f 1a	cset	w10, eq
100009944:	6c 00 00 94	bl	0x100009af4
100009948:	f5 ff ff 17	b	0x10000991c
10000994c:	20 01 00 36	tbz	w0, #0x0, 0x100009970
100009950:	4b 01 80 52	mov	w11, #0xa
100009954:	4c 0b cb 9a	udiv	x12, x26, x11
100009958:	8d e9 0b 9b	msub	x13, x12, x11, x26
10000995c:	ad 00 00 b5	cbnz	x13, 0x100009970
100009960:	5f 1d 00 72	tst	w10, #0xff
100009964:	ea 17 9f 1a	cset	w10, eq
100009968:	63 00 00 94	bl	0x100009af4
10000996c:	fa ff ff 17	b	0x100009954
100009970:	4b 1d 00 12	and	w11, w10, #0xff
100009974:	7f 15 00 71	cmp	w11, #0x5
100009978:	eb 17 9f 1a	cset	w11, eq
10000997c:	3f 03 40 f2	tst	x25, #0x1
100009980:	8c 00 80 52	mov	w12, #0x4
100009984:	8c 05 8c 1a	cinc	w12, w12, ne
100009988:	1f 01 0b 6a	tst	w8, w11
10000998c:	88 11 8a 1a	csel	w8, w12, w10, ne
100009990:	08 1d 00 12	and	w8, w8, #0xff
100009994:	3f 03 1a eb	cmp	x25, x26
100009998:	ea 17 9f 1a	cset	w10, eq
10000999c:	0b 00 00 52	eor	w11, w0, #0x1
1000099a0:	cb 01 0b 2a	orr	w11, w14, w11
1000099a4:	1f 11 00 71	cmp	w8, #0x4
1000099a8:	48 01 0b 0a	and	w8, w10, w11
1000099ac:	08 95 9f 1a	csinc	w8, w8, wzr, ls
1000099b0:	28 03 08 8b	add	x8, x25, x8
1000099b4:	68 02 00 f9	str	x8, [x19]
1000099b8:	28 01 17 0b	add	w8, w9, w23
1000099bc:	68 0a 00 b9	str	w8, [x19, #0x8]
1000099c0:	c8 12 00 12	and	w8, w22, #0x1f
1000099c4:	a8 02 08 0b	add	w8, w21, w8
1000099c8:	88 26 c8 9a	lsr	x8, x20, x8
1000099cc:	08 01 00 12	and	w8, w8, #0x1
1000099d0:	68 32 00 39	strb	w8, [x19, #0xc]
1000099d4:	fd 7b 49 a9	ldp	x29, x30, [sp, #0x90]
1000099d8:	28 00 00 14	b	0x100009a78
1000099dc:	08 00 80 52	mov	w8, #0x0
1000099e0:	a9 00 80 52	mov	w9, #0x5
1000099e4:	00 01 00 b4	cbz	x0, 0x100009a04
1000099e8:	0a 08 c9 9a	udiv	x10, x0, x9
1000099ec:	4b 09 0a 8b	add	x11, x10, x10, lsl #2
1000099f0:	1f 00 0b eb	cmp	x0, x11
1000099f4:	a1 00 00 54	b.ne	0x100009a08
1000099f8:	08 05 00 11	add	w8, w8, #0x1
1000099fc:	e0 03 0a aa	mov	x0, x10
100009a00:	4a ff ff b5	cbnz	x10, 0x1000099e8
100009a04:	08 00 80 52	mov	w8, #0x0
100009a08:	1f 01 01 6b	cmp	w8, w1
100009a0c:	e0 37 9f 1a	cset	w0, hs
100009a10:	c0 03 5f d6	ret
100009a14:	5f 00 02 71	cmp	w2, #0x80
100009a18:	a2 01 00 54	b.hs	0x100009a4c
100009a1c:	29 20 40 a9	ldp	x9, x8, [x1]
100009a20:	0a 7d c0 9b	umulh	x10, x8, x0
100009a24:	08 7d 00 9b	mul	x8, x8, x0
100009a28:	29 7d c0 9b	umulh	x9, x9, x0
100009a2c:	28 01 08 ab	adds	x8, x9, x8
100009a30:	49 35 8a 9a	cinc	x9, x10, hs
100009a34:	08 25 c2 9a	lsr	x8, x8, x2
100009a38:	29 f9 7f d3	lsl	x9, x9, #1
100009a3c:	ea 03 22 2a	mvn	w10, w2
100009a40:	29 21 ca 9a	lsl	x9, x9, x10
100009a44:	20 01 08 aa	orr	x0, x9, x8
100009a48:	c0 03 5f d6	ret
100009a4c:	00 00 80 d2	mov	x0, #0x0
100009a50:	c0 03 5f d6	ret
100009a54:	08 00 80 d2	mov	x8, #0x0
100009a58:	5f 00 08 eb	cmp	x2, x8
100009a5c:	a0 00 00 54	b.eq	0x100009a70
100009a60:	29 68 68 38	ldrb	w9, [x1, x8]
100009a64:	09 68 28 38	strb	w9, [x0, x8]
100009a68:	08 05 00 91	add	x8, x8, #0x1
100009a6c:	fb ff ff 17	b	0x100009a58
100009a70:	e0 03 02 aa	mov	x0, x2
100009a74:	c0 03 5f d6	ret
100009a78:	f4 4f 48 a9	ldp	x20, x19, [sp, #0x80]
100009a7c:	f6 57 47 a9	ldp	x22, x21, [sp, #0x70]
100009a80:	f8 5f 46 a9	ldp	x24, x23, [sp, #0x60]
100009a84:	fa 67 45 a9	ldp	x26, x25, [sp, #0x50]
100009a88:	fc 6f 44 a9	ldp	x28, x27, [sp, #0x40]
100009a8c:	ff 83 02 91	add	sp, sp, #0xa0
100009a90:	c0 03 5f d6	ret
100009a94:	f4 63 00 91	add	x20, sp, #0x18
100009a98:	e8 63 00 91	add	x8, sp, #0x18
100009a9c:	e1 23 00 91	add	x1, sp, #0x8
100009aa0:	e0 03 13 aa	mov	x0, x19
100009aa4:	c0 03 5f d6	ret
100009aa8:	f7 93 00 39	strb	w23, [sp, #0x24]
100009aac:	28 d0 40 78	ldurh	w8, [x1, #0xd]
100009ab0:	e8 53 02 78	sturh	w8, [sp, #0x25]
100009ab4:	28 f0 40 38	ldurb	w8, [x1, #0xf]
100009ab8:	e8 9f 00 39	strb	w8, [sp, #0x27]
100009abc:	e8 a3 00 91	add	x8, sp, #0x28
100009ac0:	e0 63 00 91	add	x0, sp, #0x18
100009ac4:	c0 03 5f d6	ret
100009ac8:	08 00 00 90	adrp	x8, 0 ; 0x100009000
100009acc:	08 a1 2e 91	add	x8, x8, #0xba8
100009ad0:	00 01 c0 3d	ldr	q0, [x8]
100009ad4:	60 02 80 3d	str	q0, [x19]
100009ad8:	c8 0c 80 52	mov	w8, #0x66
100009adc:	68 0a 00 f9	str	x8, [x19, #0x10]
100009ae0:	c0 03 5f d6	ret
100009ae4:	80 02 1a 8b	add	x0, x20, x26
100009ae8:	e1 e3 00 91	add	x1, sp, #0x38
100009aec:	e2 03 17 aa	mov	x2, x23
100009af0:	97 fd ff 17	b	0x10000914c
100009af4:	08 01 0a 0a	and	w8, w8, w10
100009af8:	2d 0b cb 9a	udiv	x13, x25, x11
100009afc:	aa e5 0b 1b	msub	w10, w13, w11, w25
100009b00:	29 05 00 11	add	w9, w9, #0x1
100009b04:	fa 03 0c aa	mov	x26, x12
100009b08:	f9 03 0d aa	mov	x25, x13
100009b0c:	c0 03 5f d6	ret
100009b10:	09 00 80 d2	mov	x9, #0x0
100009b14:	8a 52 40 a9	ldp	x10, x20, [x20]
100009b18:	2b 00 80 52	mov	w11, #0x1
100009b1c:	ec 03 09 b2	mov	x12, #0x80000000800000
100009b20:	2c 00 80 f2	movk	x12, #0x1
100009b24:	c0 03 5f d6	ret
100009b28:	e1 83 00 91	add	x1, sp, #0x20
100009b2c:	42 f7 01 11	add	w2, w26, #0x7d
100009b30:	b9 ff ff 17	b	0x100009a14
100009b34:	e1 c3 00 91	add	x1, sp, #0x30
100009b38:	42 f3 01 11	add	w2, w26, #0x7c
100009b3c:	b6 ff ff 17	b	0x100009a14
100009b40:	01 06 80 52	mov	w1, #0x30
100009b44:	e2 03 15 aa	mov	x2, x21
100009b48:	b9 fb ff 17	b	0x100008a2c
100009b4c:	01 06 80 52	mov	w1, #0x30
100009b50:	b7 fb ff 17	b	0x100008a2c
100009b54:	e1 03 17 aa	mov	x1, x23
100009b58:	a1 ff ff 17	b	0x1000099dc
100009b5c:	08 00 00 90	adrp	x8, 0 ; 0x100009000
100009b60:	08 09 3c 91	add	x8, x8, #0xf02
100009b64:	09 00 00 90	adrp	x9, 0 ; 0x100009000
100009b68:	29 f5 3b 91	add	x9, x9, #0xefd
100009b6c:	c0 03 5f d6	ret
100009b70:	ff 83 02 d1	sub	sp, sp, #0xa0
100009b74:	fc 6f 04 a9	stp	x28, x27, [sp, #0x40]
100009b78:	fa 67 05 a9	stp	x26, x25, [sp, #0x50]
100009b7c:	f8 5f 06 a9	stp	x24, x23, [sp, #0x60]
100009b80:	f6 57 07 a9	stp	x22, x21, [sp, #0x70]
100009b84:	f4 4f 08 a9	stp	x20, x19, [sp, #0x80]
100009b88:	c0 03 5f d6	ret
100009b8c:	00 00 00 00	udf	#0x0
100009b90:	00 00 00 00	udf	#0x0
100009b94:	00 00 00 00	udf	#0x0
100009b98:	00 00 00 00	udf	#0x0
100009b9c:	00 00 00 00	udf	#0x0
100009ba0:	01 00 00 00	udf	#0x1
100009ba4:	00 00 00 00	udf	#0x0
100009ba8:	00 00 00 00	udf	#0x0
100009bac:	00 00 00 00	udf	#0x0
100009bb0:	00 00 00 00	udf	#0x0
100009bb4:	00 00 00 00	udf	#0x0
100009bb8:	66 00 00 00	udf	#0x66
100009bbc:	00 00 00 00	udf	#0x0
100009bc0:	01 00 00 00	udf	#0x1
100009bc4:	00 00 00 00	udf	#0x0
100009bc8:	05 00 00 00	udf	#0x5
100009bcc:	00 00 00 00	udf	#0x0
100009bd0:	19 00 00 00	udf	#0x19
100009bd4:	00 00 00 00	udf	#0x0
100009bd8:	7d 00 00 00	udf	#0x7d
100009bdc:	00 00 00 00	udf	#0x0
100009be0:	71 02 00 00	udf	#0x271
100009be4:	00 00 00 00	udf	#0x0
100009be8:	35 0c 00 00	udf	#0xc35
100009bec:	00 00 00 00	udf	#0x0
100009bf0:	09 3d 00 00	udf	#0x3d09
100009bf4:	00 00 00 00	udf	#0x0
100009bf8:		.long	0x0001312d
100009bfc:	00 00 00 00	udf	#0x0
100009c00:		.long	0x0005f5e1
100009c04:	00 00 00 00	udf	#0x0
100009c08:		.long	0x001dcd65
100009c0c:	00 00 00 00	udf	#0x0
100009c10:		.long	0x009502f9
100009c14:	00 00 00 00	udf	#0x0
100009c18:		.long	0x02e90edd
100009c1c:	00 00 00 00	udf	#0x0
100009c20:		.long	0x0e8d4a51
100009c24:	00 00 00 00	udf	#0x0
100009c28:		.long	0x48c27395
100009c2c:	00 00 00 00	udf	#0x0
100009c30:		.long	0x6bcc41e9
100009c34:	01 00 00 00	udf	#0x1
100009c38:		.long	0x1afd498d
100009c3c:	07 00 00 00	udf	#0x7
100009c40:		.long	0x86f26fc1
100009c44:	23 00 00 00	udf	#0x23
100009c48:		.long	0xa2bc2ec5
100009c4c:	b1 00 00 00	udf	#0xb1
100009c50:	d9 e9 ac 2d	stp	s25, s26, [x14, #-0x9c]!
100009c54:	78 03 00 00	udf	#0x378
100009c58:		.long	0xe460913d
100009c5c:	58 11 00 00	udf	#0x1158
100009c60:		.long	0x75e2d631
100009c64:	bc 56 00 00	udf	#0x56bc
100009c68:		.long	0x4d6e2ef5
100009c6c:		.long	0x0001b1ae
100009c70:		.long	0x8326eac9
100009c74:		.long	0x00087867
100009c78:		.long	0x8fc295ed
100009c7c:		.long	0x002a5a05
100009c80:		.long	0xcecceda1
100009c84:		.long	0x00d3c21b
100009c88:		.long	0x0a00a425
100009c8c:		.long	0x0422ca8b
100009c90:	00 00 00 00	udf	#0x0
100009c94:	00 00 00 00	udf	#0x0
100009c98:	00 00 00 00	udf	#0x0
100009c9c:	00 00 00 00	udf	#0x0
100009ca0:		.long	0x40000000
100009ca4:		.long	0x59695995
100009ca8:		.long	0x55545555
100009cac:		.long	0x56555515
100009cb0:		.long	0x41150504
100009cb4:		.long	0x40555410
100009cb8:		.long	0x44555145
100009cbc:		.long	0x44504540
100009cc0:		.long	0x45555550
100009cc4:		.long	0x40004000
100009cc8:	40 04 44 96	bl	0xf910adc8
100009ccc:		.long	0x55565565
100009cd0:	45 40 45 54	b.pl	0x1000944d8
100009cd4:		.long	0x40154151
100009cd8:		.long	0x55559155
100009cdc:	55 55 40 51	sub	w21, w10, #0x15, lsl #12
100009ce0:	05 01 00 00	udf	#0x105
100009ce4:		.long	0x54544554
100009ce8:		.long	0x04055545
100009cec:	00 10 04 10	adr	x0, #33280
100009cf0:		.long	0x00400414
100009cf4:		.long	0x40010000
100009cf8:		.long	0x41155555
100009cfc:	54 04 00 00	udf	#0x454
100009d00:		.long	0x00010044
100009d04:		.long	0x40000000
100009d08:		.long	0x44000041
100009d0c:	50 44 45 50	adr	x16, #567434
100009d10:		.long	0x55550054
100009d14:	54 55 65 51	sub	w20, w10, #0x955, lsl #12
100009d18:		.long	0x40004000
100009d1c:		.long	0x01000001
100009d20:		.long	0x00010500
100009d24:	11 54 51 51	sub	w17, w0, #0x455, lsl #12
100009d28:		.long	0x05555554
100009d2c:	00 00 00 00	udf	#0x0
100009d30:	01 00 00 00	udf	#0x1
100009d34:	00 00 00 00	udf	#0x0
100009d38:	00 00 00 00	udf	#0x0
100009d3c:		.long	0x20000000
100009d40:		.long	0xc0655034
100009d44:	5f c9 a6 52	mov	wzr, #0x364a0000
100009d48:		.long	0xaecb13bb
100009d4c:	c4 40 c2 18	ldr	w4, 0xfff8e564
100009d50:		.long	0x71dfc806
100009d54:		.long	0x7ca8d500
100009d58:		.long	0xda0f6ff5
100009d5c:		.long	0x1327fc58
100009d60:	6e 47 56 35	cbnz	w14, 0x1000b664c
100009d64:		.long	0x6520247d
100009d68:	02 c7 e7 68	ldpsw	x2, x17, [x24], #-0xc4
100009d6c:		.long	0x1da48ce4
100009d70:		.long	0x6802e6e9
100009d74:		.long	0x6139cdd7
100009d78:		.long	0xc2fc7779
100009d7c:	40 5b ef 16	b	0xfbbe0a7c
100009d80:		.long	0x43de8c79
100009d84:	ff a7 51 f9	ldr	xzr, [sp, #0x2348]
100009d88:		.long	0x78b2f391
100009d8c:		.long	0x11bebdf5
100009d90:		.long	0xd6e957e8
100009d94:		.long	0x7be8bee8
100009d98:		.long	0x8fac54b0
100009d9c:		.long	0x1b758d84
100009da0:		.long	0x99a423ea
100009da4:		.long	0x8bd3f9e9
100009da8:		.long	0x4071a3b7
100009dac:	61 da 3e 15	b	0x104fc0730
100009db0:	ce e3 3e cb	sub	x14, x30, x30, sxtx
100009db4:	73 f9 48 08	ldaxrb	w19, [x11]
100009db8:		.long	0x27b4978c
100009dbc:	d5 1b 70 10	adr	x21, #918392
100009dc0:		.long	0xb9efbfa2
100009dc4:	eb 85 32 15	b	0x104cab570
100009dc8:	4d b4 4d b4	cbz	x13, 0x1000a5450
100009dcc:		.long	0x196fbb9b
100009dd0:	96 b6 07 6c	stnp	d22, d13, [x20, #0x78]
100009dd4:	f8 e7 ee ad	ldp	q24, q25, [sp, #-0x230]!
100009dd8:		.long	0xf5b4d936
100009ddc:		.long	0x13ae3591
100009de0:		.long	0xaf182222
100009de4:		.long	0x4d686a4e
100009de8:	91 da aa 3d	str	q17, [x20, #0xab60]
100009dec:		.long	0x1e74404f
100009df0:		.long	0xe09ebd9f
100009df4:	06 a1 c0 98	ldrsw	x6, 0xfff8b214
100009df8:		.long	0xfda7c257
100009dfc:	a4 0e 90 17	b	0xfe40d88c
100009e00:	0e 7d 49 71	subs	w14, w8, #0x25f, lsl #12
100009e04:		.long	0x8f20e373
100009e08:		.long	0x76d820b2
100009e0c:	05 14 3b 12	and	w5, w0, #0x7e0
100009e10:	85 3d 74 34	cbz	w5, 0x1000f25c0
100009e14:	81 13 43 b0	adrp	x1, 549489 ; 0x18627a000
100009e18:		.long	0x5f7a29ad
100009e1c:	27 f4 35 1c	ldr	s7, 0x100075ca0
100009e20:	00 00 00 00	udf	#0x0
100009e24:	00 00 00 00	udf	#0x0
100009e28:	00 00 00 00	udf	#0x0
100009e2c:	00 00 00 10	adr	x0, #0
100009e30:	00 00 00 00	udf	#0x0
100009e34:	00 00 00 00	udf	#0x0
100009e38:	b9 34 03 32	orr	w25, w5, #0xe00007ff
100009e3c:	b7 f4 ad 14	b	0x102b87118
100009e40:		.long	0xb31adb10
100009e44:		.long	0x0e549208
100009e48:	0d 30 7d 95	bl	0x105f55e7c
100009e4c:		.long	0x1aba4714
100009e50:	66 08 8f 4d	st1.b	{ v6 }[10], [x3], x15
100009e54:	26 ad c6 6d	ldp	d6, d11, [x9, #0x68]!
100009e58:		.long	0x85bf98f5
100009e5c:	e2 b7 45 11	add	w2, wsp, #0x16d, lsl #12
100009e60:	ca 96 85 3d	str	q10, [x22, #0x1650]
100009e64:	92 bd 1d eb	subs	x18, x12, x29, lsl #47
100009e68:		.long	0x6018a1fc
100009e6c:	dc ef 52 16	b	0xf94c5ddc
100009e70:		.long	0x22ae923c
100009e74:	0b b8 c1 b4	cbz	x11, 0xfff8d574
100009e78:		.long	0x5b2d9d83
100009e7c:	05 62 da 1c	ldr	s5, 0xfffbeabc
100009e80:		.long	0x8f7e4c30
100009e84:		.long	0x5bb28b4e
100009e88:		.long	0x9f52f416
100009e8c:	8b 56 a5 12	mov	w11, #-0x2ab40001
100009e90:		.long	0x7682d4fb
100009e94:	43 ed 8a f0	adrp	x3, -959061 ; 0x15db4000
100009e98:		.long	0x31f9e78f
100009e9c:	15 65 19 18	ldr	w21, 0x10003cb3c
100009ea0:		.long	0xd99bf150
100009ea4:	4a 13 ee b4	cbz	x10, 0xfffe610c
100009ea8:		.long	0xa6f04c28
100009eac:	86 c1 25 1f	fnmsub	s6, s12, s5, s16
100009eb0:	03 5f c2 70	adr	x3, #-504861
100009eb4:	cb 9e 49 16	b	0xf92719e0
100009eb8:	e6 42 88 9c	ldr	q6, 0xfff1a714
100009ebc:	44 eb 20 14	b	0x100844bcc
100009ec0:	b0 65 08 36	tbz	w16, #0x1, 0x10000ab74
100009ec4:		.long	0x85a56ead
100009ec8:	85 f0 ca 14	b	0x1032c60dc
100009ecc:		.long	0x1a03fde2
100009ed0:	0b 89 99 79	ldrsh	x11, [x8, #0xcc4]
100009ed4:		.long	0x093db1d5
100009ed8:		.long	0x3a97dad8
100009edc:	35 eb cf 10	adr	x21, #-393884
100009ee0:		.long	0x5e3f36ac
100009ee4:		.long	0xcf38bb73
100009ee8:		.long	0xfa52673e
100009eec:	44 af ba 15	b	0x106eb5bfc
100009ef0:		.long	0x006e616e
100009ef4:		.long	0x00666e69
100009ef8:		.long	0x666e692d
100009efc:	00 2d 30 2e	uqsub.8b	v0, v8, v16
100009f00:	30 00 30 2e	uaddl.8h	v16, v1, v16
100009f04:	30 00 00 00	udf	#0x30
100009f08:	01 00 00 00	udf	#0x1
100009f0c:	00 00 00 00	udf	#0x0
100009f10:	0a 00 00 00	udf	#0xa
100009f14:	00 00 00 00	udf	#0x0
100009f18:	04 00 00 00	udf	#0x4
100009f1c:	00 00 00 00	udf	#0x0
100009f20:		.long	0x65757274
100009f24:	00 00 00 00	udf	#0x0
100009f28:	05 00 00 00	udf	#0x5
100009f2c:	00 00 00 00	udf	#0x0
100009f30:		.long	0x736c6166
100009f34:	65 00 00 00	udf	#0x65
100009f38:	07 00 00 00	udf	#0x7
100009f3c:	00 00 00 00	udf	#0x0
100009f40:		.long	0x6f727265
100009f44:		.long	0x00203a72
100009f48:	b8 00 00 00	udf	#0xb8
100009f4c:	00 00 00 00	udf	#0x0
100009f50:		.long	0x6573552f
100009f54:	72 73 2f 6e	uabdl2.8h	v18, v27, v15
100009f58:		.long	0x616d6b65
100009f5c:	74 61 2f 50	adr	x20, #388142
100009f60:		.long	0x656a6f72
100009f64:		.long	0x2f737463
100009f68:		.long	0x656c6953
100009f6c:		.long	0x6f725078
100009f70:		.long	0x7463656a
100009f74:	2f 2e 73 70	adr	x15, #943559
100009f78:	65 63 73 2f	umlsl.4s	v5, v27, v3[3]
100009f7c:		.long	0x656c6953
100009f80:	78 2d 4f 70	adr	x24, #648623
100009f84:	74 69 6d 69	ldpsw	x20, x26, [x11, #-0x98]
100009f88:	7a 61 74 69	ldpsw	x26, x24, [x11, #-0x60]
100009f8c:	6f 6e 2d 50	adr	x15, #372174
100009f90:		.long	0x74697261
100009f94:		.long	0x6f432d79
100009f98:		.long	0x656c706d
100009f9c:		.long	0x6e6f6974
100009fa0:		.long	0x726f572f
100009fa4:		.long	0x6572746b
100009fa8:		.long	0x61502f65
100009fac:		.long	0x67616b63
100009fb0:		.long	0x472f7365
100009fb4:	46 58 2e 50	adr	x6, #379658
100009fb8:	68 79 73 69	ldpsw	x8, x30, [x11, #-0x68]
100009fbc:		.long	0x422f7363
100009fc0:		.long	0x68636e65
100009fc4:		.long	0x6b72616d
100009fc8:		.long	0x6e492f73
100009fcc:		.long	0x72676574
100009fd0:	61 74 69 6f	uqshl.2d	v1, v3, #0x29
100009fd4:		.long	0x72654b6e
100009fd8:		.long	0x326c656e
100009fdc:		.long	0x78732e44
100009fe0:		.long	0x3a38373a
100009fe4:		.long	0x203a3433
100009fe8:		.long	0x746e7572
100009fec:		.long	0x20656d69
100009ff0:		.long	0x6f727265
100009ff4:		.long	0x63203a72
100009ff8:		.long	0x656c6c6f
100009ffc:	63 74 69 6f	uqshl.2d	v3, v3, #0x29
10000a000:	6e 20 69 6e	usubl2.4s	v14, v3, v9
10000a004:		.long	0x20786564
10000a008:	00 00 00 00	udf	#0x0
10000a00c:	00 00 00 00	udf	#0x0
10000a010:	1c 00 00 00	udf	#0x1c
10000a014:	00 00 00 00	udf	#0x0
10000a018:		.long	0x20736920
10000a01c:		.long	0x2074756f
10000a020:		.long	0x6220666f
10000a024:		.long	0x646e756f
10000a028:	73 20 66 6f	umlal2.4s	v19, v3, v6[2]
10000a02c:	72 20 63 6f	umlal2.4s	v18, v3, v3[2]
10000a030:		.long	0x20746e75
10000a034:	00 00 00 00	udf	#0x0
10000a038:	b8 00 00 00	udf	#0xb8
10000a03c:	00 00 00 00	udf	#0x0
10000a040:		.long	0x6573552f
10000a044:	72 73 2f 6e	uabdl2.8h	v18, v27, v15
10000a048:		.long	0x616d6b65
10000a04c:	74 61 2f 50	adr	x20, #388142
10000a050:		.long	0x656a6f72
10000a054:		.long	0x2f737463
10000a058:		.long	0x656c6953
10000a05c:		.long	0x6f725078
10000a060:		.long	0x7463656a
10000a064:	2f 2e 73 70	adr	x15, #943559
10000a068:	65 63 73 2f	umlsl.4s	v5, v27, v3[3]
10000a06c:		.long	0x656c6953
10000a070:	78 2d 4f 70	adr	x24, #648623
10000a074:	74 69 6d 69	ldpsw	x20, x26, [x11, #-0x98]
10000a078:	7a 61 74 69	ldpsw	x26, x24, [x11, #-0x60]
10000a07c:	6f 6e 2d 50	adr	x15, #372174
10000a080:		.long	0x74697261
10000a084:		.long	0x6f432d79
10000a088:		.long	0x656c706d
10000a08c:		.long	0x6e6f6974
10000a090:		.long	0x726f572f
10000a094:		.long	0x6572746b
10000a098:		.long	0x61502f65
10000a09c:		.long	0x67616b63
10000a0a0:		.long	0x472f7365
10000a0a4:	46 58 2e 50	adr	x6, #379658
10000a0a8:	68 79 73 69	ldpsw	x8, x30, [x11, #-0x68]
10000a0ac:		.long	0x422f7363
10000a0b0:		.long	0x68636e65
10000a0b4:		.long	0x6b72616d
10000a0b8:		.long	0x6e492f73
10000a0bc:		.long	0x72676574
10000a0c0:	61 74 69 6f	uqshl.2d	v1, v3, #0x29
10000a0c4:		.long	0x72654b6e
10000a0c8:		.long	0x326c656e
10000a0cc:		.long	0x78732e44
10000a0d0:		.long	0x3a38373a
10000a0d4:		.long	0x203a3534
10000a0d8:		.long	0x746e7572
10000a0dc:		.long	0x20656d69
10000a0e0:		.long	0x6f727265
10000a0e4:		.long	0x63203a72
10000a0e8:		.long	0x656c6c6f
10000a0ec:	63 74 69 6f	uqshl.2d	v3, v3, #0x29
10000a0f0:	6e 20 69 6e	usubl2.4s	v14, v3, v9
10000a0f4:		.long	0x20786564
10000a0f8:	00 00 00 00	udf	#0x0
10000a0fc:	00 00 00 00	udf	#0x0
10000a100:	b8 00 00 00	udf	#0xb8
10000a104:	00 00 00 00	udf	#0x0
10000a108:		.long	0x6573552f
10000a10c:	72 73 2f 6e	uabdl2.8h	v18, v27, v15
10000a110:		.long	0x616d6b65
10000a114:	74 61 2f 50	adr	x20, #388142
10000a118:		.long	0x656a6f72
10000a11c:		.long	0x2f737463
10000a120:		.long	0x656c6953
10000a124:		.long	0x6f725078
10000a128:		.long	0x7463656a
10000a12c:	2f 2e 73 70	adr	x15, #943559
10000a130:	65 63 73 2f	umlsl.4s	v5, v27, v3[3]
10000a134:		.long	0x656c6953
10000a138:	78 2d 4f 70	adr	x24, #648623
10000a13c:	74 69 6d 69	ldpsw	x20, x26, [x11, #-0x98]
10000a140:	7a 61 74 69	ldpsw	x26, x24, [x11, #-0x60]
10000a144:	6f 6e 2d 50	adr	x15, #372174
10000a148:		.long	0x74697261
10000a14c:		.long	0x6f432d79
10000a150:		.long	0x656c706d
10000a154:		.long	0x6e6f6974
10000a158:		.long	0x726f572f
10000a15c:		.long	0x6572746b
10000a160:		.long	0x61502f65
10000a164:		.long	0x67616b63
10000a168:		.long	0x472f7365
10000a16c:	46 58 2e 50	adr	x6, #379658
10000a170:	68 79 73 69	ldpsw	x8, x30, [x11, #-0x68]
10000a174:		.long	0x422f7363
10000a178:		.long	0x68636e65
10000a17c:		.long	0x6b72616d
10000a180:		.long	0x6e492f73
10000a184:		.long	0x72676574
10000a188:	61 74 69 6f	uqshl.2d	v1, v3, #0x29
10000a18c:		.long	0x72654b6e
10000a190:		.long	0x326c656e
10000a194:		.long	0x78732e44
10000a198:		.long	0x3a33383a
10000a19c:		.long	0x203a3433
10000a1a0:		.long	0x746e7572
10000a1a4:		.long	0x20656d69
10000a1a8:		.long	0x6f727265
10000a1ac:		.long	0x63203a72
10000a1b0:		.long	0x656c6c6f
10000a1b4:	63 74 69 6f	uqshl.2d	v3, v3, #0x29
10000a1b8:	6e 20 69 6e	usubl2.4s	v14, v3, v9
10000a1bc:		.long	0x20786564
10000a1c0:	00 00 00 00	udf	#0x0
10000a1c4:	00 00 00 00	udf	#0x0
10000a1c8:	a7 00 00 00	udf	#0xa7
10000a1cc:	00 00 00 00	udf	#0x0
10000a1d0:		.long	0x6573552f
10000a1d4:	72 73 2f 6e	uabdl2.8h	v18, v27, v15
10000a1d8:		.long	0x616d6b65
10000a1dc:	74 61 2f 50	adr	x20, #388142
10000a1e0:		.long	0x656a6f72
10000a1e4:		.long	0x2f737463
10000a1e8:		.long	0x656c6953
10000a1ec:		.long	0x6f725078
10000a1f0:		.long	0x7463656a
10000a1f4:	2f 2e 73 70	adr	x15, #943559
10000a1f8:	65 63 73 2f	umlsl.4s	v5, v27, v3[3]
10000a1fc:		.long	0x656c6953
10000a200:	78 2d 4f 70	adr	x24, #648623
10000a204:	74 69 6d 69	ldpsw	x20, x26, [x11, #-0x98]
10000a208:	7a 61 74 69	ldpsw	x26, x24, [x11, #-0x60]
10000a20c:	6f 6e 2d 50	adr	x15, #372174
10000a210:		.long	0x74697261
10000a214:		.long	0x6f432d79
10000a218:		.long	0x656c706d
10000a21c:		.long	0x6e6f6974
10000a220:		.long	0x726f572f
10000a224:		.long	0x6572746b
10000a228:		.long	0x61502f65
10000a22c:		.long	0x67616b63
10000a230:		.long	0x472f7365
10000a234:	46 58 2e 50	adr	x6, #379658
10000a238:	68 79 73 69	ldpsw	x8, x30, [x11, #-0x68]
10000a23c:		.long	0x422f7363
10000a240:		.long	0x68636e65
10000a244:		.long	0x6b72616d
10000a248:		.long	0x6e492f73
10000a24c:		.long	0x72676574
10000a250:	61 74 69 6f	uqshl.2d	v1, v3, #0x29
10000a254:		.long	0x72654b6e
10000a258:		.long	0x326c656e
10000a25c:		.long	0x78732e44
10000a260:		.long	0x3a32393a
10000a264:		.long	0x203a3932
10000a268:		.long	0x746e7572
10000a26c:		.long	0x20656d69
10000a270:		.long	0x6f727265
10000a274:		.long	0x00203a72
10000a278:	b8 00 00 00	udf	#0xb8
10000a27c:	00 00 00 00	udf	#0x0
10000a280:		.long	0x6573552f
10000a284:	72 73 2f 6e	uabdl2.8h	v18, v27, v15
10000a288:		.long	0x616d6b65
10000a28c:	74 61 2f 50	adr	x20, #388142
10000a290:		.long	0x656a6f72
10000a294:		.long	0x2f737463
10000a298:		.long	0x656c6953
10000a29c:		.long	0x6f725078
10000a2a0:		.long	0x7463656a
10000a2a4:	2f 2e 73 70	adr	x15, #943559
10000a2a8:	65 63 73 2f	umlsl.4s	v5, v27, v3[3]
10000a2ac:		.long	0x656c6953
10000a2b0:	78 2d 4f 70	adr	x24, #648623
10000a2b4:	74 69 6d 69	ldpsw	x20, x26, [x11, #-0x98]
10000a2b8:	7a 61 74 69	ldpsw	x26, x24, [x11, #-0x60]
10000a2bc:	6f 6e 2d 50	adr	x15, #372174
10000a2c0:		.long	0x74697261
10000a2c4:		.long	0x6f432d79
10000a2c8:		.long	0x656c706d
10000a2cc:		.long	0x6e6f6974
10000a2d0:		.long	0x726f572f
10000a2d4:		.long	0x6572746b
10000a2d8:		.long	0x61502f65
10000a2dc:		.long	0x67616b63
10000a2e0:		.long	0x472f7365
10000a2e4:	46 58 2e 50	adr	x6, #379658
10000a2e8:	68 79 73 69	ldpsw	x8, x30, [x11, #-0x68]
10000a2ec:		.long	0x422f7363
10000a2f0:		.long	0x68636e65
10000a2f4:		.long	0x6b72616d
10000a2f8:		.long	0x6e492f73
10000a2fc:		.long	0x72676574
10000a300:	61 74 69 6f	uqshl.2d	v1, v3, #0x29
10000a304:		.long	0x72654b6e
10000a308:		.long	0x326c656e
10000a30c:		.long	0x78732e44
10000a310:		.long	0x3a34393a
10000a314:		.long	0x203a3331
10000a318:		.long	0x746e7572
10000a31c:		.long	0x20656d69
10000a320:		.long	0x6f727265
10000a324:		.long	0x63203a72
10000a328:		.long	0x656c6c6f
10000a32c:	63 74 69 6f	uqshl.2d	v3, v3, #0x29
10000a330:	6e 20 69 6e	usubl2.4s	v14, v3, v9
10000a334:		.long	0x20786564
10000a338:	00 00 00 00	udf	#0x0
10000a33c:	00 00 00 00	udf	#0x0
10000a340:	07 00 00 00	udf	#0x7
10000a344:	00 00 00 00	udf	#0x0
10000a348:		.long	0x68632d2d
10000a34c:		.long	0x006b6365
10000a350:	0c 00 00 00	udf	#0xc
10000a354:	00 00 00 00	udf	#0x0
10000a358:		.long	0x68632d2d
10000a35c:	65 63 6b 2d	ldp	s5, s24, [x27, #-0xa8]
10000a360:	66 75 6c 6c	ldnp	d6, d29, [x11, #-0x140]
10000a364:	00 00 00 00	udf	#0x0
10000a368:	9e 00 00 00	udf	#0x9e
10000a36c:	00 00 00 00	udf	#0x0
10000a370:		.long	0x6573552f
10000a374:	72 73 2f 6e	uabdl2.8h	v18, v27, v15
10000a378:		.long	0x616d6b65
10000a37c:	74 61 2f 50	adr	x20, #388142
10000a380:		.long	0x656a6f72
10000a384:		.long	0x2f737463
10000a388:		.long	0x656c6953
10000a38c:		.long	0x6f725078
10000a390:		.long	0x7463656a
10000a394:	2f 2e 73 70	adr	x15, #943559
10000a398:	65 63 73 2f	umlsl.4s	v5, v27, v3[3]
10000a39c:		.long	0x656c6953
10000a3a0:	78 2d 4f 70	adr	x24, #648623
10000a3a4:	74 69 6d 69	ldpsw	x20, x26, [x11, #-0x98]
10000a3a8:	7a 61 74 69	ldpsw	x26, x24, [x11, #-0x60]
10000a3ac:	6f 6e 2d 50	adr	x15, #372174
10000a3b0:		.long	0x74697261
10000a3b4:		.long	0x6f432d79
10000a3b8:		.long	0x656c706d
10000a3bc:		.long	0x6e6f6974
10000a3c0:		.long	0x726f572f
10000a3c4:		.long	0x6572746b
10000a3c8:		.long	0x61502f65
10000a3cc:		.long	0x67616b63
10000a3d0:		.long	0x472f7365
10000a3d4:		.long	0x4d2f5846
10000a3d8:	6f 64 75 6c	ldnp	d15, d25, [x3, #-0xb0]
10000a3dc:	65 2f 40 4d	ld3.b	{ v5, v6, v7 }[11], [x27]
10000a3e0:	6f 64 75 6c	ldnp	d15, d25, [x3, #-0xb0]
10000a3e4:		.long	0x78732e65
10000a3e8:	3a 31 3a 31	adds	w26, w9, #0xe8c
10000a3ec:		.long	0x7572203a
10000a3f0:	6e 74 69 6d	ldp	d14, d29, [x3, #-0x170]
10000a3f4:		.long	0x72652065
10000a3f8:		.long	0x3a726f72
10000a3fc:	20 63 6f 6c	ldnp	d0, d24, [x25, #-0x110]
10000a400:		.long	0x7463656c
10000a404:		.long	0x206e6f69
10000a408:		.long	0x65646e69
10000a40c:	78 20 00 00	udf	#0x2078
10000a410:	c3 00 00 00	udf	#0xc3
10000a414:	00 00 00 00	udf	#0x0
10000a418:		.long	0x6573552f
10000a41c:	72 73 2f 6e	uabdl2.8h	v18, v27, v15
10000a420:		.long	0x616d6b65
10000a424:	74 61 2f 50	adr	x20, #388142
10000a428:		.long	0x656a6f72
10000a42c:		.long	0x2f737463
10000a430:		.long	0x656c6953
10000a434:		.long	0x6f725078
10000a438:		.long	0x7463656a
10000a43c:	2f 2e 73 70	adr	x15, #943559
10000a440:	65 63 73 2f	umlsl.4s	v5, v27, v3[3]
10000a444:		.long	0x656c6953
10000a448:	78 2d 4f 70	adr	x24, #648623
10000a44c:	74 69 6d 69	ldpsw	x20, x26, [x11, #-0x98]
10000a450:	7a 61 74 69	ldpsw	x26, x24, [x11, #-0x60]
10000a454:	6f 6e 2d 50	adr	x15, #372174
10000a458:		.long	0x74697261
10000a45c:		.long	0x6f432d79
10000a460:		.long	0x656c706d
10000a464:		.long	0x6e6f6974
10000a468:		.long	0x726f572f
10000a46c:		.long	0x6572746b
10000a470:		.long	0x61502f65
10000a474:		.long	0x67616b63
10000a478:		.long	0x472f7365
10000a47c:	46 58 2e 50	adr	x6, #379658
10000a480:	68 79 73 69	ldpsw	x8, x30, [x11, #-0x68]
10000a484:		.long	0x422f7363
10000a488:		.long	0x68636e65
10000a48c:		.long	0x6b72616d
10000a490:		.long	0x6e492f73
10000a494:		.long	0x72676574
10000a498:	61 74 69 6f	uqshl.2d	v1, v3, #0x29
10000a49c:		.long	0x72654b6e
10000a4a0:		.long	0x326c656e
10000a4a4:		.long	0x78732e44
10000a4a8:	3a 31 30 37	tbnz	w26, #0x6, 0x10000aacc
10000a4ac:		.long	0x3a36323a
10000a4b0:	20 72 75 6e	uabdl2.4s	v0, v17, v21
10000a4b4:		.long	0x656d6974
10000a4b8:		.long	0x72726520
10000a4bc:		.long	0x203a726f
10000a4c0:		.long	0x61766e69
10000a4c4:		.long	0x2064696c
10000a4c8:		.long	0x656d756e
10000a4cc:		.long	0x20636972
10000a4d0:		.long	0x766e6f63
10000a4d4:	65 72 73 69	ldpsw	x5, x28, [x19, #-0x68]
10000a4d8:		.long	0x000a6e6f
10000a4dc:	00 00 00 00	udf	#0x0
10000a4e0:	b9 00 00 00	udf	#0xb9
10000a4e4:	00 00 00 00	udf	#0x0
10000a4e8:		.long	0x6573552f
10000a4ec:	72 73 2f 6e	uabdl2.8h	v18, v27, v15
10000a4f0:		.long	0x616d6b65
10000a4f4:	74 61 2f 50	adr	x20, #388142
10000a4f8:		.long	0x656a6f72
10000a4fc:		.long	0x2f737463
10000a500:		.long	0x656c6953
10000a504:		.long	0x6f725078
10000a508:		.long	0x7463656a
10000a50c:	2f 2e 73 70	adr	x15, #943559
10000a510:	65 63 73 2f	umlsl.4s	v5, v27, v3[3]
10000a514:		.long	0x656c6953
10000a518:	78 2d 4f 70	adr	x24, #648623
10000a51c:	74 69 6d 69	ldpsw	x20, x26, [x11, #-0x98]
10000a520:	7a 61 74 69	ldpsw	x26, x24, [x11, #-0x60]
10000a524:	6f 6e 2d 50	adr	x15, #372174
10000a528:		.long	0x74697261
10000a52c:		.long	0x6f432d79
10000a530:		.long	0x656c706d
10000a534:		.long	0x6e6f6974
10000a538:		.long	0x726f572f
10000a53c:		.long	0x6572746b
10000a540:		.long	0x61502f65
10000a544:		.long	0x67616b63
10000a548:		.long	0x472f7365
10000a54c:	46 58 2e 50	adr	x6, #379658
10000a550:	68 79 73 69	ldpsw	x8, x30, [x11, #-0x68]
10000a554:		.long	0x422f7363
10000a558:		.long	0x68636e65
10000a55c:		.long	0x6b72616d
10000a560:		.long	0x6e492f73
10000a564:		.long	0x72676574
10000a568:	61 74 69 6f	uqshl.2d	v1, v3, #0x29
10000a56c:		.long	0x72654b6e
10000a570:		.long	0x326c656e
10000a574:		.long	0x78732e44
10000a578:		.long	0x3830313a
10000a57c:		.long	0x3a36313a
10000a580:	20 72 75 6e	uabdl2.4s	v0, v17, v21
10000a584:		.long	0x656d6974
10000a588:		.long	0x72726520
10000a58c:		.long	0x203a726f
10000a590:	63 6f 6c 6c	ldnp	d3, d27, [x27, #-0x140]
10000a594:	65 63 74 69	ldpsw	x5, x24, [x27, #-0x60]
10000a598:		.long	0x69206e6f
10000a59c:		.long	0x7865646e
10000a5a0:	20 00 00 00	udf	#0x20
10000a5a4:	00 00 00 00	udf	#0x0
10000a5a8:	b9 00 00 00	udf	#0xb9
10000a5ac:	00 00 00 00	udf	#0x0
10000a5b0:		.long	0x6573552f
10000a5b4:	72 73 2f 6e	uabdl2.8h	v18, v27, v15
10000a5b8:		.long	0x616d6b65
10000a5bc:	74 61 2f 50	adr	x20, #388142
10000a5c0:		.long	0x656a6f72
10000a5c4:		.long	0x2f737463
10000a5c8:		.long	0x656c6953
10000a5cc:		.long	0x6f725078
10000a5d0:		.long	0x7463656a
10000a5d4:	2f 2e 73 70	adr	x15, #943559
10000a5d8:	65 63 73 2f	umlsl.4s	v5, v27, v3[3]
10000a5dc:		.long	0x656c6953
10000a5e0:	78 2d 4f 70	adr	x24, #648623
10000a5e4:	74 69 6d 69	ldpsw	x20, x26, [x11, #-0x98]
10000a5e8:	7a 61 74 69	ldpsw	x26, x24, [x11, #-0x60]
10000a5ec:	6f 6e 2d 50	adr	x15, #372174
10000a5f0:		.long	0x74697261
10000a5f4:		.long	0x6f432d79
10000a5f8:		.long	0x656c706d
10000a5fc:		.long	0x6e6f6974
10000a600:		.long	0x726f572f
10000a604:		.long	0x6572746b
10000a608:		.long	0x61502f65
10000a60c:		.long	0x67616b63
10000a610:		.long	0x472f7365
10000a614:	46 58 2e 50	adr	x6, #379658
10000a618:	68 79 73 69	ldpsw	x8, x30, [x11, #-0x68]
10000a61c:		.long	0x422f7363
10000a620:		.long	0x68636e65
10000a624:		.long	0x6b72616d
10000a628:		.long	0x6e492f73
10000a62c:		.long	0x72676574
10000a630:	61 74 69 6f	uqshl.2d	v1, v3, #0x29
10000a634:		.long	0x72654b6e
10000a638:		.long	0x326c656e
10000a63c:		.long	0x78732e44
10000a640:	3a 31 31 35	cbnz	w26, 0x10006cc64
10000a644:		.long	0x3a36313a
10000a648:	20 72 75 6e	uabdl2.4s	v0, v17, v21
10000a64c:		.long	0x656d6974
10000a650:		.long	0x72726520
10000a654:		.long	0x203a726f
10000a658:	63 6f 6c 6c	ldnp	d3, d27, [x27, #-0x140]
10000a65c:	65 63 74 69	ldpsw	x5, x24, [x27, #-0x60]
10000a660:		.long	0x69206e6f
10000a664:		.long	0x7865646e
10000a668:	20 00 00 00	udf	#0x20
10000a66c:	00 00 00 00	udf	#0x0
10000a670:	b9 00 00 00	udf	#0xb9
10000a674:	00 00 00 00	udf	#0x0
10000a678:		.long	0x6573552f
10000a67c:	72 73 2f 6e	uabdl2.8h	v18, v27, v15
10000a680:		.long	0x616d6b65
10000a684:	74 61 2f 50	adr	x20, #388142
10000a688:		.long	0x656a6f72
10000a68c:		.long	0x2f737463
10000a690:		.long	0x656c6953
10000a694:		.long	0x6f725078
10000a698:		.long	0x7463656a
10000a69c:	2f 2e 73 70	adr	x15, #943559
10000a6a0:	65 63 73 2f	umlsl.4s	v5, v27, v3[3]
10000a6a4:		.long	0x656c6953
10000a6a8:	78 2d 4f 70	adr	x24, #648623
10000a6ac:	74 69 6d 69	ldpsw	x20, x26, [x11, #-0x98]
10000a6b0:	7a 61 74 69	ldpsw	x26, x24, [x11, #-0x60]
10000a6b4:	6f 6e 2d 50	adr	x15, #372174
10000a6b8:		.long	0x74697261
10000a6bc:		.long	0x6f432d79
10000a6c0:		.long	0x656c706d
10000a6c4:		.long	0x6e6f6974
10000a6c8:		.long	0x726f572f
10000a6cc:		.long	0x6572746b
10000a6d0:		.long	0x61502f65
10000a6d4:		.long	0x67616b63
10000a6d8:		.long	0x472f7365
10000a6dc:	46 58 2e 50	adr	x6, #379658
10000a6e0:	68 79 73 69	ldpsw	x8, x30, [x11, #-0x68]
10000a6e4:		.long	0x422f7363
10000a6e8:		.long	0x68636e65
10000a6ec:		.long	0x6b72616d
10000a6f0:		.long	0x6e492f73
10000a6f4:		.long	0x72676574
10000a6f8:	61 74 69 6f	uqshl.2d	v1, v3, #0x29
10000a6fc:		.long	0x72654b6e
10000a700:		.long	0x326c656e
10000a704:		.long	0x78732e44
10000a708:	3a 31 32 39	strb	w26, [x9, #0xc8c]
10000a70c:		.long	0x3a30333a
10000a710:	20 72 75 6e	uabdl2.4s	v0, v17, v21
10000a714:		.long	0x656d6974
10000a718:		.long	0x72726520
10000a71c:		.long	0x203a726f
10000a720:	63 6f 6c 6c	ldnp	d3, d27, [x27, #-0x140]
10000a724:	65 63 74 69	ldpsw	x5, x24, [x27, #-0x60]
10000a728:		.long	0x69206e6f
10000a72c:		.long	0x7865646e
10000a730:	20 00 00 00	udf	#0x20
10000a734:	00 00 00 00	udf	#0x0
10000a738:	06 00 00 00	udf	#0x6
10000a73c:	00 00 00 00	udf	#0x0
10000a740:		.long	0x54415453
10000a744:	45 20 00 00	udf	#0x2045
10000a748:	01 00 00 00	udf	#0x1
10000a74c:	00 00 00 00	udf	#0x0
10000a750:	20 00 00 00	udf	#0x20
10000a754:	00 00 00 00	udf	#0x0
10000a758:	b9 00 00 00	udf	#0xb9
10000a75c:	00 00 00 00	udf	#0x0
10000a760:		.long	0x6573552f
10000a764:	72 73 2f 6e	uabdl2.8h	v18, v27, v15
10000a768:		.long	0x616d6b65
10000a76c:	74 61 2f 50	adr	x20, #388142
10000a770:		.long	0x656a6f72
10000a774:		.long	0x2f737463
10000a778:		.long	0x656c6953
10000a77c:		.long	0x6f725078
10000a780:		.long	0x7463656a
10000a784:	2f 2e 73 70	adr	x15, #943559
10000a788:	65 63 73 2f	umlsl.4s	v5, v27, v3[3]
10000a78c:		.long	0x656c6953
10000a790:	78 2d 4f 70	adr	x24, #648623
10000a794:	74 69 6d 69	ldpsw	x20, x26, [x11, #-0x98]
10000a798:	7a 61 74 69	ldpsw	x26, x24, [x11, #-0x60]
10000a79c:	6f 6e 2d 50	adr	x15, #372174
10000a7a0:		.long	0x74697261
10000a7a4:		.long	0x6f432d79
10000a7a8:		.long	0x656c706d
10000a7ac:		.long	0x6e6f6974
10000a7b0:		.long	0x726f572f
10000a7b4:		.long	0x6572746b
10000a7b8:		.long	0x61502f65
10000a7bc:		.long	0x67616b63
10000a7c0:		.long	0x472f7365
10000a7c4:	46 58 2e 50	adr	x6, #379658
10000a7c8:	68 79 73 69	ldpsw	x8, x30, [x11, #-0x68]
10000a7cc:		.long	0x422f7363
10000a7d0:		.long	0x68636e65
10000a7d4:		.long	0x6b72616d
10000a7d8:		.long	0x6e492f73
10000a7dc:		.long	0x72676574
10000a7e0:	61 74 69 6f	uqshl.2d	v1, v3, #0x29
10000a7e4:		.long	0x72654b6e
10000a7e8:		.long	0x326c656e
10000a7ec:		.long	0x78732e44
10000a7f0:	3a 31 33 30	adr	x26, #419365
10000a7f4:		.long	0x3a31363a
10000a7f8:	20 72 75 6e	uabdl2.4s	v0, v17, v21
10000a7fc:		.long	0x656d6974
10000a800:		.long	0x72726520
10000a804:		.long	0x203a726f
10000a808:	63 6f 6c 6c	ldnp	d3, d27, [x27, #-0x140]
10000a80c:	65 63 74 69	ldpsw	x5, x24, [x27, #-0x60]
10000a810:		.long	0x69206e6f
10000a814:		.long	0x7865646e
10000a818:	20 00 00 00	udf	#0x20
10000a81c:	00 00 00 00	udf	#0x0
10000a820:	b9 00 00 00	udf	#0xb9
10000a824:	00 00 00 00	udf	#0x0
10000a828:		.long	0x6573552f
10000a82c:	72 73 2f 6e	uabdl2.8h	v18, v27, v15
10000a830:		.long	0x616d6b65
10000a834:	74 61 2f 50	adr	x20, #388142
10000a838:		.long	0x656a6f72
10000a83c:		.long	0x2f737463
10000a840:		.long	0x656c6953
10000a844:		.long	0x6f725078
10000a848:		.long	0x7463656a
10000a84c:	2f 2e 73 70	adr	x15, #943559
10000a850:	65 63 73 2f	umlsl.4s	v5, v27, v3[3]
10000a854:		.long	0x656c6953
10000a858:	78 2d 4f 70	adr	x24, #648623
10000a85c:	74 69 6d 69	ldpsw	x20, x26, [x11, #-0x98]
10000a860:	7a 61 74 69	ldpsw	x26, x24, [x11, #-0x60]
10000a864:	6f 6e 2d 50	adr	x15, #372174
10000a868:		.long	0x74697261
10000a86c:		.long	0x6f432d79
10000a870:		.long	0x656c706d
10000a874:		.long	0x6e6f6974
10000a878:		.long	0x726f572f
10000a87c:		.long	0x6572746b
10000a880:		.long	0x61502f65
10000a884:		.long	0x67616b63
10000a888:		.long	0x472f7365
10000a88c:	46 58 2e 50	adr	x6, #379658
10000a890:	68 79 73 69	ldpsw	x8, x30, [x11, #-0x68]
10000a894:		.long	0x422f7363
10000a898:		.long	0x68636e65
10000a89c:		.long	0x6b72616d
10000a8a0:		.long	0x6e492f73
10000a8a4:		.long	0x72676574
10000a8a8:	61 74 69 6f	uqshl.2d	v1, v3, #0x29
10000a8ac:		.long	0x72654b6e
10000a8b0:		.long	0x326c656e
10000a8b4:		.long	0x78732e44
10000a8b8:	3a 31 33 31	adds	w26, w9, #0xccc
10000a8bc:		.long	0x3a30333a
10000a8c0:	20 72 75 6e	uabdl2.4s	v0, v17, v21
10000a8c4:		.long	0x656d6974
10000a8c8:		.long	0x72726520
10000a8cc:		.long	0x203a726f
10000a8d0:	63 6f 6c 6c	ldnp	d3, d27, [x27, #-0x140]
10000a8d4:	65 63 74 69	ldpsw	x5, x24, [x27, #-0x60]
10000a8d8:		.long	0x69206e6f
10000a8dc:		.long	0x7865646e
10000a8e0:	20 00 00 00	udf	#0x20
10000a8e4:	00 00 00 00	udf	#0x0
10000a8e8:	b9 00 00 00	udf	#0xb9
10000a8ec:	00 00 00 00	udf	#0x0
10000a8f0:		.long	0x6573552f
10000a8f4:	72 73 2f 6e	uabdl2.8h	v18, v27, v15
10000a8f8:		.long	0x616d6b65
10000a8fc:	74 61 2f 50	adr	x20, #388142
10000a900:		.long	0x656a6f72
10000a904:		.long	0x2f737463
10000a908:		.long	0x656c6953
10000a90c:		.long	0x6f725078
10000a910:		.long	0x7463656a
10000a914:	2f 2e 73 70	adr	x15, #943559
10000a918:	65 63 73 2f	umlsl.4s	v5, v27, v3[3]
10000a91c:		.long	0x656c6953
10000a920:	78 2d 4f 70	adr	x24, #648623
10000a924:	74 69 6d 69	ldpsw	x20, x26, [x11, #-0x98]
10000a928:	7a 61 74 69	ldpsw	x26, x24, [x11, #-0x60]
10000a92c:	6f 6e 2d 50	adr	x15, #372174
10000a930:		.long	0x74697261
10000a934:		.long	0x6f432d79
10000a938:		.long	0x656c706d
10000a93c:		.long	0x6e6f6974
10000a940:		.long	0x726f572f
10000a944:		.long	0x6572746b
10000a948:		.long	0x61502f65
10000a94c:		.long	0x67616b63
10000a950:		.long	0x472f7365
10000a954:	46 58 2e 50	adr	x6, #379658
10000a958:	68 79 73 69	ldpsw	x8, x30, [x11, #-0x68]
10000a95c:		.long	0x422f7363
10000a960:		.long	0x68636e65
10000a964:		.long	0x6b72616d
10000a968:		.long	0x6e492f73
10000a96c:		.long	0x72676574
10000a970:	61 74 69 6f	uqshl.2d	v1, v3, #0x29
10000a974:		.long	0x72654b6e
10000a978:		.long	0x326c656e
10000a97c:		.long	0x78732e44
10000a980:	3a 31 33 31	adds	w26, w9, #0xccc
10000a984:		.long	0x3a32353a
10000a988:	20 72 75 6e	uabdl2.4s	v0, v17, v21
10000a98c:		.long	0x656d6974
10000a990:		.long	0x72726520
10000a994:		.long	0x203a726f
10000a998:	63 6f 6c 6c	ldnp	d3, d27, [x27, #-0x140]
10000a99c:	65 63 74 69	ldpsw	x5, x24, [x27, #-0x60]
10000a9a0:		.long	0x69206e6f
10000a9a4:		.long	0x7865646e
10000a9a8:	20 00 00 00	udf	#0x20
10000a9ac:	00 00 00 00	udf	#0x0
10000a9b0:	b9 00 00 00	udf	#0xb9
10000a9b4:	00 00 00 00	udf	#0x0
10000a9b8:		.long	0x6573552f
10000a9bc:	72 73 2f 6e	uabdl2.8h	v18, v27, v15
10000a9c0:		.long	0x616d6b65
10000a9c4:	74 61 2f 50	adr	x20, #388142
10000a9c8:		.long	0x656a6f72
10000a9cc:		.long	0x2f737463
10000a9d0:		.long	0x656c6953
10000a9d4:		.long	0x6f725078
10000a9d8:		.long	0x7463656a
10000a9dc:	2f 2e 73 70	adr	x15, #943559
10000a9e0:	65 63 73 2f	umlsl.4s	v5, v27, v3[3]
10000a9e4:		.long	0x656c6953
10000a9e8:	78 2d 4f 70	adr	x24, #648623
10000a9ec:	74 69 6d 69	ldpsw	x20, x26, [x11, #-0x98]
10000a9f0:	7a 61 74 69	ldpsw	x26, x24, [x11, #-0x60]
10000a9f4:	6f 6e 2d 50	adr	x15, #372174
10000a9f8:		.long	0x74697261
10000a9fc:		.long	0x6f432d79
10000aa00:		.long	0x656c706d
10000aa04:		.long	0x6e6f6974
10000aa08:		.long	0x726f572f
10000aa0c:		.long	0x6572746b
10000aa10:		.long	0x61502f65
10000aa14:		.long	0x67616b63
10000aa18:		.long	0x472f7365
10000aa1c:	46 58 2e 50	adr	x6, #379658
10000aa20:	68 79 73 69	ldpsw	x8, x30, [x11, #-0x68]
10000aa24:		.long	0x422f7363
10000aa28:		.long	0x68636e65
10000aa2c:		.long	0x6b72616d
10000aa30:		.long	0x6e492f73
10000aa34:		.long	0x72676574
10000aa38:	61 74 69 6f	uqshl.2d	v1, v3, #0x29
10000aa3c:		.long	0x72654b6e
10000aa40:		.long	0x326c656e
10000aa44:		.long	0x78732e44
10000aa48:	3a 31 33 31	adds	w26, w9, #0xccc
10000aa4c:		.long	0x3a33373a
10000aa50:	20 72 75 6e	uabdl2.4s	v0, v17, v21
10000aa54:		.long	0x656d6974
10000aa58:		.long	0x72726520
10000aa5c:		.long	0x203a726f
10000aa60:	63 6f 6c 6c	ldnp	d3, d27, [x27, #-0x140]
10000aa64:	65 63 74 69	ldpsw	x5, x24, [x27, #-0x60]
10000aa68:		.long	0x69206e6f
10000aa6c:		.long	0x7865646e
10000aa70:	20 00 00 00	udf	#0x20
10000aa74:	00 00 00 00	udf	#0x0
10000aa78:	b9 00 00 00	udf	#0xb9
10000aa7c:	00 00 00 00	udf	#0x0
10000aa80:		.long	0x6573552f
10000aa84:	72 73 2f 6e	uabdl2.8h	v18, v27, v15
10000aa88:		.long	0x616d6b65
10000aa8c:	74 61 2f 50	adr	x20, #388142
10000aa90:		.long	0x656a6f72
10000aa94:		.long	0x2f737463
10000aa98:		.long	0x656c6953
10000aa9c:		.long	0x6f725078
10000aaa0:		.long	0x7463656a
10000aaa4:	2f 2e 73 70	adr	x15, #943559
10000aaa8:	65 63 73 2f	umlsl.4s	v5, v27, v3[3]
10000aaac:		.long	0x656c6953
10000aab0:	78 2d 4f 70	adr	x24, #648623
10000aab4:	74 69 6d 69	ldpsw	x20, x26, [x11, #-0x98]
10000aab8:	7a 61 74 69	ldpsw	x26, x24, [x11, #-0x60]
10000aabc:	6f 6e 2d 50	adr	x15, #372174
10000aac0:		.long	0x74697261
10000aac4:		.long	0x6f432d79
10000aac8:		.long	0x656c706d
10000aacc:		.long	0x6e6f6974
10000aad0:		.long	0x726f572f
10000aad4:		.long	0x6572746b
10000aad8:		.long	0x61502f65
10000aadc:		.long	0x67616b63
10000aae0:		.long	0x472f7365
10000aae4:	46 58 2e 50	adr	x6, #379658
10000aae8:	68 79 73 69	ldpsw	x8, x30, [x11, #-0x68]
10000aaec:		.long	0x422f7363
10000aaf0:		.long	0x68636e65
10000aaf4:		.long	0x6b72616d
10000aaf8:		.long	0x6e492f73
10000aafc:		.long	0x72676574
10000ab00:	61 74 69 6f	uqshl.2d	v1, v3, #0x29
10000ab04:		.long	0x72654b6e
10000ab08:		.long	0x326c656e
10000ab0c:		.long	0x78732e44
10000ab10:	3a 31 33 32	orr	w26, w9, #0x3ffe000
10000ab14:		.long	0x3a30333a
10000ab18:	20 72 75 6e	uabdl2.4s	v0, v17, v21
10000ab1c:		.long	0x656d6974
10000ab20:		.long	0x72726520
10000ab24:		.long	0x203a726f
10000ab28:	63 6f 6c 6c	ldnp	d3, d27, [x27, #-0x140]
10000ab2c:	65 63 74 69	ldpsw	x5, x24, [x27, #-0x60]
10000ab30:		.long	0x69206e6f
10000ab34:		.long	0x7865646e
10000ab38:	20 00 00 00	udf	#0x20
10000ab3c:	00 00 00 00	udf	#0x0
10000ab40:	b9 00 00 00	udf	#0xb9
10000ab44:	00 00 00 00	udf	#0x0
10000ab48:		.long	0x6573552f
10000ab4c:	72 73 2f 6e	uabdl2.8h	v18, v27, v15
10000ab50:		.long	0x616d6b65
10000ab54:	74 61 2f 50	adr	x20, #388142
10000ab58:		.long	0x656a6f72
10000ab5c:		.long	0x2f737463
10000ab60:		.long	0x656c6953
10000ab64:		.long	0x6f725078
10000ab68:		.long	0x7463656a
10000ab6c:	2f 2e 73 70	adr	x15, #943559
10000ab70:	65 63 73 2f	umlsl.4s	v5, v27, v3[3]
10000ab74:		.long	0x656c6953
10000ab78:	78 2d 4f 70	adr	x24, #648623
10000ab7c:	74 69 6d 69	ldpsw	x20, x26, [x11, #-0x98]
10000ab80:	7a 61 74 69	ldpsw	x26, x24, [x11, #-0x60]
10000ab84:	6f 6e 2d 50	adr	x15, #372174
10000ab88:		.long	0x74697261
10000ab8c:		.long	0x6f432d79
10000ab90:		.long	0x656c706d
10000ab94:		.long	0x6e6f6974
10000ab98:		.long	0x726f572f
10000ab9c:		.long	0x6572746b
10000aba0:		.long	0x61502f65
10000aba4:		.long	0x67616b63
10000aba8:		.long	0x472f7365
10000abac:	46 58 2e 50	adr	x6, #379658
10000abb0:	68 79 73 69	ldpsw	x8, x30, [x11, #-0x68]
10000abb4:		.long	0x422f7363
10000abb8:		.long	0x68636e65
10000abbc:		.long	0x6b72616d
10000abc0:		.long	0x6e492f73
10000abc4:		.long	0x72676574
10000abc8:	61 74 69 6f	uqshl.2d	v1, v3, #0x29
10000abcc:		.long	0x72654b6e
10000abd0:		.long	0x326c656e
10000abd4:		.long	0x78732e44
10000abd8:	3a 31 33 32	orr	w26, w9, #0x3ffe000
10000abdc:		.long	0x3a32353a
10000abe0:	20 72 75 6e	uabdl2.4s	v0, v17, v21
10000abe4:		.long	0x656d6974
10000abe8:		.long	0x72726520
10000abec:		.long	0x203a726f
10000abf0:	63 6f 6c 6c	ldnp	d3, d27, [x27, #-0x140]
10000abf4:	65 63 74 69	ldpsw	x5, x24, [x27, #-0x60]
10000abf8:		.long	0x69206e6f
10000abfc:		.long	0x7865646e
10000ac00:	20 00 00 00	udf	#0x20
10000ac04:	00 00 00 00	udf	#0x0
10000ac08:	b9 00 00 00	udf	#0xb9
10000ac0c:	00 00 00 00	udf	#0x0
10000ac10:		.long	0x6573552f
10000ac14:	72 73 2f 6e	uabdl2.8h	v18, v27, v15
10000ac18:		.long	0x616d6b65
10000ac1c:	74 61 2f 50	adr	x20, #388142
10000ac20:		.long	0x656a6f72
10000ac24:		.long	0x2f737463
10000ac28:		.long	0x656c6953
10000ac2c:		.long	0x6f725078
10000ac30:		.long	0x7463656a
10000ac34:	2f 2e 73 70	adr	x15, #943559
10000ac38:	65 63 73 2f	umlsl.4s	v5, v27, v3[3]
10000ac3c:		.long	0x656c6953
10000ac40:	78 2d 4f 70	adr	x24, #648623
10000ac44:	74 69 6d 69	ldpsw	x20, x26, [x11, #-0x98]
10000ac48:	7a 61 74 69	ldpsw	x26, x24, [x11, #-0x60]
10000ac4c:	6f 6e 2d 50	adr	x15, #372174
10000ac50:		.long	0x74697261
10000ac54:		.long	0x6f432d79
10000ac58:		.long	0x656c706d
10000ac5c:		.long	0x6e6f6974
10000ac60:		.long	0x726f572f
10000ac64:		.long	0x6572746b
10000ac68:		.long	0x61502f65
10000ac6c:		.long	0x67616b63
10000ac70:		.long	0x472f7365
10000ac74:	46 58 2e 50	adr	x6, #379658
10000ac78:	68 79 73 69	ldpsw	x8, x30, [x11, #-0x68]
10000ac7c:		.long	0x422f7363
10000ac80:		.long	0x68636e65
10000ac84:		.long	0x6b72616d
10000ac88:		.long	0x6e492f73
10000ac8c:		.long	0x72676574
10000ac90:	61 74 69 6f	uqshl.2d	v1, v3, #0x29
10000ac94:		.long	0x72654b6e
10000ac98:		.long	0x326c656e
10000ac9c:		.long	0x78732e44
10000aca0:	3a 31 33 32	orr	w26, w9, #0x3ffe000
10000aca4:		.long	0x3a33373a
10000aca8:	20 72 75 6e	uabdl2.4s	v0, v17, v21
10000acac:		.long	0x656d6974
10000acb0:		.long	0x72726520
10000acb4:		.long	0x203a726f
10000acb8:	63 6f 6c 6c	ldnp	d3, d27, [x27, #-0x140]
10000acbc:	65 63 74 69	ldpsw	x5, x24, [x27, #-0x60]
10000acc0:		.long	0x69206e6f
10000acc4:		.long	0x7865646e
10000acc8:	20 00 00 00	udf	#0x20
10000accc:	00 00 00 00	udf	#0x0
10000acd0:	b9 00 00 00	udf	#0xb9
10000acd4:	00 00 00 00	udf	#0x0
10000acd8:		.long	0x6573552f
10000acdc:	72 73 2f 6e	uabdl2.8h	v18, v27, v15
10000ace0:		.long	0x616d6b65
10000ace4:	74 61 2f 50	adr	x20, #388142
10000ace8:		.long	0x656a6f72
10000acec:		.long	0x2f737463
10000acf0:		.long	0x656c6953
10000acf4:		.long	0x6f725078
10000acf8:		.long	0x7463656a
10000acfc:	2f 2e 73 70	adr	x15, #943559
10000ad00:	65 63 73 2f	umlsl.4s	v5, v27, v3[3]
10000ad04:		.long	0x656c6953
10000ad08:	78 2d 4f 70	adr	x24, #648623
10000ad0c:	74 69 6d 69	ldpsw	x20, x26, [x11, #-0x98]
10000ad10:	7a 61 74 69	ldpsw	x26, x24, [x11, #-0x60]
10000ad14:	6f 6e 2d 50	adr	x15, #372174
10000ad18:		.long	0x74697261
10000ad1c:		.long	0x6f432d79
10000ad20:		.long	0x656c706d
10000ad24:		.long	0x6e6f6974
10000ad28:		.long	0x726f572f
10000ad2c:		.long	0x6572746b
10000ad30:		.long	0x61502f65
10000ad34:		.long	0x67616b63
10000ad38:		.long	0x472f7365
10000ad3c:	46 58 2e 50	adr	x6, #379658
10000ad40:	68 79 73 69	ldpsw	x8, x30, [x11, #-0x68]
10000ad44:		.long	0x422f7363
10000ad48:		.long	0x68636e65
10000ad4c:		.long	0x6b72616d
10000ad50:		.long	0x6e492f73
10000ad54:		.long	0x72676574
10000ad58:	61 74 69 6f	uqshl.2d	v1, v3, #0x29
10000ad5c:		.long	0x72654b6e
10000ad60:		.long	0x326c656e
10000ad64:		.long	0x78732e44
10000ad68:	3a 31 34 34	cbz	w26, 0x10007338c
10000ad6c:		.long	0x3a36323a
10000ad70:	20 72 75 6e	uabdl2.4s	v0, v17, v21
10000ad74:		.long	0x656d6974
10000ad78:		.long	0x72726520
10000ad7c:		.long	0x203a726f
10000ad80:	63 6f 6c 6c	ldnp	d3, d27, [x27, #-0x140]
10000ad84:	65 63 74 69	ldpsw	x5, x24, [x27, #-0x60]
10000ad88:		.long	0x69206e6f
10000ad8c:		.long	0x7865646e
10000ad90:	20 00 00 00	udf	#0x20
10000ad94:	00 00 00 00	udf	#0x0
10000ad98:	20 00 00 00	udf	#0x20
10000ad9c:	00 00 00 00	udf	#0x0
10000ada0:		.long	0x4e52454b
10000ada4:		.long	0x69204c45
10000ada8:		.long	0x6765746e
10000adac:	72 61 74 69	ldpsw	x18, x24, [x11, #-0x60]
10000adb0:		.long	0x73206e6f
10000adb4:		.long	0x78656c69
10000adb8:		.long	0x6f6c7320
10000adbc:		.long	0x20387374
10000adc0:	00 00 00 00	udf	#0x0
10000adc4:	00 00 00 00	udf	#0x0
10000adc8:	b9 00 00 00	udf	#0xb9
10000adcc:	00 00 00 00	udf	#0x0
10000add0:		.long	0x6573552f
10000add4:	72 73 2f 6e	uabdl2.8h	v18, v27, v15
10000add8:		.long	0x616d6b65
10000addc:	74 61 2f 50	adr	x20, #388142
10000ade0:		.long	0x656a6f72
10000ade4:		.long	0x2f737463
10000ade8:		.long	0x656c6953
10000adec:		.long	0x6f725078
10000adf0:		.long	0x7463656a
10000adf4:	2f 2e 73 70	adr	x15, #943559
10000adf8:	65 63 73 2f	umlsl.4s	v5, v27, v3[3]
10000adfc:		.long	0x656c6953
10000ae00:	78 2d 4f 70	adr	x24, #648623
10000ae04:	74 69 6d 69	ldpsw	x20, x26, [x11, #-0x98]
10000ae08:	7a 61 74 69	ldpsw	x26, x24, [x11, #-0x60]
10000ae0c:	6f 6e 2d 50	adr	x15, #372174
10000ae10:		.long	0x74697261
10000ae14:		.long	0x6f432d79
10000ae18:		.long	0x656c706d
10000ae1c:		.long	0x6e6f6974
10000ae20:		.long	0x726f572f
10000ae24:		.long	0x6572746b
10000ae28:		.long	0x61502f65
10000ae2c:		.long	0x67616b63
10000ae30:		.long	0x472f7365
10000ae34:	46 58 2e 50	adr	x6, #379658
10000ae38:	68 79 73 69	ldpsw	x8, x30, [x11, #-0x68]
10000ae3c:		.long	0x422f7363
10000ae40:		.long	0x68636e65
10000ae44:		.long	0x6b72616d
10000ae48:		.long	0x6e492f73
10000ae4c:		.long	0x72676574
10000ae50:	61 74 69 6f	uqshl.2d	v1, v3, #0x29
10000ae54:		.long	0x72654b6e
10000ae58:		.long	0x326c656e
10000ae5c:		.long	0x78732e44
10000ae60:	3a 31 34 35	cbnz	w26, 0x100073484
10000ae64:		.long	0x3a36333a
10000ae68:	20 72 75 6e	uabdl2.4s	v0, v17, v21
10000ae6c:		.long	0x656d6974
10000ae70:		.long	0x72726520
10000ae74:		.long	0x203a726f
10000ae78:	63 6f 6c 6c	ldnp	d3, d27, [x27, #-0x140]
10000ae7c:	65 63 74 69	ldpsw	x5, x24, [x27, #-0x60]
10000ae80:		.long	0x69206e6f
10000ae84:		.long	0x7865646e
10000ae88:	20 00 00 00	udf	#0x20
10000ae8c:	00 00 00 00	udf	#0x0
10000ae90:	b9 00 00 00	udf	#0xb9
10000ae94:	00 00 00 00	udf	#0x0
10000ae98:		.long	0x6573552f
10000ae9c:	72 73 2f 6e	uabdl2.8h	v18, v27, v15
10000aea0:		.long	0x616d6b65
10000aea4:	74 61 2f 50	adr	x20, #388142
10000aea8:		.long	0x656a6f72
10000aeac:		.long	0x2f737463
10000aeb0:		.long	0x656c6953
10000aeb4:		.long	0x6f725078
10000aeb8:		.long	0x7463656a
10000aebc:	2f 2e 73 70	adr	x15, #943559
10000aec0:	65 63 73 2f	umlsl.4s	v5, v27, v3[3]
10000aec4:		.long	0x656c6953
10000aec8:	78 2d 4f 70	adr	x24, #648623
10000aecc:	74 69 6d 69	ldpsw	x20, x26, [x11, #-0x98]
10000aed0:	7a 61 74 69	ldpsw	x26, x24, [x11, #-0x60]
10000aed4:	6f 6e 2d 50	adr	x15, #372174
10000aed8:		.long	0x74697261
10000aedc:		.long	0x6f432d79
10000aee0:		.long	0x656c706d
10000aee4:		.long	0x6e6f6974
10000aee8:		.long	0x726f572f
10000aeec:		.long	0x6572746b
10000aef0:		.long	0x61502f65
10000aef4:		.long	0x67616b63
10000aef8:		.long	0x472f7365
10000aefc:	46 58 2e 50	adr	x6, #379658
10000af00:	68 79 73 69	ldpsw	x8, x30, [x11, #-0x68]
10000af04:		.long	0x422f7363
10000af08:		.long	0x68636e65
10000af0c:		.long	0x6b72616d
10000af10:		.long	0x6e492f73
10000af14:		.long	0x72676574
10000af18:	61 74 69 6f	uqshl.2d	v1, v3, #0x29
10000af1c:		.long	0x72654b6e
10000af20:		.long	0x326c656e
10000af24:		.long	0x78732e44
10000af28:	3a 31 34 35	cbnz	w26, 0x10007354c
10000af2c:		.long	0x3a34353a
10000af30:	20 72 75 6e	uabdl2.4s	v0, v17, v21
10000af34:		.long	0x656d6974
10000af38:		.long	0x72726520
10000af3c:		.long	0x203a726f
10000af40:	63 6f 6c 6c	ldnp	d3, d27, [x27, #-0x140]
10000af44:	65 63 74 69	ldpsw	x5, x24, [x27, #-0x60]
10000af48:		.long	0x69206e6f
10000af4c:		.long	0x7865646e
10000af50:	20 00 00 00	udf	#0x20
10000af54:	00 00 00 00	udf	#0x0
10000af58:	b9 00 00 00	udf	#0xb9
10000af5c:	00 00 00 00	udf	#0x0
10000af60:		.long	0x6573552f
10000af64:	72 73 2f 6e	uabdl2.8h	v18, v27, v15
10000af68:		.long	0x616d6b65
10000af6c:	74 61 2f 50	adr	x20, #388142
10000af70:		.long	0x656a6f72
10000af74:		.long	0x2f737463
10000af78:		.long	0x656c6953
10000af7c:		.long	0x6f725078
10000af80:		.long	0x7463656a
10000af84:	2f 2e 73 70	adr	x15, #943559
10000af88:	65 63 73 2f	umlsl.4s	v5, v27, v3[3]
10000af8c:		.long	0x656c6953
10000af90:	78 2d 4f 70	adr	x24, #648623
10000af94:	74 69 6d 69	ldpsw	x20, x26, [x11, #-0x98]
10000af98:	7a 61 74 69	ldpsw	x26, x24, [x11, #-0x60]
10000af9c:	6f 6e 2d 50	adr	x15, #372174
10000afa0:		.long	0x74697261
10000afa4:		.long	0x6f432d79
10000afa8:		.long	0x656c706d
10000afac:		.long	0x6e6f6974
10000afb0:		.long	0x726f572f
10000afb4:		.long	0x6572746b
10000afb8:		.long	0x61502f65
10000afbc:		.long	0x67616b63
10000afc0:		.long	0x472f7365
10000afc4:	46 58 2e 50	adr	x6, #379658
10000afc8:	68 79 73 69	ldpsw	x8, x30, [x11, #-0x68]
10000afcc:		.long	0x422f7363
10000afd0:		.long	0x68636e65
10000afd4:		.long	0x6b72616d
10000afd8:		.long	0x6e492f73
10000afdc:		.long	0x72676574
10000afe0:	61 74 69 6f	uqshl.2d	v1, v3, #0x29
10000afe4:		.long	0x72654b6e
10000afe8:		.long	0x326c656e
10000afec:		.long	0x78732e44
10000aff0:	3a 31 34 35	cbnz	w26, 0x100073614
10000aff4:		.long	0x3a38373a
10000aff8:	20 72 75 6e	uabdl2.4s	v0, v17, v21
10000affc:		.long	0x656d6974
10000b000:		.long	0x72726520
10000b004:		.long	0x203a726f
10000b008:	63 6f 6c 6c	ldnp	d3, d27, [x27, #-0x140]
10000b00c:	65 63 74 69	ldpsw	x5, x24, [x27, #-0x60]
10000b010:		.long	0x69206e6f
10000b014:		.long	0x7865646e
10000b018:	20 00 00 00	udf	#0x20
10000b01c:	00 00 00 00	udf	#0x0
10000b020:	b9 00 00 00	udf	#0xb9
10000b024:	00 00 00 00	udf	#0x0
10000b028:		.long	0x6573552f
10000b02c:	72 73 2f 6e	uabdl2.8h	v18, v27, v15
10000b030:		.long	0x616d6b65
10000b034:	74 61 2f 50	adr	x20, #388142
10000b038:		.long	0x656a6f72
10000b03c:		.long	0x2f737463
10000b040:		.long	0x656c6953
10000b044:		.long	0x6f725078
10000b048:		.long	0x7463656a
10000b04c:	2f 2e 73 70	adr	x15, #943559
10000b050:	65 63 73 2f	umlsl.4s	v5, v27, v3[3]
10000b054:		.long	0x656c6953
10000b058:	78 2d 4f 70	adr	x24, #648623
10000b05c:	74 69 6d 69	ldpsw	x20, x26, [x11, #-0x98]
10000b060:	7a 61 74 69	ldpsw	x26, x24, [x11, #-0x60]
10000b064:	6f 6e 2d 50	adr	x15, #372174
10000b068:		.long	0x74697261
10000b06c:		.long	0x6f432d79
10000b070:		.long	0x656c706d
10000b074:		.long	0x6e6f6974
10000b078:		.long	0x726f572f
10000b07c:		.long	0x6572746b
10000b080:		.long	0x61502f65
10000b084:		.long	0x67616b63
10000b088:		.long	0x472f7365
10000b08c:	46 58 2e 50	adr	x6, #379658
10000b090:	68 79 73 69	ldpsw	x8, x30, [x11, #-0x68]
10000b094:		.long	0x422f7363
10000b098:		.long	0x68636e65
10000b09c:		.long	0x6b72616d
10000b0a0:		.long	0x6e492f73
10000b0a4:		.long	0x72676574
10000b0a8:	61 74 69 6f	uqshl.2d	v1, v3, #0x29
10000b0ac:		.long	0x72654b6e
10000b0b0:		.long	0x326c656e
10000b0b4:		.long	0x78732e44
10000b0b8:	3a 31 34 36	tbz	w26, #0x6, 0x1000036dc
10000b0bc:		.long	0x3a36323a
10000b0c0:	20 72 75 6e	uabdl2.4s	v0, v17, v21
10000b0c4:		.long	0x656d6974
10000b0c8:		.long	0x72726520
10000b0cc:		.long	0x203a726f
10000b0d0:	63 6f 6c 6c	ldnp	d3, d27, [x27, #-0x140]
10000b0d4:	65 63 74 69	ldpsw	x5, x24, [x27, #-0x60]
10000b0d8:		.long	0x69206e6f
10000b0dc:		.long	0x7865646e
10000b0e0:	20 00 00 00	udf	#0x20
10000b0e4:	00 00 00 00	udf	#0x0
10000b0e8:	b9 00 00 00	udf	#0xb9
10000b0ec:	00 00 00 00	udf	#0x0
10000b0f0:		.long	0x6573552f
10000b0f4:	72 73 2f 6e	uabdl2.8h	v18, v27, v15
10000b0f8:		.long	0x616d6b65
10000b0fc:	74 61 2f 50	adr	x20, #388142
10000b100:		.long	0x656a6f72
10000b104:		.long	0x2f737463
10000b108:		.long	0x656c6953
10000b10c:		.long	0x6f725078
10000b110:		.long	0x7463656a
10000b114:	2f 2e 73 70	adr	x15, #943559
10000b118:	65 63 73 2f	umlsl.4s	v5, v27, v3[3]
10000b11c:		.long	0x656c6953
10000b120:	78 2d 4f 70	adr	x24, #648623
10000b124:	74 69 6d 69	ldpsw	x20, x26, [x11, #-0x98]
10000b128:	7a 61 74 69	ldpsw	x26, x24, [x11, #-0x60]
10000b12c:	6f 6e 2d 50	adr	x15, #372174
10000b130:		.long	0x74697261
10000b134:		.long	0x6f432d79
10000b138:		.long	0x656c706d
10000b13c:		.long	0x6e6f6974
10000b140:		.long	0x726f572f
10000b144:		.long	0x6572746b
10000b148:		.long	0x61502f65
10000b14c:		.long	0x67616b63
10000b150:		.long	0x472f7365
10000b154:	46 58 2e 50	adr	x6, #379658
10000b158:	68 79 73 69	ldpsw	x8, x30, [x11, #-0x68]
10000b15c:		.long	0x422f7363
10000b160:		.long	0x68636e65
10000b164:		.long	0x6b72616d
10000b168:		.long	0x6e492f73
10000b16c:		.long	0x72676574
10000b170:	61 74 69 6f	uqshl.2d	v1, v3, #0x29
10000b174:		.long	0x72654b6e
10000b178:		.long	0x326c656e
10000b17c:		.long	0x78732e44
10000b180:	3a 31 34 36	tbz	w26, #0x6, 0x1000037a4
10000b184:		.long	0x3a30353a
10000b188:	20 72 75 6e	uabdl2.4s	v0, v17, v21
10000b18c:		.long	0x656d6974
10000b190:		.long	0x72726520
10000b194:		.long	0x203a726f
10000b198:	63 6f 6c 6c	ldnp	d3, d27, [x27, #-0x140]
10000b19c:	65 63 74 69	ldpsw	x5, x24, [x27, #-0x60]
10000b1a0:		.long	0x69206e6f
10000b1a4:		.long	0x7865646e
10000b1a8:	20 00 00 00	udf	#0x20
10000b1ac:	00 00 00 00	udf	#0x0
10000b1b0:	b9 00 00 00	udf	#0xb9
10000b1b4:	00 00 00 00	udf	#0x0
10000b1b8:		.long	0x6573552f
10000b1bc:	72 73 2f 6e	uabdl2.8h	v18, v27, v15
10000b1c0:		.long	0x616d6b65
10000b1c4:	74 61 2f 50	adr	x20, #388142
10000b1c8:		.long	0x656a6f72
10000b1cc:		.long	0x2f737463
10000b1d0:		.long	0x656c6953
10000b1d4:		.long	0x6f725078
10000b1d8:		.long	0x7463656a
10000b1dc:	2f 2e 73 70	adr	x15, #943559
10000b1e0:	65 63 73 2f	umlsl.4s	v5, v27, v3[3]
10000b1e4:		.long	0x656c6953
10000b1e8:	78 2d 4f 70	adr	x24, #648623
10000b1ec:	74 69 6d 69	ldpsw	x20, x26, [x11, #-0x98]
10000b1f0:	7a 61 74 69	ldpsw	x26, x24, [x11, #-0x60]
10000b1f4:	6f 6e 2d 50	adr	x15, #372174
10000b1f8:		.long	0x74697261
10000b1fc:		.long	0x6f432d79
10000b200:		.long	0x656c706d
10000b204:		.long	0x6e6f6974
10000b208:		.long	0x726f572f
10000b20c:		.long	0x6572746b
10000b210:		.long	0x61502f65
10000b214:		.long	0x67616b63
10000b218:		.long	0x472f7365
10000b21c:	46 58 2e 50	adr	x6, #379658
10000b220:	68 79 73 69	ldpsw	x8, x30, [x11, #-0x68]
10000b224:		.long	0x422f7363
10000b228:		.long	0x68636e65
10000b22c:		.long	0x6b72616d
10000b230:		.long	0x6e492f73
10000b234:		.long	0x72676574
10000b238:	61 74 69 6f	uqshl.2d	v1, v3, #0x29
10000b23c:		.long	0x72654b6e
10000b240:		.long	0x326c656e
10000b244:		.long	0x78732e44
10000b248:	3a 31 34 36	tbz	w26, #0x6, 0x10000386c
10000b24c:		.long	0x3a34373a
10000b250:	20 72 75 6e	uabdl2.4s	v0, v17, v21
10000b254:		.long	0x656d6974
10000b258:		.long	0x72726520
10000b25c:		.long	0x203a726f
10000b260:	63 6f 6c 6c	ldnp	d3, d27, [x27, #-0x140]
10000b264:	65 63 74 69	ldpsw	x5, x24, [x27, #-0x60]
10000b268:		.long	0x69206e6f
10000b26c:		.long	0x7865646e
10000b270:	20 00 00 00	udf	#0x20
10000b274:	00 00 00 00	udf	#0x0
10000b278:	b9 00 00 00	udf	#0xb9
10000b27c:	00 00 00 00	udf	#0x0
10000b280:		.long	0x6573552f
10000b284:	72 73 2f 6e	uabdl2.8h	v18, v27, v15
10000b288:		.long	0x616d6b65
10000b28c:	74 61 2f 50	adr	x20, #388142
10000b290:		.long	0x656a6f72
10000b294:		.long	0x2f737463
10000b298:		.long	0x656c6953
10000b29c:		.long	0x6f725078
10000b2a0:		.long	0x7463656a
10000b2a4:	2f 2e 73 70	adr	x15, #943559
10000b2a8:	65 63 73 2f	umlsl.4s	v5, v27, v3[3]
10000b2ac:		.long	0x656c6953
10000b2b0:	78 2d 4f 70	adr	x24, #648623
10000b2b4:	74 69 6d 69	ldpsw	x20, x26, [x11, #-0x98]
10000b2b8:	7a 61 74 69	ldpsw	x26, x24, [x11, #-0x60]
10000b2bc:	6f 6e 2d 50	adr	x15, #372174
10000b2c0:		.long	0x74697261
10000b2c4:		.long	0x6f432d79
10000b2c8:		.long	0x656c706d
10000b2cc:		.long	0x6e6f6974
10000b2d0:		.long	0x726f572f
10000b2d4:		.long	0x6572746b
10000b2d8:		.long	0x61502f65
10000b2dc:		.long	0x67616b63
10000b2e0:		.long	0x472f7365
10000b2e4:	46 58 2e 50	adr	x6, #379658
10000b2e8:	68 79 73 69	ldpsw	x8, x30, [x11, #-0x68]
10000b2ec:		.long	0x422f7363
10000b2f0:		.long	0x68636e65
10000b2f4:		.long	0x6b72616d
10000b2f8:		.long	0x6e492f73
10000b2fc:		.long	0x72676574
10000b300:	61 74 69 6f	uqshl.2d	v1, v3, #0x29
10000b304:		.long	0x72654b6e
10000b308:		.long	0x326c656e
10000b30c:		.long	0x78732e44
10000b310:	3a 31 34 37	tbnz	w26, #0x6, 0x100003934
10000b314:		.long	0x3a36323a
10000b318:	20 72 75 6e	uabdl2.4s	v0, v17, v21
10000b31c:		.long	0x656d6974
10000b320:		.long	0x72726520
10000b324:		.long	0x203a726f
10000b328:	63 6f 6c 6c	ldnp	d3, d27, [x27, #-0x140]
10000b32c:	65 63 74 69	ldpsw	x5, x24, [x27, #-0x60]
10000b330:		.long	0x69206e6f
10000b334:		.long	0x7865646e
10000b338:	20 00 00 00	udf	#0x20
10000b33c:	00 00 00 00	udf	#0x0
10000b340:	c3 00 00 00	udf	#0xc3
10000b344:	00 00 00 00	udf	#0x0
10000b348:		.long	0x6573552f
10000b34c:	72 73 2f 6e	uabdl2.8h	v18, v27, v15
10000b350:		.long	0x616d6b65
10000b354:	74 61 2f 50	adr	x20, #388142
10000b358:		.long	0x656a6f72
10000b35c:		.long	0x2f737463
10000b360:		.long	0x656c6953
10000b364:		.long	0x6f725078
10000b368:		.long	0x7463656a
10000b36c:	2f 2e 73 70	adr	x15, #943559
10000b370:	65 63 73 2f	umlsl.4s	v5, v27, v3[3]
10000b374:		.long	0x656c6953
10000b378:	78 2d 4f 70	adr	x24, #648623
10000b37c:	74 69 6d 69	ldpsw	x20, x26, [x11, #-0x98]
10000b380:	7a 61 74 69	ldpsw	x26, x24, [x11, #-0x60]
10000b384:	6f 6e 2d 50	adr	x15, #372174
10000b388:		.long	0x74697261
10000b38c:		.long	0x6f432d79
10000b390:		.long	0x656c706d
10000b394:		.long	0x6e6f6974
10000b398:		.long	0x726f572f
10000b39c:		.long	0x6572746b
10000b3a0:		.long	0x61502f65
10000b3a4:		.long	0x67616b63
10000b3a8:		.long	0x472f7365
10000b3ac:	46 58 2e 50	adr	x6, #379658
10000b3b0:	68 79 73 69	ldpsw	x8, x30, [x11, #-0x68]
10000b3b4:		.long	0x422f7363
10000b3b8:		.long	0x68636e65
10000b3bc:		.long	0x6b72616d
10000b3c0:		.long	0x6e492f73
10000b3c4:		.long	0x72676574
10000b3c8:	61 74 69 6f	uqshl.2d	v1, v3, #0x29
10000b3cc:		.long	0x72654b6e
10000b3d0:		.long	0x326c656e
10000b3d4:		.long	0x78732e44
10000b3d8:	3a 31 34 37	tbnz	w26, #0x6, 0x1000039fc
10000b3dc:		.long	0x3a36353a
10000b3e0:	20 72 75 6e	uabdl2.4s	v0, v17, v21
10000b3e4:		.long	0x656d6974
10000b3e8:		.long	0x72726520
10000b3ec:		.long	0x203a726f
10000b3f0:		.long	0x61766e69
10000b3f4:		.long	0x2064696c
10000b3f8:		.long	0x656d756e
10000b3fc:		.long	0x20636972
10000b400:		.long	0x766e6f63
10000b404:	65 72 73 69	ldpsw	x5, x28, [x19, #-0x68]
10000b408:		.long	0x000a6e6f
10000b40c:	00 00 00 00	udf	#0x0
10000b410:	11 00 00 00	udf	#0x11
10000b414:	00 00 00 00	udf	#0x0
10000b418:		.long	0x636f7270
10000b41c:	65 73 73 2e	uabdl.4s	v5, v27, v19
10000b420:		.long	0x75677261
10000b424:		.long	0x746e656d
10000b428:	73 00 00 00	udf	#0x73
10000b42c:	00 00 00 00	udf	#0x0
10000b430:	1c 00 00 00	udf	#0x1c
10000b434:	00 00 00 00	udf	#0x0
10000b438:		.long	0x74737973
10000b43c:		.long	0x61206d65
10000b440:	72 67 75 6d	ldp	d18, d25, [x27, #-0xb0]
10000b444:		.long	0x20746e65
10000b448:		.long	0x72657571
10000b44c:		.long	0x61662079
10000b450:		.long	0x64656c69
10000b454:	00 00 00 00	udf	#0x0
10000b458:	b9 00 00 00	udf	#0xb9
10000b45c:	00 00 00 00	udf	#0x0
10000b460:		.long	0x6573552f
10000b464:	72 73 2f 6e	uabdl2.8h	v18, v27, v15
10000b468:		.long	0x616d6b65
10000b46c:	74 61 2f 50	adr	x20, #388142
10000b470:		.long	0x656a6f72
10000b474:		.long	0x2f737463
10000b478:		.long	0x656c6953
10000b47c:		.long	0x6f725078
10000b480:		.long	0x7463656a
10000b484:	2f 2e 73 70	adr	x15, #943559
10000b488:	65 63 73 2f	umlsl.4s	v5, v27, v3[3]
10000b48c:		.long	0x656c6953
10000b490:	78 2d 4f 70	adr	x24, #648623
10000b494:	74 69 6d 69	ldpsw	x20, x26, [x11, #-0x98]
10000b498:	7a 61 74 69	ldpsw	x26, x24, [x11, #-0x60]
10000b49c:	6f 6e 2d 50	adr	x15, #372174
10000b4a0:		.long	0x74697261
10000b4a4:		.long	0x6f432d79
10000b4a8:		.long	0x656c706d
10000b4ac:		.long	0x6e6f6974
10000b4b0:		.long	0x726f572f
10000b4b4:		.long	0x6572746b
10000b4b8:		.long	0x61502f65
10000b4bc:		.long	0x67616b63
10000b4c0:		.long	0x532f7365
10000b4c4:	54 44 2f 50	adr	x20, #387210
10000b4c8:		.long	0x6674616c
10000b4cc:		.long	0x2f6d726f
10000b4d0:	4d 61 63 4f	smlsl2.4s	v13, v10, v3[2]
10000b4d4:		.long	0x6f4d2f53
10000b4d8:		.long	0x656c7564
10000b4dc:		.long	0x6f72502f
10000b4e0:		.long	0x73736563
10000b4e4:		.long	0x3a78732e
10000b4e8:	32 30 3a 31	adds	w18, w1, #0xe8c
10000b4ec:	39 3a 20 72	ands	w25, w17, #0x7fff
10000b4f0:	75 6e 74 69	ldpsw	x21, x27, [x19, #-0x60]
10000b4f4:		.long	0x6520656d
10000b4f8:		.long	0x726f7272
10000b4fc:	3a 20 69 6e	usubl2.4s	v26, v1, v9
10000b500:	76 61 6c 69	ldpsw	x22, x24, [x11, #-0xa0]
10000b504:		.long	0x756e2064
10000b508:	6d 65 72 69	ldpsw	x13, x25, [x11, #-0x70]
10000b50c:	63 20 63 6f	umlal2.4s	v3, v3, v3[2]
10000b510:		.long	0x7265766e
10000b514:		.long	0x6e6f6973
10000b518:	0a 00 00 00	udf	#0xa
10000b51c:	00 00 00 00	udf	#0x0
10000b520:	b9 00 00 00	udf	#0xb9
10000b524:	00 00 00 00	udf	#0x0
10000b528:		.long	0x6573552f
10000b52c:	72 73 2f 6e	uabdl2.8h	v18, v27, v15
10000b530:		.long	0x616d6b65
10000b534:	74 61 2f 50	adr	x20, #388142
10000b538:		.long	0x656a6f72
10000b53c:		.long	0x2f737463
10000b540:		.long	0x656c6953
10000b544:		.long	0x6f725078
10000b548:		.long	0x7463656a
10000b54c:	2f 2e 73 70	adr	x15, #943559
10000b550:	65 63 73 2f	umlsl.4s	v5, v27, v3[3]
10000b554:		.long	0x656c6953
10000b558:	78 2d 4f 70	adr	x24, #648623
10000b55c:	74 69 6d 69	ldpsw	x20, x26, [x11, #-0x98]
10000b560:	7a 61 74 69	ldpsw	x26, x24, [x11, #-0x60]
10000b564:	6f 6e 2d 50	adr	x15, #372174
10000b568:		.long	0x74697261
10000b56c:		.long	0x6f432d79
10000b570:		.long	0x656c706d
10000b574:		.long	0x6e6f6974
10000b578:		.long	0x726f572f
10000b57c:		.long	0x6572746b
10000b580:		.long	0x61502f65
10000b584:		.long	0x67616b63
10000b588:		.long	0x532f7365
10000b58c:	54 44 2f 50	adr	x20, #387210
10000b590:		.long	0x6674616c
10000b594:		.long	0x2f6d726f
10000b598:	4d 61 63 4f	smlsl2.4s	v13, v10, v3[2]
10000b59c:		.long	0x6f4d2f53
10000b5a0:		.long	0x656c7564
10000b5a4:		.long	0x6f72502f
10000b5a8:		.long	0x73736563
10000b5ac:		.long	0x3a78732e
10000b5b0:	32 31 3a 35	cbnz	w18, 0x10007fbd4
10000b5b4:	35 3a 20 72	ands	w21, w17, #0x7fff
10000b5b8:	75 6e 74 69	ldpsw	x21, x27, [x19, #-0x60]
10000b5bc:		.long	0x6520656d
10000b5c0:		.long	0x726f7272
10000b5c4:	3a 20 69 6e	usubl2.4s	v26, v1, v9
10000b5c8:	76 61 6c 69	ldpsw	x22, x24, [x11, #-0xa0]
10000b5cc:		.long	0x756e2064
10000b5d0:	6d 65 72 69	ldpsw	x13, x25, [x11, #-0x70]
10000b5d4:	63 20 63 6f	umlal2.4s	v3, v3, v3[2]
10000b5d8:		.long	0x7265766e
10000b5dc:		.long	0x6e6f6973
10000b5e0:	0a 00 00 00	udf	#0xa
10000b5e4:	00 00 00 00	udf	#0x0
10000b5e8:	af 00 00 00	udf	#0xaf
10000b5ec:	00 00 00 00	udf	#0x0
10000b5f0:		.long	0x6573552f
10000b5f4:	72 73 2f 6e	uabdl2.8h	v18, v27, v15
10000b5f8:		.long	0x616d6b65
10000b5fc:	74 61 2f 50	adr	x20, #388142
10000b600:		.long	0x656a6f72
10000b604:		.long	0x2f737463
10000b608:		.long	0x656c6953
10000b60c:		.long	0x6f725078
10000b610:		.long	0x7463656a
10000b614:	2f 2e 73 70	adr	x15, #943559
10000b618:	65 63 73 2f	umlsl.4s	v5, v27, v3[3]
10000b61c:		.long	0x656c6953
10000b620:	78 2d 4f 70	adr	x24, #648623
10000b624:	74 69 6d 69	ldpsw	x20, x26, [x11, #-0x98]
10000b628:	7a 61 74 69	ldpsw	x26, x24, [x11, #-0x60]
10000b62c:	6f 6e 2d 50	adr	x15, #372174
10000b630:		.long	0x74697261
10000b634:		.long	0x6f432d79
10000b638:		.long	0x656c706d
10000b63c:		.long	0x6e6f6974
10000b640:		.long	0x726f572f
10000b644:		.long	0x6572746b
10000b648:		.long	0x61502f65
10000b64c:		.long	0x67616b63
10000b650:		.long	0x532f7365
10000b654:	54 44 2f 50	adr	x20, #387210
10000b658:		.long	0x6674616c
10000b65c:		.long	0x2f6d726f
10000b660:	4d 61 63 4f	smlsl2.4s	v13, v10, v3[2]
10000b664:		.long	0x6f4d2f53
10000b668:		.long	0x656c7564
10000b66c:		.long	0x6f72502f
10000b670:		.long	0x73736563
10000b674:		.long	0x3a78732e
10000b678:	32 33 3a 31	adds	w18, w25, #0xe8c
10000b67c:	36 3a 20 72	ands	w22, w17, #0x7fff
10000b680:	75 6e 74 69	ldpsw	x21, x27, [x19, #-0x60]
10000b684:		.long	0x6520656d
10000b688:		.long	0x726f7272
10000b68c:	3a 20 63 6f	umlal2.4s	v26, v1, v3[2]
10000b690:		.long	0x63656c6c
10000b694:		.long	0x6e6f6974
10000b698:		.long	0x646e6920
10000b69c:		.long	0x00207865
10000b6a0:	26 00 00 00	udf	#0x26
10000b6a4:	00 00 00 00	udf	#0x0
10000b6a8:		.long	0x74737973
10000b6ac:	65 6d 20 70	adr	x5, #265647
10000b6b0:		.long	0x65636f72
10000b6b4:		.long	0x74207373
10000b6b8:		.long	0x20747865
10000b6bc:		.long	0x65637865
10000b6c0:		.long	0x20736465
10000b6c4:	34 30 39 36	tbz	w20, #0x7, 0x10000dcc8
10000b6c8:		.long	0x74796220
10000b6cc:	65 73 00 00	udf	#0x7365
10000b6d0:	9d 00 00 00	udf	#0x9d
10000b6d4:	00 00 00 00	udf	#0x0
10000b6d8:		.long	0x6573552f
10000b6dc:	72 73 2f 6e	uabdl2.8h	v18, v27, v15
10000b6e0:		.long	0x616d6b65
10000b6e4:	74 61 2f 50	adr	x20, #388142
10000b6e8:		.long	0x656a6f72
10000b6ec:		.long	0x2f737463
10000b6f0:		.long	0x656c6953
10000b6f4:		.long	0x6f725078
10000b6f8:		.long	0x7463656a
10000b6fc:	2f 2e 73 70	adr	x15, #943559
10000b700:	65 63 73 2f	umlsl.4s	v5, v27, v3[3]
10000b704:		.long	0x656c6953
10000b708:	78 2d 4f 70	adr	x24, #648623
10000b70c:	74 69 6d 69	ldpsw	x20, x26, [x11, #-0x98]
10000b710:	7a 61 74 69	ldpsw	x26, x24, [x11, #-0x60]
10000b714:	6f 6e 2d 50	adr	x15, #372174
10000b718:		.long	0x74697261
10000b71c:		.long	0x6f432d79
10000b720:		.long	0x656c706d
10000b724:		.long	0x6e6f6974
10000b728:		.long	0x726f572f
10000b72c:		.long	0x6572746b
10000b730:		.long	0x61502f65
10000b734:		.long	0x67616b63
10000b738:		.long	0x532f7365
10000b73c:	54 44 2f 50	adr	x20, #387210
10000b740:		.long	0x6674616c
10000b744:		.long	0x2f6d726f
10000b748:	4d 61 63 4f	smlsl2.4s	v13, v10, v3[2]
10000b74c:		.long	0x6f4d2f53
10000b750:		.long	0x656c7564
10000b754:		.long	0x6f72502f
10000b758:		.long	0x73736563
10000b75c:		.long	0x3a78732e
10000b760:	36 32 3a 35	cbnz	w22, 0x10007fda4
10000b764:		.long	0x7572203a
10000b768:	6e 74 69 6d	ldp	d14, d29, [x3, #-0x170]
10000b76c:		.long	0x72652065
10000b770:		.long	0x3a726f72
10000b774:	20 00 00 00	udf	#0x20
10000b778:	2a 00 00 00	udf	#0x2a
10000b77c:	00 00 00 00	udf	#0x0
10000b780:		.long	0x74737973
10000b784:	65 6d 20 70	adr	x5, #265647
10000b788:		.long	0x65636f72
10000b78c:		.long	0x74207373
10000b790:		.long	0x20747865
10000b794:		.long	0x746e6f63
10000b798:		.long	0x736e6961
10000b79c:		.long	0x766e6920
10000b7a0:		.long	0x64696c61
10000b7a4:		.long	0x46545520
10000b7a8:	2d 38 00 00	udf	#0x382d
10000b7ac:	00 00 00 00	udf	#0x0
10000b7b0:	9e 00 00 00	udf	#0x9e
10000b7b4:	00 00 00 00	udf	#0x0
10000b7b8:		.long	0x6573552f
10000b7bc:	72 73 2f 6e	uabdl2.8h	v18, v27, v15
10000b7c0:		.long	0x616d6b65
10000b7c4:	74 61 2f 50	adr	x20, #388142
10000b7c8:		.long	0x656a6f72
10000b7cc:		.long	0x2f737463
10000b7d0:		.long	0x656c6953
10000b7d4:		.long	0x6f725078
10000b7d8:		.long	0x7463656a
10000b7dc:	2f 2e 73 70	adr	x15, #943559
10000b7e0:	65 63 73 2f	umlsl.4s	v5, v27, v3[3]
10000b7e4:		.long	0x656c6953
10000b7e8:	78 2d 4f 70	adr	x24, #648623
10000b7ec:	74 69 6d 69	ldpsw	x20, x26, [x11, #-0x98]
10000b7f0:	7a 61 74 69	ldpsw	x26, x24, [x11, #-0x60]
10000b7f4:	6f 6e 2d 50	adr	x15, #372174
10000b7f8:		.long	0x74697261
10000b7fc:		.long	0x6f432d79
10000b800:		.long	0x656c706d
10000b804:		.long	0x6e6f6974
10000b808:		.long	0x726f572f
10000b80c:		.long	0x6572746b
10000b810:		.long	0x61502f65
10000b814:		.long	0x67616b63
10000b818:		.long	0x532f7365
10000b81c:	54 44 2f 50	adr	x20, #387210
10000b820:		.long	0x6674616c
10000b824:		.long	0x2f6d726f
10000b828:	4d 61 63 4f	smlsl2.4s	v13, v10, v3[2]
10000b82c:		.long	0x6f4d2f53
10000b830:		.long	0x656c7564
10000b834:		.long	0x6f72502f
10000b838:		.long	0x73736563
10000b83c:		.long	0x3a78732e
10000b840:		.long	0x333a3635
10000b844:	37 3a 20 72	ands	w23, w17, #0x7fff
10000b848:	75 6e 74 69	ldpsw	x21, x27, [x19, #-0x60]
10000b84c:		.long	0x6520656d
10000b850:		.long	0x726f7272
10000b854:	3a 20 00 00	udf	#0x203a
10000b858:	af 00 00 00	udf	#0xaf
10000b85c:	00 00 00 00	udf	#0x0
10000b860:		.long	0x6573552f
10000b864:	72 73 2f 6e	uabdl2.8h	v18, v27, v15
10000b868:		.long	0x616d6b65
10000b86c:	74 61 2f 50	adr	x20, #388142
10000b870:		.long	0x656a6f72
10000b874:		.long	0x2f737463
10000b878:		.long	0x656c6953
10000b87c:		.long	0x6f725078
10000b880:		.long	0x7463656a
10000b884:	2f 2e 73 70	adr	x15, #943559
10000b888:	65 63 73 2f	umlsl.4s	v5, v27, v3[3]
10000b88c:		.long	0x656c6953
10000b890:	78 2d 4f 70	adr	x24, #648623
10000b894:	74 69 6d 69	ldpsw	x20, x26, [x11, #-0x98]
10000b898:	7a 61 74 69	ldpsw	x26, x24, [x11, #-0x60]
10000b89c:	6f 6e 2d 50	adr	x15, #372174
10000b8a0:		.long	0x74697261
10000b8a4:		.long	0x6f432d79
10000b8a8:		.long	0x656c706d
10000b8ac:		.long	0x6e6f6974
10000b8b0:		.long	0x726f572f
10000b8b4:		.long	0x6572746b
10000b8b8:		.long	0x61502f65
10000b8bc:		.long	0x67616b63
10000b8c0:		.long	0x532f7365
10000b8c4:	54 44 2f 50	adr	x20, #387210
10000b8c8:		.long	0x6674616c
10000b8cc:		.long	0x2f6d726f
10000b8d0:	4d 61 63 4f	smlsl2.4s	v13, v10, v3[2]
10000b8d4:		.long	0x6f4d2f53
10000b8d8:		.long	0x656c7564
10000b8dc:		.long	0x6f72502f
10000b8e0:		.long	0x73736563
10000b8e4:		.long	0x3a78732e
10000b8e8:	35 39 3a 31	adds	w21, w9, #0xe8e
10000b8ec:	35 3a 20 72	ands	w21, w17, #0x7fff
10000b8f0:	75 6e 74 69	ldpsw	x21, x27, [x19, #-0x60]
10000b8f4:		.long	0x6520656d
10000b8f8:		.long	0x726f7272
10000b8fc:	3a 20 63 6f	umlal2.4s	v26, v1, v3[2]
10000b900:		.long	0x63656c6c
10000b904:		.long	0x6e6f6974
10000b908:		.long	0x646e6920
10000b90c:		.long	0x00207865
10000b910:	a2 00 00 00	udf	#0xa2
10000b914:	00 00 00 00	udf	#0x0
10000b918:		.long	0x6573552f
10000b91c:	72 73 2f 6e	uabdl2.8h	v18, v27, v15
10000b920:		.long	0x616d6b65
10000b924:	74 61 2f 50	adr	x20, #388142
10000b928:		.long	0x656a6f72
10000b92c:		.long	0x2f737463
10000b930:		.long	0x656c6953
10000b934:		.long	0x6f725078
10000b938:		.long	0x7463656a
10000b93c:	2f 2e 73 70	adr	x15, #943559
10000b940:	65 63 73 2f	umlsl.4s	v5, v27, v3[3]
10000b944:		.long	0x656c6953
10000b948:	78 2d 4f 70	adr	x24, #648623
10000b94c:	74 69 6d 69	ldpsw	x20, x26, [x11, #-0x98]
10000b950:	7a 61 74 69	ldpsw	x26, x24, [x11, #-0x60]
10000b954:	6f 6e 2d 50	adr	x15, #372174
10000b958:		.long	0x74697261
10000b95c:		.long	0x6f432d79
10000b960:		.long	0x656c706d
10000b964:		.long	0x6e6f6974
10000b968:		.long	0x726f572f
10000b96c:		.long	0x6572746b
10000b970:		.long	0x61502f65
10000b974:		.long	0x67616b63
10000b978:		.long	0x532f7365
10000b97c:		.long	0x4d2f4454
10000b980:	6f 64 75 6c	ldnp	d15, d25, [x3, #-0xb0]
10000b984:		.long	0x65542f65
10000b988:		.long	0x552f7478
10000b98c:	54 46 38 2e	ushl.8b	v20, v18, v24
10000b990:	73 78 3a 34	cbz	w19, 0x10008089c
10000b994:		.long	0x33333a33
10000b998:		.long	0x7572203a
10000b99c:	6e 74 69 6d	ldp	d14, d29, [x3, #-0x170]
10000b9a0:		.long	0x72652065
10000b9a4:		.long	0x3a726f72
10000b9a8:	20 63 6f 6c	ldnp	d0, d24, [x25, #-0x110]
10000b9ac:		.long	0x7463656c
10000b9b0:		.long	0x206e6f69
10000b9b4:		.long	0x65646e69
10000b9b8:	78 20 00 00	udf	#0x2078
10000b9bc:	00 00 00 00	udf	#0x0
10000b9c0:	a2 00 00 00	udf	#0xa2
10000b9c4:	00 00 00 00	udf	#0x0
10000b9c8:		.long	0x6573552f
10000b9cc:	72 73 2f 6e	uabdl2.8h	v18, v27, v15
10000b9d0:		.long	0x616d6b65
10000b9d4:	74 61 2f 50	adr	x20, #388142
10000b9d8:		.long	0x656a6f72
10000b9dc:		.long	0x2f737463
10000b9e0:		.long	0x656c6953
10000b9e4:		.long	0x6f725078
10000b9e8:		.long	0x7463656a
10000b9ec:	2f 2e 73 70	adr	x15, #943559
10000b9f0:	65 63 73 2f	umlsl.4s	v5, v27, v3[3]
10000b9f4:		.long	0x656c6953
10000b9f8:	78 2d 4f 70	adr	x24, #648623
10000b9fc:	74 69 6d 69	ldpsw	x20, x26, [x11, #-0x98]
10000ba00:	7a 61 74 69	ldpsw	x26, x24, [x11, #-0x60]
10000ba04:	6f 6e 2d 50	adr	x15, #372174
10000ba08:		.long	0x74697261
10000ba0c:		.long	0x6f432d79
10000ba10:		.long	0x656c706d
10000ba14:		.long	0x6e6f6974
10000ba18:		.long	0x726f572f
10000ba1c:		.long	0x6572746b
10000ba20:		.long	0x61502f65
10000ba24:		.long	0x67616b63
10000ba28:		.long	0x532f7365
10000ba2c:		.long	0x4d2f4454
10000ba30:	6f 64 75 6c	ldnp	d15, d25, [x3, #-0xb0]
10000ba34:		.long	0x65542f65
10000ba38:		.long	0x552f7478
10000ba3c:	54 46 38 2e	ushl.8b	v20, v18, v24
10000ba40:	73 78 3a 36	tbz	w19, #0x7, 0x10001094c
10000ba44:	37 3a 34 34	cbz	w23, 0x100074188
10000ba48:		.long	0x7572203a
10000ba4c:	6e 74 69 6d	ldp	d14, d29, [x3, #-0x170]
10000ba50:		.long	0x72652065
10000ba54:		.long	0x3a726f72
10000ba58:	20 63 6f 6c	ldnp	d0, d24, [x25, #-0x110]
10000ba5c:		.long	0x7463656c
10000ba60:		.long	0x206e6f69
10000ba64:		.long	0x65646e69
10000ba68:	78 20 00 00	udf	#0x2078
10000ba6c:	00 00 00 00	udf	#0x0
10000ba70:	a2 00 00 00	udf	#0xa2
10000ba74:	00 00 00 00	udf	#0x0
10000ba78:		.long	0x6573552f
10000ba7c:	72 73 2f 6e	uabdl2.8h	v18, v27, v15
10000ba80:		.long	0x616d6b65
10000ba84:	74 61 2f 50	adr	x20, #388142
10000ba88:		.long	0x656a6f72
10000ba8c:		.long	0x2f737463
10000ba90:		.long	0x656c6953
10000ba94:		.long	0x6f725078
10000ba98:		.long	0x7463656a
10000ba9c:	2f 2e 73 70	adr	x15, #943559
10000baa0:	65 63 73 2f	umlsl.4s	v5, v27, v3[3]
10000baa4:		.long	0x656c6953
10000baa8:	78 2d 4f 70	adr	x24, #648623
10000baac:	74 69 6d 69	ldpsw	x20, x26, [x11, #-0x98]
10000bab0:	7a 61 74 69	ldpsw	x26, x24, [x11, #-0x60]
10000bab4:	6f 6e 2d 50	adr	x15, #372174
10000bab8:		.long	0x74697261
10000babc:		.long	0x6f432d79
10000bac0:		.long	0x656c706d
10000bac4:		.long	0x6e6f6974
10000bac8:		.long	0x726f572f
10000bacc:		.long	0x6572746b
10000bad0:		.long	0x61502f65
10000bad4:		.long	0x67616b63
10000bad8:		.long	0x532f7365
10000badc:		.long	0x4d2f4454
10000bae0:	6f 64 75 6c	ldnp	d15, d25, [x3, #-0xb0]
10000bae4:		.long	0x65542f65
10000bae8:		.long	0x552f7478
10000baec:	54 46 38 2e	ushl.8b	v20, v18, v24
10000baf0:	73 78 3a 37	tbnz	w19, #0x7, 0x1000109fc
10000baf4:	36 3a 33 34	cbz	w22, 0x100072238
10000baf8:		.long	0x7572203a
10000bafc:	6e 74 69 6d	ldp	d14, d29, [x3, #-0x170]
10000bb00:		.long	0x72652065
10000bb04:		.long	0x3a726f72
10000bb08:	20 63 6f 6c	ldnp	d0, d24, [x25, #-0x110]
10000bb0c:		.long	0x7463656c
10000bb10:		.long	0x206e6f69
10000bb14:		.long	0x65646e69
10000bb18:	78 20 00 00	udf	#0x2078
10000bb1c:	00 00 00 00	udf	#0x0
10000bb20:	b6 00 00 00	udf	#0xb6
10000bb24:	00 00 00 00	udf	#0x0
10000bb28:		.long	0x6573552f
10000bb2c:	72 73 2f 6e	uabdl2.8h	v18, v27, v15
10000bb30:		.long	0x616d6b65
10000bb34:	74 61 2f 50	adr	x20, #388142
10000bb38:		.long	0x656a6f72
10000bb3c:		.long	0x2f737463
10000bb40:		.long	0x656c6953
10000bb44:		.long	0x6f725078
10000bb48:		.long	0x7463656a
10000bb4c:	2f 2e 73 70	adr	x15, #943559
10000bb50:	65 63 73 2f	umlsl.4s	v5, v27, v3[3]
10000bb54:		.long	0x656c6953
10000bb58:	78 2d 4f 70	adr	x24, #648623
10000bb5c:	74 69 6d 69	ldpsw	x20, x26, [x11, #-0x98]
10000bb60:	7a 61 74 69	ldpsw	x26, x24, [x11, #-0x60]
10000bb64:	6f 6e 2d 50	adr	x15, #372174
10000bb68:		.long	0x74697261
10000bb6c:		.long	0x6f432d79
10000bb70:		.long	0x656c706d
10000bb74:		.long	0x6e6f6974
10000bb78:		.long	0x726f572f
10000bb7c:		.long	0x6572746b
10000bb80:		.long	0x61502f65
10000bb84:		.long	0x67616b63
10000bb88:		.long	0x532f7365
10000bb8c:	54 44 2f 50	adr	x20, #387210
10000bb90:		.long	0x6674616c
10000bb94:		.long	0x2f6d726f
10000bb98:	4d 61 63 4f	smlsl2.4s	v13, v10, v3[2]
10000bb9c:		.long	0x6f4d2f53
10000bba0:		.long	0x656c7564
10000bba4:	2f 54 69 6d	ldp	d15, d21, [x1, #-0x170]
10000bba8:		.long	0x78732e65
10000bbac:		.long	0x3a36313a
10000bbb0:		.long	0x203a3236
10000bbb4:		.long	0x746e7572
10000bbb8:		.long	0x20656d69
10000bbbc:		.long	0x6f727265
10000bbc0:		.long	0x69203a72
10000bbc4:	6e 76 61 6c	ldnp	d14, d29, [x19, #-0x1f0]
10000bbc8:	69 64 20 6e	umax.16b	v9, v3, v0
10000bbcc:		.long	0x72656d75
10000bbd0:		.long	0x63206369
10000bbd4:		.long	0x65766e6f
10000bbd8:		.long	0x6f697372
10000bbdc:	6e 0a 00 00	udf	#0xa6e
10000bbe0:	af 00 00 00	udf	#0xaf
10000bbe4:	00 00 00 00	udf	#0x0
10000bbe8:		.long	0x6573552f
10000bbec:	72 73 2f 6e	uabdl2.8h	v18, v27, v15
10000bbf0:		.long	0x616d6b65
10000bbf4:	74 61 2f 50	adr	x20, #388142
10000bbf8:		.long	0x656a6f72
10000bbfc:		.long	0x2f737463
10000bc00:		.long	0x656c6953
10000bc04:		.long	0x6f725078
10000bc08:		.long	0x7463656a
10000bc0c:	2f 2e 73 70	adr	x15, #943559
10000bc10:	65 63 73 2f	umlsl.4s	v5, v27, v3[3]
10000bc14:		.long	0x656c6953
10000bc18:	78 2d 4f 70	adr	x24, #648623
10000bc1c:	74 69 6d 69	ldpsw	x20, x26, [x11, #-0x98]
10000bc20:	7a 61 74 69	ldpsw	x26, x24, [x11, #-0x60]
10000bc24:	6f 6e 2d 50	adr	x15, #372174
10000bc28:		.long	0x74697261
10000bc2c:		.long	0x6f432d79
10000bc30:		.long	0x656c706d
10000bc34:		.long	0x6e6f6974
10000bc38:		.long	0x726f572f
10000bc3c:		.long	0x6572746b
10000bc40:		.long	0x61502f65
10000bc44:		.long	0x67616b63
10000bc48:		.long	0x532f7365
10000bc4c:		.long	0x4d2f4454
10000bc50:	6f 64 75 6c	ldnp	d15, d25, [x3, #-0xb0]
10000bc54:	65 2f 54 69	ldpsw	x5, x11, [x27, #0xa0]
10000bc58:		.long	0x402f656d
10000bc5c:		.long	0x75646f4d
10000bc60:		.long	0x732e656c
10000bc64:	78 3a 32 36	tbz	w24, #0x6, 0x1000103b0
10000bc68:		.long	0x3a37323a
10000bc6c:	20 72 75 6e	uabdl2.4s	v0, v17, v21
10000bc70:		.long	0x656d6974
10000bc74:		.long	0x72726520
10000bc78:		.long	0x203a726f
10000bc7c:		.long	0x61766e69
10000bc80:		.long	0x2064696c
10000bc84:		.long	0x656d756e
10000bc88:		.long	0x20636972
10000bc8c:		.long	0x766e6f63
10000bc90:	65 72 73 69	ldpsw	x5, x28, [x19, #-0x68]
10000bc94:		.long	0x000a6e6f
10000bc98:	af 00 00 00	udf	#0xaf
10000bc9c:	00 00 00 00	udf	#0x0
10000bca0:		.long	0x6573552f
10000bca4:	72 73 2f 6e	uabdl2.8h	v18, v27, v15
10000bca8:		.long	0x616d6b65
10000bcac:	74 61 2f 50	adr	x20, #388142
10000bcb0:		.long	0x656a6f72
10000bcb4:		.long	0x2f737463
10000bcb8:		.long	0x656c6953
10000bcbc:		.long	0x6f725078
10000bcc0:		.long	0x7463656a
10000bcc4:	2f 2e 73 70	adr	x15, #943559
10000bcc8:	65 63 73 2f	umlsl.4s	v5, v27, v3[3]
10000bccc:		.long	0x656c6953
10000bcd0:	78 2d 4f 70	adr	x24, #648623
10000bcd4:	74 69 6d 69	ldpsw	x20, x26, [x11, #-0x98]
10000bcd8:	7a 61 74 69	ldpsw	x26, x24, [x11, #-0x60]
10000bcdc:	6f 6e 2d 50	adr	x15, #372174
10000bce0:		.long	0x74697261
10000bce4:		.long	0x6f432d79
10000bce8:		.long	0x656c706d
10000bcec:		.long	0x6e6f6974
10000bcf0:		.long	0x726f572f
10000bcf4:		.long	0x6572746b
10000bcf8:		.long	0x61502f65
10000bcfc:		.long	0x67616b63
10000bd00:		.long	0x532f7365
10000bd04:		.long	0x4d2f4454
10000bd08:	6f 64 75 6c	ldnp	d15, d25, [x3, #-0xb0]
10000bd0c:	65 2f 54 69	ldpsw	x5, x11, [x27, #0xa0]
10000bd10:		.long	0x402f656d
10000bd14:		.long	0x75646f4d
10000bd18:		.long	0x732e656c
10000bd1c:	78 3a 32 36	tbz	w24, #0x6, 0x100010468
10000bd20:		.long	0x3a33363a
10000bd24:	20 72 75 6e	uabdl2.4s	v0, v17, v21
10000bd28:		.long	0x656d6974
10000bd2c:		.long	0x72726520
10000bd30:		.long	0x203a726f
10000bd34:		.long	0x61766e69
10000bd38:		.long	0x2064696c
10000bd3c:		.long	0x656d756e
10000bd40:		.long	0x20636972
10000bd44:		.long	0x766e6f63
10000bd48:	65 72 73 69	ldpsw	x5, x28, [x19, #-0x68]
10000bd4c:		.long	0x000a6e6f
10000bd50:	2b 00 00 00	udf	#0x2b
10000bd54:	00 00 00 00	udf	#0x0
10000bd58:	00 00 00 00	udf	#0x0
10000bd5c:	00 00 00 00	udf	#0x0
10000bd60:	07 00 00 00	udf	#0x7
10000bd64:	00 00 00 00	udf	#0x0
10000bd68:	ad 00 00 00	udf	#0xad
10000bd6c:	00 00 00 00	udf	#0x0
10000bd70:	07 00 00 00	udf	#0x7
10000bd74:	00 00 00 00	udf	#0x0
10000bd78:	00 00 00 00	udf	#0x0
10000bd7c:	00 00 00 00	udf	#0x0
10000bd80:	0a 00 00 00	udf	#0xa
10000bd84:	00 00 00 00	udf	#0x0
10000bd88:	b4 00 00 00	udf	#0xb4
10000bd8c:	00 00 00 00	udf	#0x0
10000bd90:	0a 00 00 00	udf	#0xa
10000bd94:	00 00 00 00	udf	#0x0
10000bd98:	00 00 00 00	udf	#0x0
10000bd9c:	00 00 00 00	udf	#0x0
10000bda0:	02 00 00 00	udf	#0x2
10000bda4:	00 00 00 00	udf	#0x0
10000bda8:	be 00 00 00	udf	#0xbe
10000bdac:	00 00 00 00	udf	#0x0
10000bdb0:	00 00 00 00	udf	#0x0
10000bdb4:	00 00 00 00	udf	#0x0
10000bdb8:	00 00 00 00	udf	#0x0
10000bdbc:	00 00 00 00	udf	#0x0
10000bdc0:	02 00 00 00	udf	#0x2
10000bdc4:	00 00 00 00	udf	#0x0
10000bdc8:	be 00 00 00	udf	#0xbe
10000bdcc:	00 00 00 00	udf	#0x0
10000bdd0:	00 00 00 00	udf	#0x0
10000bdd4:	00 00 00 00	udf	#0x0
10000bdd8:	03 00 00 00	udf	#0x3
10000bddc:	00 00 00 00	udf	#0x0
10000bde0:	01 00 00 00	udf	#0x1
10000bde4:	00 00 00 00	udf	#0x0
10000bde8:	be 00 00 00	udf	#0xbe
10000bdec:	00 00 00 00	udf	#0x0
10000bdf0:	01 00 00 00	udf	#0x1
10000bdf4:	00 00 00 00	udf	#0x0
10000bdf8:	03 00 00 00	udf	#0x3
10000bdfc:	00 00 00 00	udf	#0x0
10000be00:	01 00 00 00	udf	#0x1
10000be04:	00 00 00 00	udf	#0x0
10000be08:	bf 00 00 00	udf	#0xbf
10000be0c:	00 00 00 00	udf	#0x0
10000be10:	01 00 00 00	udf	#0x1
10000be14:	00 00 00 00	udf	#0x0
10000be18:	00 00 00 00	udf	#0x0
10000be1c:	00 00 00 00	udf	#0x0
10000be20:	05 00 00 00	udf	#0x5
10000be24:	00 00 00 00	udf	#0x0
10000be28:	c0 00 00 00	udf	#0xc0
10000be2c:	00 00 00 00	udf	#0x0
10000be30:	04 00 00 00	udf	#0x4
10000be34:	00 00 00 00	udf	#0x0
10000be38:	00 00 00 00	udf	#0x0
10000be3c:	00 00 00 00	udf	#0x0
10000be40:	09 00 00 00	udf	#0x9
10000be44:	00 00 00 00	udf	#0x0
10000be48:	c4 00 00 00	udf	#0xc4
10000be4c:	00 00 00 00	udf	#0x0
10000be50:	03 00 00 00	udf	#0x3
10000be54:	00 00 00 00	udf	#0x0
10000be58:	00 00 00 00	udf	#0x0
10000be5c:	00 00 00 00	udf	#0x0
10000be60:	10 00 00 00	udf	#0x10
10000be64:	00 00 00 00	udf	#0x0
10000be68:	c7 00 00 00	udf	#0xc7
10000be6c:	00 00 00 00	udf	#0x0
10000be70:	04 00 00 00	udf	#0x4
10000be74:	00 00 00 00	udf	#0x0
10000be78:	04 00 00 00	udf	#0x4
10000be7c:	00 00 00 00	udf	#0x0
10000be80:	10 00 00 00	udf	#0x10
10000be84:	00 00 00 00	udf	#0x0
10000be88:	cb 00 00 00	udf	#0xcb
10000be8c:	00 00 00 00	udf	#0x0
10000be90:	02 00 00 00	udf	#0x2
10000be94:	00 00 00 00	udf	#0x0
10000be98:	00 00 00 00	udf	#0x0
10000be9c:	00 00 00 00	udf	#0x0
10000bea0:	02 00 00 00	udf	#0x2
10000bea4:	00 00 00 00	udf	#0x0
10000bea8:	cd 00 00 00	udf	#0xcd
10000beac:	00 00 00 00	udf	#0x0
10000beb0:	00 00 00 00	udf	#0x0
10000beb4:	00 00 00 00	udf	#0x0
10000beb8:	00 00 00 00	udf	#0x0
10000bebc:	00 00 00 00	udf	#0x0
10000bec0:	04 00 00 00	udf	#0x4
10000bec4:	00 00 00 00	udf	#0x0
10000bec8:	cd 00 00 00	udf	#0xcd
10000becc:	00 00 00 00	udf	#0x0
10000bed0:	04 00 00 00	udf	#0x4
10000bed4:	00 00 00 00	udf	#0x0
10000bed8:	00 00 00 00	udf	#0x0
10000bedc:	00 00 00 00	udf	#0x0
10000bee0:	04 00 00 00	udf	#0x4
10000bee4:	00 00 00 00	udf	#0x0
10000bee8:	d1 00 00 00	udf	#0xd1
10000beec:	00 00 00 00	udf	#0x0
10000bef0:	04 00 00 00	udf	#0x4
10000bef4:	00 00 00 00	udf	#0x0
10000bef8:	00 00 00 00	udf	#0x0
10000befc:	00 00 00 00	udf	#0x0
10000bf00:	02 00 00 00	udf	#0x2
10000bf04:	00 00 00 00	udf	#0x0
10000bf08:	d5 00 00 00	udf	#0xd5
10000bf0c:	00 00 00 00	udf	#0x0
10000bf10:	02 00 00 00	udf	#0x2
10000bf14:	00 00 00 00	udf	#0x0
10000bf18:	00 00 00 00	udf	#0x0
10000bf1c:	00 00 00 00	udf	#0x0
10000bf20:	03 00 00 00	udf	#0x3
10000bf24:	00 00 00 00	udf	#0x0
10000bf28:	d7 00 00 00	udf	#0xd7
10000bf2c:	00 00 00 00	udf	#0x0
10000bf30:	03 00 00 00	udf	#0x3
10000bf34:	00 00 00 00	udf	#0x0
10000bf38:	00 00 00 00	udf	#0x0
10000bf3c:	00 00 00 00	udf	#0x0
10000bf40:	04 00 00 00	udf	#0x4
10000bf44:	00 00 00 00	udf	#0x0
10000bf48:	da 00 00 00	udf	#0xda
10000bf4c:	00 00 00 00	udf	#0x0
10000bf50:	04 00 00 00	udf	#0x4
10000bf54:	00 00 00 00	udf	#0x0
10000bf58:	00 00 00 00	udf	#0x0
10000bf5c:	00 00 00 00	udf	#0x0
10000bf60:	05 00 00 00	udf	#0x5
10000bf64:	00 00 00 00	udf	#0x0
10000bf68:	de 00 00 00	udf	#0xde
10000bf6c:	00 00 00 00	udf	#0x0
10000bf70:	05 00 00 00	udf	#0x5
10000bf74:	00 00 00 00	udf	#0x0
10000bf78:	03 00 00 00	udf	#0x3
10000bf7c:	00 00 00 00	udf	#0x0
10000bf80:	01 00 00 00	udf	#0x1
10000bf84:	00 00 00 00	udf	#0x0
10000bf88:	e3 00 00 00	udf	#0xe3
10000bf8c:	00 00 00 00	udf	#0x0
10000bf90:	01 00 00 00	udf	#0x1
10000bf94:	00 00 00 00	udf	#0x0
10000bf98:	00 00 00 00	udf	#0x0
10000bf9c:	00 00 00 00	udf	#0x0
10000bfa0:	02 00 00 00	udf	#0x2
10000bfa4:	00 00 00 00	udf	#0x0
10000bfa8:	e4 00 00 00	udf	#0xe4
10000bfac:	00 00 00 00	udf	#0x0
10000bfb0:	00 00 00 00	udf	#0x0
10000bfb4:	00 00 00 00	udf	#0x0
10000bfb8:	03 00 00 00	udf	#0x3
10000bfbc:	00 00 00 00	udf	#0x0
10000bfc0:	01 00 00 00	udf	#0x1
10000bfc4:	00 00 00 00	udf	#0x0
10000bfc8:	e4 00 00 00	udf	#0xe4
10000bfcc:	00 00 00 00	udf	#0x0
10000bfd0:	01 00 00 00	udf	#0x1
10000bfd4:	00 00 00 00	udf	#0x0
10000bfd8:	00 00 00 00	udf	#0x0
10000bfdc:	00 00 00 00	udf	#0x0
10000bfe0:	02 00 00 00	udf	#0x2
10000bfe4:	00 00 00 00	udf	#0x0
10000bfe8:	e5 00 00 00	udf	#0xe5
10000bfec:	00 00 00 00	udf	#0x0
10000bff0:	00 00 00 00	udf	#0x0
10000bff4:	00 00 00 00	udf	#0x0
10000bff8:	04 00 00 00	udf	#0x4
10000bffc:	00 00 00 00	udf	#0x0
10000c000:	00 02 00 00	udf	#0x200
10000c004:	00 00 00 00	udf	#0x0
10000c008:	e5 00 00 00	udf	#0xe5
10000c00c:	00 00 00 00	udf	#0x0
10000c010:	02 00 00 00	udf	#0x2
10000c014:	00 00 00 00	udf	#0x0
10000c018:	00 00 00 00	udf	#0x0
10000c01c:	00 00 00 00	udf	#0x0
10000c020:	02 00 00 00	udf	#0x2
10000c024:	00 00 00 00	udf	#0x0
10000c028:	e7 00 00 00	udf	#0xe7
10000c02c:	00 00 00 00	udf	#0x0
10000c030:	00 00 00 00	udf	#0x0
10000c034:	00 00 00 00	udf	#0x0
10000c038:	00 00 00 00	udf	#0x0
10000c03c:	00 00 00 00	udf	#0x0
10000c040:	02 00 00 00	udf	#0x2
10000c044:	00 00 00 00	udf	#0x0
10000c048:	e7 00 00 00	udf	#0xe7
10000c04c:	00 00 00 00	udf	#0x0
10000c050:	02 00 00 00	udf	#0x2
10000c054:	00 00 00 00	udf	#0x0
10000c058:	00 00 00 00	udf	#0x0
10000c05c:	00 00 00 00	udf	#0x0
10000c060:	02 00 00 00	udf	#0x2
10000c064:	00 00 00 00	udf	#0x0
10000c068:	e9 00 00 00	udf	#0xe9
10000c06c:	00 00 00 00	udf	#0x0
10000c070:	02 00 00 00	udf	#0x2
10000c074:	00 00 00 00	udf	#0x0
10000c078:	03 00 00 00	udf	#0x3
10000c07c:	00 00 00 00	udf	#0x0
10000c080:	01 00 00 00	udf	#0x1
10000c084:	00 00 00 00	udf	#0x0
10000c088:	eb 00 00 00	udf	#0xeb
10000c08c:	00 00 00 00	udf	#0x0
10000c090:	01 00 00 00	udf	#0x1
10000c094:	00 00 00 00	udf	#0x0
10000c098:	00 00 00 00	udf	#0x0
10000c09c:	00 00 00 00	udf	#0x0
10000c0a0:	02 00 00 00	udf	#0x2
10000c0a4:	00 00 00 00	udf	#0x0
10000c0a8:	ec 00 00 00	udf	#0xec
10000c0ac:	00 00 00 00	udf	#0x0
10000c0b0:	00 00 00 00	udf	#0x0
10000c0b4:	00 00 00 00	udf	#0x0
10000c0b8:	00 00 00 00	udf	#0x0
10000c0bc:	00 00 00 00	udf	#0x0
10000c0c0:	04 00 00 00	udf	#0x4
10000c0c4:	00 00 00 00	udf	#0x0
10000c0c8:	ec 00 00 00	udf	#0xec
10000c0cc:	00 00 00 00	udf	#0x0
10000c0d0:	04 00 00 00	udf	#0x4
10000c0d4:	00 00 00 00	udf	#0x0
10000c0d8:	04 00 00 00	udf	#0x4
10000c0dc:	00 00 00 00	udf	#0x0
10000c0e0:	04 00 00 00	udf	#0x4
10000c0e4:	00 00 00 00	udf	#0x0
10000c0e8:	f0 00 00 00	udf	#0xf0
10000c0ec:	00 00 00 00	udf	#0x0
10000c0f0:	02 00 00 00	udf	#0x2
10000c0f4:	00 00 00 00	udf	#0x0
10000c0f8:	04 00 00 00	udf	#0x4
10000c0fc:	00 00 00 00	udf	#0x0
10000c100:	07 00 00 00	udf	#0x7
10000c104:	00 00 00 00	udf	#0x0
10000c108:	f2 00 00 00	udf	#0xf2
10000c10c:	00 00 00 00	udf	#0x0
10000c110:	02 00 00 00	udf	#0x2
10000c114:	00 00 00 00	udf	#0x0
10000c118:	00 00 00 00	udf	#0x0
10000c11c:	00 00 00 00	udf	#0x0
10000c120:	02 00 00 00	udf	#0x2
10000c124:	00 00 00 00	udf	#0x0
10000c128:	f4 00 00 00	udf	#0xf4
10000c12c:	00 00 00 00	udf	#0x0
10000c130:	00 00 00 00	udf	#0x0
10000c134:	00 00 00 00	udf	#0x0
10000c138:	00 00 00 00	udf	#0x0
10000c13c:	00 00 00 00	udf	#0x0
10000c140:	06 00 00 00	udf	#0x6
10000c144:	00 00 00 00	udf	#0x0
10000c148:	f4 00 00 00	udf	#0xf4
10000c14c:	00 00 00 00	udf	#0x0
10000c150:	06 00 00 00	udf	#0x6
10000c154:	00 00 00 00	udf	#0x0
10000c158:	05 00 00 00	udf	#0x5
10000c15c:	00 00 00 00	udf	#0x0
10000c160:	01 00 00 00	udf	#0x1
10000c164:	00 00 00 00	udf	#0x0
10000c168:	fa 00 00 00	udf	#0xfa
10000c16c:	00 00 00 00	udf	#0x0
10000c170:	20 00 00 00	udf	#0x20
10000c174:	00 00 00 00	udf	#0x0
10000c178:	05 00 00 00	udf	#0x5
10000c17c:	00 00 00 00	udf	#0x0
10000c180:	01 00 00 00	udf	#0x1
10000c184:	00 00 00 00	udf	#0x0
10000c188:	1a 01 00 00	udf	#0x11a
10000c18c:	00 00 00 00	udf	#0x0
10000c190:	07 00 00 00	udf	#0x7
10000c194:	00 00 00 00	udf	#0x0
10000c198:	05 00 00 00	udf	#0x5
10000c19c:	00 00 00 00	udf	#0x0
10000c1a0:	01 00 00 00	udf	#0x1
10000c1a4:	00 00 00 00	udf	#0x0
10000c1a8:	21 01 00 00	udf	#0x121
10000c1ac:	00 00 00 00	udf	#0x0
10000c1b0:	03 00 00 00	udf	#0x3
10000c1b4:	00 00 00 00	udf	#0x0
10000c1b8:	05 00 00 00	udf	#0x5
10000c1bc:	00 00 00 00	udf	#0x0
10000c1c0:	06 00 00 00	udf	#0x6
10000c1c4:	00 00 00 00	udf	#0x0
10000c1c8:	24 01 00 00	udf	#0x124
10000c1cc:	00 00 00 00	udf	#0x0
10000c1d0:	04 00 00 00	udf	#0x4
10000c1d4:	00 00 00 00	udf	#0x0
10000c1d8:	05 00 00 00	udf	#0x5
10000c1dc:	00 00 00 00	udf	#0x0
10000c1e0:	06 00 00 00	udf	#0x6
10000c1e4:	00 00 00 00	udf	#0x0
10000c1e8:	28 01 00 00	udf	#0x128
10000c1ec:	00 00 00 00	udf	#0x0
10000c1f0:	05 00 00 00	udf	#0x5
10000c1f4:	00 00 00 00	udf	#0x0
10000c1f8:	05 00 00 00	udf	#0x5
10000c1fc:	00 00 00 00	udf	#0x0
10000c200:	06 00 00 00	udf	#0x6
10000c204:	00 00 00 00	udf	#0x0
10000c208:	2d 01 00 00	udf	#0x12d
10000c20c:	00 00 00 00	udf	#0x0
10000c210:	05 00 00 00	udf	#0x5
10000c214:	00 00 00 00	udf	#0x0
10000c218:	05 00 00 00	udf	#0x5
10000c21c:	00 00 00 00	udf	#0x0
10000c220:	06 00 00 00	udf	#0x6
10000c224:	00 00 00 00	udf	#0x0
10000c228:	32 01 00 00	udf	#0x132
10000c22c:	00 00 00 00	udf	#0x0
10000c230:	05 00 00 00	udf	#0x5
10000c234:	00 00 00 00	udf	#0x0
10000c238:	05 00 00 00	udf	#0x5
10000c23c:	00 00 00 00	udf	#0x0
10000c240:	06 00 00 00	udf	#0x6
10000c244:	00 00 00 00	udf	#0x0
10000c248:	37 01 00 00	udf	#0x137
10000c24c:	00 00 00 00	udf	#0x0
10000c250:	05 00 00 00	udf	#0x5
10000c254:	00 00 00 00	udf	#0x0
10000c258:	05 00 00 00	udf	#0x5
10000c25c:	00 00 00 00	udf	#0x0
10000c260:	03 00 00 00	udf	#0x3
10000c264:	00 00 00 00	udf	#0x0
10000c268:	3c 01 00 00	udf	#0x13c
10000c26c:	00 00 00 00	udf	#0x0
10000c270:	05 00 00 00	udf	#0x5
10000c274:	00 00 00 00	udf	#0x0
10000c278:	05 00 00 00	udf	#0x5
10000c27c:	00 00 00 00	udf	#0x0
10000c280:	03 00 00 00	udf	#0x3
10000c284:	00 00 00 00	udf	#0x0
10000c288:	41 01 00 00	udf	#0x141
10000c28c:	00 00 00 00	udf	#0x0
10000c290:	05 00 00 00	udf	#0x5
10000c294:	00 00 00 00	udf	#0x0
10000c298:	00 00 00 00	udf	#0x0
10000c29c:	00 00 00 00	udf	#0x0
10000c2a0:	07 00 00 00	udf	#0x7
10000c2a4:	00 00 00 00	udf	#0x0
10000c2a8:	46 01 00 00	udf	#0x146
10000c2ac:	00 00 00 00	udf	#0x0
10000c2b0:	02 00 00 00	udf	#0x2
10000c2b4:	00 00 00 00	udf	#0x0
10000c2b8:	0a 00 00 00	udf	#0xa
10000c2bc:	00 00 00 00	udf	#0x0
10000c2c0:	0a 00 00 00	udf	#0xa
10000c2c4:	00 00 00 00	udf	#0x0
10000c2c8:	0a 00 00 00	udf	#0xa
10000c2cc:	00 00 00 00	udf	#0x0
10000c2d0:	0a 00 00 00	udf	#0xa
10000c2d4:	00 00 00 00	udf	#0x0
10000c2d8:	0a 00 00 00	udf	#0xa
10000c2dc:	00 00 00 00	udf	#0x0
10000c2e0:	0a 00 00 00	udf	#0xa
10000c2e4:	00 00 00 00	udf	#0x0
10000c2e8:	0a 00 00 00	udf	#0xa
10000c2ec:	00 00 00 00	udf	#0x0
10000c2f0:	0a 00 00 00	udf	#0xa
10000c2f4:	00 00 00 00	udf	#0x0
10000c2f8:	0a 00 00 00	udf	#0xa
10000c2fc:	00 00 00 00	udf	#0x0
10000c300:	0a 00 00 00	udf	#0xa
10000c304:	00 00 00 00	udf	#0x0
10000c308:	0a 00 00 00	udf	#0xa
10000c30c:	00 00 00 00	udf	#0x0
10000c310:	0a 00 00 00	udf	#0xa
10000c314:	00 00 00 00	udf	#0x0
10000c318:	0a 00 00 00	udf	#0xa
10000c31c:	00 00 00 00	udf	#0x0
10000c320:	0a 00 00 00	udf	#0xa
10000c324:	00 00 00 00	udf	#0x0
10000c328:	0a 00 00 00	udf	#0xa
10000c32c:	00 00 00 00	udf	#0x0
10000c330:	09 00 00 00	udf	#0x9
10000c334:	00 00 00 00	udf	#0x0
10000c338:	09 00 00 00	udf	#0x9
10000c33c:	00 00 00 00	udf	#0x0
10000c340:	00 01 00 00	udf	#0x100
10000c344:	00 00 00 00	udf	#0x0
10000c348:	01 01 00 00	udf	#0x101
10000c34c:	00 00 00 00	udf	#0x0
10000c350:	20 01 00 00	udf	#0x120
10000c354:	00 00 00 00	udf	#0x0
10000c358:	0c 00 00 00	udf	#0xc
10000c35c:	00 00 00 00	udf	#0x0
10000c360:		.long	0x0100000c
10000c364:	00 00 00 00	udf	#0x0
10000c368:	0c 00 00 00	udf	#0xc
10000c36c:	00 00 00 00	udf	#0x0
10000c370:	0e 01 00 00	udf	#0x10e
10000c374:	00 00 00 00	udf	#0x0
10000c378:	0e 01 00 00	udf	#0x10e
10000c37c:	00 00 00 00	udf	#0x0
10000c380:	0e 01 00 00	udf	#0x10e
10000c384:	00 00 00 00	udf	#0x0
10000c388:	0f 01 00 00	udf	#0x10f
10000c38c:	00 00 00 00	udf	#0x0
10000c390:	0f 01 00 00	udf	#0x10f
10000c394:	00 00 00 00	udf	#0x0
10000c398:	0f 01 00 00	udf	#0x10f
10000c39c:	00 00 00 00	udf	#0x0
10000c3a0:	0f 01 00 00	udf	#0x10f
10000c3a4:	00 00 00 00	udf	#0x0
10000c3a8:	0a 00 00 00	udf	#0xa
10000c3ac:	00 00 00 00	udf	#0x0
10000c3b0:	10 00 00 00	udf	#0x10
10000c3b4:	00 00 00 00	udf	#0x0
10000c3b8:	0a 00 00 00	udf	#0xa
10000c3bc:	00 00 00 00	udf	#0x0
10000c3c0:	0a 00 00 00	udf	#0xa
10000c3c4:	00 00 00 00	udf	#0x0
10000c3c8:	0a 00 00 00	udf	#0xa
10000c3cc:	00 00 00 00	udf	#0x0
10000c3d0:	0a 00 00 00	udf	#0xa
10000c3d4:	00 00 00 00	udf	#0x0
10000c3d8:	0a 00 00 00	udf	#0xa
10000c3dc:	00 00 00 00	udf	#0x0
10000c3e0:	0a 00 00 00	udf	#0xa
10000c3e4:	00 00 00 00	udf	#0x0
10000c3e8:	0a 00 00 00	udf	#0xa
10000c3ec:	00 00 00 00	udf	#0x0
10000c3f0:	0a 00 00 00	udf	#0xa
10000c3f4:	00 00 00 00	udf	#0x0
10000c3f8:	0a 00 00 00	udf	#0xa
10000c3fc:	00 00 00 00	udf	#0x0
10000c400:	0a 00 00 00	udf	#0xa
10000c404:	00 00 00 00	udf	#0x0
10000c408:	0a 00 00 00	udf	#0xa
10000c40c:	00 00 00 00	udf	#0x0
10000c410:	0a 00 00 00	udf	#0xa
10000c414:	00 00 00 00	udf	#0x0
10000c418:	0a 00 00 00	udf	#0xa
10000c41c:	00 00 00 00	udf	#0x0
10000c420:	0a 00 00 00	udf	#0xa
10000c424:	00 00 00 00	udf	#0x0
10000c428:	0a 00 00 00	udf	#0xa
10000c42c:	00 00 00 00	udf	#0x0
10000c430:	0a 00 00 00	udf	#0xa
10000c434:	00 00 00 00	udf	#0x0
10000c438:	0a 00 00 00	udf	#0xa
10000c43c:	00 00 00 00	udf	#0x0
10000c440:	09 00 00 00	udf	#0x9
10000c444:	00 00 00 00	udf	#0x0
10000c448:	09 00 00 00	udf	#0x9
10000c44c:	00 00 00 00	udf	#0x0
10000c450:	0c 00 00 00	udf	#0xc
10000c454:	00 00 00 00	udf	#0x0
10000c458:	11 01 00 00	udf	#0x111
10000c45c:	00 00 00 00	udf	#0x0
10000c460:	0c 00 00 00	udf	#0xc
10000c464:	00 00 00 00	udf	#0x0
10000c468:	0c 00 00 00	udf	#0xc
10000c46c:	00 00 00 00	udf	#0x0
10000c470:	05 00 00 00	udf	#0x5
10000c474:	00 00 00 00	udf	#0x0
10000c478:	04 00 00 00	udf	#0x4
10000c47c:	00 00 00 00	udf	#0x0
10000c480:	00 02 00 00	udf	#0x200
10000c484:	00 00 00 00	udf	#0x0
10000c488:	21 01 00 00	udf	#0x121
10000c48c:	00 00 00 00	udf	#0x0
10000c490:	04 00 00 00	udf	#0x4
10000c494:	00 00 00 00	udf	#0x0
10000c498:	22 01 00 00	udf	#0x122
10000c49c:	00 00 00 00	udf	#0x0
10000c4a0:	04 00 00 00	udf	#0x4
10000c4a4:	00 00 00 00	udf	#0x0
10000c4a8:	07 00 00 00	udf	#0x7
10000c4ac:	00 00 00 00	udf	#0x0
10000c4b0:	04 00 00 00	udf	#0x4
10000c4b4:	00 00 00 00	udf	#0x0
10000c4b8:	04 00 00 00	udf	#0x4
10000c4bc:	00 00 00 00	udf	#0x0
10000c4c0:	04 00 00 00	udf	#0x4
10000c4c4:	00 00 00 00	udf	#0x0
10000c4c8:	04 00 00 00	udf	#0x4
10000c4cc:	00 00 00 00	udf	#0x0
10000c4d0:	04 00 00 00	udf	#0x4
10000c4d4:	00 00 00 00	udf	#0x0
10000c4d8:	04 00 00 00	udf	#0x4
10000c4dc:	00 00 00 00	udf	#0x0
10000c4e0:	08 00 00 00	udf	#0x8
10000c4e4:	00 00 00 00	udf	#0x0
10000c4e8:	07 00 00 00	udf	#0x7
10000c4ec:	00 00 00 00	udf	#0x0
10000c4f0:	04 00 00 00	udf	#0x4
10000c4f4:	00 00 00 00	udf	#0x0
10000c4f8:	0a 00 00 00	udf	#0xa
10000c4fc:	00 00 00 00	udf	#0x0
10000c500:	0a 00 00 00	udf	#0xa
10000c504:	00 00 00 00	udf	#0x0
10000c508:	0a 00 00 00	udf	#0xa
10000c50c:	00 00 00 00	udf	#0x0
10000c510:	09 00 00 00	udf	#0x9
10000c514:	00 00 00 00	udf	#0x0
10000c518:	09 00 00 00	udf	#0x9
10000c51c:	00 00 00 00	udf	#0x0
10000c520:	1f 00 00 00	udf	#0x1f
10000c524:	00 00 00 00	udf	#0x0
10000c528:	00 00 00 00	udf	#0x0
10000c52c:	00 00 00 00	udf	#0x0
10000c530:	00 00 00 00	udf	#0x0
10000c534:	00 00 00 00	udf	#0x0
10000c538:	00 00 00 00	udf	#0x0
10000c53c:	00 00 00 00	udf	#0x0
10000c540:	00 00 00 00	udf	#0x0
10000c544:	00 00 00 00	udf	#0x0
10000c548:	00 00 00 00	udf	#0x0
10000c54c:	00 00 00 00	udf	#0x0
10000c550:	00 00 00 00	udf	#0x0
10000c554:	00 00 00 00	udf	#0x0
10000c558:	00 00 00 00	udf	#0x0
10000c55c:	00 00 00 00	udf	#0x0
10000c560:	00 00 00 00	udf	#0x0
10000c564:	00 00 00 00	udf	#0x0
10000c568:	00 00 00 00	udf	#0x0
10000c56c:	00 00 00 00	udf	#0x0
10000c570:	00 00 00 00	udf	#0x0
10000c574:	00 00 00 00	udf	#0x0
10000c578:	00 00 00 00	udf	#0x0
10000c57c:	00 00 00 00	udf	#0x0
10000c580:	00 00 00 00	udf	#0x0
10000c584:	00 00 00 00	udf	#0x0
10000c588:	00 00 00 00	udf	#0x0
10000c58c:	00 00 00 00	udf	#0x0
10000c590:	00 00 00 00	udf	#0x0
10000c594:	00 00 00 00	udf	#0x0
10000c598:	00 00 00 00	udf	#0x0
10000c59c:	00 00 00 00	udf	#0x0
10000c5a0:	00 00 00 00	udf	#0x0
10000c5a4:	00 00 00 00	udf	#0x0
10000c5a8:	00 00 00 00	udf	#0x0
10000c5ac:	00 00 00 00	udf	#0x0
10000c5b0:	00 00 00 00	udf	#0x0
10000c5b4:	00 00 00 00	udf	#0x0
10000c5b8:	00 00 00 00	udf	#0x0
10000c5bc:	00 00 00 00	udf	#0x0
10000c5c0:	00 00 00 00	udf	#0x0
10000c5c4:	00 00 00 00	udf	#0x0
10000c5c8:	00 00 00 00	udf	#0x0
10000c5cc:	00 00 00 00	udf	#0x0
10000c5d0:	00 00 00 00	udf	#0x0
10000c5d4:	00 00 00 00	udf	#0x0
10000c5d8:	00 00 00 00	udf	#0x0
10000c5dc:	00 00 00 00	udf	#0x0
10000c5e0:	00 00 00 00	udf	#0x0
10000c5e4:	00 00 00 00	udf	#0x0
10000c5e8:	00 00 00 00	udf	#0x0
10000c5ec:	00 00 00 00	udf	#0x0
10000c5f0:	00 00 00 00	udf	#0x0
10000c5f4:	00 00 00 00	udf	#0x0
10000c5f8:	00 00 00 00	udf	#0x0
10000c5fc:	00 00 00 00	udf	#0x0
10000c600:	00 00 00 00	udf	#0x0
10000c604:	00 00 00 00	udf	#0x0
10000c608:	00 00 00 00	udf	#0x0
10000c60c:	00 00 00 00	udf	#0x0
10000c610:	00 00 00 00	udf	#0x0
10000c614:	00 00 00 00	udf	#0x0
10000c618:	00 00 00 00	udf	#0x0
10000c61c:	00 00 00 00	udf	#0x0
10000c620:	06 00 00 00	udf	#0x6
10000c624:	00 00 00 00	udf	#0x0
10000c628:	00 00 00 00	udf	#0x0
10000c62c:	00 00 00 00	udf	#0x0
10000c630:	00 00 00 00	udf	#0x0
10000c634:	00 00 00 00	udf	#0x0
10000c638:	00 00 00 00	udf	#0x0
10000c63c:	00 00 00 00	udf	#0x0
10000c640:	00 00 00 00	udf	#0x0
10000c644:	00 00 00 00	udf	#0x0
10000c648:	00 00 00 00	udf	#0x0
10000c64c:	00 00 00 00	udf	#0x0
10000c650:	00 00 00 00	udf	#0x0
10000c654:	00 00 00 00	udf	#0x0
10000c658:	02 00 00 00	udf	#0x2
10000c65c:	00 00 00 00	udf	#0x0
10000c660:	00 00 00 00	udf	#0x0
10000c664:	00 00 00 00	udf	#0x0
10000c668:	00 00 00 00	udf	#0x0
10000c66c:	00 00 00 00	udf	#0x0
10000c670:	02 00 00 00	udf	#0x2
10000c674:	00 00 00 00	udf	#0x0
10000c678:	00 00 00 00	udf	#0x0
10000c67c:	00 00 00 00	udf	#0x0
10000c680:	01 00 00 00	udf	#0x1
10000c684:	00 00 00 00	udf	#0x0
10000c688:	06 01 00 00	udf	#0x106
10000c68c:	00 00 00 00	udf	#0x0
10000c690:	02 00 00 00	udf	#0x2
10000c694:	00 00 00 00	udf	#0x0
10000c698:	01 00 00 00	udf	#0x1
10000c69c:	00 00 00 00	udf	#0x0
10000c6a0:	0c 00 00 00	udf	#0xc
10000c6a4:	00 00 00 00	udf	#0x0
10000c6a8:	01 00 00 00	udf	#0x1
10000c6ac:	00 00 00 00	udf	#0x0
10000c6b0:	06 01 00 00	udf	#0x106
10000c6b4:	00 00 00 00	udf	#0x0
10000c6b8:	02 00 00 00	udf	#0x2
10000c6bc:	00 00 00 00	udf	#0x0
10000c6c0:	01 00 00 00	udf	#0x1
10000c6c4:	00 00 00 00	udf	#0x0
10000c6c8:		.long	0x0100000c
10000c6cc:	00 00 00 00	udf	#0x0
10000c6d0:	01 00 00 00	udf	#0x1
10000c6d4:	00 00 00 00	udf	#0x0
10000c6d8:	06 01 00 00	udf	#0x106
10000c6dc:	00 00 00 00	udf	#0x0
10000c6e0:	02 00 00 00	udf	#0x2
10000c6e4:	00 00 00 00	udf	#0x0
10000c6e8:	01 00 00 00	udf	#0x1
10000c6ec:	00 00 00 00	udf	#0x0
10000c6f0:	09 00 00 00	udf	#0x9
10000c6f4:	00 00 00 00	udf	#0x0
10000c6f8:	01 00 00 00	udf	#0x1
10000c6fc:	00 00 00 00	udf	#0x0
10000c700:	06 01 00 00	udf	#0x106
10000c704:	00 00 00 00	udf	#0x0
10000c708:	02 00 00 00	udf	#0x2
10000c70c:	00 00 00 00	udf	#0x0
10000c710:	01 00 00 00	udf	#0x1
10000c714:	00 00 00 00	udf	#0x0
10000c718:	11 01 00 00	udf	#0x111
10000c71c:	00 00 00 00	udf	#0x0
10000c720:	01 00 00 00	udf	#0x1
10000c724:	00 00 00 00	udf	#0x0
10000c728:	06 01 00 00	udf	#0x106
10000c72c:	00 00 00 00	udf	#0x0
10000c730:	02 00 00 00	udf	#0x2
10000c734:	00 00 00 00	udf	#0x0
10000c738:	01 00 00 00	udf	#0x1
10000c73c:	00 00 00 00	udf	#0x0
10000c740:	0c 00 00 00	udf	#0xc
10000c744:	00 00 00 00	udf	#0x0
10000c748:	01 00 00 00	udf	#0x1
10000c74c:	00 00 00 00	udf	#0x0
10000c750:	17 01 00 00	udf	#0x117
10000c754:	00 00 00 00	udf	#0x0
10000c758:	02 00 00 00	udf	#0x2
10000c75c:	00 00 00 00	udf	#0x0
10000c760:	01 00 00 00	udf	#0x1
10000c764:	00 00 00 00	udf	#0x0
10000c768:	0c 00 00 00	udf	#0xc
10000c76c:	00 00 00 00	udf	#0x0
10000c770:	01 00 00 00	udf	#0x1
10000c774:	00 00 00 00	udf	#0x0
10000c778:	18 01 00 00	udf	#0x118
10000c77c:	00 00 00 00	udf	#0x0
10000c780:	1f 01 00 00	udf	#0x11f
10000c784:	00 00 00 00	udf	#0x0
10000c788:	0a 00 00 00	udf	#0xa
10000c78c:	00 00 00 00	udf	#0x0
__NSGetArgc__thunk:
10000c790:	10 00 00 90	adrp	x16, 0 ; 0x10000c000
10000c794:	10 d2 1e 91	add	x16, x16, #0x7b4 ; literal pool symbol address: __NSGetArgc
10000c798:	00 02 1f d6	br	x16
__NSGetArgv__thunk:
10000c79c:	10 00 00 90	adrp	x16, 0 ; 0x10000c000
10000c7a0:	10 02 1f 91	add	x16, x16, #0x7c0 ; literal pool symbol address: __NSGetArgv
10000c7a4:	00 02 1f d6	br	x16
_clock_gettime_nsec_np__thunk:
10000c7a8:	10 00 00 90	adrp	x16, 0 ; 0x10000c000
10000c7ac:	10 32 1f 91	add	x16, x16, #0x7cc ; literal pool symbol address: _clock_gettime_nsec_np
10000c7b0:	00 02 1f d6	br	x16
Contents of (__TEXT,__text) section
_silex_function_0:
1000004f0:	f0 03 00 aa	mov	x16, x0
1000004f4:	f1 03 01 aa	mov	x17, x1
1000004f8:	29 11 91 d2	mov	x9, #0x8889
1000004fc:	09 71 a7 f2	movk	x9, #0x3b88, lsl #16
100000500:	30 01 27 1e	fmov	s16, w9
100000504:	a9 db 8f d2	mov	x9, #0x7edd
100000508:	89 47 a8 f2	movk	x9, #0x423c, lsl #16
10000050c:	35 01 27 1e	fmov	s21, w9
100000510:	12 10 2e 1e	fmov	s18, #1.00000000
100000514:	11 10 2e 1e	fmov	s17, #1.00000000
100000518:	33 32 40 bd	ldr	s19, [x17, #0x30]
10000051c:	11 46 13 1f	fmadd	s17, s16, s19, s17
100000520:	52 1a 31 1e	fdiv	s18, s18, s17
100000524:	11 10 2e 1e	fmov	s17, #1.00000000
100000528:	13 10 2e 1e	fmov	s19, #1.00000000
10000052c:	34 3a 40 bd	ldr	s20, [x17, #0x38]
100000530:	13 4e 14 1f	fmadd	s19, s16, s20, s19
100000534:	34 1a 33 1e	fdiv	s20, s17, s19
100000538:	11 e4 00 2f	movi	d17, #0000000000000000
10000053c:	33 1a 40 bd	ldr	s19, [x17, #0x18]
100000540:	68 22 20 1e	fcmp	s19, #0.0
100000544:	4d 00 00 54	b.le	0x10000054c
100000548:	31 2a 40 bd	ldr	s17, [x17, #0x28]
10000054c:	33 1a 40 bd	ldr	s19, [x17, #0x18]
100000550:	16 0a 33 1e	fmul	s22, s16, s19
100000554:	33 02 40 bd	ldr	s19, [x17]
100000558:	d6 0a 33 1e	fmul	s22, s22, s19
10000055c:	13 0a 31 1e	fmul	s19, s16, s17
100000560:	17 e4 00 2f	movi	d23, #0000000000000000
100000564:	76 5a 17 1f	fmadd	s22, s19, s23, s22
100000568:	33 1a 40 bd	ldr	s19, [x17, #0x18]
10000056c:	17 0a 33 1e	fmul	s23, s16, s19
100000570:	33 0a 40 bd	ldr	s19, [x17, #0x8]
100000574:	f7 0a 33 1e	fmul	s23, s23, s19
100000578:	13 0a 31 1e	fmul	s19, s16, s17
10000057c:	11 90 34 1e	fmov	s17, #-10.00000000
100000580:	77 5e 11 1f	fmadd	s23, s19, s17, s23
100000584:	31 22 40 bd	ldr	s17, [x17, #0x20]
100000588:	10 0a 31 1e	fmul	s16, s16, s17
10000058c:	31 12 40 bd	ldr	s17, [x17, #0x10]
100000590:	13 0a 31 1e	fmul	s19, s16, s17
100000594:	10 02 40 bd	ldr	s16, [x16]
100000598:	50 5a 10 1f	fmadd	s16, s18, s16, s22
10000059c:	11 0a 40 bd	ldr	s17, [x16, #0x8]
1000005a0:	51 5e 11 1f	fmadd	s17, s18, s17, s23
1000005a4:	12 12 40 bd	ldr	s18, [x16, #0x10]
1000005a8:	92 4e 12 1f	fmadd	s18, s20, s18, s19
1000005ac:	13 0a 30 1e	fmul	s19, s16, s16
1000005b0:	33 4e 11 1f	fmadd	s19, s17, s17, s19
1000005b4:	14 10 26 1e	fmov	s20, #16.00000000
1000005b8:	60 22 34 1e	fcmp	s19, s20
1000005bc:	14 42 60 1e	fmov	d20, d16
1000005c0:	33 42 60 1e	fmov	d19, d17
1000005c4:	6d 01 00 54	b.le	0x1000005f0
1000005c8:	13 10 22 1e	fmov	s19, #4.00000000
1000005cc:	14 0a 30 1e	fmul	s20, s16, s16
1000005d0:	34 52 11 1f	fmadd	s20, s17, s17, s20
1000005d4:	96 c2 21 1e	fsqrt	s22, s20
1000005d8:	73 1a 36 1e	fdiv	s19, s19, s22
1000005dc:	74 0a 30 1e	fmul	s20, s19, s16
1000005e0:	73 0a 31 1e	fmul	s19, s19, s17
1000005e4:	20 00 80 52	mov	w0, #0x1
1000005e8:	ea 03 00 aa	mov	x10, x0
1000005ec:	2a 26 00 f9	str	x10, [x17, #0x48]
1000005f0:	50 0a 32 1e	fmul	s16, s18, s18
1000005f4:	69 52 99 d2	mov	x9, #0xca93
1000005f8:	49 a1 a8 f2	movk	x9, #0x450a, lsl #16
1000005fc:	31 01 27 1e	fmov	s17, w9
100000600:	00 22 31 1e	fcmp	s16, s17
100000604:	50 42 60 1e	fmov	d16, d18
100000608:	8d 02 00 54	b.le	0x100000658
10000060c:	22 22 40 f9	ldr	x2, [x17, #0x40]
100000610:	00 00 80 52	mov	w0, #0x0
100000614:	5f 00 00 eb	cmp	x2, x0
100000618:	50 42 60 1e	fmov	d16, d18
10000061c:	e1 01 00 54	b.ne	0x100000658
100000620:	11 10 2e 1e	fmov	s17, #1.00000000
100000624:	49 02 26 1e	fmov	w9, s18
100000628:	2a 02 26 1e	fmov	w10, s17
10000062c:	4a 01 09 ca	eor	x10, x10, x9
100000630:	0b 00 b0 d2	mov	x11, #0x80000000
100000634:	4a 01 0b 8a	and	x10, x10, x11
100000638:	29 01 0a ca	eor	x9, x9, x10
10000063c:	29 7d 40 d3	ubfx	x9, x9, #0, #32
100000640:	30 01 27 1e	fmov	s16, w9
100000644:	b5 1a 30 1e	fdiv	s21, s21, s16
100000648:	50 0a 35 1e	fmul	s16, s18, s21
10000064c:	20 00 80 52	mov	w0, #0x1
100000650:	ea 03 00 aa	mov	x10, x0
100000654:	2a 26 00 f9	str	x10, [x17, #0x48]
100000658:	14 02 00 bd	str	s20, [x16]
10000065c:	13 0a 00 bd	str	s19, [x16, #0x8]
100000660:	10 12 00 bd	str	s16, [x16, #0x10]
100000664:	00 00 80 52	mov	w0, #0x0
100000668:	08 00 80 52	mov	w8, #0x0
10000066c:	c0 03 5f d6	ret
100000670:	28 00 80 52	mov	w8, #0x1
100000674:	fe ff ff 17	b	0x10000066c
100000678:	48 00 80 52	mov	w8, #0x2
10000067c:	fc ff ff 17	b	0x10000066c
_silex_function_1:
100000680:	f0 03 00 aa	mov	x16, x0
100000684:	29 11 91 d2	mov	x9, #0x8889
100000688:	09 71 a7 f2	movk	x9, #0x3b88, lsl #16
10000068c:	30 01 27 1e	fmov	s16, w9
100000690:	11 12 40 bd	ldr	s17, [x16, #0x10]
100000694:	12 0a 31 1e	fmul	s18, s16, s17
100000698:	11 2a 40 bd	ldr	s17, [x16, #0x28]
10000069c:	13 32 40 bd	ldr	s19, [x16, #0x30]
1000006a0:	51 c6 13 1f	fmsub	s17, s18, s19, s17
1000006a4:	13 32 40 bd	ldr	s19, [x16, #0x30]
1000006a8:	14 2a 40 bd	ldr	s20, [x16, #0x28]
1000006ac:	52 4e 14 1f	fmadd	s18, s18, s20, s19
1000006b0:	53 0a 32 1e	fmul	s19, s18, s18
1000006b4:	33 4e 11 1f	fmadd	s19, s17, s17, s19
1000006b8:	74 c2 21 1e	fsqrt	s20, s19
1000006bc:	13 e4 00 2f	movi	d19, #0000000000000000
1000006c0:	88 22 20 1e	fcmp	s20, #0.0
1000006c4:	6d 00 00 54	b.le	0x1000006d0
1000006c8:	13 10 2e 1e	fmov	s19, #1.00000000
1000006cc:	73 1a 34 1e	fdiv	s19, s19, s20
1000006d0:	31 0a 33 1e	fmul	s17, s17, s19
1000006d4:	11 2a 00 bd	str	s17, [x16, #0x28]
1000006d8:	52 0a 33 1e	fmul	s18, s18, s19
1000006dc:	12 32 00 bd	str	s18, [x16, #0x30]
1000006e0:	11 1a 40 bd	ldr	s17, [x16, #0x18]
1000006e4:	12 02 40 bd	ldr	s18, [x16]
1000006e8:	11 46 12 1f	fmadd	s17, s16, s18, s17
1000006ec:	11 1a 00 bd	str	s17, [x16, #0x18]
1000006f0:	11 22 40 bd	ldr	s17, [x16, #0x20]
1000006f4:	12 0a 40 bd	ldr	s18, [x16, #0x8]
1000006f8:	11 46 12 1f	fmadd	s17, s16, s18, s17
1000006fc:	11 22 00 bd	str	s17, [x16, #0x20]
100000700:	00 00 80 52	mov	w0, #0x0
100000704:	08 00 80 52	mov	w8, #0x0
100000708:	c0 03 5f d6	ret
10000070c:	28 00 80 52	mov	w8, #0x1
100000710:	fe ff ff 17	b	0x100000708
100000714:	48 00 80 52	mov	w8, #0x2
100000718:	fc ff ff 17	b	0x100000708
_silex_function_2:
10000071c:	fd 7b bf a9	stp	x29, x30, [sp, #-0x10]!
100000720:	fd 03 00 91	mov	x29, sp
100000724:	ff 83 05 d1	sub	sp, sp, #0x160
100000728:	f3 93 00 f9	str	x19, [sp, #0x120]
10000072c:	f4 97 00 f9	str	x20, [sp, #0x128]
100000730:	f5 9b 00 f9	str	x21, [sp, #0x130]
100000734:	f6 9f 00 f9	str	x22, [sp, #0x138]
100000738:	f7 a3 00 f9	str	x23, [sp, #0x140]
10000073c:	f8 a7 00 f9	str	x24, [sp, #0x148]
100000740:	f9 ab 00 f9	str	x25, [sp, #0x150]
100000744:	e0 03 00 f9	str	x0, [sp]
100000748:	e1 07 00 f9	str	x1, [sp, #0x8]
10000074c:	e2 0b 00 f9	str	x2, [sp, #0x10]
100000750:	e3 0f 00 f9	str	x3, [sp, #0x18]
100000754:	e9 03 40 f9	ldr	x9, [sp]
100000758:	f4 03 09 aa	mov	x20, x9
10000075c:	e9 07 40 f9	ldr	x9, [sp, #0x8]
100000760:	f5 03 09 aa	mov	x21, x9
100000764:	e9 0b 40 f9	ldr	x9, [sp, #0x10]
100000768:	f8 03 09 aa	mov	x24, x9
10000076c:	e9 0f 40 f9	ldr	x9, [sp, #0x18]
100000770:	f9 03 09 aa	mov	x25, x9
100000774:	13 00 e0 d2	movz	x19, #0x0, lsl #48
100000778:	f6 03 18 aa	mov	x22, x24
10000077c:	7f 02 15 eb	cmp	x19, x21
100000780:	2a 02 00 54	b.ge	0x1000007c4
100000784:	e9 03 13 aa	mov	x9, x19
100000788:	3f 01 1f eb	cmp	x9, xzr
10000078c:	4a 00 00 54	b.ge	0x100000794
100000790:	29 01 15 8b	add	x9, x9, x21
100000794:	0b 07 80 d2	mov	x11, #0x38
100000798:	37 51 0b 9b	madd	x23, x9, x11, x20
10000079c:	7f 02 19 eb	cmp	x19, x25
1000007a0:	8a 04 00 54	b.ge	0x100000830
1000007a4:	e0 03 17 aa	mov	x0, x23
1000007a8:	e1 03 16 aa	mov	x1, x22
1000007ac:	51 ff ff 97	bl	_silex_function_0
1000007b0:	c8 02 00 35	cbnz	w8, 0x100000808
1000007b4:	73 06 00 91	add	x19, x19, #0x1
1000007b8:	d6 42 01 91	add	x22, x22, #0x50
1000007bc:	7f 02 15 eb	cmp	x19, x21
1000007c0:	2b fe ff 54	b.lt	0x100000784
1000007c4:	13 00 e0 d2	movz	x19, #0x0, lsl #48
1000007c8:	7f 02 15 eb	cmp	x19, x21
1000007cc:	aa 01 00 54	b.ge	0x100000800
1000007d0:	e9 03 13 aa	mov	x9, x19
1000007d4:	3f 01 1f eb	cmp	x9, xzr
1000007d8:	4a 00 00 54	b.ge	0x1000007e0
1000007dc:	29 01 15 8b	add	x9, x9, x21
1000007e0:	0b 07 80 d2	mov	x11, #0x38
1000007e4:	36 51 0b 9b	madd	x22, x9, x11, x20
1000007e8:	e0 03 16 aa	mov	x0, x22
1000007ec:	a5 ff ff 97	bl	_silex_function_1
1000007f0:	c8 00 00 35	cbnz	w8, 0x100000808
1000007f4:	73 06 00 91	add	x19, x19, #0x1
1000007f8:	7f 02 15 eb	cmp	x19, x21
1000007fc:	ab fe ff 54	b.lt	0x1000007d0
100000800:	00 00 80 52	mov	w0, #0x0
100000804:	08 00 80 52	mov	w8, #0x0
100000808:	f3 93 40 f9	ldr	x19, [sp, #0x120]
10000080c:	f4 97 40 f9	ldr	x20, [sp, #0x128]
100000810:	f5 9b 40 f9	ldr	x21, [sp, #0x130]
100000814:	f6 9f 40 f9	ldr	x22, [sp, #0x138]
100000818:	f7 a3 40 f9	ldr	x23, [sp, #0x140]
10000081c:	f8 a7 40 f9	ldr	x24, [sp, #0x148]
100000820:	f9 ab 40 f9	ldr	x25, [sp, #0x150]
100000824:	ff 83 05 91	add	sp, sp, #0x160
100000828:	fd 7b c1 a8	ldp	x29, x30, [sp], #0x10
10000082c:	c0 03 5f d6	ret
100000830:	f3 8b 00 f9	str	x19, [sp, #0x110]
100000834:	40 00 80 52	mov	w0, #0x2
100000838:	41 00 00 d0	adrp	x1, 10 ; 0x10000a000
10000083c:	21 00 01 91	add	x1, x1, #0x40
100000840:	02 17 80 d2	mov	x2, #0xb8
100000844:	02 00 a0 f2	movk	x2, #0x0, lsl #16
100000848:	02 00 c0 f2	movk	x2, #0x0, lsl #32
10000084c:	02 00 e0 f2	movk	x2, #0x0, lsl #48
100000850:	90 00 80 52	mov	w16, #0x4
100000854:	01 10 00 d4	svc	#0x80
100000858:	e9 8b 40 f9	ldr	x9, [sp, #0x110]
10000085c:	ff 83 00 d1	sub	sp, sp, #0x20
100000860:	eb 83 00 91	add	x11, sp, #0x20
100000864:	0c 00 80 52	mov	w12, #0x0
100000868:	c9 00 00 b5	cbnz	x9, 0x100000880
10000086c:	6b 05 00 d1	sub	x11, x11, #0x1
100000870:	0a 06 80 52	mov	w10, #0x30
100000874:	6a 01 00 39	strb	w10, [x11]
100000878:	8c 05 00 91	add	x12, x12, #0x1
10000087c:	16 00 00 14	b	0x1000008d4
100000880:	03 00 80 52	mov	w3, #0x0
100000884:	3f 01 1f eb	cmp	x9, xzr
100000888:	6b 00 00 54	b.lt	0x100000894
10000088c:	e9 03 09 eb	negs	x9, x9
100000890:	02 00 00 14	b	0x100000898
100000894:	23 00 80 52	mov	w3, #0x1
100000898:	4a 01 80 52	mov	w10, #0xa
10000089c:	24 0d ca 9a	sdiv	x4, x9, x10
1000008a0:	85 a4 0a 9b	msub	x5, x4, x10, x9
1000008a4:	06 06 80 52	mov	w6, #0x30
1000008a8:	c6 00 05 eb	subs	x6, x6, x5
1000008ac:	6b 05 00 d1	sub	x11, x11, #0x1
1000008b0:	66 01 00 39	strb	w6, [x11]
1000008b4:	8c 05 00 91	add	x12, x12, #0x1
1000008b8:	e9 03 04 aa	mov	x9, x4
1000008bc:	e9 fe ff b5	cbnz	x9, 0x100000898
1000008c0:	a3 00 00 34	cbz	w3, 0x1000008d4
1000008c4:	6b 05 00 d1	sub	x11, x11, #0x1
1000008c8:	aa 05 80 52	mov	w10, #0x2d
1000008cc:	6a 01 00 39	strb	w10, [x11]
1000008d0:	8c 05 00 91	add	x12, x12, #0x1
1000008d4:	40 00 80 52	mov	w0, #0x2
1000008d8:	e1 03 0b aa	mov	x1, x11
1000008dc:	e2 03 0c aa	mov	x2, x12
1000008e0:	90 00 80 52	mov	w16, #0x4
1000008e4:	01 10 00 d4	svc	#0x80
1000008e8:	ff 83 00 91	add	sp, sp, #0x20
1000008ec:	40 00 80 52	mov	w0, #0x2
1000008f0:	41 00 00 d0	adrp	x1, 10 ; 0x10000a000
1000008f4:	21 60 00 91	add	x1, x1, #0x18
1000008f8:	82 03 80 d2	mov	x2, #0x1c
1000008fc:	02 00 a0 f2	movk	x2, #0x0, lsl #16
100000900:	02 00 c0 f2	movk	x2, #0x0, lsl #32
100000904:	02 00 e0 f2	movk	x2, #0x0, lsl #48
100000908:	90 00 80 52	mov	w16, #0x4
10000090c:	01 10 00 d4	svc	#0x80
100000910:	68 00 80 52	mov	w8, #0x3
100000914:	bd ff ff 17	b	0x100000808
100000918:	28 00 80 52	mov	w8, #0x1
10000091c:	bb ff ff 17	b	0x100000808
100000920:	48 00 80 52	mov	w8, #0x2
100000924:	b9 ff ff 17	b	0x100000808
_silex_function_3:
100000928:	fd 7b bf a9	stp	x29, x30, [sp, #-0x10]!
10000092c:	fd 03 00 91	mov	x29, sp
100000930:	ff 03 2d d1	sub	sp, sp, #0xb40
100000934:	09 00 80 52	mov	w9, #0x0
100000938:	e9 03 00 f9	str	x9, [sp]
10000093c:	f0 03 09 aa	mov	x16, x9
100000940:	09 00 80 52	mov	w9, #0x0
100000944:	e9 07 00 f9	str	x9, [sp, #0x8]
100000948:	f1 03 09 aa	mov	x17, x9
10000094c:	ef 43 00 91	add	x15, sp, #0x10
100000950:	bb 0d 00 94	bl	_silex_function_8
100000954:	c8 3c 01 35	cbnz	w8, 0x1000030ec
100000958:	e9 0b 40 f9	ldr	x9, [sp, #0x10]
10000095c:	2a 00 80 d2	mov	x10, #0x1
100000960:	3f 01 0a eb	cmp	x9, x10
100000964:	0b 00 80 52	mov	w11, #0x0
100000968:	41 00 00 54	b.ne	0x100000970
10000096c:	2b 00 80 52	mov	w11, #0x1
100000970:	eb 23 00 f9	str	x11, [sp, #0x40]
100000974:	e9 23 40 f9	ldr	x9, [sp, #0x40]
100000978:	a9 05 00 34	cbz	w9, 0x100000a2c
10000097c:	e9 0f 40 f9	ldr	x9, [sp, #0x18]
100000980:	e9 27 00 f9	str	x9, [sp, #0x48]
100000984:	e9 13 40 f9	ldr	x9, [sp, #0x20]
100000988:	e9 2b 00 f9	str	x9, [sp, #0x50]
10000098c:	e9 17 40 f9	ldr	x9, [sp, #0x28]
100000990:	e9 2f 00 f9	str	x9, [sp, #0x58]
100000994:	e9 1b 40 f9	ldr	x9, [sp, #0x30]
100000998:	e9 33 00 f9	str	x9, [sp, #0x60]
10000099c:	e9 1f 40 f9	ldr	x9, [sp, #0x38]
1000009a0:	e9 37 00 f9	str	x9, [sp, #0x68]
1000009a4:	e9 37 40 f9	ldr	x9, [sp, #0x68]
1000009a8:	e9 3b 00 f9	str	x9, [sp, #0x70]
1000009ac:	f0 03 09 aa	mov	x16, x9
1000009b0:	40 00 80 52	mov	w0, #0x2
1000009b4:	41 00 00 d0	adrp	x1, 10 ; 0x10000a000
1000009b8:	21 40 07 91	add	x1, x1, #0x1d0
1000009bc:	e2 14 80 d2	mov	x2, #0xa7
1000009c0:	02 00 a0 f2	movk	x2, #0x0, lsl #16
1000009c4:	02 00 c0 f2	movk	x2, #0x0, lsl #32
1000009c8:	02 00 e0 f2	movk	x2, #0x0, lsl #48
1000009cc:	90 00 80 52	mov	w16, #0x4
1000009d0:	01 10 00 d4	svc	#0x80
1000009d4:	e9 3b 40 f9	ldr	x9, [sp, #0x70]
1000009d8:	22 01 40 f9	ldr	x2, [x9]
1000009dc:	ea ff 9f d2	mov	x10, #0xffff
1000009e0:	ea ff bf f2	movk	x10, #0xffff, lsl #16
1000009e4:	ea ff df f2	movk	x10, #0xffff, lsl #32
1000009e8:	ea ff ef f2	movk	x10, #0x7fff, lsl #48
1000009ec:	42 00 0a 8a	and	x2, x2, x10
1000009f0:	21 21 00 91	add	x1, x9, #0x8
1000009f4:	40 00 80 52	mov	w0, #0x2
1000009f8:	90 00 80 52	mov	w16, #0x4
1000009fc:	01 10 00 d4	svc	#0x80
100000a00:	40 00 80 52	mov	w0, #0x2
100000a04:	41 00 00 b0	adrp	x1, 9 ; 0x100009000
100000a08:	21 40 3c 91	add	x1, x1, #0xf10
100000a0c:	22 00 80 d2	mov	x2, #0x1
100000a10:	02 00 a0 f2	movk	x2, #0x0, lsl #16
100000a14:	02 00 c0 f2	movk	x2, #0x0, lsl #32
100000a18:	02 00 e0 f2	movk	x2, #0x0, lsl #48
100000a1c:	90 00 80 52	mov	w16, #0x4
100000a20:	01 10 00 d4	svc	#0x80
100000a24:	68 00 80 52	mov	w8, #0x3
100000a28:	b1 09 00 14	b	0x1000030ec
100000a2c:	e9 0f 40 f9	ldr	x9, [sp, #0x18]
100000a30:	e9 3f 00 f9	str	x9, [sp, #0x78]
100000a34:	f0 03 09 aa	mov	x16, x9
100000a38:	e9 03 10 aa	mov	x9, x16
100000a3c:	e9 83 05 f9	str	x9, [sp, #0xb00]
100000a40:	f1 03 09 aa	mov	x17, x9
100000a44:	09 00 e0 d2	movz	x9, #0x0, lsl #48
100000a48:	e9 43 00 f9	str	x9, [sp, #0x80]
100000a4c:	f0 03 09 aa	mov	x16, x9
100000a50:	e9 03 40 f9	ldr	x9, [sp]
100000a54:	e9 37 04 f9	str	x9, [sp, #0x868]
100000a58:	f1 03 09 aa	mov	x17, x9
100000a5c:	e9 03 10 aa	mov	x9, x16
100000a60:	e9 3f 04 f9	str	x9, [sp, #0x878]
100000a64:	f0 03 09 aa	mov	x16, x9
100000a68:	e9 07 40 f9	ldr	x9, [sp, #0x8]
100000a6c:	e9 3b 04 f9	str	x9, [sp, #0x870]
100000a70:	f1 03 09 aa	mov	x17, x9
100000a74:	e9 83 45 f9	ldr	x9, [sp, #0xb00]
100000a78:	e9 47 00 f9	str	x9, [sp, #0x88]
100000a7c:	f0 03 09 aa	mov	x16, x9
100000a80:	e9 47 40 f9	ldr	x9, [sp, #0x88]
100000a84:	2a 01 40 f9	ldr	x10, [x9]
100000a88:	ea 4b 00 f9	str	x10, [sp, #0x90]
100000a8c:	e9 3f 44 f9	ldr	x9, [sp, #0x878]
100000a90:	ea 4b 40 f9	ldr	x10, [sp, #0x90]
100000a94:	3f 01 0a eb	cmp	x9, x10
100000a98:	0b 00 80 52	mov	w11, #0x0
100000a9c:	4a 00 00 54	b.ge	0x100000aa4
100000aa0:	2b 00 80 52	mov	w11, #0x1
100000aa4:	eb 4f 00 f9	str	x11, [sp, #0x98]
100000aa8:	f0 03 0b aa	mov	x16, x11
100000aac:	e9 4f 40 f9	ldr	x9, [sp, #0x98]
100000ab0:	89 07 00 34	cbz	w9, 0x100000ba0
100000ab4:	e9 83 45 f9	ldr	x9, [sp, #0xb00]
100000ab8:	e9 53 00 f9	str	x9, [sp, #0xa0]
100000abc:	f0 03 09 aa	mov	x16, x9
100000ac0:	ea 53 40 f9	ldr	x10, [sp, #0xa0]
100000ac4:	4a a1 00 91	add	x10, x10, #0x28
100000ac8:	e9 3f 44 f9	ldr	x9, [sp, #0x878]
100000acc:	4a 0d 09 8b	add	x10, x10, x9, lsl #3
100000ad0:	4c 01 40 f9	ldr	x12, [x10]
100000ad4:	ec 57 00 f9	str	x12, [sp, #0xa8]
100000ad8:	ea 57 40 f9	ldr	x10, [sp, #0xa8]
100000adc:	49 01 40 f9	ldr	x9, [x10]
100000ae0:	0b 00 80 d2	mov	x11, #0x0
100000ae4:	0b 00 a0 f2	movk	x11, #0x0, lsl #16
100000ae8:	0b 00 c0 f2	movk	x11, #0x0, lsl #32
100000aec:	0b 00 f0 f2	movk	x11, #0x8000, lsl #48
100000af0:	29 01 0b 8a	and	x9, x9, x11
100000af4:	c9 00 00 b4	cbz	x9, 0x100000b0c
100000af8:	4a 41 00 d1	sub	x10, x10, #0x10
100000afc:	49 fd 5f c8	ldaxr	x9, [x10]
100000b00:	29 05 00 91	add	x9, x9, #0x1
100000b04:	49 fd 0b c8	stlxr	w11, x9, [x10]
100000b08:	ab ff ff 35	cbnz	w11, 0x100000afc
100000b0c:	49 00 00 d0	adrp	x9, 10 ; 0x10000a000
100000b10:	29 01 0d 91	add	x9, x9, #0x340
100000b14:	e9 5b 00 f9	str	x9, [sp, #0xb0]
100000b18:	e9 57 40 f9	ldr	x9, [sp, #0xa8]
100000b1c:	ea 5b 40 f9	ldr	x10, [sp, #0xb0]
100000b20:	2b 01 40 f9	ldr	x11, [x9]
100000b24:	ee ff 9f d2	mov	x14, #0xffff
100000b28:	ee ff bf f2	movk	x14, #0xffff, lsl #16
100000b2c:	ee ff df f2	movk	x14, #0xffff, lsl #32
100000b30:	ee ff ef f2	movk	x14, #0x7fff, lsl #48
100000b34:	6b 01 0e 8a	and	x11, x11, x14
100000b38:	4c 01 40 f9	ldr	x12, [x10]
100000b3c:	ee ff 9f d2	mov	x14, #0xffff
100000b40:	ee ff bf f2	movk	x14, #0xffff, lsl #16
100000b44:	ee ff df f2	movk	x14, #0xffff, lsl #32
100000b48:	ee ff ef f2	movk	x14, #0x7fff, lsl #48
100000b4c:	8c 01 0e 8a	and	x12, x12, x14
100000b50:	0d 00 80 52	mov	w13, #0x0
100000b54:	7f 01 0c eb	cmp	x11, x12
100000b58:	a1 01 00 54	b.ne	0x100000b8c
100000b5c:	29 21 00 91	add	x9, x9, #0x8
100000b60:	4a 21 00 91	add	x10, x10, #0x8
100000b64:	2b 01 00 b4	cbz	x11, 0x100000b88
100000b68:	2e 01 40 39	ldrb	w14, [x9]
100000b6c:	4f 01 40 39	ldrb	w15, [x10]
100000b70:	df 01 0f eb	cmp	x14, x15
100000b74:	c1 00 00 54	b.ne	0x100000b8c
100000b78:	29 05 00 91	add	x9, x9, #0x1
100000b7c:	4a 05 00 91	add	x10, x10, #0x1
100000b80:	6b 05 00 d1	sub	x11, x11, #0x1
100000b84:	2b ff ff b5	cbnz	x11, 0x100000b68
100000b88:	2d 00 80 52	mov	w13, #0x1
100000b8c:	ed 5f 00 f9	str	x13, [sp, #0xb8]
100000b90:	e9 5f 40 f9	ldr	x9, [sp, #0xb8]
100000b94:	49 00 00 34	cbz	w9, 0x100000b9c
100000b98:	09 00 00 14	b	0x100000bbc
100000b9c:	0e 00 00 14	b	0x100000bd4
100000ba0:	e9 3f 40 f9	ldr	x9, [sp, #0x78]
100000ba4:	2a 01 40 f9	ldr	x10, [x9]
100000ba8:	ea 7f 00 f9	str	x10, [sp, #0xf8]
100000bac:	e9 7f 40 f9	ldr	x9, [sp, #0xf8]
100000bb0:	e9 43 04 f9	str	x9, [sp, #0x880]
100000bb4:	f0 03 09 aa	mov	x16, x9
100000bb8:	51 00 00 14	b	0x100000cfc
100000bbc:	29 00 80 52	mov	w9, #0x1
100000bc0:	e9 63 00 f9	str	x9, [sp, #0xc0]
100000bc4:	f0 03 09 aa	mov	x16, x9
100000bc8:	e9 03 10 aa	mov	x9, x16
100000bcc:	e9 37 04 f9	str	x9, [sp, #0x868]
100000bd0:	f1 03 09 aa	mov	x17, x9
100000bd4:	49 00 00 d0	adrp	x9, 10 ; 0x10000a000
100000bd8:	29 41 0d 91	add	x9, x9, #0x350
100000bdc:	e9 67 00 f9	str	x9, [sp, #0xc8]
100000be0:	e9 57 40 f9	ldr	x9, [sp, #0xa8]
100000be4:	ea 67 40 f9	ldr	x10, [sp, #0xc8]
100000be8:	2b 01 40 f9	ldr	x11, [x9]
100000bec:	ee ff 9f d2	mov	x14, #0xffff
100000bf0:	ee ff bf f2	movk	x14, #0xffff, lsl #16
100000bf4:	ee ff df f2	movk	x14, #0xffff, lsl #32
100000bf8:	ee ff ef f2	movk	x14, #0x7fff, lsl #48
100000bfc:	6b 01 0e 8a	and	x11, x11, x14
100000c00:	4c 01 40 f9	ldr	x12, [x10]
100000c04:	ee ff 9f d2	mov	x14, #0xffff
100000c08:	ee ff bf f2	movk	x14, #0xffff, lsl #16
100000c0c:	ee ff df f2	movk	x14, #0xffff, lsl #32
100000c10:	ee ff ef f2	movk	x14, #0x7fff, lsl #48
100000c14:	8c 01 0e 8a	and	x12, x12, x14
100000c18:	0d 00 80 52	mov	w13, #0x0
100000c1c:	7f 01 0c eb	cmp	x11, x12
100000c20:	a1 01 00 54	b.ne	0x100000c54
100000c24:	29 21 00 91	add	x9, x9, #0x8
100000c28:	4a 21 00 91	add	x10, x10, #0x8
100000c2c:	2b 01 00 b4	cbz	x11, 0x100000c50
100000c30:	2e 01 40 39	ldrb	w14, [x9]
100000c34:	4f 01 40 39	ldrb	w15, [x10]
100000c38:	df 01 0f eb	cmp	x14, x15
100000c3c:	c1 00 00 54	b.ne	0x100000c54
100000c40:	29 05 00 91	add	x9, x9, #0x1
100000c44:	4a 05 00 91	add	x10, x10, #0x1
100000c48:	6b 05 00 d1	sub	x11, x11, #0x1
100000c4c:	2b ff ff b5	cbnz	x11, 0x100000c30
100000c50:	2d 00 80 52	mov	w13, #0x1
100000c54:	ed 6b 00 f9	str	x13, [sp, #0xd0]
100000c58:	e9 6b 40 f9	ldr	x9, [sp, #0xd0]
100000c5c:	a9 01 00 34	cbz	w9, 0x100000c90
100000c60:	29 00 80 52	mov	w9, #0x1
100000c64:	e9 6f 00 f9	str	x9, [sp, #0xd8]
100000c68:	f0 03 09 aa	mov	x16, x9
100000c6c:	29 00 80 52	mov	w9, #0x1
100000c70:	e9 73 00 f9	str	x9, [sp, #0xe0]
100000c74:	f1 03 09 aa	mov	x17, x9
100000c78:	e9 03 10 aa	mov	x9, x16
100000c7c:	e9 37 04 f9	str	x9, [sp, #0x868]
100000c80:	f0 03 09 aa	mov	x16, x9
100000c84:	e9 03 11 aa	mov	x9, x17
100000c88:	e9 3b 04 f9	str	x9, [sp, #0x870]
100000c8c:	f1 03 09 aa	mov	x17, x9
100000c90:	ea 57 40 f9	ldr	x10, [sp, #0xa8]
100000c94:	49 01 40 f9	ldr	x9, [x10]
100000c98:	0b 00 80 d2	mov	x11, #0x0
100000c9c:	0b 00 a0 f2	movk	x11, #0x0, lsl #16
100000ca0:	0b 00 c0 f2	movk	x11, #0x0, lsl #32
100000ca4:	0b 00 f0 f2	movk	x11, #0x8000, lsl #48
100000ca8:	29 01 0b 8a	and	x9, x9, x11
100000cac:	89 01 00 b4	cbz	x9, 0x100000cdc
100000cb0:	4a 41 00 d1	sub	x10, x10, #0x10
100000cb4:	49 fd 5f c8	ldaxr	x9, [x10]
100000cb8:	29 01 00 b4	cbz	x9, 0x100000cdc
100000cbc:	29 05 00 d1	sub	x9, x9, #0x1
100000cc0:	49 fd 0b c8	stlxr	w11, x9, [x10]
100000cc4:	8b ff ff 35	cbnz	w11, 0x100000cb4
100000cc8:	a9 00 00 b5	cbnz	x9, 0x100000cdc
100000ccc:	41 05 40 f9	ldr	x1, [x10, #0x8]
100000cd0:	e0 03 0a aa	mov	x0, x10
100000cd4:	30 09 80 52	mov	w16, #0x49
100000cd8:	01 10 00 d4	svc	#0x80
100000cdc:	e9 3f 44 f9	ldr	x9, [sp, #0x878]
100000ce0:	2b 05 00 91	add	x11, x9, #0x1
100000ce4:	eb 77 00 f9	str	x11, [sp, #0xe8]
100000ce8:	f0 03 0b aa	mov	x16, x11
100000cec:	e9 03 10 aa	mov	x9, x16
100000cf0:	e9 3f 04 f9	str	x9, [sp, #0x878]
100000cf4:	f1 03 09 aa	mov	x17, x9
100000cf8:	5f ff ff 17	b	0x100000a74
100000cfc:	09 00 e0 d2	movz	x9, #0x0, lsl #48
100000d00:	e9 83 00 f9	str	x9, [sp, #0x100]
100000d04:	f0 03 09 aa	mov	x16, x9
100000d08:	e9 43 44 f9	ldr	x9, [sp, #0x880]
100000d0c:	ea 83 40 f9	ldr	x10, [sp, #0x100]
100000d10:	3f 01 0a eb	cmp	x9, x10
100000d14:	0b 00 80 52	mov	w11, #0x0
100000d18:	40 00 00 54	b.eq	0x100000d20
100000d1c:	2b 00 80 52	mov	w11, #0x1
100000d20:	eb 87 00 f9	str	x11, [sp, #0x108]
100000d24:	f1 03 0b aa	mov	x17, x11
100000d28:	e9 87 40 f9	ldr	x9, [sp, #0x108]
100000d2c:	89 11 00 34	cbz	w9, 0x100000f5c
100000d30:	e9 43 44 f9	ldr	x9, [sp, #0x880]
100000d34:	2b 05 00 d1	sub	x11, x9, #0x1
100000d38:	eb 8f 00 f9	str	x11, [sp, #0x118]
100000d3c:	f0 03 0b aa	mov	x16, x11
100000d40:	ea 3f 40 f9	ldr	x10, [sp, #0x78]
100000d44:	4d 01 40 f9	ldr	x13, [x10]
100000d48:	e9 8f 40 f9	ldr	x9, [sp, #0x118]
100000d4c:	3f 01 1f eb	cmp	x9, xzr
100000d50:	4a 00 00 54	b.ge	0x100000d58
100000d54:	29 01 0d 8b	add	x9, x9, x13
100000d58:	3f 01 1f eb	cmp	x9, xzr
100000d5c:	0b 01 00 54	b.lt	0x100000d7c
100000d60:	3f 01 0d eb	cmp	x9, x13
100000d64:	ca 00 00 54	b.ge	0x100000d7c
100000d68:	4a a1 00 91	add	x10, x10, #0x28
100000d6c:	4a 0d 09 8b	add	x10, x10, x9, lsl #3
100000d70:	4c 01 40 f9	ldr	x12, [x10]
100000d74:	ec 93 00 f9	str	x12, [sp, #0x120]
100000d78:	62 00 00 14	b	0x100000f00
100000d7c:	ed 93 00 f9	str	x13, [sp, #0x120]
100000d80:	40 00 80 52	mov	w0, #0x2
100000d84:	41 00 00 d0	adrp	x1, 10 ; 0x10000a000
100000d88:	21 c0 0d 91	add	x1, x1, #0x370
100000d8c:	c2 13 80 d2	mov	x2, #0x9e
100000d90:	02 00 a0 f2	movk	x2, #0x0, lsl #16
100000d94:	02 00 c0 f2	movk	x2, #0x0, lsl #32
100000d98:	02 00 e0 f2	movk	x2, #0x0, lsl #48
100000d9c:	90 00 80 52	mov	w16, #0x4
100000da0:	01 10 00 d4	svc	#0x80
100000da4:	e9 8f 40 f9	ldr	x9, [sp, #0x118]
100000da8:	ff 83 00 d1	sub	sp, sp, #0x20
100000dac:	eb 83 00 91	add	x11, sp, #0x20
100000db0:	0c 00 80 52	mov	w12, #0x0
100000db4:	c9 00 00 b5	cbnz	x9, 0x100000dcc
100000db8:	6b 05 00 d1	sub	x11, x11, #0x1
100000dbc:	0a 06 80 52	mov	w10, #0x30
100000dc0:	6a 01 00 39	strb	w10, [x11]
100000dc4:	8c 05 00 91	add	x12, x12, #0x1
100000dc8:	16 00 00 14	b	0x100000e20
100000dcc:	03 00 80 52	mov	w3, #0x0
100000dd0:	3f 01 1f eb	cmp	x9, xzr
100000dd4:	6b 00 00 54	b.lt	0x100000de0
100000dd8:	e9 03 09 eb	negs	x9, x9
100000ddc:	02 00 00 14	b	0x100000de4
100000de0:	23 00 80 52	mov	w3, #0x1
100000de4:	4a 01 80 52	mov	w10, #0xa
100000de8:	24 0d ca 9a	sdiv	x4, x9, x10
100000dec:	85 a4 0a 9b	msub	x5, x4, x10, x9
100000df0:	06 06 80 52	mov	w6, #0x30
100000df4:	c6 00 05 eb	subs	x6, x6, x5
100000df8:	6b 05 00 d1	sub	x11, x11, #0x1
100000dfc:	66 01 00 39	strb	w6, [x11]
100000e00:	8c 05 00 91	add	x12, x12, #0x1
100000e04:	e9 03 04 aa	mov	x9, x4
100000e08:	e9 fe ff b5	cbnz	x9, 0x100000de4
100000e0c:	a3 00 00 34	cbz	w3, 0x100000e20
100000e10:	6b 05 00 d1	sub	x11, x11, #0x1
100000e14:	aa 05 80 52	mov	w10, #0x2d
100000e18:	6a 01 00 39	strb	w10, [x11]
100000e1c:	8c 05 00 91	add	x12, x12, #0x1
100000e20:	40 00 80 52	mov	w0, #0x2
100000e24:	e1 03 0b aa	mov	x1, x11
100000e28:	e2 03 0c aa	mov	x2, x12
100000e2c:	90 00 80 52	mov	w16, #0x4
100000e30:	01 10 00 d4	svc	#0x80
100000e34:	ff 83 00 91	add	sp, sp, #0x20
100000e38:	40 00 80 52	mov	w0, #0x2
100000e3c:	41 00 00 d0	adrp	x1, 10 ; 0x10000a000
100000e40:	21 60 00 91	add	x1, x1, #0x18
100000e44:	82 03 80 d2	mov	x2, #0x1c
100000e48:	02 00 a0 f2	movk	x2, #0x0, lsl #16
100000e4c:	02 00 c0 f2	movk	x2, #0x0, lsl #32
100000e50:	02 00 e0 f2	movk	x2, #0x0, lsl #48
100000e54:	90 00 80 52	mov	w16, #0x4
100000e58:	01 10 00 d4	svc	#0x80
100000e5c:	e9 93 40 f9	ldr	x9, [sp, #0x120]
100000e60:	ff 83 00 d1	sub	sp, sp, #0x20
100000e64:	eb 7f 00 91	add	x11, sp, #0x1f
100000e68:	4a 01 80 52	mov	w10, #0xa
100000e6c:	6a 01 00 39	strb	w10, [x11]
100000e70:	2c 00 80 52	mov	w12, #0x1
100000e74:	c9 00 00 b5	cbnz	x9, 0x100000e8c
100000e78:	6b 05 00 d1	sub	x11, x11, #0x1
100000e7c:	0a 06 80 52	mov	w10, #0x30
100000e80:	6a 01 00 39	strb	w10, [x11]
100000e84:	8c 05 00 91	add	x12, x12, #0x1
100000e88:	16 00 00 14	b	0x100000ee0
100000e8c:	03 00 80 52	mov	w3, #0x0
100000e90:	3f 01 1f eb	cmp	x9, xzr
100000e94:	6b 00 00 54	b.lt	0x100000ea0
100000e98:	e9 03 09 eb	negs	x9, x9
100000e9c:	02 00 00 14	b	0x100000ea4
100000ea0:	23 00 80 52	mov	w3, #0x1
100000ea4:	4a 01 80 52	mov	w10, #0xa
100000ea8:	24 0d ca 9a	sdiv	x4, x9, x10
100000eac:	85 a4 0a 9b	msub	x5, x4, x10, x9
100000eb0:	06 06 80 52	mov	w6, #0x30
100000eb4:	c6 00 05 eb	subs	x6, x6, x5
100000eb8:	6b 05 00 d1	sub	x11, x11, #0x1
100000ebc:	66 01 00 39	strb	w6, [x11]
100000ec0:	8c 05 00 91	add	x12, x12, #0x1
100000ec4:	e9 03 04 aa	mov	x9, x4
100000ec8:	e9 fe ff b5	cbnz	x9, 0x100000ea4
100000ecc:	a3 00 00 34	cbz	w3, 0x100000ee0
100000ed0:	6b 05 00 d1	sub	x11, x11, #0x1
100000ed4:	aa 05 80 52	mov	w10, #0x2d
100000ed8:	6a 01 00 39	strb	w10, [x11]
100000edc:	8c 05 00 91	add	x12, x12, #0x1
100000ee0:	40 00 80 52	mov	w0, #0x2
100000ee4:	e1 03 0b aa	mov	x1, x11
100000ee8:	e2 03 0c aa	mov	x2, x12
100000eec:	90 00 80 52	mov	w16, #0x4
100000ef0:	01 10 00 d4	svc	#0x80
100000ef4:	ff 83 00 91	add	sp, sp, #0x20
100000ef8:	68 00 80 52	mov	w8, #0x3
100000efc:	7c 08 00 14	b	0x1000030ec
100000f00:	ea 93 40 f9	ldr	x10, [sp, #0x120]
100000f04:	49 01 40 f9	ldr	x9, [x10]
100000f08:	0b 00 80 d2	mov	x11, #0x0
100000f0c:	0b 00 a0 f2	movk	x11, #0x0, lsl #16
100000f10:	0b 00 c0 f2	movk	x11, #0x0, lsl #32
100000f14:	0b 00 f0 f2	movk	x11, #0x8000, lsl #48
100000f18:	29 01 0b 8a	and	x9, x9, x11
100000f1c:	89 01 00 b4	cbz	x9, 0x100000f4c
100000f20:	4a 41 00 d1	sub	x10, x10, #0x10
100000f24:	49 fd 5f c8	ldaxr	x9, [x10]
100000f28:	29 01 00 b4	cbz	x9, 0x100000f4c
100000f2c:	29 05 00 d1	sub	x9, x9, #0x1
100000f30:	49 fd 0b c8	stlxr	w11, x9, [x10]
100000f34:	8b ff ff 35	cbnz	w11, 0x100000f24
100000f38:	a9 00 00 b5	cbnz	x9, 0x100000f4c
100000f3c:	41 05 40 f9	ldr	x1, [x10, #0x8]
100000f40:	e0 03 0a aa	mov	x0, x10
100000f44:	30 09 80 52	mov	w16, #0x49
100000f48:	01 10 00 d4	svc	#0x80
100000f4c:	e9 8f 40 f9	ldr	x9, [sp, #0x118]
100000f50:	e9 43 04 f9	str	x9, [sp, #0x880]
100000f54:	f0 03 09 aa	mov	x16, x9
100000f58:	69 ff ff 17	b	0x100000cfc
100000f5c:	ea 3f 40 f9	ldr	x10, [sp, #0x78]
100000f60:	4e 21 00 91	add	x14, x10, #0x8
100000f64:	c9 fd 5f c8	ldaxr	x9, [x14]
100000f68:	c9 02 00 b4	cbz	x9, 0x100000fc0
100000f6c:	29 05 00 d1	sub	x9, x9, #0x1
100000f70:	c9 fd 0b c8	stlxr	w11, x9, [x14]
100000f74:	8b ff ff 35	cbnz	w11, 0x100000f64
100000f78:	4b 09 40 f9	ldr	x11, [x10, #0x10]
100000f7c:	29 01 0b 8b	add	x9, x9, x11
100000f80:	09 02 00 b5	cbnz	x9, 0x100000fc0
100000f84:	4e 81 00 91	add	x14, x10, #0x20
100000f88:	c9 fd 5f c8	ldaxr	x9, [x14]
100000f8c:	4b 00 80 d2	mov	x11, #0x2
100000f90:	3f 01 0b eb	cmp	x9, x11
100000f94:	a0 ff ff 54	b.eq	0x100000f88
100000f98:	2b 00 80 d2	mov	x11, #0x1
100000f9c:	3f 01 0b eb	cmp	x9, x11
100000fa0:	00 01 00 54	b.eq	0x100000fc0
100000fa4:	29 00 80 d2	mov	x9, #0x1
100000fa8:	c9 fd 0b c8	stlxr	w11, x9, [x14]
100000fac:	eb fe ff 35	cbnz	w11, 0x100000f88
100000fb0:	41 0d 40 f9	ldr	x1, [x10, #0x18]
100000fb4:	e0 03 0a aa	mov	x0, x10
100000fb8:	30 09 80 52	mov	w16, #0x49
100000fbc:	01 10 00 d4	svc	#0x80
100000fc0:	09 00 84 d2	mov	x9, #0x2000
100000fc4:	e9 97 00 f9	str	x9, [sp, #0x128]
100000fc8:	f0 03 09 aa	mov	x16, x9
100000fcc:	09 00 81 d2	mov	x9, #0x800
100000fd0:	e9 9b 00 f9	str	x9, [sp, #0x130]
100000fd4:	f1 03 09 aa	mov	x17, x9
100000fd8:	e9 03 10 aa	mov	x9, x16
100000fdc:	e9 47 04 f9	str	x9, [sp, #0x888]
100000fe0:	f0 03 09 aa	mov	x16, x9
100000fe4:	e9 03 11 aa	mov	x9, x17
100000fe8:	e9 4b 04 f9	str	x9, [sp, #0x890]
100000fec:	f1 03 09 aa	mov	x17, x9
100000ff0:	e9 37 44 f9	ldr	x9, [sp, #0x868]
100000ff4:	09 04 00 34	cbz	w9, 0x100001074
100000ff8:	09 02 80 d2	mov	x9, #0x10
100000ffc:	e9 9f 00 f9	str	x9, [sp, #0x138]
100001000:	f0 03 09 aa	mov	x16, x9
100001004:	09 00 80 52	mov	w9, #0x0
100001008:	e9 a3 00 f9	str	x9, [sp, #0x140]
10000100c:	f1 03 09 aa	mov	x17, x9
100001010:	e9 3b 44 f9	ldr	x9, [sp, #0x870]
100001014:	ea a3 40 f9	ldr	x10, [sp, #0x140]
100001018:	3f 01 0a eb	cmp	x9, x10
10000101c:	0b 00 80 52	mov	w11, #0x0
100001020:	41 00 00 54	b.ne	0x100001028
100001024:	2b 00 80 52	mov	w11, #0x1
100001028:	eb a7 00 f9	str	x11, [sp, #0x148]
10000102c:	f0 03 0b aa	mov	x16, x11
100001030:	e9 9f 40 f9	ldr	x9, [sp, #0x138]
100001034:	e9 47 04 f9	str	x9, [sp, #0x888]
100001038:	f1 03 09 aa	mov	x17, x9
10000103c:	e9 9b 40 f9	ldr	x9, [sp, #0x130]
100001040:	e9 4b 04 f9	str	x9, [sp, #0x890]
100001044:	f0 03 09 aa	mov	x16, x9
100001048:	e9 a7 40 f9	ldr	x9, [sp, #0x148]
10000104c:	49 01 00 34	cbz	w9, 0x100001074
100001050:	09 01 80 d2	mov	x9, #0x8
100001054:	e9 ab 00 f9	str	x9, [sp, #0x150]
100001058:	f0 03 09 aa	mov	x16, x9
10000105c:	e9 9f 40 f9	ldr	x9, [sp, #0x138]
100001060:	e9 47 04 f9	str	x9, [sp, #0x888]
100001064:	f1 03 09 aa	mov	x17, x9
100001068:	e9 03 10 aa	mov	x9, x16
10000106c:	e9 4b 04 f9	str	x9, [sp, #0x890]
100001070:	f0 03 09 aa	mov	x16, x9
100001074:	01 00 88 d2	mov	x1, #0x4000
100001078:	00 00 80 52	mov	w0, #0x0
10000107c:	62 00 80 52	mov	w2, #0x3
100001080:	43 00 82 52	mov	w3, #0x1002
100001084:	e4 ff 9f d2	mov	x4, #0xffff
100001088:	e4 ff bf f2	movk	x4, #0xffff, lsl #16
10000108c:	e4 ff df f2	movk	x4, #0xffff, lsl #32
100001090:	e4 ff ff f2	movk	x4, #0xffff, lsl #48
100001094:	05 00 80 52	mov	w5, #0x0
100001098:	b0 18 80 52	mov	w16, #0xc5
10000109c:	01 10 00 d4	svc	#0x80
1000010a0:	62 01 00 54	b.hs	0x1000010cc
1000010a4:	ef 03 00 aa	mov	x15, x0
1000010a8:	09 00 80 d2	mov	x9, #0x0
1000010ac:	e9 01 00 f9	str	x9, [x15]
1000010b0:	29 00 80 d2	mov	x9, #0x1
1000010b4:	e9 05 00 f9	str	x9, [x15, #0x8]
1000010b8:	09 00 88 d2	mov	x9, #0x4000
1000010bc:	e9 0d 00 f9	str	x9, [x15, #0x18]
1000010c0:	ee a1 00 91	add	x14, x15, #0x28
1000010c4:	ef af 00 f9	str	x15, [sp, #0x158]
1000010c8:	03 00 00 14	b	0x1000010d4
1000010cc:	68 00 80 52	mov	w8, #0x3
1000010d0:	07 08 00 14	b	0x1000030ec
1000010d4:	e9 af 40 f9	ldr	x9, [sp, #0x158]
1000010d8:	e9 87 05 f9	str	x9, [sp, #0xb08]
1000010dc:	f0 03 09 aa	mov	x16, x9
1000010e0:	01 00 88 d2	mov	x1, #0x4000
1000010e4:	00 00 80 52	mov	w0, #0x0
1000010e8:	62 00 80 52	mov	w2, #0x3
1000010ec:	43 00 82 52	mov	w3, #0x1002
1000010f0:	e4 ff 9f d2	mov	x4, #0xffff
1000010f4:	e4 ff bf f2	movk	x4, #0xffff, lsl #16
1000010f8:	e4 ff df f2	movk	x4, #0xffff, lsl #32
1000010fc:	e4 ff ff f2	movk	x4, #0xffff, lsl #48
100001100:	05 00 80 52	mov	w5, #0x0
100001104:	b0 18 80 52	mov	w16, #0xc5
100001108:	01 10 00 d4	svc	#0x80
10000110c:	62 01 00 54	b.hs	0x100001138
100001110:	ef 03 00 aa	mov	x15, x0
100001114:	09 00 80 d2	mov	x9, #0x0
100001118:	e9 01 00 f9	str	x9, [x15]
10000111c:	29 00 80 d2	mov	x9, #0x1
100001120:	e9 05 00 f9	str	x9, [x15, #0x8]
100001124:	09 00 88 d2	mov	x9, #0x4000
100001128:	e9 0d 00 f9	str	x9, [x15, #0x18]
10000112c:	ee a1 00 91	add	x14, x15, #0x28
100001130:	ef b3 00 f9	str	x15, [sp, #0x160]
100001134:	03 00 00 14	b	0x100001140
100001138:	68 00 80 52	mov	w8, #0x3
10000113c:	ec 07 00 14	b	0x1000030ec
100001140:	e9 b3 40 f9	ldr	x9, [sp, #0x160]
100001144:	e9 8b 05 f9	str	x9, [sp, #0xb10]
100001148:	f0 03 09 aa	mov	x16, x9
10000114c:	09 00 e0 d2	movz	x9, #0x0, lsl #48
100001150:	e9 b7 00 f9	str	x9, [sp, #0x168]
100001154:	f1 03 09 aa	mov	x17, x9
100001158:	e9 03 11 aa	mov	x9, x17
10000115c:	e9 4f 04 f9	str	x9, [sp, #0x898]
100001160:	f0 03 09 aa	mov	x16, x9
100001164:	e9 4f 44 f9	ldr	x9, [sp, #0x898]
100001168:	ea 47 44 f9	ldr	x10, [sp, #0x888]
10000116c:	3f 01 0a eb	cmp	x9, x10
100001170:	0b 00 80 52	mov	w11, #0x0
100001174:	4a 00 00 54	b.ge	0x10000117c
100001178:	2b 00 80 52	mov	w11, #0x1
10000117c:	eb bb 00 f9	str	x11, [sp, #0x170]
100001180:	f0 03 0b aa	mov	x16, x11
100001184:	e9 bb 40 f9	ldr	x9, [sp, #0x170]
100001188:	49 28 00 34	cbz	w9, 0x100001690
10000118c:	e9 4f 44 f9	ldr	x9, [sp, #0x898]
100001190:	2d fd 7f 93	asr	x13, x9, #63
100001194:	ec 01 80 d2	mov	x12, #0xf
100001198:	ad 01 0c 8a	and	x13, x13, x12
10000119c:	2d 01 0d 8b	add	x13, x9, x13
1000011a0:	ad fd 44 93	asr	x13, x13, #4
1000011a4:	0c 02 80 d2	mov	x12, #0x10
1000011a8:	ab a5 0c 9b	msub	x11, x13, x12, x9
1000011ac:	eb c3 00 f9	str	x11, [sp, #0x180]
1000011b0:	f0 03 0b aa	mov	x16, x11
1000011b4:	e9 c3 40 f9	ldr	x9, [sp, #0x180]
1000011b8:	2a 01 22 9e	scvtf	s10, x9
1000011bc:	0b e0 ab d2	mov	x11, #0x5f000000
1000011c0:	6b 01 27 1e	fmov	s11, w11
1000011c4:	40 21 2b 1e	fcmp	s10, s11
1000011c8:	84 01 00 54	b.mi	0x1000011f8
1000011cc:	40 00 80 52	mov	w0, #0x2
1000011d0:	41 00 00 b0	adrp	x1, 9 ; 0x10000a000
1000011d4:	21 60 10 91	add	x1, x1, #0x418
1000011d8:	62 18 80 d2	mov	x2, #0xc3
1000011dc:	02 00 a0 f2	movk	x2, #0x0, lsl #16
1000011e0:	02 00 c0 f2	movk	x2, #0x0, lsl #32
1000011e4:	02 00 e0 f2	movk	x2, #0x0, lsl #48
1000011e8:	90 00 80 52	mov	w16, #0x4
1000011ec:	01 10 00 d4	svc	#0x80
1000011f0:	68 00 80 52	mov	w8, #0x3
1000011f4:	be 07 00 14	b	0x1000030ec
1000011f8:	4b 01 38 9e	fcvtzs	x11, s10
1000011fc:	3f 01 0b eb	cmp	x9, x11
100001200:	80 01 00 54	b.eq	0x100001230
100001204:	40 00 80 52	mov	w0, #0x2
100001208:	41 00 00 b0	adrp	x1, 9 ; 0x10000a000
10000120c:	21 60 10 91	add	x1, x1, #0x418
100001210:	62 18 80 d2	mov	x2, #0xc3
100001214:	02 00 a0 f2	movk	x2, #0x0, lsl #16
100001218:	02 00 c0 f2	movk	x2, #0x0, lsl #32
10000121c:	02 00 e0 f2	movk	x2, #0x0, lsl #48
100001220:	90 00 80 52	mov	w16, #0x4
100001224:	01 10 00 d4	svc	#0x80
100001228:	68 00 80 52	mov	w8, #0x3
10000122c:	b0 07 00 14	b	0x1000030ec
100001230:	ea 8b 01 bd	str	s10, [sp, #0x188]
100001234:	e9 87 45 f9	ldr	x9, [sp, #0xb08]
100001238:	e9 cb 00 f9	str	x9, [sp, #0x190]
10000123c:	f0 03 09 aa	mov	x16, x9
100001240:	09 10 24 1e	fmov	s9, #8.00000000
100001244:	e9 9b 01 bd	str	s9, [sp, #0x198]
100001248:	e9 8b 41 bd	ldr	s9, [sp, #0x188]
10000124c:	ea 9b 41 bd	ldr	s10, [sp, #0x198]
100001250:	2b 39 2a 1e	fsub	s11, s9, s10
100001254:	eb a3 01 bd	str	s11, [sp, #0x1a0]
100001258:	09 10 2c 1e	fmov	s9, #0.50000000
10000125c:	e9 ab 01 bd	str	s9, [sp, #0x1a8]
100001260:	09 10 24 1e	fmov	s9, #8.00000000
100001264:	e9 b3 01 bd	str	s9, [sp, #0x1b0]
100001268:	e9 8b 41 bd	ldr	s9, [sp, #0x188]
10000126c:	ea b3 41 bd	ldr	s10, [sp, #0x1b0]
100001270:	2b 39 2a 1e	fsub	s11, s9, s10
100001274:	eb bb 01 bd	str	s11, [sp, #0x1b8]
100001278:	09 10 26 1e	fmov	s9, #16.00000000
10000127c:	e9 c3 01 bd	str	s9, [sp, #0x1c0]
100001280:	e9 bb 41 bd	ldr	s9, [sp, #0x1b8]
100001284:	ea c3 41 bd	ldr	s10, [sp, #0x1c0]
100001288:	2b 09 2a 1e	fmul	s11, s9, s10
10000128c:	eb cb 01 bd	str	s11, [sp, #0x1c8]
100001290:	09 e4 00 2f	movi	d9, #0000000000000000
100001294:	e9 d3 01 bd	str	s9, [sp, #0x1d0]
100001298:	09 e4 00 2f	movi	d9, #0000000000000000
10000129c:	e9 db 01 bd	str	s9, [sp, #0x1d8]
1000012a0:	49 33 93 d2	mov	x9, #0x999a
1000012a4:	29 e3 a7 f2	movk	x9, #0x3f19, lsl #16
1000012a8:	29 01 27 1e	fmov	s9, w9
1000012ac:	e9 e3 01 bd	str	s9, [sp, #0x1e0]
1000012b0:	a9 99 99 d2	mov	x9, #0xcccd
1000012b4:	89 e9 a7 f2	movk	x9, #0x3f4c, lsl #16
1000012b8:	29 01 27 1e	fmov	s9, w9
1000012bc:	e9 eb 01 bd	str	s9, [sp, #0x1e8]
1000012c0:	e9 d3 40 f9	ldr	x9, [sp, #0x1a0]
1000012c4:	e9 fb 00 f9	str	x9, [sp, #0x1f0]
1000012c8:	e9 d7 40 f9	ldr	x9, [sp, #0x1a8]
1000012cc:	e9 ff 00 f9	str	x9, [sp, #0x1f8]
1000012d0:	e9 e7 40 f9	ldr	x9, [sp, #0x1c8]
1000012d4:	e9 03 01 f9	str	x9, [sp, #0x200]
1000012d8:	e9 eb 40 f9	ldr	x9, [sp, #0x1d0]
1000012dc:	e9 07 01 f9	str	x9, [sp, #0x208]
1000012e0:	e9 ef 40 f9	ldr	x9, [sp, #0x1d8]
1000012e4:	e9 0b 01 f9	str	x9, [sp, #0x210]
1000012e8:	e9 f3 40 f9	ldr	x9, [sp, #0x1e0]
1000012ec:	e9 0f 01 f9	str	x9, [sp, #0x218]
1000012f0:	e9 f7 40 f9	ldr	x9, [sp, #0x1e8]
1000012f4:	e9 13 01 f9	str	x9, [sp, #0x220]
1000012f8:	ea cb 40 f9	ldr	x10, [sp, #0x190]
1000012fc:	4d 01 40 f9	ldr	x13, [x10]
100001300:	09 00 80 52	mov	w9, #0x0
100001304:	ec 03 0d aa	mov	x12, x13
100001308:	8c 05 00 91	add	x12, x12, #0x1
10000130c:	4b 05 40 f9	ldr	x11, [x10, #0x8]
100001310:	45 09 40 f9	ldr	x5, [x10, #0x10]
100001314:	6b 01 05 8b	add	x11, x11, x5
100001318:	25 00 80 d2	mov	x5, #0x1
10000131c:	7f 01 05 eb	cmp	x11, x5
100001320:	81 03 00 54	b.ne	0x100001390
100001324:	0b 07 80 d2	mov	x11, #0x38
100001328:	85 7d 0b 9b	mul	x5, x12, x11
10000132c:	a5 a0 00 91	add	x5, x5, #0x28
100001330:	4b 0d 40 f9	ldr	x11, [x10, #0x18]
100001334:	bf 00 0b eb	cmp	x5, x11
100001338:	c8 02 00 54	b.hi	0x100001390
10000133c:	4e a1 00 91	add	x14, x10, #0x28
100001340:	0b 07 80 d2	mov	x11, #0x38
100001344:	a5 7d 0b 9b	mul	x5, x13, x11
100001348:	ce 01 05 8b	add	x14, x14, x5
10000134c:	e5 fb 40 f9	ldr	x5, [sp, #0x1f0]
100001350:	c5 01 00 f9	str	x5, [x14]
100001354:	e5 ff 40 f9	ldr	x5, [sp, #0x1f8]
100001358:	c5 05 00 f9	str	x5, [x14, #0x8]
10000135c:	e5 03 41 f9	ldr	x5, [sp, #0x200]
100001360:	c5 09 00 f9	str	x5, [x14, #0x10]
100001364:	e5 07 41 f9	ldr	x5, [sp, #0x208]
100001368:	c5 0d 00 f9	str	x5, [x14, #0x18]
10000136c:	e5 0b 41 f9	ldr	x5, [sp, #0x210]
100001370:	c5 11 00 f9	str	x5, [x14, #0x20]
100001374:	e5 0f 41 f9	ldr	x5, [sp, #0x218]
100001378:	c5 15 00 f9	str	x5, [x14, #0x28]
10000137c:	e5 13 41 f9	ldr	x5, [sp, #0x220]
100001380:	c5 19 00 f9	str	x5, [x14, #0x30]
100001384:	4c 01 00 f9	str	x12, [x10]
100001388:	ea 17 01 f9	str	x10, [sp, #0x228]
10000138c:	67 00 00 14	b	0x100001528
100001390:	ff c3 00 d1	sub	sp, sp, #0x30
100001394:	ea 03 00 f9	str	x10, [sp]
100001398:	ed 07 00 f9	str	x13, [sp, #0x8]
10000139c:	e9 0b 00 f9	str	x9, [sp, #0x10]
1000013a0:	ec 0f 00 f9	str	x12, [sp, #0x18]
1000013a4:	e7 13 00 f9	str	x7, [sp, #0x20]
1000013a8:	e6 17 00 f9	str	x6, [sp, #0x28]
1000013ac:	0b 07 80 d2	mov	x11, #0x38
1000013b0:	81 7d 0b 9b	mul	x1, x12, x11
1000013b4:	21 a0 00 91	add	x1, x1, #0x28
1000013b8:	05 00 88 d2	mov	x5, #0x4000
1000013bc:	3f 00 05 eb	cmp	x1, x5
1000013c0:	42 00 00 54	b.hs	0x1000013c8
1000013c4:	e1 03 05 aa	mov	x1, x5
1000013c8:	21 00 01 8b	add	x1, x1, x1
1000013cc:	00 00 80 52	mov	w0, #0x0
1000013d0:	62 00 80 52	mov	w2, #0x3
1000013d4:	43 00 82 52	mov	w3, #0x1002
1000013d8:	e4 ff 9f d2	mov	x4, #0xffff
1000013dc:	e4 ff bf f2	movk	x4, #0xffff, lsl #16
1000013e0:	e4 ff df f2	movk	x4, #0xffff, lsl #32
1000013e4:	e4 ff ff f2	movk	x4, #0xffff, lsl #48
1000013e8:	05 00 80 52	mov	w5, #0x0
1000013ec:	b0 18 80 52	mov	w16, #0xc5
1000013f0:	01 10 00 d4	svc	#0x80
1000013f4:	c2 09 00 54	b.hs	0x10000152c
1000013f8:	ef 03 00 aa	mov	x15, x0
1000013fc:	ea 03 40 f9	ldr	x10, [sp]
100001400:	ed 07 40 f9	ldr	x13, [sp, #0x8]
100001404:	e9 0b 40 f9	ldr	x9, [sp, #0x10]
100001408:	ec 0f 40 f9	ldr	x12, [sp, #0x18]
10000140c:	e7 13 40 f9	ldr	x7, [sp, #0x20]
100001410:	e6 17 40 f9	ldr	x6, [sp, #0x28]
100001414:	ec 01 00 f9	str	x12, [x15]
100001418:	25 00 80 d2	mov	x5, #0x1
10000141c:	e5 05 00 f9	str	x5, [x15, #0x8]
100001420:	0b 07 80 d2	mov	x11, #0x38
100001424:	8b 7d 0b 9b	mul	x11, x12, x11
100001428:	6b a1 00 91	add	x11, x11, #0x28
10000142c:	05 00 88 d2	mov	x5, #0x4000
100001430:	7f 01 05 eb	cmp	x11, x5
100001434:	42 00 00 54	b.hs	0x10000143c
100001438:	eb 03 05 aa	mov	x11, x5
10000143c:	6b 01 0b 8b	add	x11, x11, x11
100001440:	eb 0d 00 f9	str	x11, [x15, #0x18]
100001444:	4a a1 00 91	add	x10, x10, #0x28
100001448:	ee a1 00 91	add	x14, x15, #0x28
10000144c:	eb 00 80 d2	mov	x11, #0x7
100001450:	ac 7d 0b 9b	mul	x12, x13, x11
100001454:	ec 00 00 b4	cbz	x12, 0x100001470
100001458:	4b 01 40 f9	ldr	x11, [x10]
10000145c:	cb 01 00 f9	str	x11, [x14]
100001460:	4a 21 00 91	add	x10, x10, #0x8
100001464:	ce 21 00 91	add	x14, x14, #0x8
100001468:	8c 05 00 d1	sub	x12, x12, #0x1
10000146c:	6c ff ff b5	cbnz	x12, 0x100001458
100001470:	ff c3 00 91	add	sp, sp, #0x30
100001474:	e9 03 0d aa	mov	x9, x13
100001478:	ee a1 00 91	add	x14, x15, #0x28
10000147c:	0b 07 80 d2	mov	x11, #0x38
100001480:	29 7d 0b 9b	mul	x9, x9, x11
100001484:	ce 01 09 8b	add	x14, x14, x9
100001488:	ec fb 40 f9	ldr	x12, [sp, #0x1f0]
10000148c:	cc 01 00 f9	str	x12, [x14]
100001490:	ec ff 40 f9	ldr	x12, [sp, #0x1f8]
100001494:	cc 05 00 f9	str	x12, [x14, #0x8]
100001498:	ec 03 41 f9	ldr	x12, [sp, #0x200]
10000149c:	cc 09 00 f9	str	x12, [x14, #0x10]
1000014a0:	ec 07 41 f9	ldr	x12, [sp, #0x208]
1000014a4:	cc 0d 00 f9	str	x12, [x14, #0x18]
1000014a8:	ec 0b 41 f9	ldr	x12, [sp, #0x210]
1000014ac:	cc 11 00 f9	str	x12, [x14, #0x20]
1000014b0:	ec 0f 41 f9	ldr	x12, [sp, #0x218]
1000014b4:	cc 15 00 f9	str	x12, [x14, #0x28]
1000014b8:	ec 13 41 f9	ldr	x12, [sp, #0x220]
1000014bc:	cc 19 00 f9	str	x12, [x14, #0x30]
1000014c0:	ef 17 01 f9	str	x15, [sp, #0x228]
1000014c4:	ea cb 40 f9	ldr	x10, [sp, #0x190]
1000014c8:	4e 21 00 91	add	x14, x10, #0x8
1000014cc:	c9 fd 5f c8	ldaxr	x9, [x14]
1000014d0:	c9 02 00 b4	cbz	x9, 0x100001528
1000014d4:	29 05 00 d1	sub	x9, x9, #0x1
1000014d8:	c9 fd 0b c8	stlxr	w11, x9, [x14]
1000014dc:	8b ff ff 35	cbnz	w11, 0x1000014cc
1000014e0:	4b 09 40 f9	ldr	x11, [x10, #0x10]
1000014e4:	29 01 0b 8b	add	x9, x9, x11
1000014e8:	09 02 00 b5	cbnz	x9, 0x100001528
1000014ec:	4e 81 00 91	add	x14, x10, #0x20
1000014f0:	c9 fd 5f c8	ldaxr	x9, [x14]
1000014f4:	4b 00 80 d2	mov	x11, #0x2
1000014f8:	3f 01 0b eb	cmp	x9, x11
1000014fc:	a0 ff ff 54	b.eq	0x1000014f0
100001500:	2b 00 80 d2	mov	x11, #0x1
100001504:	3f 01 0b eb	cmp	x9, x11
100001508:	00 01 00 54	b.eq	0x100001528
10000150c:	29 00 80 d2	mov	x9, #0x1
100001510:	c9 fd 0b c8	stlxr	w11, x9, [x14]
100001514:	eb fe ff 35	cbnz	w11, 0x1000014f0
100001518:	41 0d 40 f9	ldr	x1, [x10, #0x18]
10000151c:	e0 03 0a aa	mov	x0, x10
100001520:	30 09 80 52	mov	w16, #0x49
100001524:	01 10 00 d4	svc	#0x80
100001528:	04 00 00 14	b	0x100001538
10000152c:	ff c3 00 91	add	sp, sp, #0x30
100001530:	68 00 80 52	mov	w8, #0x3
100001534:	ee 06 00 14	b	0x1000030ec
100001538:	e9 17 41 f9	ldr	x9, [sp, #0x228]
10000153c:	e9 87 05 f9	str	x9, [sp, #0xb08]
100001540:	f0 03 09 aa	mov	x16, x9
100001544:	09 10 28 1e	fmov	s9, #0.12500000
100001548:	e9 33 02 bd	str	s9, [sp, #0x230]
10000154c:	e9 8b 41 bd	ldr	s9, [sp, #0x188]
100001550:	ea 33 42 bd	ldr	s10, [sp, #0x230]
100001554:	2b 09 2a 1e	fmul	s11, s9, s10
100001558:	eb 3b 02 bd	str	s11, [sp, #0x238]
10000155c:	09 10 24 1e	fmov	s9, #8.00000000
100001560:	e9 43 02 bd	str	s9, [sp, #0x240]
100001564:	e9 8b 41 bd	ldr	s9, [sp, #0x188]
100001568:	ea 43 42 bd	ldr	s10, [sp, #0x240]
10000156c:	2b 39 2a 1e	fsub	s11, s9, s10
100001570:	eb 4b 02 bd	str	s11, [sp, #0x248]
100001574:	09 10 2c 1e	fmov	s9, #0.50000000
100001578:	e9 53 02 bd	str	s9, [sp, #0x250]
10000157c:	09 10 2a 1e	fmov	s9, #0.25000000
100001580:	e9 5b 02 bd	str	s9, [sp, #0x258]
100001584:	09 10 2a 1e	fmov	s9, #0.25000000
100001588:	e9 63 02 bd	str	s9, [sp, #0x260]
10000158c:	e9 8b 41 bd	ldr	s9, [sp, #0x188]
100001590:	ea 63 42 bd	ldr	s10, [sp, #0x260]
100001594:	2b 09 2a 1e	fmul	s11, s9, s10
100001598:	eb 6b 02 bd	str	s11, [sp, #0x268]
10000159c:	09 10 28 1e	fmov	s9, #0.12500000
1000015a0:	e9 73 02 bd	str	s9, [sp, #0x270]
1000015a4:	e9 8b 41 bd	ldr	s9, [sp, #0x188]
1000015a8:	ea 73 42 bd	ldr	s10, [sp, #0x270]
1000015ac:	2b 09 2a 1e	fmul	s11, s9, s10
1000015b0:	eb 7b 02 bd	str	s11, [sp, #0x278]
1000015b4:	e9 4f 44 f9	ldr	x9, [sp, #0x898]
1000015b8:	2d fd 7f 93	asr	x13, x9, #63
1000015bc:	6c 00 80 d2	mov	x12, #0x3
1000015c0:	ad 01 0c 8a	and	x13, x13, x12
1000015c4:	2d 01 0d 8b	add	x13, x9, x13
1000015c8:	ad fd 42 93	asr	x13, x13, #2
1000015cc:	8c 00 80 d2	mov	x12, #0x4
1000015d0:	ab a5 0c 9b	msub	x11, x13, x12, x9
1000015d4:	eb 47 01 f9	str	x11, [sp, #0x288]
1000015d8:	f1 03 0b aa	mov	x17, x11
1000015dc:	29 00 80 d2	mov	x9, #0x1
1000015e0:	e9 4b 01 f9	str	x9, [sp, #0x290]
1000015e4:	f0 03 09 aa	mov	x16, x9
1000015e8:	e9 47 41 f9	ldr	x9, [sp, #0x288]
1000015ec:	ea 4b 41 f9	ldr	x10, [sp, #0x290]
1000015f0:	3f 01 0a eb	cmp	x9, x10
1000015f4:	0b 00 80 52	mov	w11, #0x0
1000015f8:	41 00 00 54	b.ne	0x100001600
1000015fc:	2b 00 80 52	mov	w11, #0x1
100001600:	eb 4f 01 f9	str	x11, [sp, #0x298]
100001604:	f1 03 0b aa	mov	x17, x11
100001608:	09 00 80 52	mov	w9, #0x0
10000160c:	e9 53 01 f9	str	x9, [sp, #0x2a0]
100001610:	f0 03 09 aa	mov	x16, x9
100001614:	e9 4f 44 f9	ldr	x9, [sp, #0x898]
100001618:	2d fd 7f 93	asr	x13, x9, #63
10000161c:	6c 00 80 d2	mov	x12, #0x3
100001620:	ad 01 0c 8a	and	x13, x13, x12
100001624:	2d 01 0d 8b	add	x13, x9, x13
100001628:	ad fd 42 93	asr	x13, x13, #2
10000162c:	8c 00 80 d2	mov	x12, #0x4
100001630:	ab a5 0c 9b	msub	x11, x13, x12, x9
100001634:	eb 5b 01 f9	str	x11, [sp, #0x2b0]
100001638:	f1 03 0b aa	mov	x17, x11
10000163c:	09 00 e0 d2	movz	x9, #0x0, lsl #48
100001640:	e9 5f 01 f9	str	x9, [sp, #0x2b8]
100001644:	f0 03 09 aa	mov	x16, x9
100001648:	e9 5b 41 f9	ldr	x9, [sp, #0x2b0]
10000164c:	ea 5f 41 f9	ldr	x10, [sp, #0x2b8]
100001650:	3f 01 0a eb	cmp	x9, x10
100001654:	0b 00 80 52	mov	w11, #0x0
100001658:	41 00 00 54	b.ne	0x100001660
10000165c:	2b 00 80 52	mov	w11, #0x1
100001660:	eb 63 01 f9	str	x11, [sp, #0x2c0]
100001664:	f1 03 0b aa	mov	x17, x11
100001668:	e9 2b 41 f9	ldr	x9, [sp, #0x250]
10000166c:	e9 6f 05 f9	str	x9, [sp, #0xad8]
100001670:	f0 03 09 aa	mov	x16, x9
100001674:	e9 2f 41 f9	ldr	x9, [sp, #0x258]
100001678:	e9 73 05 f9	str	x9, [sp, #0xae0]
10000167c:	f1 03 09 aa	mov	x17, x9
100001680:	e9 63 41 f9	ldr	x9, [sp, #0x2c0]
100001684:	49 00 00 34	cbz	w9, 0x10000168c
100001688:	90 01 00 14	b	0x100001cc8
10000168c:	99 01 00 14	b	0x100001cf0
100001690:	e9 87 45 f9	ldr	x9, [sp, #0xb08]
100001694:	e9 a7 01 f9	str	x9, [sp, #0x348]
100001698:	f0 03 09 aa	mov	x16, x9
10000169c:	e9 23 2c 91	add	x9, sp, #0xb08
1000016a0:	e9 ab 01 f9	str	x9, [sp, #0x350]
1000016a4:	09 00 e0 d2	movz	x9, #0x0, lsl #48
1000016a8:	e9 af 01 f9	str	x9, [sp, #0x358]
1000016ac:	f0 03 09 aa	mov	x16, x9
1000016b0:	e9 87 45 f9	ldr	x9, [sp, #0xb08]
1000016b4:	e9 b3 01 f9	str	x9, [sp, #0x360]
1000016b8:	f1 03 09 aa	mov	x17, x9
1000016bc:	e9 b3 41 f9	ldr	x9, [sp, #0x360]
1000016c0:	2a 01 40 f9	ldr	x10, [x9]
1000016c4:	ea b7 01 f9	str	x10, [sp, #0x368]
1000016c8:	ea ab 41 f9	ldr	x10, [sp, #0x350]
1000016cc:	4e 01 40 f9	ldr	x14, [x10]
1000016d0:	cd 01 40 f9	ldr	x13, [x14]
1000016d4:	cb 05 40 f9	ldr	x11, [x14, #0x8]
1000016d8:	c5 09 40 f9	ldr	x5, [x14, #0x10]
1000016dc:	6b 01 05 8b	add	x11, x11, x5
1000016e0:	25 00 80 d2	mov	x5, #0x1
1000016e4:	7f 01 05 eb	cmp	x11, x5
1000016e8:	40 0d 00 54	b.eq	0x100001890
1000016ec:	ff 83 00 d1	sub	sp, sp, #0x20
1000016f0:	ea 03 00 f9	str	x10, [sp]
1000016f4:	ee 07 00 f9	str	x14, [sp, #0x8]
1000016f8:	ed 0b 00 f9	str	x13, [sp, #0x10]
1000016fc:	0b 07 80 d2	mov	x11, #0x38
100001700:	a1 7d 0b 9b	mul	x1, x13, x11
100001704:	21 a0 00 91	add	x1, x1, #0x28
100001708:	00 00 80 52	mov	w0, #0x0
10000170c:	62 00 80 52	mov	w2, #0x3
100001710:	43 00 82 52	mov	w3, #0x1002
100001714:	e4 ff 9f d2	mov	x4, #0xffff
100001718:	e4 ff bf f2	movk	x4, #0xffff, lsl #16
10000171c:	e4 ff df f2	movk	x4, #0xffff, lsl #32
100001720:	e4 ff ff f2	movk	x4, #0xffff, lsl #48
100001724:	05 00 80 52	mov	w5, #0x0
100001728:	b0 18 80 52	mov	w16, #0xc5
10000172c:	01 10 00 d4	svc	#0x80
100001730:	a2 0a 00 54	b.hs	0x100001884
100001734:	ef 03 00 aa	mov	x15, x0
100001738:	ea 03 40 f9	ldr	x10, [sp]
10000173c:	ee 07 40 f9	ldr	x14, [sp, #0x8]
100001740:	ed 0b 40 f9	ldr	x13, [sp, #0x10]
100001744:	ed 01 00 f9	str	x13, [x15]
100001748:	2b 00 80 d2	mov	x11, #0x1
10000174c:	eb 05 00 f9	str	x11, [x15, #0x8]
100001750:	0b 07 80 d2	mov	x11, #0x38
100001754:	ab 7d 0b 9b	mul	x11, x13, x11
100001758:	6b a1 00 91	add	x11, x11, #0x28
10000175c:	eb 0d 00 f9	str	x11, [x15, #0x18]
100001760:	ca a1 00 91	add	x10, x14, #0x28
100001764:	ee a1 00 91	add	x14, x15, #0x28
100001768:	eb 00 80 d2	mov	x11, #0x7
10000176c:	ac 7d 0b 9b	mul	x12, x13, x11
100001770:	ec 00 00 b4	cbz	x12, 0x10000178c
100001774:	4b 01 40 f9	ldr	x11, [x10]
100001778:	cb 01 00 f9	str	x11, [x14]
10000177c:	4a 21 00 91	add	x10, x10, #0x8
100001780:	ce 21 00 91	add	x14, x14, #0x8
100001784:	8c 05 00 d1	sub	x12, x12, #0x1
100001788:	6c ff ff b5	cbnz	x12, 0x100001774
10000178c:	ea 03 40 f9	ldr	x10, [sp]
100001790:	ee 07 40 f9	ldr	x14, [sp, #0x8]
100001794:	49 fd 5f c8	ldaxr	x9, [x10]
100001798:	3f 01 0e eb	cmp	x9, x14
10000179c:	c1 03 00 54	b.ne	0x100001814
1000017a0:	4f fd 0b c8	stlxr	w11, x15, [x10]
1000017a4:	8b ff ff 35	cbnz	w11, 0x100001794
1000017a8:	ea 07 40 f9	ldr	x10, [sp, #0x8]
1000017ac:	4e 21 00 91	add	x14, x10, #0x8
1000017b0:	c9 fd 5f c8	ldaxr	x9, [x14]
1000017b4:	c9 02 00 b4	cbz	x9, 0x10000180c
1000017b8:	29 05 00 d1	sub	x9, x9, #0x1
1000017bc:	c9 fd 0b c8	stlxr	w11, x9, [x14]
1000017c0:	8b ff ff 35	cbnz	w11, 0x1000017b0
1000017c4:	4b 09 40 f9	ldr	x11, [x10, #0x10]
1000017c8:	29 01 0b 8b	add	x9, x9, x11
1000017cc:	09 02 00 b5	cbnz	x9, 0x10000180c
1000017d0:	4e 81 00 91	add	x14, x10, #0x20
1000017d4:	c9 fd 5f c8	ldaxr	x9, [x14]
1000017d8:	4b 00 80 d2	mov	x11, #0x2
1000017dc:	3f 01 0b eb	cmp	x9, x11
1000017e0:	a0 ff ff 54	b.eq	0x1000017d4
1000017e4:	2b 00 80 d2	mov	x11, #0x1
1000017e8:	3f 01 0b eb	cmp	x9, x11
1000017ec:	00 01 00 54	b.eq	0x10000180c
1000017f0:	29 00 80 d2	mov	x9, #0x1
1000017f4:	c9 fd 0b c8	stlxr	w11, x9, [x14]
1000017f8:	eb fe ff 35	cbnz	w11, 0x1000017d4
1000017fc:	41 0d 40 f9	ldr	x1, [x10, #0x18]
100001800:	e0 03 0a aa	mov	x0, x10
100001804:	30 09 80 52	mov	w16, #0x49
100001808:	01 10 00 d4	svc	#0x80
10000180c:	ff 83 00 91	add	sp, sp, #0x20
100001810:	20 00 00 14	b	0x100001890
100001814:	5f 3f 03 d5	clrex
100001818:	ea 03 0f aa	mov	x10, x15
10000181c:	4e 21 00 91	add	x14, x10, #0x8
100001820:	c9 fd 5f c8	ldaxr	x9, [x14]
100001824:	c9 02 00 b4	cbz	x9, 0x10000187c
100001828:	29 05 00 d1	sub	x9, x9, #0x1
10000182c:	c9 fd 0b c8	stlxr	w11, x9, [x14]
100001830:	8b ff ff 35	cbnz	w11, 0x100001820
100001834:	4b 09 40 f9	ldr	x11, [x10, #0x10]
100001838:	29 01 0b 8b	add	x9, x9, x11
10000183c:	09 02 00 b5	cbnz	x9, 0x10000187c
100001840:	4e 81 00 91	add	x14, x10, #0x20
100001844:	c9 fd 5f c8	ldaxr	x9, [x14]
100001848:	4b 00 80 d2	mov	x11, #0x2
10000184c:	3f 01 0b eb	cmp	x9, x11
100001850:	a0 ff ff 54	b.eq	0x100001844
100001854:	2b 00 80 d2	mov	x11, #0x1
100001858:	3f 01 0b eb	cmp	x9, x11
10000185c:	00 01 00 54	b.eq	0x10000187c
100001860:	29 00 80 d2	mov	x9, #0x1
100001864:	c9 fd 0b c8	stlxr	w11, x9, [x14]
100001868:	eb fe ff 35	cbnz	w11, 0x100001844
10000186c:	41 0d 40 f9	ldr	x1, [x10, #0x18]
100001870:	e0 03 0a aa	mov	x0, x10
100001874:	30 09 80 52	mov	w16, #0x49
100001878:	01 10 00 d4	svc	#0x80
10000187c:	ff 83 00 91	add	sp, sp, #0x20
100001880:	92 ff ff 17	b	0x1000016c8
100001884:	ff 83 00 91	add	sp, sp, #0x20
100001888:	68 00 80 52	mov	w8, #0x3
10000188c:	18 06 00 14	b	0x1000030ec
100001890:	ea ab 41 f9	ldr	x10, [sp, #0x350]
100001894:	4a 01 40 f9	ldr	x10, [x10]
100001898:	4d 01 40 f9	ldr	x13, [x10]
10000189c:	4a a1 00 91	add	x10, x10, #0x28
1000018a0:	e9 af 41 f9	ldr	x9, [sp, #0x358]
1000018a4:	3f 01 1f eb	cmp	x9, xzr
1000018a8:	4a 00 00 54	b.ge	0x1000018b0
1000018ac:	29 01 0d 8b	add	x9, x9, x13
1000018b0:	3f 01 1f eb	cmp	x9, xzr
1000018b4:	4a 00 00 54	b.ge	0x1000018bc
1000018b8:	09 00 80 52	mov	w9, #0x0
1000018bc:	3f 01 0d eb	cmp	x9, x13
1000018c0:	4d 00 00 54	b.le	0x1000018c8
1000018c4:	e9 03 0d aa	mov	x9, x13
1000018c8:	e8 b7 41 f9	ldr	x8, [sp, #0x368]
1000018cc:	1f 01 1f eb	cmp	x8, xzr
1000018d0:	4a 00 00 54	b.ge	0x1000018d8
1000018d4:	08 01 0d 8b	add	x8, x8, x13
1000018d8:	1f 01 1f eb	cmp	x8, xzr
1000018dc:	4a 00 00 54	b.ge	0x1000018e4
1000018e0:	08 00 80 52	mov	w8, #0x0
1000018e4:	1f 01 0d eb	cmp	x8, x13
1000018e8:	4d 00 00 54	b.le	0x1000018f0
1000018ec:	e8 03 0d aa	mov	x8, x13
1000018f0:	0c 00 80 52	mov	w12, #0x0
1000018f4:	3f 01 08 eb	cmp	x9, x8
1000018f8:	4a 00 00 54	b.ge	0x100001900
1000018fc:	0c 01 09 eb	subs	x12, x8, x9
100001900:	0b 07 80 d2	mov	x11, #0x38
100001904:	29 7d 0b 9b	mul	x9, x9, x11
100001908:	4a 01 09 8b	add	x10, x10, x9
10000190c:	ea bb 01 f9	str	x10, [sp, #0x370]
100001910:	ec bf 01 f9	str	x12, [sp, #0x378]
100001914:	e9 bb 41 f9	ldr	x9, [sp, #0x370]
100001918:	e9 8f 05 f9	str	x9, [sp, #0xb18]
10000191c:	e9 bf 41 f9	ldr	x9, [sp, #0x378]
100001920:	e9 93 05 f9	str	x9, [sp, #0xb20]
100001924:	e9 8b 45 f9	ldr	x9, [sp, #0xb10]
100001928:	e9 c3 01 f9	str	x9, [sp, #0x380]
10000192c:	f0 03 09 aa	mov	x16, x9
100001930:	e9 43 2c 91	add	x9, sp, #0xb10
100001934:	e9 c7 01 f9	str	x9, [sp, #0x388]
100001938:	09 00 e0 d2	movz	x9, #0x0, lsl #48
10000193c:	e9 cb 01 f9	str	x9, [sp, #0x390]
100001940:	f0 03 09 aa	mov	x16, x9
100001944:	e9 8b 45 f9	ldr	x9, [sp, #0xb10]
100001948:	e9 cf 01 f9	str	x9, [sp, #0x398]
10000194c:	f1 03 09 aa	mov	x17, x9
100001950:	e9 cf 41 f9	ldr	x9, [sp, #0x398]
100001954:	2a 01 40 f9	ldr	x10, [x9]
100001958:	ea d3 01 f9	str	x10, [sp, #0x3a0]
10000195c:	ea c7 41 f9	ldr	x10, [sp, #0x388]
100001960:	4e 01 40 f9	ldr	x14, [x10]
100001964:	cd 01 40 f9	ldr	x13, [x14]
100001968:	cb 05 40 f9	ldr	x11, [x14, #0x8]
10000196c:	c5 09 40 f9	ldr	x5, [x14, #0x10]
100001970:	6b 01 05 8b	add	x11, x11, x5
100001974:	25 00 80 d2	mov	x5, #0x1
100001978:	7f 01 05 eb	cmp	x11, x5
10000197c:	40 0d 00 54	b.eq	0x100001b24
100001980:	ff 83 00 d1	sub	sp, sp, #0x20
100001984:	ea 03 00 f9	str	x10, [sp]
100001988:	ee 07 00 f9	str	x14, [sp, #0x8]
10000198c:	ed 0b 00 f9	str	x13, [sp, #0x10]
100001990:	0b 0a 80 d2	mov	x11, #0x50
100001994:	a1 7d 0b 9b	mul	x1, x13, x11
100001998:	21 a0 00 91	add	x1, x1, #0x28
10000199c:	00 00 80 52	mov	w0, #0x0
1000019a0:	62 00 80 52	mov	w2, #0x3
1000019a4:	43 00 82 52	mov	w3, #0x1002
1000019a8:	e4 ff 9f d2	mov	x4, #0xffff
1000019ac:	e4 ff bf f2	movk	x4, #0xffff, lsl #16
1000019b0:	e4 ff df f2	movk	x4, #0xffff, lsl #32
1000019b4:	e4 ff ff f2	movk	x4, #0xffff, lsl #48
1000019b8:	05 00 80 52	mov	w5, #0x0
1000019bc:	b0 18 80 52	mov	w16, #0xc5
1000019c0:	01 10 00 d4	svc	#0x80
1000019c4:	a2 0a 00 54	b.hs	0x100001b18
1000019c8:	ef 03 00 aa	mov	x15, x0
1000019cc:	ea 03 40 f9	ldr	x10, [sp]
1000019d0:	ee 07 40 f9	ldr	x14, [sp, #0x8]
1000019d4:	ed 0b 40 f9	ldr	x13, [sp, #0x10]
1000019d8:	ed 01 00 f9	str	x13, [x15]
1000019dc:	2b 00 80 d2	mov	x11, #0x1
1000019e0:	eb 05 00 f9	str	x11, [x15, #0x8]
1000019e4:	0b 0a 80 d2	mov	x11, #0x50
1000019e8:	ab 7d 0b 9b	mul	x11, x13, x11
1000019ec:	6b a1 00 91	add	x11, x11, #0x28
1000019f0:	eb 0d 00 f9	str	x11, [x15, #0x18]
1000019f4:	ca a1 00 91	add	x10, x14, #0x28
1000019f8:	ee a1 00 91	add	x14, x15, #0x28
1000019fc:	4b 01 80 d2	mov	x11, #0xa
100001a00:	ac 7d 0b 9b	mul	x12, x13, x11
100001a04:	ec 00 00 b4	cbz	x12, 0x100001a20
100001a08:	4b 01 40 f9	ldr	x11, [x10]
100001a0c:	cb 01 00 f9	str	x11, [x14]
100001a10:	4a 21 00 91	add	x10, x10, #0x8
100001a14:	ce 21 00 91	add	x14, x14, #0x8
100001a18:	8c 05 00 d1	sub	x12, x12, #0x1
100001a1c:	6c ff ff b5	cbnz	x12, 0x100001a08
100001a20:	ea 03 40 f9	ldr	x10, [sp]
100001a24:	ee 07 40 f9	ldr	x14, [sp, #0x8]
100001a28:	49 fd 5f c8	ldaxr	x9, [x10]
100001a2c:	3f 01 0e eb	cmp	x9, x14
100001a30:	c1 03 00 54	b.ne	0x100001aa8
100001a34:	4f fd 0b c8	stlxr	w11, x15, [x10]
100001a38:	8b ff ff 35	cbnz	w11, 0x100001a28
100001a3c:	ea 07 40 f9	ldr	x10, [sp, #0x8]
100001a40:	4e 21 00 91	add	x14, x10, #0x8
100001a44:	c9 fd 5f c8	ldaxr	x9, [x14]
100001a48:	c9 02 00 b4	cbz	x9, 0x100001aa0
100001a4c:	29 05 00 d1	sub	x9, x9, #0x1
100001a50:	c9 fd 0b c8	stlxr	w11, x9, [x14]
100001a54:	8b ff ff 35	cbnz	w11, 0x100001a44
100001a58:	4b 09 40 f9	ldr	x11, [x10, #0x10]
100001a5c:	29 01 0b 8b	add	x9, x9, x11
100001a60:	09 02 00 b5	cbnz	x9, 0x100001aa0
100001a64:	4e 81 00 91	add	x14, x10, #0x20
100001a68:	c9 fd 5f c8	ldaxr	x9, [x14]
100001a6c:	4b 00 80 d2	mov	x11, #0x2
100001a70:	3f 01 0b eb	cmp	x9, x11
100001a74:	a0 ff ff 54	b.eq	0x100001a68
100001a78:	2b 00 80 d2	mov	x11, #0x1
100001a7c:	3f 01 0b eb	cmp	x9, x11
100001a80:	00 01 00 54	b.eq	0x100001aa0
100001a84:	29 00 80 d2	mov	x9, #0x1
100001a88:	c9 fd 0b c8	stlxr	w11, x9, [x14]
100001a8c:	eb fe ff 35	cbnz	w11, 0x100001a68
100001a90:	41 0d 40 f9	ldr	x1, [x10, #0x18]
100001a94:	e0 03 0a aa	mov	x0, x10
100001a98:	30 09 80 52	mov	w16, #0x49
100001a9c:	01 10 00 d4	svc	#0x80
100001aa0:	ff 83 00 91	add	sp, sp, #0x20
100001aa4:	20 00 00 14	b	0x100001b24
100001aa8:	5f 3f 03 d5	clrex
100001aac:	ea 03 0f aa	mov	x10, x15
100001ab0:	4e 21 00 91	add	x14, x10, #0x8
100001ab4:	c9 fd 5f c8	ldaxr	x9, [x14]
100001ab8:	c9 02 00 b4	cbz	x9, 0x100001b10
100001abc:	29 05 00 d1	sub	x9, x9, #0x1
100001ac0:	c9 fd 0b c8	stlxr	w11, x9, [x14]
100001ac4:	8b ff ff 35	cbnz	w11, 0x100001ab4
100001ac8:	4b 09 40 f9	ldr	x11, [x10, #0x10]
100001acc:	29 01 0b 8b	add	x9, x9, x11
100001ad0:	09 02 00 b5	cbnz	x9, 0x100001b10
100001ad4:	4e 81 00 91	add	x14, x10, #0x20
100001ad8:	c9 fd 5f c8	ldaxr	x9, [x14]
100001adc:	4b 00 80 d2	mov	x11, #0x2
100001ae0:	3f 01 0b eb	cmp	x9, x11
100001ae4:	a0 ff ff 54	b.eq	0x100001ad8
100001ae8:	2b 00 80 d2	mov	x11, #0x1
100001aec:	3f 01 0b eb	cmp	x9, x11
100001af0:	00 01 00 54	b.eq	0x100001b10
100001af4:	29 00 80 d2	mov	x9, #0x1
100001af8:	c9 fd 0b c8	stlxr	w11, x9, [x14]
100001afc:	eb fe ff 35	cbnz	w11, 0x100001ad8
100001b00:	41 0d 40 f9	ldr	x1, [x10, #0x18]
100001b04:	e0 03 0a aa	mov	x0, x10
100001b08:	30 09 80 52	mov	w16, #0x49
100001b0c:	01 10 00 d4	svc	#0x80
100001b10:	ff 83 00 91	add	sp, sp, #0x20
100001b14:	92 ff ff 17	b	0x10000195c
100001b18:	ff 83 00 91	add	sp, sp, #0x20
100001b1c:	68 00 80 52	mov	w8, #0x3
100001b20:	73 05 00 14	b	0x1000030ec
100001b24:	ea c7 41 f9	ldr	x10, [sp, #0x388]
100001b28:	4a 01 40 f9	ldr	x10, [x10]
100001b2c:	4d 01 40 f9	ldr	x13, [x10]
100001b30:	4a a1 00 91	add	x10, x10, #0x28
100001b34:	e9 cb 41 f9	ldr	x9, [sp, #0x390]
100001b38:	3f 01 1f eb	cmp	x9, xzr
100001b3c:	4a 00 00 54	b.ge	0x100001b44
100001b40:	29 01 0d 8b	add	x9, x9, x13
100001b44:	3f 01 1f eb	cmp	x9, xzr
100001b48:	4a 00 00 54	b.ge	0x100001b50
100001b4c:	09 00 80 52	mov	w9, #0x0
100001b50:	3f 01 0d eb	cmp	x9, x13
100001b54:	4d 00 00 54	b.le	0x100001b5c
100001b58:	e9 03 0d aa	mov	x9, x13
100001b5c:	e8 d3 41 f9	ldr	x8, [sp, #0x3a0]
100001b60:	1f 01 1f eb	cmp	x8, xzr
100001b64:	4a 00 00 54	b.ge	0x100001b6c
100001b68:	08 01 0d 8b	add	x8, x8, x13
100001b6c:	1f 01 1f eb	cmp	x8, xzr
100001b70:	4a 00 00 54	b.ge	0x100001b78
100001b74:	08 00 80 52	mov	w8, #0x0
100001b78:	1f 01 0d eb	cmp	x8, x13
100001b7c:	4d 00 00 54	b.le	0x100001b84
100001b80:	e8 03 0d aa	mov	x8, x13
100001b84:	0c 00 80 52	mov	w12, #0x0
100001b88:	3f 01 08 eb	cmp	x9, x8
100001b8c:	4a 00 00 54	b.ge	0x100001b94
100001b90:	0c 01 09 eb	subs	x12, x8, x9
100001b94:	0b 0a 80 d2	mov	x11, #0x50
100001b98:	29 7d 0b 9b	mul	x9, x9, x11
100001b9c:	4a 01 09 8b	add	x10, x10, x9
100001ba0:	ea d7 01 f9	str	x10, [sp, #0x3a8]
100001ba4:	ec db 01 f9	str	x12, [sp, #0x3b0]
100001ba8:	e9 d7 41 f9	ldr	x9, [sp, #0x3a8]
100001bac:	e9 97 05 f9	str	x9, [sp, #0xb28]
100001bb0:	e9 db 41 f9	ldr	x9, [sp, #0x3b0]
100001bb4:	e9 9b 05 f9	str	x9, [sp, #0xb30]
100001bb8:	09 00 e0 d2	movz	x9, #0x0, lsl #48
100001bbc:	e9 df 01 f9	str	x9, [sp, #0x3b8]
100001bc0:	f0 03 09 aa	mov	x16, x9
100001bc4:	09 00 80 52	mov	w9, #0x0
100001bc8:	e9 e3 01 f9	str	x9, [sp, #0x3c0]
100001bcc:	f1 03 09 aa	mov	x17, x9
100001bd0:	09 00 80 52	mov	w9, #0x0
100001bd4:	e9 e7 01 f9	str	x9, [sp, #0x3c8]
100001bd8:	f0 03 09 aa	mov	x16, x9
100001bdc:	09 e4 00 2f	movi	d9, #0000000000000000
100001be0:	e9 bb 08 bd	str	s9, [sp, #0x8b8]
100001be4:	09 e4 00 2f	movi	d9, #0000000000000000
100001be8:	e9 c3 08 bd	str	s9, [sp, #0x8c0]
100001bec:	09 10 2e 1e	fmov	s9, #1.00000000
100001bf0:	e9 cb 08 bd	str	s9, [sp, #0x8c8]
100001bf4:	e9 df 41 f9	ldr	x9, [sp, #0x3b8]
100001bf8:	e9 eb 01 f9	str	x9, [sp, #0x3d0]
100001bfc:	e9 5f 44 f9	ldr	x9, [sp, #0x8b8]
100001c00:	e9 ef 01 f9	str	x9, [sp, #0x3d8]
100001c04:	e9 63 44 f9	ldr	x9, [sp, #0x8c0]
100001c08:	e9 f3 01 f9	str	x9, [sp, #0x3e0]
100001c0c:	e9 67 44 f9	ldr	x9, [sp, #0x8c8]
100001c10:	e9 f7 01 f9	str	x9, [sp, #0x3e8]
100001c14:	e9 e3 41 f9	ldr	x9, [sp, #0x3c0]
100001c18:	e9 fb 01 f9	str	x9, [sp, #0x3f0]
100001c1c:	e9 e7 41 f9	ldr	x9, [sp, #0x3c8]
100001c20:	e9 ff 01 f9	str	x9, [sp, #0x3f8]
100001c24:	e0 43 0f 91	add	x0, sp, #0x3d0
100001c28:	ef 03 10 91	add	x15, sp, #0x400
100001c2c:	61 16 00 94	bl	_silex_function_17
100001c30:	e8 a5 00 35	cbnz	w8, 0x1000030ec
100001c34:	e9 03 42 f9	ldr	x9, [sp, #0x400]
100001c38:	e9 1f 02 f9	str	x9, [sp, #0x438]
100001c3c:	e9 07 42 f9	ldr	x9, [sp, #0x408]
100001c40:	e9 23 02 f9	str	x9, [sp, #0x440]
100001c44:	e9 0b 42 f9	ldr	x9, [sp, #0x410]
100001c48:	e9 27 02 f9	str	x9, [sp, #0x448]
100001c4c:	e9 0f 42 f9	ldr	x9, [sp, #0x418]
100001c50:	e9 2b 02 f9	str	x9, [sp, #0x450]
100001c54:	e9 13 42 f9	ldr	x9, [sp, #0x420]
100001c58:	e9 2f 02 f9	str	x9, [sp, #0x458]
100001c5c:	e9 17 42 f9	ldr	x9, [sp, #0x428]
100001c60:	e9 33 02 f9	str	x9, [sp, #0x460]
100001c64:	e9 1f 42 f9	ldr	x9, [sp, #0x438]
100001c68:	e9 6b 04 f9	str	x9, [sp, #0x8d0]
100001c6c:	f0 03 09 aa	mov	x16, x9
100001c70:	e9 23 42 f9	ldr	x9, [sp, #0x440]
100001c74:	e9 6f 04 f9	str	x9, [sp, #0x8d8]
100001c78:	f1 03 09 aa	mov	x17, x9
100001c7c:	e9 27 42 f9	ldr	x9, [sp, #0x448]
100001c80:	e9 73 04 f9	str	x9, [sp, #0x8e0]
100001c84:	f0 03 09 aa	mov	x16, x9
100001c88:	e9 2b 42 f9	ldr	x9, [sp, #0x450]
100001c8c:	e9 77 04 f9	str	x9, [sp, #0x8e8]
100001c90:	f1 03 09 aa	mov	x17, x9
100001c94:	e9 2f 42 f9	ldr	x9, [sp, #0x458]
100001c98:	e9 7b 04 f9	str	x9, [sp, #0x8f0]
100001c9c:	f0 03 09 aa	mov	x16, x9
100001ca0:	e9 33 42 f9	ldr	x9, [sp, #0x460]
100001ca4:	e9 7f 04 f9	str	x9, [sp, #0x8f8]
100001ca8:	f1 03 09 aa	mov	x17, x9
100001cac:	09 00 e0 d2	movz	x9, #0x0, lsl #48
100001cb0:	e9 37 02 f9	str	x9, [sp, #0x468]
100001cb4:	f0 03 09 aa	mov	x16, x9
100001cb8:	e9 03 10 aa	mov	x9, x16
100001cbc:	e9 53 04 f9	str	x9, [sp, #0x8a0]
100001cc0:	f1 03 09 aa	mov	x17, x9
100001cc4:	df 00 00 14	b	0x100002040
100001cc8:	09 e4 00 2f	movi	d9, #0000000000000000
100001ccc:	e9 cb 02 bd	str	s9, [sp, #0x2c8]
100001cd0:	09 e4 00 2f	movi	d9, #0000000000000000
100001cd4:	e9 d3 02 bd	str	s9, [sp, #0x2d0]
100001cd8:	e9 67 41 f9	ldr	x9, [sp, #0x2c8]
100001cdc:	e9 6f 05 f9	str	x9, [sp, #0xad8]
100001ce0:	f0 03 09 aa	mov	x16, x9
100001ce4:	e9 6b 41 f9	ldr	x9, [sp, #0x2d0]
100001ce8:	e9 73 05 f9	str	x9, [sp, #0xae0]
100001cec:	f1 03 09 aa	mov	x17, x9
100001cf0:	e9 8b 45 f9	ldr	x9, [sp, #0xb10]
100001cf4:	e9 6f 01 f9	str	x9, [sp, #0x2d8]
100001cf8:	f0 03 09 aa	mov	x16, x9
100001cfc:	e9 1f 41 f9	ldr	x9, [sp, #0x238]
100001d00:	e9 83 04 f9	str	x9, [sp, #0x900]
100001d04:	f1 03 09 aa	mov	x17, x9
100001d08:	09 10 2a 1e	fmov	s9, #0.25000000
100001d0c:	e9 0b 09 bd	str	s9, [sp, #0x908]
100001d10:	e9 27 41 f9	ldr	x9, [sp, #0x248]
100001d14:	e9 8b 04 f9	str	x9, [sp, #0x910]
100001d18:	f0 03 09 aa	mov	x16, x9
100001d1c:	e9 6f 45 f9	ldr	x9, [sp, #0xad8]
100001d20:	e9 8f 04 f9	str	x9, [sp, #0x918]
100001d24:	f1 03 09 aa	mov	x17, x9
100001d28:	e9 73 45 f9	ldr	x9, [sp, #0xae0]
100001d2c:	e9 93 04 f9	str	x9, [sp, #0x920]
100001d30:	f0 03 09 aa	mov	x16, x9
100001d34:	09 10 2e 1e	fmov	s9, #1.00000000
100001d38:	e9 2b 09 bd	str	s9, [sp, #0x928]
100001d3c:	e9 37 41 f9	ldr	x9, [sp, #0x268]
100001d40:	e9 9b 04 f9	str	x9, [sp, #0x930]
100001d44:	f1 03 09 aa	mov	x17, x9
100001d48:	e9 3f 41 f9	ldr	x9, [sp, #0x278]
100001d4c:	e9 9f 04 f9	str	x9, [sp, #0x938]
100001d50:	f0 03 09 aa	mov	x16, x9
100001d54:	e9 83 44 f9	ldr	x9, [sp, #0x900]
100001d58:	e9 73 01 f9	str	x9, [sp, #0x2e0]
100001d5c:	e9 87 44 f9	ldr	x9, [sp, #0x908]
100001d60:	e9 77 01 f9	str	x9, [sp, #0x2e8]
100001d64:	e9 8b 44 f9	ldr	x9, [sp, #0x910]
100001d68:	e9 7b 01 f9	str	x9, [sp, #0x2f0]
100001d6c:	e9 8f 44 f9	ldr	x9, [sp, #0x918]
100001d70:	e9 7f 01 f9	str	x9, [sp, #0x2f8]
100001d74:	e9 93 44 f9	ldr	x9, [sp, #0x920]
100001d78:	e9 83 01 f9	str	x9, [sp, #0x300]
100001d7c:	e9 97 44 f9	ldr	x9, [sp, #0x928]
100001d80:	e9 87 01 f9	str	x9, [sp, #0x308]
100001d84:	e9 9b 44 f9	ldr	x9, [sp, #0x930]
100001d88:	e9 8b 01 f9	str	x9, [sp, #0x310]
100001d8c:	e9 9f 44 f9	ldr	x9, [sp, #0x938]
100001d90:	e9 8f 01 f9	str	x9, [sp, #0x318]
100001d94:	e9 4f 41 f9	ldr	x9, [sp, #0x298]
100001d98:	e9 93 01 f9	str	x9, [sp, #0x320]
100001d9c:	e9 53 41 f9	ldr	x9, [sp, #0x2a0]
100001da0:	e9 97 01 f9	str	x9, [sp, #0x328]
100001da4:	ea 6f 41 f9	ldr	x10, [sp, #0x2d8]
100001da8:	4d 01 40 f9	ldr	x13, [x10]
100001dac:	09 00 80 52	mov	w9, #0x0
100001db0:	ec 03 0d aa	mov	x12, x13
100001db4:	8c 05 00 91	add	x12, x12, #0x1
100001db8:	4b 05 40 f9	ldr	x11, [x10, #0x8]
100001dbc:	45 09 40 f9	ldr	x5, [x10, #0x10]
100001dc0:	6b 01 05 8b	add	x11, x11, x5
100001dc4:	25 00 80 d2	mov	x5, #0x1
100001dc8:	7f 01 05 eb	cmp	x11, x5
100001dcc:	41 04 00 54	b.ne	0x100001e54
100001dd0:	0b 0a 80 d2	mov	x11, #0x50
100001dd4:	85 7d 0b 9b	mul	x5, x12, x11
100001dd8:	a5 a0 00 91	add	x5, x5, #0x28
100001ddc:	4b 0d 40 f9	ldr	x11, [x10, #0x18]
100001de0:	bf 00 0b eb	cmp	x5, x11
100001de4:	88 03 00 54	b.hi	0x100001e54
100001de8:	4e a1 00 91	add	x14, x10, #0x28
100001dec:	0b 0a 80 d2	mov	x11, #0x50
100001df0:	a5 7d 0b 9b	mul	x5, x13, x11
100001df4:	ce 01 05 8b	add	x14, x14, x5
100001df8:	e5 73 41 f9	ldr	x5, [sp, #0x2e0]
100001dfc:	c5 01 00 f9	str	x5, [x14]
100001e00:	e5 77 41 f9	ldr	x5, [sp, #0x2e8]
100001e04:	c5 05 00 f9	str	x5, [x14, #0x8]
100001e08:	e5 7b 41 f9	ldr	x5, [sp, #0x2f0]
100001e0c:	c5 09 00 f9	str	x5, [x14, #0x10]
100001e10:	e5 7f 41 f9	ldr	x5, [sp, #0x2f8]
100001e14:	c5 0d 00 f9	str	x5, [x14, #0x18]
100001e18:	e5 83 41 f9	ldr	x5, [sp, #0x300]
100001e1c:	c5 11 00 f9	str	x5, [x14, #0x20]
100001e20:	e5 87 41 f9	ldr	x5, [sp, #0x308]
100001e24:	c5 15 00 f9	str	x5, [x14, #0x28]
100001e28:	e5 8b 41 f9	ldr	x5, [sp, #0x310]
100001e2c:	c5 19 00 f9	str	x5, [x14, #0x30]
100001e30:	e5 8f 41 f9	ldr	x5, [sp, #0x318]
100001e34:	c5 1d 00 f9	str	x5, [x14, #0x38]
100001e38:	e5 93 41 f9	ldr	x5, [sp, #0x320]
100001e3c:	c5 21 00 f9	str	x5, [x14, #0x40]
100001e40:	e5 97 41 f9	ldr	x5, [sp, #0x328]
100001e44:	c5 25 00 f9	str	x5, [x14, #0x48]
100001e48:	4c 01 00 f9	str	x12, [x10]
100001e4c:	ea 9b 01 f9	str	x10, [sp, #0x330]
100001e50:	6d 00 00 14	b	0x100002004
100001e54:	ff c3 00 d1	sub	sp, sp, #0x30
100001e58:	ea 03 00 f9	str	x10, [sp]
100001e5c:	ed 07 00 f9	str	x13, [sp, #0x8]
100001e60:	e9 0b 00 f9	str	x9, [sp, #0x10]
100001e64:	ec 0f 00 f9	str	x12, [sp, #0x18]
100001e68:	e7 13 00 f9	str	x7, [sp, #0x20]
100001e6c:	e6 17 00 f9	str	x6, [sp, #0x28]
100001e70:	0b 0a 80 d2	mov	x11, #0x50
100001e74:	81 7d 0b 9b	mul	x1, x12, x11
100001e78:	21 a0 00 91	add	x1, x1, #0x28
100001e7c:	05 00 88 d2	mov	x5, #0x4000
100001e80:	3f 00 05 eb	cmp	x1, x5
100001e84:	42 00 00 54	b.hs	0x100001e8c
100001e88:	e1 03 05 aa	mov	x1, x5
100001e8c:	21 00 01 8b	add	x1, x1, x1
100001e90:	00 00 80 52	mov	w0, #0x0
100001e94:	62 00 80 52	mov	w2, #0x3
100001e98:	43 00 82 52	mov	w3, #0x1002
100001e9c:	e4 ff 9f d2	mov	x4, #0xffff
100001ea0:	e4 ff bf f2	movk	x4, #0xffff, lsl #16
100001ea4:	e4 ff df f2	movk	x4, #0xffff, lsl #32
100001ea8:	e4 ff ff f2	movk	x4, #0xffff, lsl #48
100001eac:	05 00 80 52	mov	w5, #0x0
100001eb0:	b0 18 80 52	mov	w16, #0xc5
100001eb4:	01 10 00 d4	svc	#0x80
100001eb8:	82 0a 00 54	b.hs	0x100002008
100001ebc:	ef 03 00 aa	mov	x15, x0
100001ec0:	ea 03 40 f9	ldr	x10, [sp]
100001ec4:	ed 07 40 f9	ldr	x13, [sp, #0x8]
100001ec8:	e9 0b 40 f9	ldr	x9, [sp, #0x10]
100001ecc:	ec 0f 40 f9	ldr	x12, [sp, #0x18]
100001ed0:	e7 13 40 f9	ldr	x7, [sp, #0x20]
100001ed4:	e6 17 40 f9	ldr	x6, [sp, #0x28]
100001ed8:	ec 01 00 f9	str	x12, [x15]
100001edc:	25 00 80 d2	mov	x5, #0x1
100001ee0:	e5 05 00 f9	str	x5, [x15, #0x8]
100001ee4:	0b 0a 80 d2	mov	x11, #0x50
100001ee8:	8b 7d 0b 9b	mul	x11, x12, x11
100001eec:	6b a1 00 91	add	x11, x11, #0x28
100001ef0:	05 00 88 d2	mov	x5, #0x4000
100001ef4:	7f 01 05 eb	cmp	x11, x5
100001ef8:	42 00 00 54	b.hs	0x100001f00
100001efc:	eb 03 05 aa	mov	x11, x5
100001f00:	6b 01 0b 8b	add	x11, x11, x11
100001f04:	eb 0d 00 f9	str	x11, [x15, #0x18]
100001f08:	4a a1 00 91	add	x10, x10, #0x28
100001f0c:	ee a1 00 91	add	x14, x15, #0x28
100001f10:	4b 01 80 d2	mov	x11, #0xa
100001f14:	ac 7d 0b 9b	mul	x12, x13, x11
100001f18:	ec 00 00 b4	cbz	x12, 0x100001f34
100001f1c:	4b 01 40 f9	ldr	x11, [x10]
100001f20:	cb 01 00 f9	str	x11, [x14]
100001f24:	4a 21 00 91	add	x10, x10, #0x8
100001f28:	ce 21 00 91	add	x14, x14, #0x8
100001f2c:	8c 05 00 d1	sub	x12, x12, #0x1
100001f30:	6c ff ff b5	cbnz	x12, 0x100001f1c
100001f34:	ff c3 00 91	add	sp, sp, #0x30
100001f38:	e9 03 0d aa	mov	x9, x13
100001f3c:	ee a1 00 91	add	x14, x15, #0x28
100001f40:	0b 0a 80 d2	mov	x11, #0x50
100001f44:	29 7d 0b 9b	mul	x9, x9, x11
100001f48:	ce 01 09 8b	add	x14, x14, x9
100001f4c:	ec 73 41 f9	ldr	x12, [sp, #0x2e0]
100001f50:	cc 01 00 f9	str	x12, [x14]
100001f54:	ec 77 41 f9	ldr	x12, [sp, #0x2e8]
100001f58:	cc 05 00 f9	str	x12, [x14, #0x8]
100001f5c:	ec 7b 41 f9	ldr	x12, [sp, #0x2f0]
100001f60:	cc 09 00 f9	str	x12, [x14, #0x10]
100001f64:	ec 7f 41 f9	ldr	x12, [sp, #0x2f8]
100001f68:	cc 0d 00 f9	str	x12, [x14, #0x18]
100001f6c:	ec 83 41 f9	ldr	x12, [sp, #0x300]
100001f70:	cc 11 00 f9	str	x12, [x14, #0x20]
100001f74:	ec 87 41 f9	ldr	x12, [sp, #0x308]
100001f78:	cc 15 00 f9	str	x12, [x14, #0x28]
100001f7c:	ec 8b 41 f9	ldr	x12, [sp, #0x310]
100001f80:	cc 19 00 f9	str	x12, [x14, #0x30]
100001f84:	ec 8f 41 f9	ldr	x12, [sp, #0x318]
100001f88:	cc 1d 00 f9	str	x12, [x14, #0x38]
100001f8c:	ec 93 41 f9	ldr	x12, [sp, #0x320]
100001f90:	cc 21 00 f9	str	x12, [x14, #0x40]
100001f94:	ec 97 41 f9	ldr	x12, [sp, #0x328]
100001f98:	cc 25 00 f9	str	x12, [x14, #0x48]
100001f9c:	ef 9b 01 f9	str	x15, [sp, #0x330]
100001fa0:	ea 6f 41 f9	ldr	x10, [sp, #0x2d8]
100001fa4:	4e 21 00 91	add	x14, x10, #0x8
100001fa8:	c9 fd 5f c8	ldaxr	x9, [x14]
100001fac:	c9 02 00 b4	cbz	x9, 0x100002004
100001fb0:	29 05 00 d1	sub	x9, x9, #0x1
100001fb4:	c9 fd 0b c8	stlxr	w11, x9, [x14]
100001fb8:	8b ff ff 35	cbnz	w11, 0x100001fa8
100001fbc:	4b 09 40 f9	ldr	x11, [x10, #0x10]
100001fc0:	29 01 0b 8b	add	x9, x9, x11
100001fc4:	09 02 00 b5	cbnz	x9, 0x100002004
100001fc8:	4e 81 00 91	add	x14, x10, #0x20
100001fcc:	c9 fd 5f c8	ldaxr	x9, [x14]
100001fd0:	4b 00 80 d2	mov	x11, #0x2
100001fd4:	3f 01 0b eb	cmp	x9, x11
100001fd8:	a0 ff ff 54	b.eq	0x100001fcc
100001fdc:	2b 00 80 d2	mov	x11, #0x1
100001fe0:	3f 01 0b eb	cmp	x9, x11
100001fe4:	00 01 00 54	b.eq	0x100002004
100001fe8:	29 00 80 d2	mov	x9, #0x1
100001fec:	c9 fd 0b c8	stlxr	w11, x9, [x14]
100001ff0:	eb fe ff 35	cbnz	w11, 0x100001fcc
100001ff4:	41 0d 40 f9	ldr	x1, [x10, #0x18]
100001ff8:	e0 03 0a aa	mov	x0, x10
100001ffc:	30 09 80 52	mov	w16, #0x49
100002000:	01 10 00 d4	svc	#0x80
100002004:	04 00 00 14	b	0x100002014
100002008:	ff c3 00 91	add	sp, sp, #0x30
10000200c:	68 00 80 52	mov	w8, #0x3
100002010:	37 04 00 14	b	0x1000030ec
100002014:	e9 9b 41 f9	ldr	x9, [sp, #0x330]
100002018:	e9 8b 05 f9	str	x9, [sp, #0xb10]
10000201c:	f0 03 09 aa	mov	x16, x9
100002020:	e9 4f 44 f9	ldr	x9, [sp, #0x898]
100002024:	2b 05 00 91	add	x11, x9, #0x1
100002028:	eb a3 01 f9	str	x11, [sp, #0x340]
10000202c:	f1 03 0b aa	mov	x17, x11
100002030:	e9 03 11 aa	mov	x9, x17
100002034:	e9 4f 04 f9	str	x9, [sp, #0x898]
100002038:	f0 03 09 aa	mov	x16, x9
10000203c:	4a fc ff 17	b	0x100001164
100002040:	e9 53 44 f9	ldr	x9, [sp, #0x8a0]
100002044:	ea 4b 44 f9	ldr	x10, [sp, #0x890]
100002048:	3f 01 0a eb	cmp	x9, x10
10000204c:	0b 00 80 52	mov	w11, #0x0
100002050:	4a 00 00 54	b.ge	0x100002058
100002054:	2b 00 80 52	mov	w11, #0x1
100002058:	eb 3b 02 f9	str	x11, [sp, #0x470]
10000205c:	f0 03 0b aa	mov	x16, x11
100002060:	e9 3b 42 f9	ldr	x9, [sp, #0x470]
100002064:	69 01 00 34	cbz	w9, 0x100002090
100002068:	e0 8f 45 f9	ldr	x0, [sp, #0xb18]
10000206c:	e1 93 45 f9	ldr	x1, [sp, #0xb20]
100002070:	e2 97 45 f9	ldr	x2, [sp, #0xb28]
100002074:	e3 9b 45 f9	ldr	x3, [sp, #0xb30]
100002078:	a9 f9 ff 97	bl	_silex_function_2
10000207c:	88 83 00 35	cbnz	w8, 0x1000030ec
100002080:	e9 37 44 f9	ldr	x9, [sp, #0x868]
100002084:	49 00 00 34	cbz	w9, 0x10000208c
100002088:	11 00 00 14	b	0x1000020cc
10000208c:	0b 02 00 14	b	0x1000028b8
100002090:	09 00 80 52	mov	w9, #0x0
100002094:	e9 f7 02 f9	str	x9, [sp, #0x5e8]
100002098:	f0 03 09 aa	mov	x16, x9
10000209c:	e9 37 44 f9	ldr	x9, [sp, #0x868]
1000020a0:	ea f7 42 f9	ldr	x10, [sp, #0x5e8]
1000020a4:	3f 01 0a eb	cmp	x9, x10
1000020a8:	0b 00 80 52	mov	w11, #0x0
1000020ac:	41 00 00 54	b.ne	0x1000020b4
1000020b0:	2b 00 80 52	mov	w11, #0x1
1000020b4:	eb fb 02 f9	str	x11, [sp, #0x5f0]
1000020b8:	f1 03 0b aa	mov	x17, x11
1000020bc:	e9 fb 42 f9	ldr	x9, [sp, #0x5f0]
1000020c0:	49 00 00 34	cbz	w9, 0x1000020c8
1000020c4:	05 02 00 14	b	0x1000028d8
1000020c8:	cf 03 00 14	b	0x100003004
1000020cc:	09 00 e0 d2	movz	x9, #0x0, lsl #48
1000020d0:	e9 4f 02 f9	str	x9, [sp, #0x498]
1000020d4:	f0 03 09 aa	mov	x16, x9
1000020d8:	e9 97 45 f9	ldr	x9, [sp, #0xb28]
1000020dc:	e9 ef 04 f9	str	x9, [sp, #0x9d8]
1000020e0:	e9 8f 45 f9	ldr	x9, [sp, #0xb18]
1000020e4:	e9 f7 04 f9	str	x9, [sp, #0x9e8]
1000020e8:	e9 8f 45 f9	ldr	x9, [sp, #0xb18]
1000020ec:	e9 ff 04 f9	str	x9, [sp, #0x9f8]
1000020f0:	e9 8f 45 f9	ldr	x9, [sp, #0xb18]
1000020f4:	e9 07 05 f9	str	x9, [sp, #0xa08]
1000020f8:	e9 8f 45 f9	ldr	x9, [sp, #0xb18]
1000020fc:	e9 0f 05 f9	str	x9, [sp, #0xa18]
100002100:	e9 8f 45 f9	ldr	x9, [sp, #0xb18]
100002104:	e9 17 05 f9	str	x9, [sp, #0xa28]
100002108:	e9 8f 45 f9	ldr	x9, [sp, #0xb18]
10000210c:	e9 1f 05 f9	str	x9, [sp, #0xa38]
100002110:	e9 8f 45 f9	ldr	x9, [sp, #0xb18]
100002114:	e9 27 05 f9	str	x9, [sp, #0xa48]
100002118:	e9 03 10 aa	mov	x9, x16
10000211c:	e9 57 04 f9	str	x9, [sp, #0x8a8]
100002120:	f1 03 09 aa	mov	x17, x9
100002124:	e9 57 44 f9	ldr	x9, [sp, #0x8a8]
100002128:	ea 47 44 f9	ldr	x10, [sp, #0x888]
10000212c:	3f 01 0a eb	cmp	x9, x10
100002130:	0b 00 80 52	mov	w11, #0x0
100002134:	4a 00 00 54	b.ge	0x10000213c
100002138:	2b 00 80 52	mov	w11, #0x1
10000213c:	eb 53 02 f9	str	x11, [sp, #0x4a0]
100002140:	f0 03 0b aa	mov	x16, x11
100002144:	e9 53 42 f9	ldr	x9, [sp, #0x4a0]
100002148:	89 3b 00 34	cbz	w9, 0x1000028b8
10000214c:	09 e4 00 2f	movi	d9, #0000000000000000
100002150:	e9 ab 04 bd	str	s9, [sp, #0x4a8]
100002154:	e9 97 45 f9	ldr	x9, [sp, #0xb28]
100002158:	e9 5b 02 f9	str	x9, [sp, #0x4b0]
10000215c:	e9 9b 45 f9	ldr	x9, [sp, #0xb30]
100002160:	e9 5f 02 f9	str	x9, [sp, #0x4b8]
100002164:	ed 5f 42 f9	ldr	x13, [sp, #0x4b8]
100002168:	e9 57 44 f9	ldr	x9, [sp, #0x8a8]
10000216c:	3f 01 0d eb	cmp	x9, x13
100002170:	4a 7c 00 54	b.ge	0x1000030f8
100002174:	e9 ef 44 f9	ldr	x9, [sp, #0x9d8]
100002178:	2a 25 40 f9	ldr	x10, [x9, #0x48]
10000217c:	ea af 04 f9	str	x10, [sp, #0x958]
100002180:	e9 57 42 f9	ldr	x9, [sp, #0x4a8]
100002184:	e9 77 05 f9	str	x9, [sp, #0xae8]
100002188:	f0 03 09 aa	mov	x16, x9
10000218c:	e9 af 44 f9	ldr	x9, [sp, #0x958]
100002190:	c9 00 00 34	cbz	w9, 0x1000021a8
100002194:	09 10 2e 1e	fmov	s9, #1.00000000
100002198:	e9 c3 04 bd	str	s9, [sp, #0x4c0]
10000219c:	e9 63 42 f9	ldr	x9, [sp, #0x4c0]
1000021a0:	e9 77 05 f9	str	x9, [sp, #0xae8]
1000021a4:	f0 03 09 aa	mov	x16, x9
1000021a8:	49 00 00 90	adrp	x9, 8 ; 0x10000a000
1000021ac:	29 e1 1c 91	add	x9, x9, #0x738
1000021b0:	e9 67 02 f9	str	x9, [sp, #0x4c8]
1000021b4:	49 00 00 90	adrp	x9, 8 ; 0x10000a000
1000021b8:	29 21 1d 91	add	x9, x9, #0x748
1000021bc:	e9 6b 02 f9	str	x9, [sp, #0x4d0]
1000021c0:	49 00 00 90	adrp	x9, 8 ; 0x10000a000
1000021c4:	29 21 1d 91	add	x9, x9, #0x748
1000021c8:	e9 6f 02 f9	str	x9, [sp, #0x4d8]
1000021cc:	e9 8f 45 f9	ldr	x9, [sp, #0xb18]
1000021d0:	e9 73 02 f9	str	x9, [sp, #0x4e0]
1000021d4:	e9 93 45 f9	ldr	x9, [sp, #0xb20]
1000021d8:	e9 77 02 f9	str	x9, [sp, #0x4e8]
1000021dc:	ed 77 42 f9	ldr	x13, [sp, #0x4e8]
1000021e0:	e9 57 44 f9	ldr	x9, [sp, #0x8a8]
1000021e4:	3f 01 0d eb	cmp	x9, x13
1000021e8:	aa 7f 00 54	b.ge	0x1000031dc
1000021ec:	e9 f7 44 f9	ldr	x9, [sp, #0x9e8]
1000021f0:	2a 01 40 f9	ldr	x10, [x9]
1000021f4:	ea b3 04 f9	str	x10, [sp, #0x960]
1000021f8:	e9 b3 44 f9	ldr	x9, [sp, #0x960]
1000021fc:	e9 7b 02 f9	str	x9, [sp, #0x4f0]
100002200:	f0 03 09 aa	mov	x16, x9
100002204:	49 00 00 90	adrp	x9, 8 ; 0x10000a000
100002208:	29 21 1d 91	add	x9, x9, #0x748
10000220c:	e9 7f 02 f9	str	x9, [sp, #0x4f8]
100002210:	e9 8f 45 f9	ldr	x9, [sp, #0xb18]
100002214:	e9 83 02 f9	str	x9, [sp, #0x500]
100002218:	e9 93 45 f9	ldr	x9, [sp, #0xb20]
10000221c:	e9 87 02 f9	str	x9, [sp, #0x508]
100002220:	ed 87 42 f9	ldr	x13, [sp, #0x508]
100002224:	e9 57 44 f9	ldr	x9, [sp, #0x8a8]
100002228:	3f 01 0d eb	cmp	x9, x13
10000222c:	aa 84 00 54	b.ge	0x1000032c0
100002230:	e9 ff 44 f9	ldr	x9, [sp, #0x9f8]
100002234:	2a 05 40 f9	ldr	x10, [x9, #0x8]
100002238:	ea b7 04 f9	str	x10, [sp, #0x968]
10000223c:	e9 b7 44 f9	ldr	x9, [sp, #0x968]
100002240:	e9 8b 02 f9	str	x9, [sp, #0x510]
100002244:	f0 03 09 aa	mov	x16, x9
100002248:	49 00 00 90	adrp	x9, 8 ; 0x10000a000
10000224c:	29 21 1d 91	add	x9, x9, #0x748
100002250:	e9 8f 02 f9	str	x9, [sp, #0x518]
100002254:	e9 8f 45 f9	ldr	x9, [sp, #0xb18]
100002258:	e9 93 02 f9	str	x9, [sp, #0x520]
10000225c:	e9 93 45 f9	ldr	x9, [sp, #0xb20]
100002260:	e9 97 02 f9	str	x9, [sp, #0x528]
100002264:	ed 97 42 f9	ldr	x13, [sp, #0x528]
100002268:	e9 57 44 f9	ldr	x9, [sp, #0x8a8]
10000226c:	3f 01 0d eb	cmp	x9, x13
100002270:	aa 89 00 54	b.ge	0x1000033a4
100002274:	e9 07 45 f9	ldr	x9, [sp, #0xa08]
100002278:	2a 09 40 f9	ldr	x10, [x9, #0x10]
10000227c:	ea bb 04 f9	str	x10, [sp, #0x970]
100002280:	e9 bb 44 f9	ldr	x9, [sp, #0x970]
100002284:	e9 9b 02 f9	str	x9, [sp, #0x530]
100002288:	f0 03 09 aa	mov	x16, x9
10000228c:	49 00 00 90	adrp	x9, 8 ; 0x10000a000
100002290:	29 21 1d 91	add	x9, x9, #0x748
100002294:	e9 9f 02 f9	str	x9, [sp, #0x538]
100002298:	e9 8f 45 f9	ldr	x9, [sp, #0xb18]
10000229c:	e9 a3 02 f9	str	x9, [sp, #0x540]
1000022a0:	e9 93 45 f9	ldr	x9, [sp, #0xb20]
1000022a4:	e9 a7 02 f9	str	x9, [sp, #0x548]
1000022a8:	ed a7 42 f9	ldr	x13, [sp, #0x548]
1000022ac:	e9 57 44 f9	ldr	x9, [sp, #0x8a8]
1000022b0:	3f 01 0d eb	cmp	x9, x13
1000022b4:	aa 8e 00 54	b.ge	0x100003488
1000022b8:	e9 0f 45 f9	ldr	x9, [sp, #0xa18]
1000022bc:	2a 0d 40 f9	ldr	x10, [x9, #0x18]
1000022c0:	ea bf 04 f9	str	x10, [sp, #0x978]
1000022c4:	e9 bf 44 f9	ldr	x9, [sp, #0x978]
1000022c8:	e9 ab 02 f9	str	x9, [sp, #0x550]
1000022cc:	f0 03 09 aa	mov	x16, x9
1000022d0:	49 00 00 90	adrp	x9, 8 ; 0x10000a000
1000022d4:	29 21 1d 91	add	x9, x9, #0x748
1000022d8:	e9 af 02 f9	str	x9, [sp, #0x558]
1000022dc:	e9 8f 45 f9	ldr	x9, [sp, #0xb18]
1000022e0:	e9 b3 02 f9	str	x9, [sp, #0x560]
1000022e4:	e9 93 45 f9	ldr	x9, [sp, #0xb20]
1000022e8:	e9 b7 02 f9	str	x9, [sp, #0x568]
1000022ec:	ed b7 42 f9	ldr	x13, [sp, #0x568]
1000022f0:	e9 57 44 f9	ldr	x9, [sp, #0x8a8]
1000022f4:	3f 01 0d eb	cmp	x9, x13
1000022f8:	aa 93 00 54	b.ge	0x10000356c
1000022fc:	e9 17 45 f9	ldr	x9, [sp, #0xa28]
100002300:	2a 11 40 f9	ldr	x10, [x9, #0x20]
100002304:	ea c3 04 f9	str	x10, [sp, #0x980]
100002308:	e9 c3 44 f9	ldr	x9, [sp, #0x980]
10000230c:	e9 bb 02 f9	str	x9, [sp, #0x570]
100002310:	f0 03 09 aa	mov	x16, x9
100002314:	49 00 00 90	adrp	x9, 8 ; 0x10000a000
100002318:	29 21 1d 91	add	x9, x9, #0x748
10000231c:	e9 bf 02 f9	str	x9, [sp, #0x578]
100002320:	e9 8f 45 f9	ldr	x9, [sp, #0xb18]
100002324:	e9 c3 02 f9	str	x9, [sp, #0x580]
100002328:	e9 93 45 f9	ldr	x9, [sp, #0xb20]
10000232c:	e9 c7 02 f9	str	x9, [sp, #0x588]
100002330:	ed c7 42 f9	ldr	x13, [sp, #0x588]
100002334:	e9 57 44 f9	ldr	x9, [sp, #0x8a8]
100002338:	3f 01 0d eb	cmp	x9, x13
10000233c:	aa 98 00 54	b.ge	0x100003650
100002340:	e9 1f 45 f9	ldr	x9, [sp, #0xa38]
100002344:	2a 15 40 f9	ldr	x10, [x9, #0x28]
100002348:	ea c7 04 f9	str	x10, [sp, #0x988]
10000234c:	e9 c7 44 f9	ldr	x9, [sp, #0x988]
100002350:	e9 cb 02 f9	str	x9, [sp, #0x590]
100002354:	f0 03 09 aa	mov	x16, x9
100002358:	49 00 00 90	adrp	x9, 8 ; 0x10000a000
10000235c:	29 21 1d 91	add	x9, x9, #0x748
100002360:	e9 cf 02 f9	str	x9, [sp, #0x598]
100002364:	e9 8f 45 f9	ldr	x9, [sp, #0xb18]
100002368:	e9 d3 02 f9	str	x9, [sp, #0x5a0]
10000236c:	e9 93 45 f9	ldr	x9, [sp, #0xb20]
100002370:	e9 d7 02 f9	str	x9, [sp, #0x5a8]
100002374:	ed d7 42 f9	ldr	x13, [sp, #0x5a8]
100002378:	e9 57 44 f9	ldr	x9, [sp, #0x8a8]
10000237c:	3f 01 0d eb	cmp	x9, x13
100002380:	aa 9d 00 54	b.ge	0x100003734
100002384:	e9 27 45 f9	ldr	x9, [sp, #0xa48]
100002388:	2a 19 40 f9	ldr	x10, [x9, #0x30]
10000238c:	ea cb 04 f9	str	x10, [sp, #0x990]
100002390:	e9 cb 44 f9	ldr	x9, [sp, #0x990]
100002394:	e9 db 02 f9	str	x9, [sp, #0x5b0]
100002398:	f0 03 09 aa	mov	x16, x9
10000239c:	49 00 00 90	adrp	x9, 8 ; 0x10000a000
1000023a0:	29 21 1d 91	add	x9, x9, #0x748
1000023a4:	e9 df 02 f9	str	x9, [sp, #0x5b8]
1000023a8:	e9 77 45 f9	ldr	x9, [sp, #0xae8]
1000023ac:	e9 e3 02 f9	str	x9, [sp, #0x5c0]
1000023b0:	f0 03 09 aa	mov	x16, x9
1000023b4:	e9 67 42 f9	ldr	x9, [sp, #0x4c8]
1000023b8:	22 01 40 f9	ldr	x2, [x9]
1000023bc:	ea ff 9f d2	mov	x10, #0xffff
1000023c0:	ea ff bf f2	movk	x10, #0xffff, lsl #16
1000023c4:	ea ff df f2	movk	x10, #0xffff, lsl #32
1000023c8:	ea ff ef f2	movk	x10, #0x7fff, lsl #48
1000023cc:	42 00 0a 8a	and	x2, x2, x10
1000023d0:	21 21 00 91	add	x1, x9, #0x8
1000023d4:	20 00 80 52	mov	w0, #0x1
1000023d8:	90 00 80 52	mov	w16, #0x4
1000023dc:	01 10 00 d4	svc	#0x80
1000023e0:	e9 53 44 f9	ldr	x9, [sp, #0x8a0]
1000023e4:	ff 83 00 d1	sub	sp, sp, #0x20
1000023e8:	eb 83 00 91	add	x11, sp, #0x20
1000023ec:	0c 00 80 52	mov	w12, #0x0
1000023f0:	c9 00 00 b5	cbnz	x9, 0x100002408
1000023f4:	6b 05 00 d1	sub	x11, x11, #0x1
1000023f8:	0a 06 80 52	mov	w10, #0x30
1000023fc:	6a 01 00 39	strb	w10, [x11]
100002400:	8c 05 00 91	add	x12, x12, #0x1
100002404:	16 00 00 14	b	0x10000245c
100002408:	03 00 80 52	mov	w3, #0x0
10000240c:	3f 01 1f eb	cmp	x9, xzr
100002410:	6b 00 00 54	b.lt	0x10000241c
100002414:	e9 03 09 eb	negs	x9, x9
100002418:	02 00 00 14	b	0x100002420
10000241c:	23 00 80 52	mov	w3, #0x1
100002420:	4a 01 80 52	mov	w10, #0xa
100002424:	24 0d ca 9a	sdiv	x4, x9, x10
100002428:	85 a4 0a 9b	msub	x5, x4, x10, x9
10000242c:	06 06 80 52	mov	w6, #0x30
100002430:	c6 00 05 eb	subs	x6, x6, x5
100002434:	6b 05 00 d1	sub	x11, x11, #0x1
100002438:	66 01 00 39	strb	w6, [x11]
10000243c:	8c 05 00 91	add	x12, x12, #0x1
100002440:	e9 03 04 aa	mov	x9, x4
100002444:	e9 fe ff b5	cbnz	x9, 0x100002420
100002448:	a3 00 00 34	cbz	w3, 0x10000245c
10000244c:	6b 05 00 d1	sub	x11, x11, #0x1
100002450:	aa 05 80 52	mov	w10, #0x2d
100002454:	6a 01 00 39	strb	w10, [x11]
100002458:	8c 05 00 91	add	x12, x12, #0x1
10000245c:	20 00 80 52	mov	w0, #0x1
100002460:	e1 03 0b aa	mov	x1, x11
100002464:	e2 03 0c aa	mov	x2, x12
100002468:	90 00 80 52	mov	w16, #0x4
10000246c:	01 10 00 d4	svc	#0x80
100002470:	ff 83 00 91	add	sp, sp, #0x20
100002474:	e9 6b 42 f9	ldr	x9, [sp, #0x4d0]
100002478:	22 01 40 f9	ldr	x2, [x9]
10000247c:	ea ff 9f d2	mov	x10, #0xffff
100002480:	ea ff bf f2	movk	x10, #0xffff, lsl #16
100002484:	ea ff df f2	movk	x10, #0xffff, lsl #32
100002488:	ea ff ef f2	movk	x10, #0x7fff, lsl #48
10000248c:	42 00 0a 8a	and	x2, x2, x10
100002490:	21 21 00 91	add	x1, x9, #0x8
100002494:	20 00 80 52	mov	w0, #0x1
100002498:	90 00 80 52	mov	w16, #0x4
10000249c:	01 10 00 d4	svc	#0x80
1000024a0:	e9 57 44 f9	ldr	x9, [sp, #0x8a8]
1000024a4:	ff 83 00 d1	sub	sp, sp, #0x20
1000024a8:	eb 83 00 91	add	x11, sp, #0x20
1000024ac:	0c 00 80 52	mov	w12, #0x0
1000024b0:	c9 00 00 b5	cbnz	x9, 0x1000024c8
1000024b4:	6b 05 00 d1	sub	x11, x11, #0x1
1000024b8:	0a 06 80 52	mov	w10, #0x30
1000024bc:	6a 01 00 39	strb	w10, [x11]
1000024c0:	8c 05 00 91	add	x12, x12, #0x1
1000024c4:	16 00 00 14	b	0x10000251c
1000024c8:	03 00 80 52	mov	w3, #0x0
1000024cc:	3f 01 1f eb	cmp	x9, xzr
1000024d0:	6b 00 00 54	b.lt	0x1000024dc
1000024d4:	e9 03 09 eb	negs	x9, x9
1000024d8:	02 00 00 14	b	0x1000024e0
1000024dc:	23 00 80 52	mov	w3, #0x1
1000024e0:	4a 01 80 52	mov	w10, #0xa
1000024e4:	24 0d ca 9a	sdiv	x4, x9, x10
1000024e8:	85 a4 0a 9b	msub	x5, x4, x10, x9
1000024ec:	06 06 80 52	mov	w6, #0x30
1000024f0:	c6 00 05 eb	subs	x6, x6, x5
1000024f4:	6b 05 00 d1	sub	x11, x11, #0x1
1000024f8:	66 01 00 39	strb	w6, [x11]
1000024fc:	8c 05 00 91	add	x12, x12, #0x1
100002500:	e9 03 04 aa	mov	x9, x4
100002504:	e9 fe ff b5	cbnz	x9, 0x1000024e0
100002508:	a3 00 00 34	cbz	w3, 0x10000251c
10000250c:	6b 05 00 d1	sub	x11, x11, #0x1
100002510:	aa 05 80 52	mov	w10, #0x2d
100002514:	6a 01 00 39	strb	w10, [x11]
100002518:	8c 05 00 91	add	x12, x12, #0x1
10000251c:	20 00 80 52	mov	w0, #0x1
100002520:	e1 03 0b aa	mov	x1, x11
100002524:	e2 03 0c aa	mov	x2, x12
100002528:	90 00 80 52	mov	w16, #0x4
10000252c:	01 10 00 d4	svc	#0x80
100002530:	ff 83 00 91	add	sp, sp, #0x20
100002534:	e9 6f 42 f9	ldr	x9, [sp, #0x4d8]
100002538:	22 01 40 f9	ldr	x2, [x9]
10000253c:	ea ff 9f d2	mov	x10, #0xffff
100002540:	ea ff bf f2	movk	x10, #0xffff, lsl #16
100002544:	ea ff df f2	movk	x10, #0xffff, lsl #32
100002548:	ea ff ef f2	movk	x10, #0x7fff, lsl #48
10000254c:	42 00 0a 8a	and	x2, x2, x10
100002550:	21 21 00 91	add	x1, x9, #0x8
100002554:	20 00 80 52	mov	w0, #0x1
100002558:	90 00 80 52	mov	w16, #0x4
10000255c:	01 10 00 d4	svc	#0x80
100002560:	e0 7b 42 f9	ldr	x0, [sp, #0x4f0]
100002564:	ff 83 05 d1	sub	sp, sp, #0x160
100002568:	e1 03 00 91	mov	x1, sp
10000256c:	02 00 80 52	mov	w2, #0x0
100002570:	36 19 00 94	bl	0x100008a48
100002574:	08 00 80 52	mov	w8, #0x0
100002578:	e2 03 00 aa	mov	x2, x0
10000257c:	20 00 80 52	mov	w0, #0x1
100002580:	e1 03 00 91	mov	x1, sp
100002584:	90 00 80 52	mov	w16, #0x4
100002588:	01 10 00 d4	svc	#0x80
10000258c:	ff 83 05 91	add	sp, sp, #0x160
100002590:	e9 7f 42 f9	ldr	x9, [sp, #0x4f8]
100002594:	22 01 40 f9	ldr	x2, [x9]
100002598:	ea ff 9f d2	mov	x10, #0xffff
10000259c:	ea ff bf f2	movk	x10, #0xffff, lsl #16
1000025a0:	ea ff df f2	movk	x10, #0xffff, lsl #32
1000025a4:	ea ff ef f2	movk	x10, #0x7fff, lsl #48
1000025a8:	42 00 0a 8a	and	x2, x2, x10
1000025ac:	21 21 00 91	add	x1, x9, #0x8
1000025b0:	20 00 80 52	mov	w0, #0x1
1000025b4:	90 00 80 52	mov	w16, #0x4
1000025b8:	01 10 00 d4	svc	#0x80
1000025bc:	e0 8b 42 f9	ldr	x0, [sp, #0x510]
1000025c0:	ff 83 05 d1	sub	sp, sp, #0x160
1000025c4:	e1 03 00 91	mov	x1, sp
1000025c8:	02 00 80 52	mov	w2, #0x0
1000025cc:	1f 19 00 94	bl	0x100008a48
1000025d0:	08 00 80 52	mov	w8, #0x0
1000025d4:	e2 03 00 aa	mov	x2, x0
1000025d8:	20 00 80 52	mov	w0, #0x1
1000025dc:	e1 03 00 91	mov	x1, sp
1000025e0:	90 00 80 52	mov	w16, #0x4
1000025e4:	01 10 00 d4	svc	#0x80
1000025e8:	ff 83 05 91	add	sp, sp, #0x160
1000025ec:	e9 8f 42 f9	ldr	x9, [sp, #0x518]
1000025f0:	22 01 40 f9	ldr	x2, [x9]
1000025f4:	ea ff 9f d2	mov	x10, #0xffff
1000025f8:	ea ff bf f2	movk	x10, #0xffff, lsl #16
1000025fc:	ea ff df f2	movk	x10, #0xffff, lsl #32
100002600:	ea ff ef f2	movk	x10, #0x7fff, lsl #48
100002604:	42 00 0a 8a	and	x2, x2, x10
100002608:	21 21 00 91	add	x1, x9, #0x8
10000260c:	20 00 80 52	mov	w0, #0x1
100002610:	90 00 80 52	mov	w16, #0x4
100002614:	01 10 00 d4	svc	#0x80
100002618:	e0 9b 42 f9	ldr	x0, [sp, #0x530]
10000261c:	ff 83 05 d1	sub	sp, sp, #0x160
100002620:	e1 03 00 91	mov	x1, sp
100002624:	02 00 80 52	mov	w2, #0x0
100002628:	08 19 00 94	bl	0x100008a48
10000262c:	08 00 80 52	mov	w8, #0x0
100002630:	e2 03 00 aa	mov	x2, x0
100002634:	20 00 80 52	mov	w0, #0x1
100002638:	e1 03 00 91	mov	x1, sp
10000263c:	90 00 80 52	mov	w16, #0x4
100002640:	01 10 00 d4	svc	#0x80
100002644:	ff 83 05 91	add	sp, sp, #0x160
100002648:	e9 9f 42 f9	ldr	x9, [sp, #0x538]
10000264c:	22 01 40 f9	ldr	x2, [x9]
100002650:	ea ff 9f d2	mov	x10, #0xffff
100002654:	ea ff bf f2	movk	x10, #0xffff, lsl #16
100002658:	ea ff df f2	movk	x10, #0xffff, lsl #32
10000265c:	ea ff ef f2	movk	x10, #0x7fff, lsl #48
100002660:	42 00 0a 8a	and	x2, x2, x10
100002664:	21 21 00 91	add	x1, x9, #0x8
100002668:	20 00 80 52	mov	w0, #0x1
10000266c:	90 00 80 52	mov	w16, #0x4
100002670:	01 10 00 d4	svc	#0x80
100002674:	e0 ab 42 f9	ldr	x0, [sp, #0x550]
100002678:	ff 83 05 d1	sub	sp, sp, #0x160
10000267c:	e1 03 00 91	mov	x1, sp
100002680:	02 00 80 52	mov	w2, #0x0
100002684:	f1 18 00 94	bl	0x100008a48
100002688:	08 00 80 52	mov	w8, #0x0
10000268c:	e2 03 00 aa	mov	x2, x0
100002690:	20 00 80 52	mov	w0, #0x1
100002694:	e1 03 00 91	mov	x1, sp
100002698:	90 00 80 52	mov	w16, #0x4
10000269c:	01 10 00 d4	svc	#0x80
1000026a0:	ff 83 05 91	add	sp, sp, #0x160
1000026a4:	e9 af 42 f9	ldr	x9, [sp, #0x558]
1000026a8:	22 01 40 f9	ldr	x2, [x9]
1000026ac:	ea ff 9f d2	mov	x10, #0xffff
1000026b0:	ea ff bf f2	movk	x10, #0xffff, lsl #16
1000026b4:	ea ff df f2	movk	x10, #0xffff, lsl #32
1000026b8:	ea ff ef f2	movk	x10, #0x7fff, lsl #48
1000026bc:	42 00 0a 8a	and	x2, x2, x10
1000026c0:	21 21 00 91	add	x1, x9, #0x8
1000026c4:	20 00 80 52	mov	w0, #0x1
1000026c8:	90 00 80 52	mov	w16, #0x4
1000026cc:	01 10 00 d4	svc	#0x80
1000026d0:	e0 bb 42 f9	ldr	x0, [sp, #0x570]
1000026d4:	ff 83 05 d1	sub	sp, sp, #0x160
1000026d8:	e1 03 00 91	mov	x1, sp
1000026dc:	02 00 80 52	mov	w2, #0x0
1000026e0:	da 18 00 94	bl	0x100008a48
1000026e4:	08 00 80 52	mov	w8, #0x0
1000026e8:	e2 03 00 aa	mov	x2, x0
1000026ec:	20 00 80 52	mov	w0, #0x1
1000026f0:	e1 03 00 91	mov	x1, sp
1000026f4:	90 00 80 52	mov	w16, #0x4
1000026f8:	01 10 00 d4	svc	#0x80
1000026fc:	ff 83 05 91	add	sp, sp, #0x160
100002700:	e9 bf 42 f9	ldr	x9, [sp, #0x578]
100002704:	22 01 40 f9	ldr	x2, [x9]
100002708:	ea ff 9f d2	mov	x10, #0xffff
10000270c:	ea ff bf f2	movk	x10, #0xffff, lsl #16
100002710:	ea ff df f2	movk	x10, #0xffff, lsl #32
100002714:	ea ff ef f2	movk	x10, #0x7fff, lsl #48
100002718:	42 00 0a 8a	and	x2, x2, x10
10000271c:	21 21 00 91	add	x1, x9, #0x8
100002720:	20 00 80 52	mov	w0, #0x1
100002724:	90 00 80 52	mov	w16, #0x4
100002728:	01 10 00 d4	svc	#0x80
10000272c:	e0 cb 42 f9	ldr	x0, [sp, #0x590]
100002730:	ff 83 05 d1	sub	sp, sp, #0x160
100002734:	e1 03 00 91	mov	x1, sp
100002738:	02 00 80 52	mov	w2, #0x0
10000273c:	c3 18 00 94	bl	0x100008a48
100002740:	08 00 80 52	mov	w8, #0x0
100002744:	e2 03 00 aa	mov	x2, x0
100002748:	20 00 80 52	mov	w0, #0x1
10000274c:	e1 03 00 91	mov	x1, sp
100002750:	90 00 80 52	mov	w16, #0x4
100002754:	01 10 00 d4	svc	#0x80
100002758:	ff 83 05 91	add	sp, sp, #0x160
10000275c:	e9 cf 42 f9	ldr	x9, [sp, #0x598]
100002760:	22 01 40 f9	ldr	x2, [x9]
100002764:	ea ff 9f d2	mov	x10, #0xffff
100002768:	ea ff bf f2	movk	x10, #0xffff, lsl #16
10000276c:	ea ff df f2	movk	x10, #0xffff, lsl #32
100002770:	ea ff ef f2	movk	x10, #0x7fff, lsl #48
100002774:	42 00 0a 8a	and	x2, x2, x10
100002778:	21 21 00 91	add	x1, x9, #0x8
10000277c:	20 00 80 52	mov	w0, #0x1
100002780:	90 00 80 52	mov	w16, #0x4
100002784:	01 10 00 d4	svc	#0x80
100002788:	e0 db 42 f9	ldr	x0, [sp, #0x5b0]
10000278c:	ff 83 05 d1	sub	sp, sp, #0x160
100002790:	e1 03 00 91	mov	x1, sp
100002794:	02 00 80 52	mov	w2, #0x0
100002798:	ac 18 00 94	bl	0x100008a48
10000279c:	08 00 80 52	mov	w8, #0x0
1000027a0:	e2 03 00 aa	mov	x2, x0
1000027a4:	20 00 80 52	mov	w0, #0x1
1000027a8:	e1 03 00 91	mov	x1, sp
1000027ac:	90 00 80 52	mov	w16, #0x4
1000027b0:	01 10 00 d4	svc	#0x80
1000027b4:	ff 83 05 91	add	sp, sp, #0x160
1000027b8:	e9 df 42 f9	ldr	x9, [sp, #0x5b8]
1000027bc:	22 01 40 f9	ldr	x2, [x9]
1000027c0:	ea ff 9f d2	mov	x10, #0xffff
1000027c4:	ea ff bf f2	movk	x10, #0xffff, lsl #16
1000027c8:	ea ff df f2	movk	x10, #0xffff, lsl #32
1000027cc:	ea ff ef f2	movk	x10, #0x7fff, lsl #48
1000027d0:	42 00 0a 8a	and	x2, x2, x10
1000027d4:	21 21 00 91	add	x1, x9, #0x8
1000027d8:	20 00 80 52	mov	w0, #0x1
1000027dc:	90 00 80 52	mov	w16, #0x4
1000027e0:	01 10 00 d4	svc	#0x80
1000027e4:	e0 e3 42 f9	ldr	x0, [sp, #0x5c0]
1000027e8:	ff 83 05 d1	sub	sp, sp, #0x160
1000027ec:	e1 03 00 91	mov	x1, sp
1000027f0:	02 00 80 52	mov	w2, #0x0
1000027f4:	95 18 00 94	bl	0x100008a48
1000027f8:	08 00 80 52	mov	w8, #0x0
1000027fc:	e2 03 00 aa	mov	x2, x0
100002800:	20 00 80 52	mov	w0, #0x1
100002804:	e1 03 00 91	mov	x1, sp
100002808:	90 00 80 52	mov	w16, #0x4
10000280c:	01 10 00 d4	svc	#0x80
100002810:	ff 83 05 91	add	sp, sp, #0x160
100002814:	20 00 80 52	mov	w0, #0x1
100002818:	21 00 00 f0	adrp	x1, 7 ; 0x100009000
10000281c:	21 40 3c 91	add	x1, x1, #0xf10
100002820:	22 00 80 d2	mov	x2, #0x1
100002824:	02 00 a0 f2	movk	x2, #0x0, lsl #16
100002828:	02 00 c0 f2	movk	x2, #0x0, lsl #32
10000282c:	02 00 e0 f2	movk	x2, #0x0, lsl #48
100002830:	90 00 80 52	mov	w16, #0x4
100002834:	01 10 00 d4	svc	#0x80
100002838:	e9 57 44 f9	ldr	x9, [sp, #0x8a8]
10000283c:	2b 05 00 91	add	x11, x9, #0x1
100002840:	eb eb 02 f9	str	x11, [sp, #0x5d0]
100002844:	f0 03 0b aa	mov	x16, x11
100002848:	e9 ef 44 f9	ldr	x9, [sp, #0x9d8]
10000284c:	29 41 01 91	add	x9, x9, #0x50
100002850:	e9 ef 04 f9	str	x9, [sp, #0x9d8]
100002854:	e9 f7 44 f9	ldr	x9, [sp, #0x9e8]
100002858:	29 e1 00 91	add	x9, x9, #0x38
10000285c:	e9 f7 04 f9	str	x9, [sp, #0x9e8]
100002860:	e9 ff 44 f9	ldr	x9, [sp, #0x9f8]
100002864:	29 e1 00 91	add	x9, x9, #0x38
100002868:	e9 ff 04 f9	str	x9, [sp, #0x9f8]
10000286c:	e9 07 45 f9	ldr	x9, [sp, #0xa08]
100002870:	29 e1 00 91	add	x9, x9, #0x38
100002874:	e9 07 05 f9	str	x9, [sp, #0xa08]
100002878:	e9 0f 45 f9	ldr	x9, [sp, #0xa18]
10000287c:	29 e1 00 91	add	x9, x9, #0x38
100002880:	e9 0f 05 f9	str	x9, [sp, #0xa18]
100002884:	e9 17 45 f9	ldr	x9, [sp, #0xa28]
100002888:	29 e1 00 91	add	x9, x9, #0x38
10000288c:	e9 17 05 f9	str	x9, [sp, #0xa28]
100002890:	e9 1f 45 f9	ldr	x9, [sp, #0xa38]
100002894:	29 e1 00 91	add	x9, x9, #0x38
100002898:	e9 1f 05 f9	str	x9, [sp, #0xa38]
10000289c:	e9 27 45 f9	ldr	x9, [sp, #0xa48]
1000028a0:	29 e1 00 91	add	x9, x9, #0x38
1000028a4:	e9 27 05 f9	str	x9, [sp, #0xa48]
1000028a8:	e9 03 10 aa	mov	x9, x16
1000028ac:	e9 57 04 f9	str	x9, [sp, #0x8a8]
1000028b0:	f1 03 09 aa	mov	x17, x9
1000028b4:	1c fe ff 17	b	0x100002124
1000028b8:	e9 53 44 f9	ldr	x9, [sp, #0x8a0]
1000028bc:	2b 05 00 91	add	x11, x9, #0x1
1000028c0:	eb f3 02 f9	str	x11, [sp, #0x5e0]
1000028c4:	f0 03 0b aa	mov	x16, x11
1000028c8:	e9 03 10 aa	mov	x9, x16
1000028cc:	e9 53 04 f9	str	x9, [sp, #0x8a0]
1000028d0:	f1 03 09 aa	mov	x17, x9
1000028d4:	db fd ff 17	b	0x100002040
1000028d8:	e9 6f 44 f9	ldr	x9, [sp, #0x8d8]
1000028dc:	e9 a3 04 f9	str	x9, [sp, #0x940]
1000028e0:	f0 03 09 aa	mov	x16, x9
1000028e4:	e9 73 44 f9	ldr	x9, [sp, #0x8e0]
1000028e8:	e9 a7 04 f9	str	x9, [sp, #0x948]
1000028ec:	f1 03 09 aa	mov	x17, x9
1000028f0:	e9 77 44 f9	ldr	x9, [sp, #0x8e8]
1000028f4:	e9 ab 04 f9	str	x9, [sp, #0x950]
1000028f8:	f0 03 09 aa	mov	x16, x9
1000028fc:	e9 6b 44 f9	ldr	x9, [sp, #0x8d0]
100002900:	e9 ff 02 f9	str	x9, [sp, #0x5f8]
100002904:	e9 a3 44 f9	ldr	x9, [sp, #0x940]
100002908:	e9 03 03 f9	str	x9, [sp, #0x600]
10000290c:	e9 a7 44 f9	ldr	x9, [sp, #0x948]
100002910:	e9 07 03 f9	str	x9, [sp, #0x608]
100002914:	e9 ab 44 f9	ldr	x9, [sp, #0x950]
100002918:	e9 0b 03 f9	str	x9, [sp, #0x610]
10000291c:	e9 7b 44 f9	ldr	x9, [sp, #0x8f0]
100002920:	e9 0f 03 f9	str	x9, [sp, #0x618]
100002924:	e9 7f 44 f9	ldr	x9, [sp, #0x8f8]
100002928:	e9 13 03 f9	str	x9, [sp, #0x620]
10000292c:	e0 e3 17 91	add	x0, sp, #0x5f8
100002930:	ef a3 18 91	add	x15, sp, #0x628
100002934:	1f 13 00 94	bl	_silex_function_17
100002938:	a8 3d 00 35	cbnz	w8, 0x1000030ec
10000293c:	e9 2f 43 f9	ldr	x9, [sp, #0x658]
100002940:	e9 33 03 f9	str	x9, [sp, #0x660]
100002944:	f0 03 09 aa	mov	x16, x9
100002948:	49 8f a8 d2	mov	x9, #0x447a0000
10000294c:	29 01 27 1e	fmov	s9, w9
100002950:	e9 6b 06 bd	str	s9, [sp, #0x668]
100002954:	e9 63 46 bd	ldr	s9, [sp, #0x660]
100002958:	ea 6b 46 bd	ldr	s10, [sp, #0x668]
10000295c:	2b 09 2a 1e	fmul	s11, s9, s10
100002960:	eb 73 06 bd	str	s11, [sp, #0x670]
100002964:	09 e4 00 2f	movi	d9, #0000000000000000
100002968:	e9 3f 03 fd	str	d9, [sp, #0x678]
10000296c:	09 00 e0 d2	movz	x9, #0x0, lsl #48
100002970:	e9 43 03 f9	str	x9, [sp, #0x680]
100002974:	f1 03 09 aa	mov	x17, x9
100002978:	e9 97 45 f9	ldr	x9, [sp, #0xb28]
10000297c:	e9 2f 05 f9	str	x9, [sp, #0xa58]
100002980:	e9 8f 45 f9	ldr	x9, [sp, #0xb18]
100002984:	e9 37 05 f9	str	x9, [sp, #0xa68]
100002988:	e9 8f 45 f9	ldr	x9, [sp, #0xb18]
10000298c:	e9 3f 05 f9	str	x9, [sp, #0xa78]
100002990:	e9 8f 45 f9	ldr	x9, [sp, #0xb18]
100002994:	e9 47 05 f9	str	x9, [sp, #0xa88]
100002998:	e9 8f 45 f9	ldr	x9, [sp, #0xb18]
10000299c:	e9 4f 05 f9	str	x9, [sp, #0xa98]
1000029a0:	e9 8f 45 f9	ldr	x9, [sp, #0xb18]
1000029a4:	e9 57 05 f9	str	x9, [sp, #0xaa8]
1000029a8:	e9 8f 45 f9	ldr	x9, [sp, #0xb18]
1000029ac:	e9 5f 05 f9	str	x9, [sp, #0xab8]
1000029b0:	e9 8f 45 f9	ldr	x9, [sp, #0xb18]
1000029b4:	e9 67 05 f9	str	x9, [sp, #0xac8]
1000029b8:	e9 03 11 aa	mov	x9, x17
1000029bc:	e9 5b 04 f9	str	x9, [sp, #0x8b0]
1000029c0:	f0 03 09 aa	mov	x16, x9
1000029c4:	e9 3f 43 f9	ldr	x9, [sp, #0x678]
1000029c8:	e9 7b 05 f9	str	x9, [sp, #0xaf0]
1000029cc:	f1 03 09 aa	mov	x17, x9
1000029d0:	e9 5b 44 f9	ldr	x9, [sp, #0x8b0]
1000029d4:	ea 47 44 f9	ldr	x10, [sp, #0x888]
1000029d8:	3f 01 0a eb	cmp	x9, x10
1000029dc:	0b 00 80 52	mov	w11, #0x0
1000029e0:	4a 00 00 54	b.ge	0x1000029e8
1000029e4:	2b 00 80 52	mov	w11, #0x1
1000029e8:	eb 47 03 f9	str	x11, [sp, #0x688]
1000029ec:	f0 03 0b aa	mov	x16, x11
1000029f0:	e9 47 43 f9	ldr	x9, [sp, #0x688]
1000029f4:	a9 02 00 34	cbz	w9, 0x100002a48
1000029f8:	09 e4 00 2f	movi	d9, #0000000000000000
1000029fc:	e9 93 06 bd	str	s9, [sp, #0x690]
100002a00:	e9 97 45 f9	ldr	x9, [sp, #0xb28]
100002a04:	e9 4f 03 f9	str	x9, [sp, #0x698]
100002a08:	e9 9b 45 f9	ldr	x9, [sp, #0xb30]
100002a0c:	e9 53 03 f9	str	x9, [sp, #0x6a0]
100002a10:	ed 53 43 f9	ldr	x13, [sp, #0x6a0]
100002a14:	e9 5b 44 f9	ldr	x9, [sp, #0x8b0]
100002a18:	3f 01 0d eb	cmp	x9, x13
100002a1c:	ea 6f 00 54	b.ge	0x100003818
100002a20:	e9 2f 45 f9	ldr	x9, [sp, #0xa58]
100002a24:	2a 25 40 f9	ldr	x10, [x9, #0x48]
100002a28:	ea cf 04 f9	str	x10, [sp, #0x998]
100002a2c:	e9 4b 43 f9	ldr	x9, [sp, #0x690]
100002a30:	e9 7f 05 f9	str	x9, [sp, #0xaf8]
100002a34:	f0 03 09 aa	mov	x16, x9
100002a38:	e9 cf 44 f9	ldr	x9, [sp, #0x998]
100002a3c:	49 00 00 34	cbz	w9, 0x100002a44
100002a40:	a9 00 00 14	b	0x100002ce4
100002a44:	ad 00 00 14	b	0x100002cf8
100002a48:	49 00 00 90	adrp	x9, 8 ; 0x10000a000
100002a4c:	29 61 36 91	add	x9, x9, #0xd98
100002a50:	e9 1b 04 f9	str	x9, [sp, #0x830]
100002a54:	49 00 00 90	adrp	x9, 8 ; 0x10000a000
100002a58:	29 21 1d 91	add	x9, x9, #0x748
100002a5c:	e9 1f 04 f9	str	x9, [sp, #0x838]
100002a60:	49 00 00 90	adrp	x9, 8 ; 0x10000a000
100002a64:	29 21 1d 91	add	x9, x9, #0x748
100002a68:	e9 23 04 f9	str	x9, [sp, #0x840]
100002a6c:	49 00 00 90	adrp	x9, 8 ; 0x10000a000
100002a70:	29 21 1d 91	add	x9, x9, #0x748
100002a74:	e9 27 04 f9	str	x9, [sp, #0x848]
100002a78:	e9 7b 45 f9	ldr	x9, [sp, #0xaf0]
100002a7c:	e9 2b 04 f9	str	x9, [sp, #0x850]
100002a80:	f0 03 09 aa	mov	x16, x9
100002a84:	e9 1b 44 f9	ldr	x9, [sp, #0x830]
100002a88:	22 01 40 f9	ldr	x2, [x9]
100002a8c:	ea ff 9f d2	mov	x10, #0xffff
100002a90:	ea ff bf f2	movk	x10, #0xffff, lsl #16
100002a94:	ea ff df f2	movk	x10, #0xffff, lsl #32
100002a98:	ea ff ef f2	movk	x10, #0x7fff, lsl #48
100002a9c:	42 00 0a 8a	and	x2, x2, x10
100002aa0:	21 21 00 91	add	x1, x9, #0x8
100002aa4:	20 00 80 52	mov	w0, #0x1
100002aa8:	90 00 80 52	mov	w16, #0x4
100002aac:	01 10 00 d4	svc	#0x80
100002ab0:	e9 47 44 f9	ldr	x9, [sp, #0x888]
100002ab4:	ff 83 00 d1	sub	sp, sp, #0x20
100002ab8:	eb 83 00 91	add	x11, sp, #0x20
100002abc:	0c 00 80 52	mov	w12, #0x0
100002ac0:	c9 00 00 b5	cbnz	x9, 0x100002ad8
100002ac4:	6b 05 00 d1	sub	x11, x11, #0x1
100002ac8:	0a 06 80 52	mov	w10, #0x30
100002acc:	6a 01 00 39	strb	w10, [x11]
100002ad0:	8c 05 00 91	add	x12, x12, #0x1
100002ad4:	16 00 00 14	b	0x100002b2c
100002ad8:	03 00 80 52	mov	w3, #0x0
100002adc:	3f 01 1f eb	cmp	x9, xzr
100002ae0:	6b 00 00 54	b.lt	0x100002aec
100002ae4:	e9 03 09 eb	negs	x9, x9
100002ae8:	02 00 00 14	b	0x100002af0
100002aec:	23 00 80 52	mov	w3, #0x1
100002af0:	4a 01 80 52	mov	w10, #0xa
100002af4:	24 0d ca 9a	sdiv	x4, x9, x10
100002af8:	85 a4 0a 9b	msub	x5, x4, x10, x9
100002afc:	06 06 80 52	mov	w6, #0x30
100002b00:	c6 00 05 eb	subs	x6, x6, x5
100002b04:	6b 05 00 d1	sub	x11, x11, #0x1
100002b08:	66 01 00 39	strb	w6, [x11]
100002b0c:	8c 05 00 91	add	x12, x12, #0x1
100002b10:	e9 03 04 aa	mov	x9, x4
100002b14:	e9 fe ff b5	cbnz	x9, 0x100002af0
100002b18:	a3 00 00 34	cbz	w3, 0x100002b2c
100002b1c:	6b 05 00 d1	sub	x11, x11, #0x1
100002b20:	aa 05 80 52	mov	w10, #0x2d
100002b24:	6a 01 00 39	strb	w10, [x11]
100002b28:	8c 05 00 91	add	x12, x12, #0x1
100002b2c:	20 00 80 52	mov	w0, #0x1
100002b30:	e1 03 0b aa	mov	x1, x11
100002b34:	e2 03 0c aa	mov	x2, x12
100002b38:	90 00 80 52	mov	w16, #0x4
100002b3c:	01 10 00 d4	svc	#0x80
100002b40:	ff 83 00 91	add	sp, sp, #0x20
100002b44:	e9 1f 44 f9	ldr	x9, [sp, #0x838]
100002b48:	22 01 40 f9	ldr	x2, [x9]
100002b4c:	ea ff 9f d2	mov	x10, #0xffff
100002b50:	ea ff bf f2	movk	x10, #0xffff, lsl #16
100002b54:	ea ff df f2	movk	x10, #0xffff, lsl #32
100002b58:	ea ff ef f2	movk	x10, #0x7fff, lsl #48
100002b5c:	42 00 0a 8a	and	x2, x2, x10
100002b60:	21 21 00 91	add	x1, x9, #0x8
100002b64:	20 00 80 52	mov	w0, #0x1
100002b68:	90 00 80 52	mov	w16, #0x4
100002b6c:	01 10 00 d4	svc	#0x80
100002b70:	e9 4b 44 f9	ldr	x9, [sp, #0x890]
100002b74:	ff 83 00 d1	sub	sp, sp, #0x20
100002b78:	eb 83 00 91	add	x11, sp, #0x20
100002b7c:	0c 00 80 52	mov	w12, #0x0
100002b80:	c9 00 00 b5	cbnz	x9, 0x100002b98
100002b84:	6b 05 00 d1	sub	x11, x11, #0x1
100002b88:	0a 06 80 52	mov	w10, #0x30
100002b8c:	6a 01 00 39	strb	w10, [x11]
100002b90:	8c 05 00 91	add	x12, x12, #0x1
100002b94:	16 00 00 14	b	0x100002bec
100002b98:	03 00 80 52	mov	w3, #0x0
100002b9c:	3f 01 1f eb	cmp	x9, xzr
100002ba0:	6b 00 00 54	b.lt	0x100002bac
100002ba4:	e9 03 09 eb	negs	x9, x9
100002ba8:	02 00 00 14	b	0x100002bb0
100002bac:	23 00 80 52	mov	w3, #0x1
100002bb0:	4a 01 80 52	mov	w10, #0xa
100002bb4:	24 0d ca 9a	sdiv	x4, x9, x10
100002bb8:	85 a4 0a 9b	msub	x5, x4, x10, x9
100002bbc:	06 06 80 52	mov	w6, #0x30
100002bc0:	c6 00 05 eb	subs	x6, x6, x5
100002bc4:	6b 05 00 d1	sub	x11, x11, #0x1
100002bc8:	66 01 00 39	strb	w6, [x11]
100002bcc:	8c 05 00 91	add	x12, x12, #0x1
100002bd0:	e9 03 04 aa	mov	x9, x4
100002bd4:	e9 fe ff b5	cbnz	x9, 0x100002bb0
100002bd8:	a3 00 00 34	cbz	w3, 0x100002bec
100002bdc:	6b 05 00 d1	sub	x11, x11, #0x1
100002be0:	aa 05 80 52	mov	w10, #0x2d
100002be4:	6a 01 00 39	strb	w10, [x11]
100002be8:	8c 05 00 91	add	x12, x12, #0x1
100002bec:	20 00 80 52	mov	w0, #0x1
100002bf0:	e1 03 0b aa	mov	x1, x11
100002bf4:	e2 03 0c aa	mov	x2, x12
100002bf8:	90 00 80 52	mov	w16, #0x4
100002bfc:	01 10 00 d4	svc	#0x80
100002c00:	ff 83 00 91	add	sp, sp, #0x20
100002c04:	e9 23 44 f9	ldr	x9, [sp, #0x840]
100002c08:	22 01 40 f9	ldr	x2, [x9]
100002c0c:	ea ff 9f d2	mov	x10, #0xffff
100002c10:	ea ff bf f2	movk	x10, #0xffff, lsl #16
100002c14:	ea ff df f2	movk	x10, #0xffff, lsl #32
100002c18:	ea ff ef f2	movk	x10, #0x7fff, lsl #48
100002c1c:	42 00 0a 8a	and	x2, x2, x10
100002c20:	21 21 00 91	add	x1, x9, #0x8
100002c24:	20 00 80 52	mov	w0, #0x1
100002c28:	90 00 80 52	mov	w16, #0x4
100002c2c:	01 10 00 d4	svc	#0x80
100002c30:	e0 3b 43 f9	ldr	x0, [sp, #0x670]
100002c34:	ff 83 05 d1	sub	sp, sp, #0x160
100002c38:	e1 03 00 91	mov	x1, sp
100002c3c:	02 00 80 52	mov	w2, #0x0
100002c40:	82 17 00 94	bl	0x100008a48
100002c44:	08 00 80 52	mov	w8, #0x0
100002c48:	e2 03 00 aa	mov	x2, x0
100002c4c:	20 00 80 52	mov	w0, #0x1
100002c50:	e1 03 00 91	mov	x1, sp
100002c54:	90 00 80 52	mov	w16, #0x4
100002c58:	01 10 00 d4	svc	#0x80
100002c5c:	ff 83 05 91	add	sp, sp, #0x160
100002c60:	e9 27 44 f9	ldr	x9, [sp, #0x848]
100002c64:	22 01 40 f9	ldr	x2, [x9]
100002c68:	ea ff 9f d2	mov	x10, #0xffff
100002c6c:	ea ff bf f2	movk	x10, #0xffff, lsl #16
100002c70:	ea ff df f2	movk	x10, #0xffff, lsl #32
100002c74:	ea ff ef f2	movk	x10, #0x7fff, lsl #48
100002c78:	42 00 0a 8a	and	x2, x2, x10
100002c7c:	21 21 00 91	add	x1, x9, #0x8
100002c80:	20 00 80 52	mov	w0, #0x1
100002c84:	90 00 80 52	mov	w16, #0x4
100002c88:	01 10 00 d4	svc	#0x80
100002c8c:	e0 2b 44 f9	ldr	x0, [sp, #0x850]
100002c90:	ff 83 05 d1	sub	sp, sp, #0x160
100002c94:	e1 03 00 91	mov	x1, sp
100002c98:	22 00 80 52	mov	w2, #0x1
100002c9c:	6b 17 00 94	bl	0x100008a48
100002ca0:	08 00 80 52	mov	w8, #0x0
100002ca4:	e2 03 00 aa	mov	x2, x0
100002ca8:	20 00 80 52	mov	w0, #0x1
100002cac:	e1 03 00 91	mov	x1, sp
100002cb0:	90 00 80 52	mov	w16, #0x4
100002cb4:	01 10 00 d4	svc	#0x80
100002cb8:	ff 83 05 91	add	sp, sp, #0x160
100002cbc:	20 00 80 52	mov	w0, #0x1
100002cc0:	21 00 00 f0	adrp	x1, 7 ; 0x100009000
100002cc4:	21 40 3c 91	add	x1, x1, #0xf10
100002cc8:	22 00 80 d2	mov	x2, #0x1
100002ccc:	02 00 a0 f2	movk	x2, #0x0, lsl #16
100002cd0:	02 00 c0 f2	movk	x2, #0x0, lsl #32
100002cd4:	02 00 e0 f2	movk	x2, #0x0, lsl #48
100002cd8:	90 00 80 52	mov	w16, #0x4
100002cdc:	01 10 00 d4	svc	#0x80
100002ce0:	c9 00 00 14	b	0x100003004
100002ce4:	09 10 2e 1e	fmov	s9, #1.00000000
100002ce8:	e9 ab 06 bd	str	s9, [sp, #0x6a8]
100002cec:	e9 57 43 f9	ldr	x9, [sp, #0x6a8]
100002cf0:	e9 7f 05 f9	str	x9, [sp, #0xaf8]
100002cf4:	f0 03 09 aa	mov	x16, x9
100002cf8:	e9 7b 45 f9	ldr	x9, [sp, #0xaf0]
100002cfc:	e9 5b 03 f9	str	x9, [sp, #0x6b0]
100002d00:	f0 03 09 aa	mov	x16, x9
100002d04:	e9 8f 45 f9	ldr	x9, [sp, #0xb18]
100002d08:	e9 5f 03 f9	str	x9, [sp, #0x6b8]
100002d0c:	e9 93 45 f9	ldr	x9, [sp, #0xb20]
100002d10:	e9 63 03 f9	str	x9, [sp, #0x6c0]
100002d14:	ed 63 43 f9	ldr	x13, [sp, #0x6c0]
100002d18:	e9 5b 44 f9	ldr	x9, [sp, #0x8b0]
100002d1c:	3f 01 0d eb	cmp	x9, x13
100002d20:	ea 5e 00 54	b.ge	0x1000038fc
100002d24:	e9 37 45 f9	ldr	x9, [sp, #0xa68]
100002d28:	2a 01 40 f9	ldr	x10, [x9]
100002d2c:	ea d3 04 f9	str	x10, [sp, #0x9a0]
100002d30:	e9 d3 44 f9	ldr	x9, [sp, #0x9a0]
100002d34:	e9 67 03 f9	str	x9, [sp, #0x6c8]
100002d38:	f0 03 09 aa	mov	x16, x9
100002d3c:	e9 8f 45 f9	ldr	x9, [sp, #0xb18]
100002d40:	e9 6b 03 f9	str	x9, [sp, #0x6d0]
100002d44:	e9 93 45 f9	ldr	x9, [sp, #0xb20]
100002d48:	e9 6f 03 f9	str	x9, [sp, #0x6d8]
100002d4c:	ed 6f 43 f9	ldr	x13, [sp, #0x6d8]
100002d50:	e9 5b 44 f9	ldr	x9, [sp, #0x8b0]
100002d54:	3f 01 0d eb	cmp	x9, x13
100002d58:	4a 64 00 54	b.ge	0x1000039e0
100002d5c:	e9 3f 45 f9	ldr	x9, [sp, #0xa78]
100002d60:	2a 05 40 f9	ldr	x10, [x9, #0x8]
100002d64:	ea d7 04 f9	str	x10, [sp, #0x9a8]
100002d68:	e9 d7 44 f9	ldr	x9, [sp, #0x9a8]
100002d6c:	e9 73 03 f9	str	x9, [sp, #0x6e0]
100002d70:	f0 03 09 aa	mov	x16, x9
100002d74:	09 10 20 1e	fmov	s9, #2.00000000
100002d78:	e9 eb 06 bd	str	s9, [sp, #0x6e8]
100002d7c:	e9 e3 46 bd	ldr	s9, [sp, #0x6e0]
100002d80:	ea eb 46 bd	ldr	s10, [sp, #0x6e8]
100002d84:	eb cb 46 bd	ldr	s11, [sp, #0x6c8]
100002d88:	2c 2d 0a 1f	fmadd	s12, s9, s10, s11
100002d8c:	ec fb 06 bd	str	s12, [sp, #0x6f8]
100002d90:	e9 8f 45 f9	ldr	x9, [sp, #0xb18]
100002d94:	e9 83 03 f9	str	x9, [sp, #0x700]
100002d98:	e9 93 45 f9	ldr	x9, [sp, #0xb20]
100002d9c:	e9 87 03 f9	str	x9, [sp, #0x708]
100002da0:	ed 87 43 f9	ldr	x13, [sp, #0x708]
100002da4:	e9 5b 44 f9	ldr	x9, [sp, #0x8b0]
100002da8:	3f 01 0d eb	cmp	x9, x13
100002dac:	ca 68 00 54	b.ge	0x100003ac4
100002db0:	e9 47 45 f9	ldr	x9, [sp, #0xa88]
100002db4:	2a 09 40 f9	ldr	x10, [x9, #0x10]
100002db8:	ea db 04 f9	str	x10, [sp, #0x9b0]
100002dbc:	e9 db 44 f9	ldr	x9, [sp, #0x9b0]
100002dc0:	e9 8b 03 f9	str	x9, [sp, #0x710]
100002dc4:	f0 03 09 aa	mov	x16, x9
100002dc8:	09 10 21 1e	fmov	s9, #3.00000000
100002dcc:	e9 1b 07 bd	str	s9, [sp, #0x718]
100002dd0:	e9 13 47 bd	ldr	s9, [sp, #0x710]
100002dd4:	ea 1b 47 bd	ldr	s10, [sp, #0x718]
100002dd8:	eb fb 46 bd	ldr	s11, [sp, #0x6f8]
100002ddc:	2c 2d 0a 1f	fmadd	s12, s9, s10, s11
100002de0:	ec 2b 07 bd	str	s12, [sp, #0x728]
100002de4:	e9 8f 45 f9	ldr	x9, [sp, #0xb18]
100002de8:	e9 9b 03 f9	str	x9, [sp, #0x730]
100002dec:	e9 93 45 f9	ldr	x9, [sp, #0xb20]
100002df0:	e9 9f 03 f9	str	x9, [sp, #0x738]
100002df4:	ed 9f 43 f9	ldr	x13, [sp, #0x738]
100002df8:	e9 5b 44 f9	ldr	x9, [sp, #0x8b0]
100002dfc:	3f 01 0d eb	cmp	x9, x13
100002e00:	4a 6d 00 54	b.ge	0x100003ba8
100002e04:	e9 4f 45 f9	ldr	x9, [sp, #0xa98]
100002e08:	2a 0d 40 f9	ldr	x10, [x9, #0x18]
100002e0c:	ea df 04 f9	str	x10, [sp, #0x9b8]
100002e10:	e9 df 44 f9	ldr	x9, [sp, #0x9b8]
100002e14:	e9 a3 03 f9	str	x9, [sp, #0x740]
100002e18:	f0 03 09 aa	mov	x16, x9
100002e1c:	09 90 22 1e	fmov	s9, #5.00000000
100002e20:	e9 4b 07 bd	str	s9, [sp, #0x748]
100002e24:	e9 43 47 bd	ldr	s9, [sp, #0x740]
100002e28:	ea 4b 47 bd	ldr	s10, [sp, #0x748]
100002e2c:	eb 2b 47 bd	ldr	s11, [sp, #0x728]
100002e30:	2c 2d 0a 1f	fmadd	s12, s9, s10, s11
100002e34:	ec 5b 07 bd	str	s12, [sp, #0x758]
100002e38:	e9 8f 45 f9	ldr	x9, [sp, #0xb18]
100002e3c:	e9 b3 03 f9	str	x9, [sp, #0x760]
100002e40:	e9 93 45 f9	ldr	x9, [sp, #0xb20]
100002e44:	e9 b7 03 f9	str	x9, [sp, #0x768]
100002e48:	ed b7 43 f9	ldr	x13, [sp, #0x768]
100002e4c:	e9 5b 44 f9	ldr	x9, [sp, #0x8b0]
100002e50:	3f 01 0d eb	cmp	x9, x13
100002e54:	ca 71 00 54	b.ge	0x100003c8c
100002e58:	e9 57 45 f9	ldr	x9, [sp, #0xaa8]
100002e5c:	2a 11 40 f9	ldr	x10, [x9, #0x20]
100002e60:	ea e3 04 f9	str	x10, [sp, #0x9c0]
100002e64:	e9 e3 44 f9	ldr	x9, [sp, #0x9c0]
100002e68:	e9 bb 03 f9	str	x9, [sp, #0x770]
100002e6c:	f0 03 09 aa	mov	x16, x9
100002e70:	09 90 23 1e	fmov	s9, #7.00000000
100002e74:	e9 7b 07 bd	str	s9, [sp, #0x778]
100002e78:	e9 73 47 bd	ldr	s9, [sp, #0x770]
100002e7c:	ea 7b 47 bd	ldr	s10, [sp, #0x778]
100002e80:	eb 5b 47 bd	ldr	s11, [sp, #0x758]
100002e84:	2c 2d 0a 1f	fmadd	s12, s9, s10, s11
100002e88:	ec 8b 07 bd	str	s12, [sp, #0x788]
100002e8c:	e9 8f 45 f9	ldr	x9, [sp, #0xb18]
100002e90:	e9 cb 03 f9	str	x9, [sp, #0x790]
100002e94:	e9 93 45 f9	ldr	x9, [sp, #0xb20]
100002e98:	e9 cf 03 f9	str	x9, [sp, #0x798]
100002e9c:	ed cf 43 f9	ldr	x13, [sp, #0x798]
100002ea0:	e9 5b 44 f9	ldr	x9, [sp, #0x8b0]
100002ea4:	3f 01 0d eb	cmp	x9, x13
100002ea8:	4a 76 00 54	b.ge	0x100003d70
100002eac:	e9 5f 45 f9	ldr	x9, [sp, #0xab8]
100002eb0:	2a 15 40 f9	ldr	x10, [x9, #0x28]
100002eb4:	ea e7 04 f9	str	x10, [sp, #0x9c8]
100002eb8:	e9 e7 44 f9	ldr	x9, [sp, #0x9c8]
100002ebc:	e9 d3 03 f9	str	x9, [sp, #0x7a0]
100002ec0:	f0 03 09 aa	mov	x16, x9
100002ec4:	09 d0 24 1e	fmov	s9, #11.00000000
100002ec8:	e9 ab 07 bd	str	s9, [sp, #0x7a8]
100002ecc:	e9 a3 47 bd	ldr	s9, [sp, #0x7a0]
100002ed0:	ea ab 47 bd	ldr	s10, [sp, #0x7a8]
100002ed4:	eb 8b 47 bd	ldr	s11, [sp, #0x788]
100002ed8:	2c 2d 0a 1f	fmadd	s12, s9, s10, s11
100002edc:	ec bb 07 bd	str	s12, [sp, #0x7b8]
100002ee0:	e9 8f 45 f9	ldr	x9, [sp, #0xb18]
100002ee4:	e9 e3 03 f9	str	x9, [sp, #0x7c0]
100002ee8:	e9 93 45 f9	ldr	x9, [sp, #0xb20]
100002eec:	e9 e7 03 f9	str	x9, [sp, #0x7c8]
100002ef0:	ed e7 43 f9	ldr	x13, [sp, #0x7c8]
100002ef4:	e9 5b 44 f9	ldr	x9, [sp, #0x8b0]
100002ef8:	3f 01 0d eb	cmp	x9, x13
100002efc:	ca 7a 00 54	b.ge	0x100003e54
100002f00:	e9 67 45 f9	ldr	x9, [sp, #0xac8]
100002f04:	2a 19 40 f9	ldr	x10, [x9, #0x30]
100002f08:	ea eb 04 f9	str	x10, [sp, #0x9d0]
100002f0c:	e9 eb 44 f9	ldr	x9, [sp, #0x9d0]
100002f10:	e9 eb 03 f9	str	x9, [sp, #0x7d0]
100002f14:	f0 03 09 aa	mov	x16, x9
100002f18:	09 50 25 1e	fmov	s9, #13.00000000
100002f1c:	e9 db 07 bd	str	s9, [sp, #0x7d8]
100002f20:	e9 d3 47 bd	ldr	s9, [sp, #0x7d0]
100002f24:	ea db 47 bd	ldr	s10, [sp, #0x7d8]
100002f28:	eb bb 47 bd	ldr	s11, [sp, #0x7b8]
100002f2c:	2c 2d 0a 1f	fmadd	s12, s9, s10, s11
100002f30:	ec eb 07 bd	str	s12, [sp, #0x7e8]
100002f34:	e9 7f 45 f9	ldr	x9, [sp, #0xaf8]
100002f38:	e9 fb 03 f9	str	x9, [sp, #0x7f0]
100002f3c:	f1 03 09 aa	mov	x17, x9
100002f40:	09 30 26 1e	fmov	s9, #17.00000000
100002f44:	e9 fb 07 bd	str	s9, [sp, #0x7f8]
100002f48:	e9 f3 47 bd	ldr	s9, [sp, #0x7f0]
100002f4c:	ea fb 47 bd	ldr	s10, [sp, #0x7f8]
100002f50:	eb eb 47 bd	ldr	s11, [sp, #0x7e8]
100002f54:	2c 2d 0a 1f	fmadd	s12, s9, s10, s11
100002f58:	ec 0b 08 bd	str	s12, [sp, #0x808]
100002f5c:	e9 0b 48 bd	ldr	s9, [sp, #0x808]
100002f60:	2a c1 22 1e	fcvt	d10, s9
100002f64:	ea 0b 04 fd	str	d10, [sp, #0x810]
100002f68:	e9 5b 43 fd	ldr	d9, [sp, #0x6b0]
100002f6c:	ea 0b 44 fd	ldr	d10, [sp, #0x810]
100002f70:	2b 29 6a 1e	fadd	d11, d9, d10
100002f74:	eb 0f 04 fd	str	d11, [sp, #0x818]
100002f78:	e9 5b 44 f9	ldr	x9, [sp, #0x8b0]
100002f7c:	2b 05 00 91	add	x11, x9, #0x1
100002f80:	eb 17 04 f9	str	x11, [sp, #0x828]
100002f84:	f0 03 0b aa	mov	x16, x11
100002f88:	e9 2f 45 f9	ldr	x9, [sp, #0xa58]
100002f8c:	29 41 01 91	add	x9, x9, #0x50
100002f90:	e9 2f 05 f9	str	x9, [sp, #0xa58]
100002f94:	e9 37 45 f9	ldr	x9, [sp, #0xa68]
100002f98:	29 e1 00 91	add	x9, x9, #0x38
100002f9c:	e9 37 05 f9	str	x9, [sp, #0xa68]
100002fa0:	e9 3f 45 f9	ldr	x9, [sp, #0xa78]
100002fa4:	29 e1 00 91	add	x9, x9, #0x38
100002fa8:	e9 3f 05 f9	str	x9, [sp, #0xa78]
100002fac:	e9 47 45 f9	ldr	x9, [sp, #0xa88]
100002fb0:	29 e1 00 91	add	x9, x9, #0x38
100002fb4:	e9 47 05 f9	str	x9, [sp, #0xa88]
100002fb8:	e9 4f 45 f9	ldr	x9, [sp, #0xa98]
100002fbc:	29 e1 00 91	add	x9, x9, #0x38
100002fc0:	e9 4f 05 f9	str	x9, [sp, #0xa98]
100002fc4:	e9 57 45 f9	ldr	x9, [sp, #0xaa8]
100002fc8:	29 e1 00 91	add	x9, x9, #0x38
100002fcc:	e9 57 05 f9	str	x9, [sp, #0xaa8]
100002fd0:	e9 5f 45 f9	ldr	x9, [sp, #0xab8]
100002fd4:	29 e1 00 91	add	x9, x9, #0x38
100002fd8:	e9 5f 05 f9	str	x9, [sp, #0xab8]
100002fdc:	e9 67 45 f9	ldr	x9, [sp, #0xac8]
100002fe0:	29 e1 00 91	add	x9, x9, #0x38
100002fe4:	e9 67 05 f9	str	x9, [sp, #0xac8]
100002fe8:	e9 03 10 aa	mov	x9, x16
100002fec:	e9 5b 04 f9	str	x9, [sp, #0x8b0]
100002ff0:	f1 03 09 aa	mov	x17, x9
100002ff4:	e9 0f 44 f9	ldr	x9, [sp, #0x818]
100002ff8:	e9 7b 05 f9	str	x9, [sp, #0xaf0]
100002ffc:	f0 03 09 aa	mov	x16, x9
100003000:	74 fe ff 17	b	0x1000029d0
100003004:	e9 8b 45 f9	ldr	x9, [sp, #0xb10]
100003008:	e9 2f 04 f9	str	x9, [sp, #0x858]
10000300c:	f0 03 09 aa	mov	x16, x9
100003010:	ea 2f 44 f9	ldr	x10, [sp, #0x858]
100003014:	4e 21 00 91	add	x14, x10, #0x8
100003018:	c9 fd 5f c8	ldaxr	x9, [x14]
10000301c:	c9 02 00 b4	cbz	x9, 0x100003074
100003020:	29 05 00 d1	sub	x9, x9, #0x1
100003024:	c9 fd 0b c8	stlxr	w11, x9, [x14]
100003028:	8b ff ff 35	cbnz	w11, 0x100003018
10000302c:	4b 09 40 f9	ldr	x11, [x10, #0x10]
100003030:	29 01 0b 8b	add	x9, x9, x11
100003034:	09 02 00 b5	cbnz	x9, 0x100003074
100003038:	4e 81 00 91	add	x14, x10, #0x20
10000303c:	c9 fd 5f c8	ldaxr	x9, [x14]
100003040:	4b 00 80 d2	mov	x11, #0x2
100003044:	3f 01 0b eb	cmp	x9, x11
100003048:	a0 ff ff 54	b.eq	0x10000303c
10000304c:	2b 00 80 d2	mov	x11, #0x1
100003050:	3f 01 0b eb	cmp	x9, x11
100003054:	00 01 00 54	b.eq	0x100003074
100003058:	29 00 80 d2	mov	x9, #0x1
10000305c:	c9 fd 0b c8	stlxr	w11, x9, [x14]
100003060:	eb fe ff 35	cbnz	w11, 0x10000303c
100003064:	41 0d 40 f9	ldr	x1, [x10, #0x18]
100003068:	e0 03 0a aa	mov	x0, x10
10000306c:	30 09 80 52	mov	w16, #0x49
100003070:	01 10 00 d4	svc	#0x80
100003074:	e9 87 45 f9	ldr	x9, [sp, #0xb08]
100003078:	e9 33 04 f9	str	x9, [sp, #0x860]
10000307c:	f0 03 09 aa	mov	x16, x9
100003080:	ea 33 44 f9	ldr	x10, [sp, #0x860]
100003084:	4e 21 00 91	add	x14, x10, #0x8
100003088:	c9 fd 5f c8	ldaxr	x9, [x14]
10000308c:	c9 02 00 b4	cbz	x9, 0x1000030e4
100003090:	29 05 00 d1	sub	x9, x9, #0x1
100003094:	c9 fd 0b c8	stlxr	w11, x9, [x14]
100003098:	8b ff ff 35	cbnz	w11, 0x100003088
10000309c:	4b 09 40 f9	ldr	x11, [x10, #0x10]
1000030a0:	29 01 0b 8b	add	x9, x9, x11
1000030a4:	09 02 00 b5	cbnz	x9, 0x1000030e4
1000030a8:	4e 81 00 91	add	x14, x10, #0x20
1000030ac:	c9 fd 5f c8	ldaxr	x9, [x14]
1000030b0:	4b 00 80 d2	mov	x11, #0x2
1000030b4:	3f 01 0b eb	cmp	x9, x11
1000030b8:	a0 ff ff 54	b.eq	0x1000030ac
1000030bc:	2b 00 80 d2	mov	x11, #0x1
1000030c0:	3f 01 0b eb	cmp	x9, x11
1000030c4:	00 01 00 54	b.eq	0x1000030e4
1000030c8:	29 00 80 d2	mov	x9, #0x1
1000030cc:	c9 fd 0b c8	stlxr	w11, x9, [x14]
1000030d0:	eb fe ff 35	cbnz	w11, 0x1000030ac
1000030d4:	41 0d 40 f9	ldr	x1, [x10, #0x18]
1000030d8:	e0 03 0a aa	mov	x0, x10
1000030dc:	30 09 80 52	mov	w16, #0x49
1000030e0:	01 10 00 d4	svc	#0x80
1000030e4:	00 00 80 52	mov	w0, #0x0
1000030e8:	08 00 80 52	mov	w8, #0x0
1000030ec:	ff 03 2d 91	add	sp, sp, #0xb40
1000030f0:	fd 7b c1 a8	ldp	x29, x30, [sp], #0x10
1000030f4:	c0 03 5f d6	ret
1000030f8:	40 00 80 52	mov	w0, #0x2
1000030fc:	21 00 00 f0	adrp	x1, 7 ; 0x10000a000
100003100:	21 e0 19 91	add	x1, x1, #0x678
100003104:	22 17 80 d2	mov	x2, #0xb9
100003108:	02 00 a0 f2	movk	x2, #0x0, lsl #16
10000310c:	02 00 c0 f2	movk	x2, #0x0, lsl #32
100003110:	02 00 e0 f2	movk	x2, #0x0, lsl #48
100003114:	90 00 80 52	mov	w16, #0x4
100003118:	01 10 00 d4	svc	#0x80
10000311c:	e9 57 44 f9	ldr	x9, [sp, #0x8a8]
100003120:	ff 83 00 d1	sub	sp, sp, #0x20
100003124:	eb 83 00 91	add	x11, sp, #0x20
100003128:	0c 00 80 52	mov	w12, #0x0
10000312c:	c9 00 00 b5	cbnz	x9, 0x100003144
100003130:	6b 05 00 d1	sub	x11, x11, #0x1
100003134:	0a 06 80 52	mov	w10, #0x30
100003138:	6a 01 00 39	strb	w10, [x11]
10000313c:	8c 05 00 91	add	x12, x12, #0x1
100003140:	16 00 00 14	b	0x100003198
100003144:	03 00 80 52	mov	w3, #0x0
100003148:	3f 01 1f eb	cmp	x9, xzr
10000314c:	6b 00 00 54	b.lt	0x100003158
100003150:	e9 03 09 eb	negs	x9, x9
100003154:	02 00 00 14	b	0x10000315c
100003158:	23 00 80 52	mov	w3, #0x1
10000315c:	4a 01 80 52	mov	w10, #0xa
100003160:	24 0d ca 9a	sdiv	x4, x9, x10
100003164:	85 a4 0a 9b	msub	x5, x4, x10, x9
100003168:	06 06 80 52	mov	w6, #0x30
10000316c:	c6 00 05 eb	subs	x6, x6, x5
100003170:	6b 05 00 d1	sub	x11, x11, #0x1
100003174:	66 01 00 39	strb	w6, [x11]
100003178:	8c 05 00 91	add	x12, x12, #0x1
10000317c:	e9 03 04 aa	mov	x9, x4
100003180:	e9 fe ff b5	cbnz	x9, 0x10000315c
100003184:	a3 00 00 34	cbz	w3, 0x100003198
100003188:	6b 05 00 d1	sub	x11, x11, #0x1
10000318c:	aa 05 80 52	mov	w10, #0x2d
100003190:	6a 01 00 39	strb	w10, [x11]
100003194:	8c 05 00 91	add	x12, x12, #0x1
100003198:	40 00 80 52	mov	w0, #0x2
10000319c:	e1 03 0b aa	mov	x1, x11
1000031a0:	e2 03 0c aa	mov	x2, x12
1000031a4:	90 00 80 52	mov	w16, #0x4
1000031a8:	01 10 00 d4	svc	#0x80
1000031ac:	ff 83 00 91	add	sp, sp, #0x20
1000031b0:	40 00 80 52	mov	w0, #0x2
1000031b4:	21 00 00 f0	adrp	x1, 7 ; 0x10000a000
1000031b8:	21 60 00 91	add	x1, x1, #0x18
1000031bc:	82 03 80 d2	mov	x2, #0x1c
1000031c0:	02 00 a0 f2	movk	x2, #0x0, lsl #16
1000031c4:	02 00 c0 f2	movk	x2, #0x0, lsl #32
1000031c8:	02 00 e0 f2	movk	x2, #0x0, lsl #48
1000031cc:	90 00 80 52	mov	w16, #0x4
1000031d0:	01 10 00 d4	svc	#0x80
1000031d4:	68 00 80 52	mov	w8, #0x3
1000031d8:	c5 ff ff 17	b	0x1000030ec
1000031dc:	40 00 80 52	mov	w0, #0x2
1000031e0:	21 00 00 f0	adrp	x1, 7 ; 0x10000a000
1000031e4:	21 80 1d 91	add	x1, x1, #0x760
1000031e8:	22 17 80 d2	mov	x2, #0xb9
1000031ec:	02 00 a0 f2	movk	x2, #0x0, lsl #16
1000031f0:	02 00 c0 f2	movk	x2, #0x0, lsl #32
1000031f4:	02 00 e0 f2	movk	x2, #0x0, lsl #48
1000031f8:	90 00 80 52	mov	w16, #0x4
1000031fc:	01 10 00 d4	svc	#0x80
100003200:	e9 57 44 f9	ldr	x9, [sp, #0x8a8]
100003204:	ff 83 00 d1	sub	sp, sp, #0x20
100003208:	eb 83 00 91	add	x11, sp, #0x20
10000320c:	0c 00 80 52	mov	w12, #0x0
100003210:	c9 00 00 b5	cbnz	x9, 0x100003228
100003214:	6b 05 00 d1	sub	x11, x11, #0x1
100003218:	0a 06 80 52	mov	w10, #0x30
10000321c:	6a 01 00 39	strb	w10, [x11]
100003220:	8c 05 00 91	add	x12, x12, #0x1
100003224:	16 00 00 14	b	0x10000327c
100003228:	03 00 80 52	mov	w3, #0x0
10000322c:	3f 01 1f eb	cmp	x9, xzr
100003230:	6b 00 00 54	b.lt	0x10000323c
100003234:	e9 03 09 eb	negs	x9, x9
100003238:	02 00 00 14	b	0x100003240
10000323c:	23 00 80 52	mov	w3, #0x1
100003240:	4a 01 80 52	mov	w10, #0xa
100003244:	24 0d ca 9a	sdiv	x4, x9, x10
100003248:	85 a4 0a 9b	msub	x5, x4, x10, x9
10000324c:	06 06 80 52	mov	w6, #0x30
100003250:	c6 00 05 eb	subs	x6, x6, x5
100003254:	6b 05 00 d1	sub	x11, x11, #0x1
100003258:	66 01 00 39	strb	w6, [x11]
10000325c:	8c 05 00 91	add	x12, x12, #0x1
100003260:	e9 03 04 aa	mov	x9, x4
100003264:	e9 fe ff b5	cbnz	x9, 0x100003240
100003268:	a3 00 00 34	cbz	w3, 0x10000327c
10000326c:	6b 05 00 d1	sub	x11, x11, #0x1
100003270:	aa 05 80 52	mov	w10, #0x2d
100003274:	6a 01 00 39	strb	w10, [x11]
100003278:	8c 05 00 91	add	x12, x12, #0x1
10000327c:	40 00 80 52	mov	w0, #0x2
100003280:	e1 03 0b aa	mov	x1, x11
100003284:	e2 03 0c aa	mov	x2, x12
100003288:	90 00 80 52	mov	w16, #0x4
10000328c:	01 10 00 d4	svc	#0x80
100003290:	ff 83 00 91	add	sp, sp, #0x20
100003294:	40 00 80 52	mov	w0, #0x2
100003298:	21 00 00 f0	adrp	x1, 7 ; 0x10000a000
10000329c:	21 60 00 91	add	x1, x1, #0x18
1000032a0:	82 03 80 d2	mov	x2, #0x1c
1000032a4:	02 00 a0 f2	movk	x2, #0x0, lsl #16
1000032a8:	02 00 c0 f2	movk	x2, #0x0, lsl #32
1000032ac:	02 00 e0 f2	movk	x2, #0x0, lsl #48
1000032b0:	90 00 80 52	mov	w16, #0x4
1000032b4:	01 10 00 d4	svc	#0x80
1000032b8:	68 00 80 52	mov	w8, #0x3
1000032bc:	8c ff ff 17	b	0x1000030ec
1000032c0:	40 00 80 52	mov	w0, #0x2
1000032c4:	21 00 00 f0	adrp	x1, 7 ; 0x10000a000
1000032c8:	21 a0 20 91	add	x1, x1, #0x828
1000032cc:	22 17 80 d2	mov	x2, #0xb9
1000032d0:	02 00 a0 f2	movk	x2, #0x0, lsl #16
1000032d4:	02 00 c0 f2	movk	x2, #0x0, lsl #32
1000032d8:	02 00 e0 f2	movk	x2, #0x0, lsl #48
1000032dc:	90 00 80 52	mov	w16, #0x4
1000032e0:	01 10 00 d4	svc	#0x80
1000032e4:	e9 57 44 f9	ldr	x9, [sp, #0x8a8]
1000032e8:	ff 83 00 d1	sub	sp, sp, #0x20
1000032ec:	eb 83 00 91	add	x11, sp, #0x20
1000032f0:	0c 00 80 52	mov	w12, #0x0
1000032f4:	c9 00 00 b5	cbnz	x9, 0x10000330c
1000032f8:	6b 05 00 d1	sub	x11, x11, #0x1
1000032fc:	0a 06 80 52	mov	w10, #0x30
100003300:	6a 01 00 39	strb	w10, [x11]
100003304:	8c 05 00 91	add	x12, x12, #0x1
100003308:	16 00 00 14	b	0x100003360
10000330c:	03 00 80 52	mov	w3, #0x0
100003310:	3f 01 1f eb	cmp	x9, xzr
100003314:	6b 00 00 54	b.lt	0x100003320
100003318:	e9 03 09 eb	negs	x9, x9
10000331c:	02 00 00 14	b	0x100003324
100003320:	23 00 80 52	mov	w3, #0x1
100003324:	4a 01 80 52	mov	w10, #0xa
100003328:	24 0d ca 9a	sdiv	x4, x9, x10
10000332c:	85 a4 0a 9b	msub	x5, x4, x10, x9
100003330:	06 06 80 52	mov	w6, #0x30
100003334:	c6 00 05 eb	subs	x6, x6, x5
100003338:	6b 05 00 d1	sub	x11, x11, #0x1
10000333c:	66 01 00 39	strb	w6, [x11]
100003340:	8c 05 00 91	add	x12, x12, #0x1
100003344:	e9 03 04 aa	mov	x9, x4
100003348:	e9 fe ff b5	cbnz	x9, 0x100003324
10000334c:	a3 00 00 34	cbz	w3, 0x100003360
100003350:	6b 05 00 d1	sub	x11, x11, #0x1
100003354:	aa 05 80 52	mov	w10, #0x2d
100003358:	6a 01 00 39	strb	w10, [x11]
10000335c:	8c 05 00 91	add	x12, x12, #0x1
100003360:	40 00 80 52	mov	w0, #0x2
100003364:	e1 03 0b aa	mov	x1, x11
100003368:	e2 03 0c aa	mov	x2, x12
10000336c:	90 00 80 52	mov	w16, #0x4
100003370:	01 10 00 d4	svc	#0x80
100003374:	ff 83 00 91	add	sp, sp, #0x20
100003378:	40 00 80 52	mov	w0, #0x2
10000337c:	21 00 00 f0	adrp	x1, 7 ; 0x10000a000
100003380:	21 60 00 91	add	x1, x1, #0x18
100003384:	82 03 80 d2	mov	x2, #0x1c
100003388:	02 00 a0 f2	movk	x2, #0x0, lsl #16
10000338c:	02 00 c0 f2	movk	x2, #0x0, lsl #32
100003390:	02 00 e0 f2	movk	x2, #0x0, lsl #48
100003394:	90 00 80 52	mov	w16, #0x4
100003398:	01 10 00 d4	svc	#0x80
10000339c:	68 00 80 52	mov	w8, #0x3
1000033a0:	53 ff ff 17	b	0x1000030ec
1000033a4:	40 00 80 52	mov	w0, #0x2
1000033a8:	21 00 00 f0	adrp	x1, 7 ; 0x10000a000
1000033ac:	21 c0 23 91	add	x1, x1, #0x8f0
1000033b0:	22 17 80 d2	mov	x2, #0xb9
1000033b4:	02 00 a0 f2	movk	x2, #0x0, lsl #16
1000033b8:	02 00 c0 f2	movk	x2, #0x0, lsl #32
1000033bc:	02 00 e0 f2	movk	x2, #0x0, lsl #48
1000033c0:	90 00 80 52	mov	w16, #0x4
1000033c4:	01 10 00 d4	svc	#0x80
1000033c8:	e9 57 44 f9	ldr	x9, [sp, #0x8a8]
1000033cc:	ff 83 00 d1	sub	sp, sp, #0x20
1000033d0:	eb 83 00 91	add	x11, sp, #0x20
1000033d4:	0c 00 80 52	mov	w12, #0x0
1000033d8:	c9 00 00 b5	cbnz	x9, 0x1000033f0
1000033dc:	6b 05 00 d1	sub	x11, x11, #0x1
1000033e0:	0a 06 80 52	mov	w10, #0x30
1000033e4:	6a 01 00 39	strb	w10, [x11]
1000033e8:	8c 05 00 91	add	x12, x12, #0x1
1000033ec:	16 00 00 14	b	0x100003444
1000033f0:	03 00 80 52	mov	w3, #0x0
1000033f4:	3f 01 1f eb	cmp	x9, xzr
1000033f8:	6b 00 00 54	b.lt	0x100003404
1000033fc:	e9 03 09 eb	negs	x9, x9
100003400:	02 00 00 14	b	0x100003408
100003404:	23 00 80 52	mov	w3, #0x1
100003408:	4a 01 80 52	mov	w10, #0xa
10000340c:	24 0d ca 9a	sdiv	x4, x9, x10
100003410:	85 a4 0a 9b	msub	x5, x4, x10, x9
100003414:	06 06 80 52	mov	w6, #0x30
100003418:	c6 00 05 eb	subs	x6, x6, x5
10000341c:	6b 05 00 d1	sub	x11, x11, #0x1
100003420:	66 01 00 39	strb	w6, [x11]
100003424:	8c 05 00 91	add	x12, x12, #0x1
100003428:	e9 03 04 aa	mov	x9, x4
10000342c:	e9 fe ff b5	cbnz	x9, 0x100003408
100003430:	a3 00 00 34	cbz	w3, 0x100003444
100003434:	6b 05 00 d1	sub	x11, x11, #0x1
100003438:	aa 05 80 52	mov	w10, #0x2d
10000343c:	6a 01 00 39	strb	w10, [x11]
100003440:	8c 05 00 91	add	x12, x12, #0x1
100003444:	40 00 80 52	mov	w0, #0x2
100003448:	e1 03 0b aa	mov	x1, x11
10000344c:	e2 03 0c aa	mov	x2, x12
100003450:	90 00 80 52	mov	w16, #0x4
100003454:	01 10 00 d4	svc	#0x80
100003458:	ff 83 00 91	add	sp, sp, #0x20
10000345c:	40 00 80 52	mov	w0, #0x2
100003460:	21 00 00 f0	adrp	x1, 7 ; 0x10000a000
100003464:	21 60 00 91	add	x1, x1, #0x18
100003468:	82 03 80 d2	mov	x2, #0x1c
10000346c:	02 00 a0 f2	movk	x2, #0x0, lsl #16
100003470:	02 00 c0 f2	movk	x2, #0x0, lsl #32
100003474:	02 00 e0 f2	movk	x2, #0x0, lsl #48
100003478:	90 00 80 52	mov	w16, #0x4
10000347c:	01 10 00 d4	svc	#0x80
100003480:	68 00 80 52	mov	w8, #0x3
100003484:	1a ff ff 17	b	0x1000030ec
100003488:	40 00 80 52	mov	w0, #0x2
10000348c:	21 00 00 f0	adrp	x1, 7 ; 0x10000a000
100003490:	21 e0 26 91	add	x1, x1, #0x9b8
100003494:	22 17 80 d2	mov	x2, #0xb9
100003498:	02 00 a0 f2	movk	x2, #0x0, lsl #16
10000349c:	02 00 c0 f2	movk	x2, #0x0, lsl #32
1000034a0:	02 00 e0 f2	movk	x2, #0x0, lsl #48
1000034a4:	90 00 80 52	mov	w16, #0x4
1000034a8:	01 10 00 d4	svc	#0x80
1000034ac:	e9 57 44 f9	ldr	x9, [sp, #0x8a8]
1000034b0:	ff 83 00 d1	sub	sp, sp, #0x20
1000034b4:	eb 83 00 91	add	x11, sp, #0x20
1000034b8:	0c 00 80 52	mov	w12, #0x0
1000034bc:	c9 00 00 b5	cbnz	x9, 0x1000034d4
1000034c0:	6b 05 00 d1	sub	x11, x11, #0x1
1000034c4:	0a 06 80 52	mov	w10, #0x30
1000034c8:	6a 01 00 39	strb	w10, [x11]
1000034cc:	8c 05 00 91	add	x12, x12, #0x1
1000034d0:	16 00 00 14	b	0x100003528
1000034d4:	03 00 80 52	mov	w3, #0x0
1000034d8:	3f 01 1f eb	cmp	x9, xzr
1000034dc:	6b 00 00 54	b.lt	0x1000034e8
1000034e0:	e9 03 09 eb	negs	x9, x9
1000034e4:	02 00 00 14	b	0x1000034ec
1000034e8:	23 00 80 52	mov	w3, #0x1
1000034ec:	4a 01 80 52	mov	w10, #0xa
1000034f0:	24 0d ca 9a	sdiv	x4, x9, x10
1000034f4:	85 a4 0a 9b	msub	x5, x4, x10, x9
1000034f8:	06 06 80 52	mov	w6, #0x30
1000034fc:	c6 00 05 eb	subs	x6, x6, x5
100003500:	6b 05 00 d1	sub	x11, x11, #0x1
100003504:	66 01 00 39	strb	w6, [x11]
100003508:	8c 05 00 91	add	x12, x12, #0x1
10000350c:	e9 03 04 aa	mov	x9, x4
100003510:	e9 fe ff b5	cbnz	x9, 0x1000034ec
100003514:	a3 00 00 34	cbz	w3, 0x100003528
100003518:	6b 05 00 d1	sub	x11, x11, #0x1
10000351c:	aa 05 80 52	mov	w10, #0x2d
100003520:	6a 01 00 39	strb	w10, [x11]
100003524:	8c 05 00 91	add	x12, x12, #0x1
100003528:	40 00 80 52	mov	w0, #0x2
10000352c:	e1 03 0b aa	mov	x1, x11
100003530:	e2 03 0c aa	mov	x2, x12
100003534:	90 00 80 52	mov	w16, #0x4
100003538:	01 10 00 d4	svc	#0x80
10000353c:	ff 83 00 91	add	sp, sp, #0x20
100003540:	40 00 80 52	mov	w0, #0x2
100003544:	21 00 00 f0	adrp	x1, 7 ; 0x10000a000
100003548:	21 60 00 91	add	x1, x1, #0x18
10000354c:	82 03 80 d2	mov	x2, #0x1c
100003550:	02 00 a0 f2	movk	x2, #0x0, lsl #16
100003554:	02 00 c0 f2	movk	x2, #0x0, lsl #32
100003558:	02 00 e0 f2	movk	x2, #0x0, lsl #48
10000355c:	90 00 80 52	mov	w16, #0x4
100003560:	01 10 00 d4	svc	#0x80
100003564:	68 00 80 52	mov	w8, #0x3
100003568:	e1 fe ff 17	b	0x1000030ec
10000356c:	40 00 80 52	mov	w0, #0x2
100003570:	21 00 00 f0	adrp	x1, 7 ; 0x10000a000
100003574:	21 00 2a 91	add	x1, x1, #0xa80
100003578:	22 17 80 d2	mov	x2, #0xb9
10000357c:	02 00 a0 f2	movk	x2, #0x0, lsl #16
100003580:	02 00 c0 f2	movk	x2, #0x0, lsl #32
100003584:	02 00 e0 f2	movk	x2, #0x0, lsl #48
100003588:	90 00 80 52	mov	w16, #0x4
10000358c:	01 10 00 d4	svc	#0x80
100003590:	e9 57 44 f9	ldr	x9, [sp, #0x8a8]
100003594:	ff 83 00 d1	sub	sp, sp, #0x20
100003598:	eb 83 00 91	add	x11, sp, #0x20
10000359c:	0c 00 80 52	mov	w12, #0x0
1000035a0:	c9 00 00 b5	cbnz	x9, 0x1000035b8
1000035a4:	6b 05 00 d1	sub	x11, x11, #0x1
1000035a8:	0a 06 80 52	mov	w10, #0x30
1000035ac:	6a 01 00 39	strb	w10, [x11]
1000035b0:	8c 05 00 91	add	x12, x12, #0x1
1000035b4:	16 00 00 14	b	0x10000360c
1000035b8:	03 00 80 52	mov	w3, #0x0
1000035bc:	3f 01 1f eb	cmp	x9, xzr
1000035c0:	6b 00 00 54	b.lt	0x1000035cc
1000035c4:	e9 03 09 eb	negs	x9, x9
1000035c8:	02 00 00 14	b	0x1000035d0
1000035cc:	23 00 80 52	mov	w3, #0x1
1000035d0:	4a 01 80 52	mov	w10, #0xa
1000035d4:	24 0d ca 9a	sdiv	x4, x9, x10
1000035d8:	85 a4 0a 9b	msub	x5, x4, x10, x9
1000035dc:	06 06 80 52	mov	w6, #0x30
1000035e0:	c6 00 05 eb	subs	x6, x6, x5
1000035e4:	6b 05 00 d1	sub	x11, x11, #0x1
1000035e8:	66 01 00 39	strb	w6, [x11]
1000035ec:	8c 05 00 91	add	x12, x12, #0x1
1000035f0:	e9 03 04 aa	mov	x9, x4
1000035f4:	e9 fe ff b5	cbnz	x9, 0x1000035d0
1000035f8:	a3 00 00 34	cbz	w3, 0x10000360c
1000035fc:	6b 05 00 d1	sub	x11, x11, #0x1
100003600:	aa 05 80 52	mov	w10, #0x2d
100003604:	6a 01 00 39	strb	w10, [x11]
100003608:	8c 05 00 91	add	x12, x12, #0x1
10000360c:	40 00 80 52	mov	w0, #0x2
100003610:	e1 03 0b aa	mov	x1, x11
100003614:	e2 03 0c aa	mov	x2, x12
100003618:	90 00 80 52	mov	w16, #0x4
10000361c:	01 10 00 d4	svc	#0x80
100003620:	ff 83 00 91	add	sp, sp, #0x20
100003624:	40 00 80 52	mov	w0, #0x2
100003628:	21 00 00 f0	adrp	x1, 7 ; 0x10000a000
10000362c:	21 60 00 91	add	x1, x1, #0x18
100003630:	82 03 80 d2	mov	x2, #0x1c
100003634:	02 00 a0 f2	movk	x2, #0x0, lsl #16
100003638:	02 00 c0 f2	movk	x2, #0x0, lsl #32
10000363c:	02 00 e0 f2	movk	x2, #0x0, lsl #48
100003640:	90 00 80 52	mov	w16, #0x4
100003644:	01 10 00 d4	svc	#0x80
100003648:	68 00 80 52	mov	w8, #0x3
10000364c:	a8 fe ff 17	b	0x1000030ec
100003650:	40 00 80 52	mov	w0, #0x2
100003654:	21 00 00 f0	adrp	x1, 7 ; 0x10000a000
100003658:	21 20 2d 91	add	x1, x1, #0xb48
10000365c:	22 17 80 d2	mov	x2, #0xb9
100003660:	02 00 a0 f2	movk	x2, #0x0, lsl #16
100003664:	02 00 c0 f2	movk	x2, #0x0, lsl #32
100003668:	02 00 e0 f2	movk	x2, #0x0, lsl #48
10000366c:	90 00 80 52	mov	w16, #0x4
100003670:	01 10 00 d4	svc	#0x80
100003674:	e9 57 44 f9	ldr	x9, [sp, #0x8a8]
100003678:	ff 83 00 d1	sub	sp, sp, #0x20
10000367c:	eb 83 00 91	add	x11, sp, #0x20
100003680:	0c 00 80 52	mov	w12, #0x0
100003684:	c9 00 00 b5	cbnz	x9, 0x10000369c
100003688:	6b 05 00 d1	sub	x11, x11, #0x1
10000368c:	0a 06 80 52	mov	w10, #0x30
100003690:	6a 01 00 39	strb	w10, [x11]
100003694:	8c 05 00 91	add	x12, x12, #0x1
100003698:	16 00 00 14	b	0x1000036f0
10000369c:	03 00 80 52	mov	w3, #0x0
1000036a0:	3f 01 1f eb	cmp	x9, xzr
1000036a4:	6b 00 00 54	b.lt	0x1000036b0
1000036a8:	e9 03 09 eb	negs	x9, x9
1000036ac:	02 00 00 14	b	0x1000036b4
1000036b0:	23 00 80 52	mov	w3, #0x1
1000036b4:	4a 01 80 52	mov	w10, #0xa
1000036b8:	24 0d ca 9a	sdiv	x4, x9, x10
1000036bc:	85 a4 0a 9b	msub	x5, x4, x10, x9
1000036c0:	06 06 80 52	mov	w6, #0x30
1000036c4:	c6 00 05 eb	subs	x6, x6, x5
1000036c8:	6b 05 00 d1	sub	x11, x11, #0x1
1000036cc:	66 01 00 39	strb	w6, [x11]
1000036d0:	8c 05 00 91	add	x12, x12, #0x1
1000036d4:	e9 03 04 aa	mov	x9, x4
1000036d8:	e9 fe ff b5	cbnz	x9, 0x1000036b4
1000036dc:	a3 00 00 34	cbz	w3, 0x1000036f0
1000036e0:	6b 05 00 d1	sub	x11, x11, #0x1
1000036e4:	aa 05 80 52	mov	w10, #0x2d
1000036e8:	6a 01 00 39	strb	w10, [x11]
1000036ec:	8c 05 00 91	add	x12, x12, #0x1
1000036f0:	40 00 80 52	mov	w0, #0x2
1000036f4:	e1 03 0b aa	mov	x1, x11
1000036f8:	e2 03 0c aa	mov	x2, x12
1000036fc:	90 00 80 52	mov	w16, #0x4
100003700:	01 10 00 d4	svc	#0x80
100003704:	ff 83 00 91	add	sp, sp, #0x20
100003708:	40 00 80 52	mov	w0, #0x2
10000370c:	21 00 00 f0	adrp	x1, 7 ; 0x10000a000
100003710:	21 60 00 91	add	x1, x1, #0x18
100003714:	82 03 80 d2	mov	x2, #0x1c
100003718:	02 00 a0 f2	movk	x2, #0x0, lsl #16
10000371c:	02 00 c0 f2	movk	x2, #0x0, lsl #32
100003720:	02 00 e0 f2	movk	x2, #0x0, lsl #48
100003724:	90 00 80 52	mov	w16, #0x4
100003728:	01 10 00 d4	svc	#0x80
10000372c:	68 00 80 52	mov	w8, #0x3
100003730:	6f fe ff 17	b	0x1000030ec
100003734:	40 00 80 52	mov	w0, #0x2
100003738:	21 00 00 f0	adrp	x1, 7 ; 0x10000a000
10000373c:	21 40 30 91	add	x1, x1, #0xc10
100003740:	22 17 80 d2	mov	x2, #0xb9
100003744:	02 00 a0 f2	movk	x2, #0x0, lsl #16
100003748:	02 00 c0 f2	movk	x2, #0x0, lsl #32
10000374c:	02 00 e0 f2	movk	x2, #0x0, lsl #48
100003750:	90 00 80 52	mov	w16, #0x4
100003754:	01 10 00 d4	svc	#0x80
100003758:	e9 57 44 f9	ldr	x9, [sp, #0x8a8]
10000375c:	ff 83 00 d1	sub	sp, sp, #0x20
100003760:	eb 83 00 91	add	x11, sp, #0x20
100003764:	0c 00 80 52	mov	w12, #0x0
100003768:	c9 00 00 b5	cbnz	x9, 0x100003780
10000376c:	6b 05 00 d1	sub	x11, x11, #0x1
100003770:	0a 06 80 52	mov	w10, #0x30
100003774:	6a 01 00 39	strb	w10, [x11]
100003778:	8c 05 00 91	add	x12, x12, #0x1
10000377c:	16 00 00 14	b	0x1000037d4
100003780:	03 00 80 52	mov	w3, #0x0
100003784:	3f 01 1f eb	cmp	x9, xzr
100003788:	6b 00 00 54	b.lt	0x100003794
10000378c:	e9 03 09 eb	negs	x9, x9
100003790:	02 00 00 14	b	0x100003798
100003794:	23 00 80 52	mov	w3, #0x1
100003798:	4a 01 80 52	mov	w10, #0xa
10000379c:	24 0d ca 9a	sdiv	x4, x9, x10
1000037a0:	85 a4 0a 9b	msub	x5, x4, x10, x9
1000037a4:	06 06 80 52	mov	w6, #0x30
1000037a8:	c6 00 05 eb	subs	x6, x6, x5
1000037ac:	6b 05 00 d1	sub	x11, x11, #0x1
1000037b0:	66 01 00 39	strb	w6, [x11]
1000037b4:	8c 05 00 91	add	x12, x12, #0x1
1000037b8:	e9 03 04 aa	mov	x9, x4
1000037bc:	e9 fe ff b5	cbnz	x9, 0x100003798
1000037c0:	a3 00 00 34	cbz	w3, 0x1000037d4
1000037c4:	6b 05 00 d1	sub	x11, x11, #0x1
1000037c8:	aa 05 80 52	mov	w10, #0x2d
1000037cc:	6a 01 00 39	strb	w10, [x11]
1000037d0:	8c 05 00 91	add	x12, x12, #0x1
1000037d4:	40 00 80 52	mov	w0, #0x2
1000037d8:	e1 03 0b aa	mov	x1, x11
1000037dc:	e2 03 0c aa	mov	x2, x12
1000037e0:	90 00 80 52	mov	w16, #0x4
1000037e4:	01 10 00 d4	svc	#0x80
1000037e8:	ff 83 00 91	add	sp, sp, #0x20
1000037ec:	40 00 80 52	mov	w0, #0x2
1000037f0:	21 00 00 f0	adrp	x1, 7 ; 0x10000a000
1000037f4:	21 60 00 91	add	x1, x1, #0x18
1000037f8:	82 03 80 d2	mov	x2, #0x1c
1000037fc:	02 00 a0 f2	movk	x2, #0x0, lsl #16
100003800:	02 00 c0 f2	movk	x2, #0x0, lsl #32
100003804:	02 00 e0 f2	movk	x2, #0x0, lsl #48
100003808:	90 00 80 52	mov	w16, #0x4
10000380c:	01 10 00 d4	svc	#0x80
100003810:	68 00 80 52	mov	w8, #0x3
100003814:	36 fe ff 17	b	0x1000030ec
100003818:	40 00 80 52	mov	w0, #0x2
10000381c:	21 00 00 f0	adrp	x1, 7 ; 0x10000a000
100003820:	21 60 33 91	add	x1, x1, #0xcd8
100003824:	22 17 80 d2	mov	x2, #0xb9
100003828:	02 00 a0 f2	movk	x2, #0x0, lsl #16
10000382c:	02 00 c0 f2	movk	x2, #0x0, lsl #32
100003830:	02 00 e0 f2	movk	x2, #0x0, lsl #48
100003834:	90 00 80 52	mov	w16, #0x4
100003838:	01 10 00 d4	svc	#0x80
10000383c:	e9 5b 44 f9	ldr	x9, [sp, #0x8b0]
100003840:	ff 83 00 d1	sub	sp, sp, #0x20
100003844:	eb 83 00 91	add	x11, sp, #0x20
100003848:	0c 00 80 52	mov	w12, #0x0
10000384c:	c9 00 00 b5	cbnz	x9, 0x100003864
100003850:	6b 05 00 d1	sub	x11, x11, #0x1
100003854:	0a 06 80 52	mov	w10, #0x30
100003858:	6a 01 00 39	strb	w10, [x11]
10000385c:	8c 05 00 91	add	x12, x12, #0x1
100003860:	16 00 00 14	b	0x1000038b8
100003864:	03 00 80 52	mov	w3, #0x0
100003868:	3f 01 1f eb	cmp	x9, xzr
10000386c:	6b 00 00 54	b.lt	0x100003878
100003870:	e9 03 09 eb	negs	x9, x9
100003874:	02 00 00 14	b	0x10000387c
100003878:	23 00 80 52	mov	w3, #0x1
10000387c:	4a 01 80 52	mov	w10, #0xa
100003880:	24 0d ca 9a	sdiv	x4, x9, x10
100003884:	85 a4 0a 9b	msub	x5, x4, x10, x9
100003888:	06 06 80 52	mov	w6, #0x30
10000388c:	c6 00 05 eb	subs	x6, x6, x5
100003890:	6b 05 00 d1	sub	x11, x11, #0x1
100003894:	66 01 00 39	strb	w6, [x11]
100003898:	8c 05 00 91	add	x12, x12, #0x1
10000389c:	e9 03 04 aa	mov	x9, x4
1000038a0:	e9 fe ff b5	cbnz	x9, 0x10000387c
1000038a4:	a3 00 00 34	cbz	w3, 0x1000038b8
1000038a8:	6b 05 00 d1	sub	x11, x11, #0x1
1000038ac:	aa 05 80 52	mov	w10, #0x2d
1000038b0:	6a 01 00 39	strb	w10, [x11]
1000038b4:	8c 05 00 91	add	x12, x12, #0x1
1000038b8:	40 00 80 52	mov	w0, #0x2
1000038bc:	e1 03 0b aa	mov	x1, x11
1000038c0:	e2 03 0c aa	mov	x2, x12
1000038c4:	90 00 80 52	mov	w16, #0x4
1000038c8:	01 10 00 d4	svc	#0x80
1000038cc:	ff 83 00 91	add	sp, sp, #0x20
1000038d0:	40 00 80 52	mov	w0, #0x2
1000038d4:	21 00 00 f0	adrp	x1, 7 ; 0x10000a000
1000038d8:	21 60 00 91	add	x1, x1, #0x18
1000038dc:	82 03 80 d2	mov	x2, #0x1c
1000038e0:	02 00 a0 f2	movk	x2, #0x0, lsl #16
1000038e4:	02 00 c0 f2	movk	x2, #0x0, lsl #32
1000038e8:	02 00 e0 f2	movk	x2, #0x0, lsl #48
1000038ec:	90 00 80 52	mov	w16, #0x4
1000038f0:	01 10 00 d4	svc	#0x80
1000038f4:	68 00 80 52	mov	w8, #0x3
1000038f8:	fd fd ff 17	b	0x1000030ec
1000038fc:	40 00 80 52	mov	w0, #0x2
100003900:	21 00 00 f0	adrp	x1, 7 ; 0x10000a000
100003904:	21 40 37 91	add	x1, x1, #0xdd0
100003908:	22 17 80 d2	mov	x2, #0xb9
10000390c:	02 00 a0 f2	movk	x2, #0x0, lsl #16
100003910:	02 00 c0 f2	movk	x2, #0x0, lsl #32
100003914:	02 00 e0 f2	movk	x2, #0x0, lsl #48
100003918:	90 00 80 52	mov	w16, #0x4
10000391c:	01 10 00 d4	svc	#0x80
100003920:	e9 5b 44 f9	ldr	x9, [sp, #0x8b0]
100003924:	ff 83 00 d1	sub	sp, sp, #0x20
100003928:	eb 83 00 91	add	x11, sp, #0x20
10000392c:	0c 00 80 52	mov	w12, #0x0
100003930:	c9 00 00 b5	cbnz	x9, 0x100003948
100003934:	6b 05 00 d1	sub	x11, x11, #0x1
100003938:	0a 06 80 52	mov	w10, #0x30
10000393c:	6a 01 00 39	strb	w10, [x11]
100003940:	8c 05 00 91	add	x12, x12, #0x1
100003944:	16 00 00 14	b	0x10000399c
100003948:	03 00 80 52	mov	w3, #0x0
10000394c:	3f 01 1f eb	cmp	x9, xzr
100003950:	6b 00 00 54	b.lt	0x10000395c
100003954:	e9 03 09 eb	negs	x9, x9
100003958:	02 00 00 14	b	0x100003960
10000395c:	23 00 80 52	mov	w3, #0x1
100003960:	4a 01 80 52	mov	w10, #0xa
100003964:	24 0d ca 9a	sdiv	x4, x9, x10
100003968:	85 a4 0a 9b	msub	x5, x4, x10, x9
10000396c:	06 06 80 52	mov	w6, #0x30
100003970:	c6 00 05 eb	subs	x6, x6, x5
100003974:	6b 05 00 d1	sub	x11, x11, #0x1
100003978:	66 01 00 39	strb	w6, [x11]
10000397c:	8c 05 00 91	add	x12, x12, #0x1
100003980:	e9 03 04 aa	mov	x9, x4
100003984:	e9 fe ff b5	cbnz	x9, 0x100003960
100003988:	a3 00 00 34	cbz	w3, 0x10000399c
10000398c:	6b 05 00 d1	sub	x11, x11, #0x1
100003990:	aa 05 80 52	mov	w10, #0x2d
100003994:	6a 01 00 39	strb	w10, [x11]
100003998:	8c 05 00 91	add	x12, x12, #0x1
10000399c:	40 00 80 52	mov	w0, #0x2
1000039a0:	e1 03 0b aa	mov	x1, x11
1000039a4:	e2 03 0c aa	mov	x2, x12
1000039a8:	90 00 80 52	mov	w16, #0x4
1000039ac:	01 10 00 d4	svc	#0x80
1000039b0:	ff 83 00 91	add	sp, sp, #0x20
1000039b4:	40 00 80 52	mov	w0, #0x2
1000039b8:	21 00 00 f0	adrp	x1, 7 ; 0x10000a000
1000039bc:	21 60 00 91	add	x1, x1, #0x18
1000039c0:	82 03 80 d2	mov	x2, #0x1c
1000039c4:	02 00 a0 f2	movk	x2, #0x0, lsl #16
1000039c8:	02 00 c0 f2	movk	x2, #0x0, lsl #32
1000039cc:	02 00 e0 f2	movk	x2, #0x0, lsl #48
1000039d0:	90 00 80 52	mov	w16, #0x4
1000039d4:	01 10 00 d4	svc	#0x80
1000039d8:	68 00 80 52	mov	w8, #0x3
1000039dc:	c4 fd ff 17	b	0x1000030ec
1000039e0:	40 00 80 52	mov	w0, #0x2
1000039e4:	21 00 00 f0	adrp	x1, 7 ; 0x10000a000
1000039e8:	21 60 3a 91	add	x1, x1, #0xe98
1000039ec:	22 17 80 d2	mov	x2, #0xb9
1000039f0:	02 00 a0 f2	movk	x2, #0x0, lsl #16
1000039f4:	02 00 c0 f2	movk	x2, #0x0, lsl #32
1000039f8:	02 00 e0 f2	movk	x2, #0x0, lsl #48
1000039fc:	90 00 80 52	mov	w16, #0x4
100003a00:	01 10 00 d4	svc	#0x80
100003a04:	e9 5b 44 f9	ldr	x9, [sp, #0x8b0]
100003a08:	ff 83 00 d1	sub	sp, sp, #0x20
100003a0c:	eb 83 00 91	add	x11, sp, #0x20
100003a10:	0c 00 80 52	mov	w12, #0x0
100003a14:	c9 00 00 b5	cbnz	x9, 0x100003a2c
100003a18:	6b 05 00 d1	sub	x11, x11, #0x1
100003a1c:	0a 06 80 52	mov	w10, #0x30
100003a20:	6a 01 00 39	strb	w10, [x11]
100003a24:	8c 05 00 91	add	x12, x12, #0x1
100003a28:	16 00 00 14	b	0x100003a80
100003a2c:	03 00 80 52	mov	w3, #0x0
100003a30:	3f 01 1f eb	cmp	x9, xzr
100003a34:	6b 00 00 54	b.lt	0x100003a40
100003a38:	e9 03 09 eb	negs	x9, x9
100003a3c:	02 00 00 14	b	0x100003a44
100003a40:	23 00 80 52	mov	w3, #0x1
100003a44:	4a 01 80 52	mov	w10, #0xa
100003a48:	24 0d ca 9a	sdiv	x4, x9, x10
100003a4c:	85 a4 0a 9b	msub	x5, x4, x10, x9
100003a50:	06 06 80 52	mov	w6, #0x30
100003a54:	c6 00 05 eb	subs	x6, x6, x5
100003a58:	6b 05 00 d1	sub	x11, x11, #0x1
100003a5c:	66 01 00 39	strb	w6, [x11]
100003a60:	8c 05 00 91	add	x12, x12, #0x1
100003a64:	e9 03 04 aa	mov	x9, x4
100003a68:	e9 fe ff b5	cbnz	x9, 0x100003a44
100003a6c:	a3 00 00 34	cbz	w3, 0x100003a80
100003a70:	6b 05 00 d1	sub	x11, x11, #0x1
100003a74:	aa 05 80 52	mov	w10, #0x2d
100003a78:	6a 01 00 39	strb	w10, [x11]
100003a7c:	8c 05 00 91	add	x12, x12, #0x1
100003a80:	40 00 80 52	mov	w0, #0x2
100003a84:	e1 03 0b aa	mov	x1, x11
100003a88:	e2 03 0c aa	mov	x2, x12
100003a8c:	90 00 80 52	mov	w16, #0x4
100003a90:	01 10 00 d4	svc	#0x80
100003a94:	ff 83 00 91	add	sp, sp, #0x20
100003a98:	40 00 80 52	mov	w0, #0x2
100003a9c:	21 00 00 f0	adrp	x1, 7 ; 0x10000a000
100003aa0:	21 60 00 91	add	x1, x1, #0x18
100003aa4:	82 03 80 d2	mov	x2, #0x1c
100003aa8:	02 00 a0 f2	movk	x2, #0x0, lsl #16
100003aac:	02 00 c0 f2	movk	x2, #0x0, lsl #32
100003ab0:	02 00 e0 f2	movk	x2, #0x0, lsl #48
100003ab4:	90 00 80 52	mov	w16, #0x4
100003ab8:	01 10 00 d4	svc	#0x80
100003abc:	68 00 80 52	mov	w8, #0x3
100003ac0:	8b fd ff 17	b	0x1000030ec
100003ac4:	40 00 80 52	mov	w0, #0x2
100003ac8:	21 00 00 f0	adrp	x1, 7 ; 0x10000a000
100003acc:	21 80 3d 91	add	x1, x1, #0xf60
100003ad0:	22 17 80 d2	mov	x2, #0xb9
100003ad4:	02 00 a0 f2	movk	x2, #0x0, lsl #16
100003ad8:	02 00 c0 f2	movk	x2, #0x0, lsl #32
100003adc:	02 00 e0 f2	movk	x2, #0x0, lsl #48
100003ae0:	90 00 80 52	mov	w16, #0x4
100003ae4:	01 10 00 d4	svc	#0x80
100003ae8:	e9 5b 44 f9	ldr	x9, [sp, #0x8b0]
100003aec:	ff 83 00 d1	sub	sp, sp, #0x20
100003af0:	eb 83 00 91	add	x11, sp, #0x20
100003af4:	0c 00 80 52	mov	w12, #0x0
100003af8:	c9 00 00 b5	cbnz	x9, 0x100003b10
100003afc:	6b 05 00 d1	sub	x11, x11, #0x1
100003b00:	0a 06 80 52	mov	w10, #0x30
100003b04:	6a 01 00 39	strb	w10, [x11]
100003b08:	8c 05 00 91	add	x12, x12, #0x1
100003b0c:	16 00 00 14	b	0x100003b64
100003b10:	03 00 80 52	mov	w3, #0x0
100003b14:	3f 01 1f eb	cmp	x9, xzr
100003b18:	6b 00 00 54	b.lt	0x100003b24
100003b1c:	e9 03 09 eb	negs	x9, x9
100003b20:	02 00 00 14	b	0x100003b28
100003b24:	23 00 80 52	mov	w3, #0x1
100003b28:	4a 01 80 52	mov	w10, #0xa
100003b2c:	24 0d ca 9a	sdiv	x4, x9, x10
100003b30:	85 a4 0a 9b	msub	x5, x4, x10, x9
100003b34:	06 06 80 52	mov	w6, #0x30
100003b38:	c6 00 05 eb	subs	x6, x6, x5
100003b3c:	6b 05 00 d1	sub	x11, x11, #0x1
100003b40:	66 01 00 39	strb	w6, [x11]
100003b44:	8c 05 00 91	add	x12, x12, #0x1
100003b48:	e9 03 04 aa	mov	x9, x4
100003b4c:	e9 fe ff b5	cbnz	x9, 0x100003b28
100003b50:	a3 00 00 34	cbz	w3, 0x100003b64
100003b54:	6b 05 00 d1	sub	x11, x11, #0x1
100003b58:	aa 05 80 52	mov	w10, #0x2d
100003b5c:	6a 01 00 39	strb	w10, [x11]
100003b60:	8c 05 00 91	add	x12, x12, #0x1
100003b64:	40 00 80 52	mov	w0, #0x2
100003b68:	e1 03 0b aa	mov	x1, x11
100003b6c:	e2 03 0c aa	mov	x2, x12
100003b70:	90 00 80 52	mov	w16, #0x4
100003b74:	01 10 00 d4	svc	#0x80
100003b78:	ff 83 00 91	add	sp, sp, #0x20
100003b7c:	40 00 80 52	mov	w0, #0x2
100003b80:	21 00 00 f0	adrp	x1, 7 ; 0x10000a000
100003b84:	21 60 00 91	add	x1, x1, #0x18
100003b88:	82 03 80 d2	mov	x2, #0x1c
100003b8c:	02 00 a0 f2	movk	x2, #0x0, lsl #16
100003b90:	02 00 c0 f2	movk	x2, #0x0, lsl #32
100003b94:	02 00 e0 f2	movk	x2, #0x0, lsl #48
100003b98:	90 00 80 52	mov	w16, #0x4
100003b9c:	01 10 00 d4	svc	#0x80
100003ba0:	68 00 80 52	mov	w8, #0x3
100003ba4:	52 fd ff 17	b	0x1000030ec
100003ba8:	40 00 80 52	mov	w0, #0x2
100003bac:	41 00 00 90	adrp	x1, 8 ; 0x10000b000
100003bb0:	21 a0 00 91	add	x1, x1, #0x28
100003bb4:	22 17 80 d2	mov	x2, #0xb9
100003bb8:	02 00 a0 f2	movk	x2, #0x0, lsl #16
100003bbc:	02 00 c0 f2	movk	x2, #0x0, lsl #32
100003bc0:	02 00 e0 f2	movk	x2, #0x0, lsl #48
100003bc4:	90 00 80 52	mov	w16, #0x4
100003bc8:	01 10 00 d4	svc	#0x80
100003bcc:	e9 5b 44 f9	ldr	x9, [sp, #0x8b0]
100003bd0:	ff 83 00 d1	sub	sp, sp, #0x20
100003bd4:	eb 83 00 91	add	x11, sp, #0x20
100003bd8:	0c 00 80 52	mov	w12, #0x0
100003bdc:	c9 00 00 b5	cbnz	x9, 0x100003bf4
100003be0:	6b 05 00 d1	sub	x11, x11, #0x1
100003be4:	0a 06 80 52	mov	w10, #0x30
100003be8:	6a 01 00 39	strb	w10, [x11]
100003bec:	8c 05 00 91	add	x12, x12, #0x1
100003bf0:	16 00 00 14	b	0x100003c48
100003bf4:	03 00 80 52	mov	w3, #0x0
100003bf8:	3f 01 1f eb	cmp	x9, xzr
100003bfc:	6b 00 00 54	b.lt	0x100003c08
100003c00:	e9 03 09 eb	negs	x9, x9
100003c04:	02 00 00 14	b	0x100003c0c
100003c08:	23 00 80 52	mov	w3, #0x1
100003c0c:	4a 01 80 52	mov	w10, #0xa
100003c10:	24 0d ca 9a	sdiv	x4, x9, x10
100003c14:	85 a4 0a 9b	msub	x5, x4, x10, x9
100003c18:	06 06 80 52	mov	w6, #0x30
100003c1c:	c6 00 05 eb	subs	x6, x6, x5
100003c20:	6b 05 00 d1	sub	x11, x11, #0x1
100003c24:	66 01 00 39	strb	w6, [x11]
100003c28:	8c 05 00 91	add	x12, x12, #0x1
100003c2c:	e9 03 04 aa	mov	x9, x4
100003c30:	e9 fe ff b5	cbnz	x9, 0x100003c0c
100003c34:	a3 00 00 34	cbz	w3, 0x100003c48
100003c38:	6b 05 00 d1	sub	x11, x11, #0x1
100003c3c:	aa 05 80 52	mov	w10, #0x2d
100003c40:	6a 01 00 39	strb	w10, [x11]
100003c44:	8c 05 00 91	add	x12, x12, #0x1
100003c48:	40 00 80 52	mov	w0, #0x2
100003c4c:	e1 03 0b aa	mov	x1, x11
100003c50:	e2 03 0c aa	mov	x2, x12
100003c54:	90 00 80 52	mov	w16, #0x4
100003c58:	01 10 00 d4	svc	#0x80
100003c5c:	ff 83 00 91	add	sp, sp, #0x20
100003c60:	40 00 80 52	mov	w0, #0x2
100003c64:	21 00 00 f0	adrp	x1, 7 ; 0x10000a000
100003c68:	21 60 00 91	add	x1, x1, #0x18
100003c6c:	82 03 80 d2	mov	x2, #0x1c
100003c70:	02 00 a0 f2	movk	x2, #0x0, lsl #16
100003c74:	02 00 c0 f2	movk	x2, #0x0, lsl #32
100003c78:	02 00 e0 f2	movk	x2, #0x0, lsl #48
100003c7c:	90 00 80 52	mov	w16, #0x4
100003c80:	01 10 00 d4	svc	#0x80
100003c84:	68 00 80 52	mov	w8, #0x3
100003c88:	19 fd ff 17	b	0x1000030ec
100003c8c:	40 00 80 52	mov	w0, #0x2
100003c90:	41 00 00 90	adrp	x1, 8 ; 0x10000b000
100003c94:	21 c0 03 91	add	x1, x1, #0xf0
100003c98:	22 17 80 d2	mov	x2, #0xb9
100003c9c:	02 00 a0 f2	movk	x2, #0x0, lsl #16
100003ca0:	02 00 c0 f2	movk	x2, #0x0, lsl #32
100003ca4:	02 00 e0 f2	movk	x2, #0x0, lsl #48
100003ca8:	90 00 80 52	mov	w16, #0x4
100003cac:	01 10 00 d4	svc	#0x80
100003cb0:	e9 5b 44 f9	ldr	x9, [sp, #0x8b0]
100003cb4:	ff 83 00 d1	sub	sp, sp, #0x20
100003cb8:	eb 83 00 91	add	x11, sp, #0x20
100003cbc:	0c 00 80 52	mov	w12, #0x0
100003cc0:	c9 00 00 b5	cbnz	x9, 0x100003cd8
100003cc4:	6b 05 00 d1	sub	x11, x11, #0x1
100003cc8:	0a 06 80 52	mov	w10, #0x30
100003ccc:	6a 01 00 39	strb	w10, [x11]
100003cd0:	8c 05 00 91	add	x12, x12, #0x1
100003cd4:	16 00 00 14	b	0x100003d2c
100003cd8:	03 00 80 52	mov	w3, #0x0
100003cdc:	3f 01 1f eb	cmp	x9, xzr
100003ce0:	6b 00 00 54	b.lt	0x100003cec
100003ce4:	e9 03 09 eb	negs	x9, x9
100003ce8:	02 00 00 14	b	0x100003cf0
100003cec:	23 00 80 52	mov	w3, #0x1
100003cf0:	4a 01 80 52	mov	w10, #0xa
100003cf4:	24 0d ca 9a	sdiv	x4, x9, x10
100003cf8:	85 a4 0a 9b	msub	x5, x4, x10, x9
100003cfc:	06 06 80 52	mov	w6, #0x30
100003d00:	c6 00 05 eb	subs	x6, x6, x5
100003d04:	6b 05 00 d1	sub	x11, x11, #0x1
100003d08:	66 01 00 39	strb	w6, [x11]
100003d0c:	8c 05 00 91	add	x12, x12, #0x1
100003d10:	e9 03 04 aa	mov	x9, x4
100003d14:	e9 fe ff b5	cbnz	x9, 0x100003cf0
100003d18:	a3 00 00 34	cbz	w3, 0x100003d2c
100003d1c:	6b 05 00 d1	sub	x11, x11, #0x1
100003d20:	aa 05 80 52	mov	w10, #0x2d
100003d24:	6a 01 00 39	strb	w10, [x11]
100003d28:	8c 05 00 91	add	x12, x12, #0x1
100003d2c:	40 00 80 52	mov	w0, #0x2
100003d30:	e1 03 0b aa	mov	x1, x11
100003d34:	e2 03 0c aa	mov	x2, x12
100003d38:	90 00 80 52	mov	w16, #0x4
100003d3c:	01 10 00 d4	svc	#0x80
100003d40:	ff 83 00 91	add	sp, sp, #0x20
100003d44:	40 00 80 52	mov	w0, #0x2
100003d48:	21 00 00 f0	adrp	x1, 7 ; 0x10000a000
100003d4c:	21 60 00 91	add	x1, x1, #0x18
100003d50:	82 03 80 d2	mov	x2, #0x1c
100003d54:	02 00 a0 f2	movk	x2, #0x0, lsl #16
100003d58:	02 00 c0 f2	movk	x2, #0x0, lsl #32
100003d5c:	02 00 e0 f2	movk	x2, #0x0, lsl #48
100003d60:	90 00 80 52	mov	w16, #0x4
100003d64:	01 10 00 d4	svc	#0x80
100003d68:	68 00 80 52	mov	w8, #0x3
100003d6c:	e0 fc ff 17	b	0x1000030ec
100003d70:	40 00 80 52	mov	w0, #0x2
100003d74:	41 00 00 90	adrp	x1, 8 ; 0x10000b000
100003d78:	21 e0 06 91	add	x1, x1, #0x1b8
100003d7c:	22 17 80 d2	mov	x2, #0xb9
100003d80:	02 00 a0 f2	movk	x2, #0x0, lsl #16
100003d84:	02 00 c0 f2	movk	x2, #0x0, lsl #32
100003d88:	02 00 e0 f2	movk	x2, #0x0, lsl #48
100003d8c:	90 00 80 52	mov	w16, #0x4
100003d90:	01 10 00 d4	svc	#0x80
100003d94:	e9 5b 44 f9	ldr	x9, [sp, #0x8b0]
100003d98:	ff 83 00 d1	sub	sp, sp, #0x20
100003d9c:	eb 83 00 91	add	x11, sp, #0x20
100003da0:	0c 00 80 52	mov	w12, #0x0
100003da4:	c9 00 00 b5	cbnz	x9, 0x100003dbc
100003da8:	6b 05 00 d1	sub	x11, x11, #0x1
100003dac:	0a 06 80 52	mov	w10, #0x30
100003db0:	6a 01 00 39	strb	w10, [x11]
100003db4:	8c 05 00 91	add	x12, x12, #0x1
100003db8:	16 00 00 14	b	0x100003e10
100003dbc:	03 00 80 52	mov	w3, #0x0
100003dc0:	3f 01 1f eb	cmp	x9, xzr
100003dc4:	6b 00 00 54	b.lt	0x100003dd0
100003dc8:	e9 03 09 eb	negs	x9, x9
100003dcc:	02 00 00 14	b	0x100003dd4
100003dd0:	23 00 80 52	mov	w3, #0x1
100003dd4:	4a 01 80 52	mov	w10, #0xa
100003dd8:	24 0d ca 9a	sdiv	x4, x9, x10
100003ddc:	85 a4 0a 9b	msub	x5, x4, x10, x9
100003de0:	06 06 80 52	mov	w6, #0x30
100003de4:	c6 00 05 eb	subs	x6, x6, x5
100003de8:	6b 05 00 d1	sub	x11, x11, #0x1
100003dec:	66 01 00 39	strb	w6, [x11]
100003df0:	8c 05 00 91	add	x12, x12, #0x1
100003df4:	e9 03 04 aa	mov	x9, x4
100003df8:	e9 fe ff b5	cbnz	x9, 0x100003dd4
100003dfc:	a3 00 00 34	cbz	w3, 0x100003e10
100003e00:	6b 05 00 d1	sub	x11, x11, #0x1
100003e04:	aa 05 80 52	mov	w10, #0x2d
100003e08:	6a 01 00 39	strb	w10, [x11]
100003e0c:	8c 05 00 91	add	x12, x12, #0x1
100003e10:	40 00 80 52	mov	w0, #0x2
100003e14:	e1 03 0b aa	mov	x1, x11
100003e18:	e2 03 0c aa	mov	x2, x12
100003e1c:	90 00 80 52	mov	w16, #0x4
100003e20:	01 10 00 d4	svc	#0x80
100003e24:	ff 83 00 91	add	sp, sp, #0x20
100003e28:	40 00 80 52	mov	w0, #0x2
100003e2c:	21 00 00 f0	adrp	x1, 7 ; 0x10000a000
100003e30:	21 60 00 91	add	x1, x1, #0x18
100003e34:	82 03 80 d2	mov	x2, #0x1c
100003e38:	02 00 a0 f2	movk	x2, #0x0, lsl #16
100003e3c:	02 00 c0 f2	movk	x2, #0x0, lsl #32
100003e40:	02 00 e0 f2	movk	x2, #0x0, lsl #48
100003e44:	90 00 80 52	mov	w16, #0x4
100003e48:	01 10 00 d4	svc	#0x80
100003e4c:	68 00 80 52	mov	w8, #0x3
100003e50:	a7 fc ff 17	b	0x1000030ec
100003e54:	40 00 80 52	mov	w0, #0x2
100003e58:	41 00 00 90	adrp	x1, 8 ; 0x10000b000
100003e5c:	21 00 0a 91	add	x1, x1, #0x280
100003e60:	22 17 80 d2	mov	x2, #0xb9
100003e64:	02 00 a0 f2	movk	x2, #0x0, lsl #16
100003e68:	02 00 c0 f2	movk	x2, #0x0, lsl #32
100003e6c:	02 00 e0 f2	movk	x2, #0x0, lsl #48
100003e70:	90 00 80 52	mov	w16, #0x4
100003e74:	01 10 00 d4	svc	#0x80
100003e78:	e9 5b 44 f9	ldr	x9, [sp, #0x8b0]
100003e7c:	ff 83 00 d1	sub	sp, sp, #0x20
100003e80:	eb 83 00 91	add	x11, sp, #0x20
100003e84:	0c 00 80 52	mov	w12, #0x0
100003e88:	c9 00 00 b5	cbnz	x9, 0x100003ea0
100003e8c:	6b 05 00 d1	sub	x11, x11, #0x1
100003e90:	0a 06 80 52	mov	w10, #0x30
100003e94:	6a 01 00 39	strb	w10, [x11]
100003e98:	8c 05 00 91	add	x12, x12, #0x1
100003e9c:	16 00 00 14	b	0x100003ef4
100003ea0:	03 00 80 52	mov	w3, #0x0
100003ea4:	3f 01 1f eb	cmp	x9, xzr
100003ea8:	6b 00 00 54	b.lt	0x100003eb4
100003eac:	e9 03 09 eb	negs	x9, x9
100003eb0:	02 00 00 14	b	0x100003eb8
100003eb4:	23 00 80 52	mov	w3, #0x1
100003eb8:	4a 01 80 52	mov	w10, #0xa
100003ebc:	24 0d ca 9a	sdiv	x4, x9, x10
100003ec0:	85 a4 0a 9b	msub	x5, x4, x10, x9
100003ec4:	06 06 80 52	mov	w6, #0x30
100003ec8:	c6 00 05 eb	subs	x6, x6, x5
100003ecc:	6b 05 00 d1	sub	x11, x11, #0x1
100003ed0:	66 01 00 39	strb	w6, [x11]
100003ed4:	8c 05 00 91	add	x12, x12, #0x1
100003ed8:	e9 03 04 aa	mov	x9, x4
100003edc:	e9 fe ff b5	cbnz	x9, 0x100003eb8
100003ee0:	a3 00 00 34	cbz	w3, 0x100003ef4
100003ee4:	6b 05 00 d1	sub	x11, x11, #0x1
100003ee8:	aa 05 80 52	mov	w10, #0x2d
100003eec:	6a 01 00 39	strb	w10, [x11]
100003ef0:	8c 05 00 91	add	x12, x12, #0x1
100003ef4:	40 00 80 52	mov	w0, #0x2
100003ef8:	e1 03 0b aa	mov	x1, x11
100003efc:	e2 03 0c aa	mov	x2, x12
100003f00:	90 00 80 52	mov	w16, #0x4
100003f04:	01 10 00 d4	svc	#0x80
100003f08:	ff 83 00 91	add	sp, sp, #0x20
100003f0c:	40 00 80 52	mov	w0, #0x2
100003f10:	21 00 00 f0	adrp	x1, 7 ; 0x10000a000
100003f14:	21 60 00 91	add	x1, x1, #0x18
100003f18:	82 03 80 d2	mov	x2, #0x1c
100003f1c:	02 00 a0 f2	movk	x2, #0x0, lsl #16
100003f20:	02 00 c0 f2	movk	x2, #0x0, lsl #32
100003f24:	02 00 e0 f2	movk	x2, #0x0, lsl #48
100003f28:	90 00 80 52	mov	w16, #0x4
100003f2c:	01 10 00 d4	svc	#0x80
100003f30:	68 00 80 52	mov	w8, #0x3
100003f34:	6e fc ff 17	b	0x1000030ec
100003f38:	28 00 80 52	mov	w8, #0x1
100003f3c:	6c fc ff 17	b	0x1000030ec
100003f40:	48 00 80 52	mov	w8, #0x2
100003f44:	6a fc ff 17	b	0x1000030ec
_silex_function_4:
100003f48:	09 00 67 9e	fmov	d9, x0
100003f4c:	30 41 60 1e	fmov	d16, d9
100003f50:	11 c2 21 1e	fsqrt	s17, s16
100003f54:	29 42 20 1e	fmov	s9, s17
100003f58:	20 01 26 1e	fmov	w0, s9
100003f5c:	08 00 80 52	mov	w8, #0x0
100003f60:	c0 03 5f d6	ret
100003f64:	28 00 80 52	mov	w8, #0x1
100003f68:	fe ff ff 17	b	0x100003f60
100003f6c:	48 00 80 52	mov	w8, #0x2
100003f70:	fc ff ff 17	b	0x100003f60
_silex_function_5:
100003f74:	09 00 67 9e	fmov	d9, x0
100003f78:	30 41 60 1e	fmov	d16, d9
100003f7c:	11 10 2e 1e	fmov	s17, #1.00000000
100003f80:	09 02 26 1e	fmov	w9, s16
100003f84:	2a 02 26 1e	fmov	w10, s17
100003f88:	4a 01 09 ca	eor	x10, x10, x9
100003f8c:	0b 00 b0 d2	mov	x11, #0x80000000
100003f90:	4a 01 0b 8a	and	x10, x10, x11
100003f94:	29 01 0a ca	eor	x9, x9, x10
100003f98:	29 7d 40 d3	ubfx	x9, x9, #0, #32
100003f9c:	32 01 27 1e	fmov	s18, w9
100003fa0:	49 42 20 1e	fmov	s9, s18
100003fa4:	20 01 26 1e	fmov	w0, s9
100003fa8:	08 00 80 52	mov	w8, #0x0
100003fac:	c0 03 5f d6	ret
100003fb0:	28 00 80 52	mov	w8, #0x1
100003fb4:	fe ff ff 17	b	0x100003fac
100003fb8:	48 00 80 52	mov	w8, #0x2
100003fbc:	fc ff ff 17	b	0x100003fac
_silex_function_6:
100003fc0:	09 00 67 9e	fmov	d9, x0
100003fc4:	30 41 60 1e	fmov	d16, d9
100003fc8:	11 c2 21 1e	fsqrt	s17, s16
100003fcc:	29 42 20 1e	fmov	s9, s17
100003fd0:	20 01 26 1e	fmov	w0, s9
100003fd4:	08 00 80 52	mov	w8, #0x0
100003fd8:	c0 03 5f d6	ret
100003fdc:	28 00 80 52	mov	w8, #0x1
100003fe0:	fe ff ff 17	b	0x100003fd8
100003fe4:	48 00 80 52	mov	w8, #0x2
100003fe8:	fc ff ff 17	b	0x100003fd8
_silex_function_7:
100003fec:	09 00 67 9e	fmov	d9, x0
100003ff0:	30 41 60 1e	fmov	d16, d9
100003ff4:	29 00 67 9e	fmov	d9, x1
100003ff8:	31 41 60 1e	fmov	d17, d9
100003ffc:	09 02 26 1e	fmov	w9, s16
100004000:	2a 02 26 1e	fmov	w10, s17
100004004:	4a 01 09 ca	eor	x10, x10, x9
100004008:	0b 00 b0 d2	mov	x11, #0x80000000
10000400c:	4a 01 0b 8a	and	x10, x10, x11
100004010:	29 01 0a ca	eor	x9, x9, x10
100004014:	29 7d 40 d3	ubfx	x9, x9, #0, #32
100004018:	32 01 27 1e	fmov	s18, w9
10000401c:	49 42 20 1e	fmov	s9, s18
100004020:	20 01 26 1e	fmov	w0, s9
100004024:	08 00 80 52	mov	w8, #0x0
100004028:	c0 03 5f d6	ret
10000402c:	28 00 80 52	mov	w8, #0x1
100004030:	fe ff ff 17	b	0x100004028
100004034:	48 00 80 52	mov	w8, #0x2
100004038:	fc ff ff 17	b	0x100004028
_silex_function_8:
10000403c:	fd 7b bf a9	stp	x29, x30, [sp, #-0x10]!
100004040:	fd 03 00 91	mov	x29, sp
100004044:	ff 43 05 d1	sub	sp, sp, #0x150
100004048:	ef 03 00 f9	str	x15, [sp]
10000404c:	ef 23 00 91	add	x15, sp, #0x8
100004050:	7d 02 00 94	bl	_silex_function_10
100004054:	68 2f 00 35	cbnz	w8, 0x100004640
100004058:	09 00 80 52	mov	w9, #0x0
10000405c:	e9 0f 00 f9	str	x9, [sp, #0x18]
100004060:	e9 13 00 f9	str	x9, [sp, #0x20]
100004064:	e9 07 40 f9	ldr	x9, [sp, #0x8]
100004068:	ea 0f 40 f9	ldr	x10, [sp, #0x18]
10000406c:	3f 01 0a eb	cmp	x9, x10
100004070:	0b 00 80 52	mov	w11, #0x0
100004074:	41 00 00 54	b.ne	0x10000407c
100004078:	2b 00 80 52	mov	w11, #0x1
10000407c:	eb 17 00 f9	str	x11, [sp, #0x28]
100004080:	e9 17 40 f9	ldr	x9, [sp, #0x28]
100004084:	29 02 00 34	cbz	w9, 0x1000040c8
100004088:	e9 07 40 f9	ldr	x9, [sp, #0x8]
10000408c:	2a 00 80 d2	mov	x10, #0x1
100004090:	3f 01 0a eb	cmp	x9, x10
100004094:	41 01 00 54	b.ne	0x1000040bc
100004098:	e9 0b 40 f9	ldr	x9, [sp, #0x10]
10000409c:	ea 13 40 f9	ldr	x10, [sp, #0x20]
1000040a0:	3f 01 0a eb	cmp	x9, x10
1000040a4:	0b 00 80 52	mov	w11, #0x0
1000040a8:	41 00 00 54	b.ne	0x1000040b0
1000040ac:	2b 00 80 52	mov	w11, #0x1
1000040b0:	eb 17 00 f9	str	x11, [sp, #0x28]
1000040b4:	e9 17 40 f9	ldr	x9, [sp, #0x28]
1000040b8:	89 00 00 34	cbz	w9, 0x1000040c8
1000040bc:	09 00 80 52	mov	w9, #0x0
1000040c0:	e9 17 00 f9	str	x9, [sp, #0x28]
1000040c4:	03 00 00 14	b	0x1000040d0
1000040c8:	29 00 80 52	mov	w9, #0x1
1000040cc:	e9 17 00 f9	str	x9, [sp, #0x28]
1000040d0:	e9 17 40 f9	ldr	x9, [sp, #0x28]
1000040d4:	89 21 00 34	cbz	w9, 0x100004504
1000040d8:	e9 0b 40 f9	ldr	x9, [sp, #0x10]
1000040dc:	e9 1b 00 f9	str	x9, [sp, #0x30]
1000040e0:	ea 1b 40 f9	ldr	x10, [sp, #0x30]
1000040e4:	4e 21 00 91	add	x14, x10, #0x8
1000040e8:	c9 fd 5f c8	ldaxr	x9, [x14]
1000040ec:	29 05 00 91	add	x9, x9, #0x1
1000040f0:	c9 fd 0b c8	stlxr	w11, x9, [x14]
1000040f4:	ab ff ff 35	cbnz	w11, 0x1000040e8
1000040f8:	09 00 e0 d2	movz	x9, #0x0, lsl #48
1000040fc:	e9 1f 00 f9	str	x9, [sp, #0x38]
100004100:	f0 03 09 aa	mov	x16, x9
100004104:	e9 1b 40 f9	ldr	x9, [sp, #0x30]
100004108:	2a 01 40 f9	ldr	x10, [x9]
10000410c:	ea 23 00 f9	str	x10, [sp, #0x40]
100004110:	e9 1f 40 f9	ldr	x9, [sp, #0x38]
100004114:	e9 a3 00 f9	str	x9, [sp, #0x140]
100004118:	f0 03 09 aa	mov	x16, x9
10000411c:	e9 a3 40 f9	ldr	x9, [sp, #0x140]
100004120:	ea 23 40 f9	ldr	x10, [sp, #0x40]
100004124:	3f 01 0a eb	cmp	x9, x10
100004128:	0b 00 80 52	mov	w11, #0x0
10000412c:	4a 00 00 54	b.ge	0x100004134
100004130:	2b 00 80 52	mov	w11, #0x1
100004134:	eb 27 00 f9	str	x11, [sp, #0x48]
100004138:	f0 03 0b aa	mov	x16, x11
10000413c:	e9 27 40 f9	ldr	x9, [sp, #0x48]
100004140:	89 03 00 34	cbz	w9, 0x1000041b0
100004144:	ea 1b 40 f9	ldr	x10, [sp, #0x30]
100004148:	4a a1 00 91	add	x10, x10, #0x28
10000414c:	e9 a3 40 f9	ldr	x9, [sp, #0x140]
100004150:	4a 0d 09 8b	add	x10, x10, x9, lsl #3
100004154:	4c 01 40 f9	ldr	x12, [x10]
100004158:	ec 2b 00 f9	str	x12, [sp, #0x50]
10000415c:	ea 2b 40 f9	ldr	x10, [sp, #0x50]
100004160:	49 01 40 f9	ldr	x9, [x10]
100004164:	0b 00 80 d2	mov	x11, #0x0
100004168:	0b 00 a0 f2	movk	x11, #0x0, lsl #16
10000416c:	0b 00 c0 f2	movk	x11, #0x0, lsl #32
100004170:	0b 00 f0 f2	movk	x11, #0x8000, lsl #48
100004174:	29 01 0b 8a	and	x9, x9, x11
100004178:	c9 00 00 b4	cbz	x9, 0x100004190
10000417c:	4a 41 00 d1	sub	x10, x10, #0x10
100004180:	49 fd 5f c8	ldaxr	x9, [x10]
100004184:	29 05 00 91	add	x9, x9, #0x1
100004188:	49 fd 0b c8	stlxr	w11, x9, [x10]
10000418c:	ab ff ff 35	cbnz	w11, 0x100004180
100004190:	e9 a3 40 f9	ldr	x9, [sp, #0x140]
100004194:	2b 05 00 91	add	x11, x9, #0x1
100004198:	eb 33 00 f9	str	x11, [sp, #0x60]
10000419c:	f0 03 0b aa	mov	x16, x11
1000041a0:	e9 03 10 aa	mov	x9, x16
1000041a4:	e9 a3 00 f9	str	x9, [sp, #0x140]
1000041a8:	f1 03 09 aa	mov	x17, x9
1000041ac:	dc ff ff 17	b	0x10000411c
1000041b0:	09 00 e0 d2	movz	x9, #0x0, lsl #48
1000041b4:	e9 37 00 f9	str	x9, [sp, #0x68]
1000041b8:	09 00 80 52	mov	w9, #0x0
1000041bc:	e9 3b 00 f9	str	x9, [sp, #0x70]
1000041c0:	09 00 80 52	mov	w9, #0x0
1000041c4:	e9 3f 00 f9	str	x9, [sp, #0x78]
1000041c8:	09 00 80 52	mov	w9, #0x0
1000041cc:	e9 43 00 f9	str	x9, [sp, #0x80]
1000041d0:	09 00 80 52	mov	w9, #0x0
1000041d4:	e9 47 00 f9	str	x9, [sp, #0x88]
1000041d8:	09 00 80 52	mov	w9, #0x0
1000041dc:	e9 4b 00 f9	str	x9, [sp, #0x90]
1000041e0:	e9 1b 40 f9	ldr	x9, [sp, #0x30]
1000041e4:	e9 3b 00 f9	str	x9, [sp, #0x70]
1000041e8:	e9 1b 40 f9	ldr	x9, [sp, #0x30]
1000041ec:	2a 01 40 f9	ldr	x10, [x9]
1000041f0:	ea 4f 00 f9	str	x10, [sp, #0x98]
1000041f4:	e9 4f 40 f9	ldr	x9, [sp, #0x98]
1000041f8:	e9 a7 00 f9	str	x9, [sp, #0x148]
1000041fc:	f0 03 09 aa	mov	x16, x9
100004200:	09 00 e0 d2	movz	x9, #0x0, lsl #48
100004204:	e9 53 00 f9	str	x9, [sp, #0xa0]
100004208:	f0 03 09 aa	mov	x16, x9
10000420c:	e9 a7 40 f9	ldr	x9, [sp, #0x148]
100004210:	ea 53 40 f9	ldr	x10, [sp, #0xa0]
100004214:	3f 01 0a eb	cmp	x9, x10
100004218:	0b 00 80 52	mov	w11, #0x0
10000421c:	40 00 00 54	b.eq	0x100004224
100004220:	2b 00 80 52	mov	w11, #0x1
100004224:	eb 57 00 f9	str	x11, [sp, #0xa8]
100004228:	f1 03 0b aa	mov	x17, x11
10000422c:	e9 57 40 f9	ldr	x9, [sp, #0xa8]
100004230:	89 11 00 34	cbz	w9, 0x100004460
100004234:	e9 a7 40 f9	ldr	x9, [sp, #0x148]
100004238:	2b 05 00 d1	sub	x11, x9, #0x1
10000423c:	eb 5f 00 f9	str	x11, [sp, #0xb8]
100004240:	f0 03 0b aa	mov	x16, x11
100004244:	ea 1b 40 f9	ldr	x10, [sp, #0x30]
100004248:	4d 01 40 f9	ldr	x13, [x10]
10000424c:	e9 5f 40 f9	ldr	x9, [sp, #0xb8]
100004250:	3f 01 1f eb	cmp	x9, xzr
100004254:	4a 00 00 54	b.ge	0x10000425c
100004258:	29 01 0d 8b	add	x9, x9, x13
10000425c:	3f 01 1f eb	cmp	x9, xzr
100004260:	0b 01 00 54	b.lt	0x100004280
100004264:	3f 01 0d eb	cmp	x9, x13
100004268:	ca 00 00 54	b.ge	0x100004280
10000426c:	4a a1 00 91	add	x10, x10, #0x28
100004270:	4a 0d 09 8b	add	x10, x10, x9, lsl #3
100004274:	4c 01 40 f9	ldr	x12, [x10]
100004278:	ec 63 00 f9	str	x12, [sp, #0xc0]
10000427c:	62 00 00 14	b	0x100004404
100004280:	ed 63 00 f9	str	x13, [sp, #0xc0]
100004284:	40 00 80 52	mov	w0, #0x2
100004288:	21 00 00 d0	adrp	x1, 6 ; 0x10000a000
10000428c:	21 c0 0d 91	add	x1, x1, #0x370
100004290:	c2 13 80 d2	mov	x2, #0x9e
100004294:	02 00 a0 f2	movk	x2, #0x0, lsl #16
100004298:	02 00 c0 f2	movk	x2, #0x0, lsl #32
10000429c:	02 00 e0 f2	movk	x2, #0x0, lsl #48
1000042a0:	90 00 80 52	mov	w16, #0x4
1000042a4:	01 10 00 d4	svc	#0x80
1000042a8:	e9 5f 40 f9	ldr	x9, [sp, #0xb8]
1000042ac:	ff 83 00 d1	sub	sp, sp, #0x20
1000042b0:	eb 83 00 91	add	x11, sp, #0x20
1000042b4:	0c 00 80 52	mov	w12, #0x0
1000042b8:	c9 00 00 b5	cbnz	x9, 0x1000042d0
1000042bc:	6b 05 00 d1	sub	x11, x11, #0x1
1000042c0:	0a 06 80 52	mov	w10, #0x30
1000042c4:	6a 01 00 39	strb	w10, [x11]
1000042c8:	8c 05 00 91	add	x12, x12, #0x1
1000042cc:	16 00 00 14	b	0x100004324
1000042d0:	03 00 80 52	mov	w3, #0x0
1000042d4:	3f 01 1f eb	cmp	x9, xzr
1000042d8:	6b 00 00 54	b.lt	0x1000042e4
1000042dc:	e9 03 09 eb	negs	x9, x9
1000042e0:	02 00 00 14	b	0x1000042e8
1000042e4:	23 00 80 52	mov	w3, #0x1
1000042e8:	4a 01 80 52	mov	w10, #0xa
1000042ec:	24 0d ca 9a	sdiv	x4, x9, x10
1000042f0:	85 a4 0a 9b	msub	x5, x4, x10, x9
1000042f4:	06 06 80 52	mov	w6, #0x30
1000042f8:	c6 00 05 eb	subs	x6, x6, x5
1000042fc:	6b 05 00 d1	sub	x11, x11, #0x1
100004300:	66 01 00 39	strb	w6, [x11]
100004304:	8c 05 00 91	add	x12, x12, #0x1
100004308:	e9 03 04 aa	mov	x9, x4
10000430c:	e9 fe ff b5	cbnz	x9, 0x1000042e8
100004310:	a3 00 00 34	cbz	w3, 0x100004324
100004314:	6b 05 00 d1	sub	x11, x11, #0x1
100004318:	aa 05 80 52	mov	w10, #0x2d
10000431c:	6a 01 00 39	strb	w10, [x11]
100004320:	8c 05 00 91	add	x12, x12, #0x1
100004324:	40 00 80 52	mov	w0, #0x2
100004328:	e1 03 0b aa	mov	x1, x11
10000432c:	e2 03 0c aa	mov	x2, x12
100004330:	90 00 80 52	mov	w16, #0x4
100004334:	01 10 00 d4	svc	#0x80
100004338:	ff 83 00 91	add	sp, sp, #0x20
10000433c:	40 00 80 52	mov	w0, #0x2
100004340:	21 00 00 d0	adrp	x1, 6 ; 0x10000a000
100004344:	21 60 00 91	add	x1, x1, #0x18
100004348:	82 03 80 d2	mov	x2, #0x1c
10000434c:	02 00 a0 f2	movk	x2, #0x0, lsl #16
100004350:	02 00 c0 f2	movk	x2, #0x0, lsl #32
100004354:	02 00 e0 f2	movk	x2, #0x0, lsl #48
100004358:	90 00 80 52	mov	w16, #0x4
10000435c:	01 10 00 d4	svc	#0x80
100004360:	e9 63 40 f9	ldr	x9, [sp, #0xc0]
100004364:	ff 83 00 d1	sub	sp, sp, #0x20
100004368:	eb 7f 00 91	add	x11, sp, #0x1f
10000436c:	4a 01 80 52	mov	w10, #0xa
100004370:	6a 01 00 39	strb	w10, [x11]
100004374:	2c 00 80 52	mov	w12, #0x1
100004378:	c9 00 00 b5	cbnz	x9, 0x100004390
10000437c:	6b 05 00 d1	sub	x11, x11, #0x1
100004380:	0a 06 80 52	mov	w10, #0x30
100004384:	6a 01 00 39	strb	w10, [x11]
100004388:	8c 05 00 91	add	x12, x12, #0x1
10000438c:	16 00 00 14	b	0x1000043e4
100004390:	03 00 80 52	mov	w3, #0x0
100004394:	3f 01 1f eb	cmp	x9, xzr
100004398:	6b 00 00 54	b.lt	0x1000043a4
10000439c:	e9 03 09 eb	negs	x9, x9
1000043a0:	02 00 00 14	b	0x1000043a8
1000043a4:	23 00 80 52	mov	w3, #0x1
1000043a8:	4a 01 80 52	mov	w10, #0xa
1000043ac:	24 0d ca 9a	sdiv	x4, x9, x10
1000043b0:	85 a4 0a 9b	msub	x5, x4, x10, x9
1000043b4:	06 06 80 52	mov	w6, #0x30
1000043b8:	c6 00 05 eb	subs	x6, x6, x5
1000043bc:	6b 05 00 d1	sub	x11, x11, #0x1
1000043c0:	66 01 00 39	strb	w6, [x11]
1000043c4:	8c 05 00 91	add	x12, x12, #0x1
1000043c8:	e9 03 04 aa	mov	x9, x4
1000043cc:	e9 fe ff b5	cbnz	x9, 0x1000043a8
1000043d0:	a3 00 00 34	cbz	w3, 0x1000043e4
1000043d4:	6b 05 00 d1	sub	x11, x11, #0x1
1000043d8:	aa 05 80 52	mov	w10, #0x2d
1000043dc:	6a 01 00 39	strb	w10, [x11]
1000043e0:	8c 05 00 91	add	x12, x12, #0x1
1000043e4:	40 00 80 52	mov	w0, #0x2
1000043e8:	e1 03 0b aa	mov	x1, x11
1000043ec:	e2 03 0c aa	mov	x2, x12
1000043f0:	90 00 80 52	mov	w16, #0x4
1000043f4:	01 10 00 d4	svc	#0x80
1000043f8:	ff 83 00 91	add	sp, sp, #0x20
1000043fc:	68 00 80 52	mov	w8, #0x3
100004400:	90 00 00 14	b	0x100004640
100004404:	ea 63 40 f9	ldr	x10, [sp, #0xc0]
100004408:	49 01 40 f9	ldr	x9, [x10]
10000440c:	0b 00 80 d2	mov	x11, #0x0
100004410:	0b 00 a0 f2	movk	x11, #0x0, lsl #16
100004414:	0b 00 c0 f2	movk	x11, #0x0, lsl #32
100004418:	0b 00 f0 f2	movk	x11, #0x8000, lsl #48
10000441c:	29 01 0b 8a	and	x9, x9, x11
100004420:	89 01 00 b4	cbz	x9, 0x100004450
100004424:	4a 41 00 d1	sub	x10, x10, #0x10
100004428:	49 fd 5f c8	ldaxr	x9, [x10]
10000442c:	29 01 00 b4	cbz	x9, 0x100004450
100004430:	29 05 00 d1	sub	x9, x9, #0x1
100004434:	49 fd 0b c8	stlxr	w11, x9, [x10]
100004438:	8b ff ff 35	cbnz	w11, 0x100004428
10000443c:	a9 00 00 b5	cbnz	x9, 0x100004450
100004440:	41 05 40 f9	ldr	x1, [x10, #0x8]
100004444:	e0 03 0a aa	mov	x0, x10
100004448:	30 09 80 52	mov	w16, #0x49
10000444c:	01 10 00 d4	svc	#0x80
100004450:	e9 5f 40 f9	ldr	x9, [sp, #0xb8]
100004454:	e9 a7 00 f9	str	x9, [sp, #0x148]
100004458:	f0 03 09 aa	mov	x16, x9
10000445c:	69 ff ff 17	b	0x100004200
100004460:	ea 1b 40 f9	ldr	x10, [sp, #0x30]
100004464:	4e 21 00 91	add	x14, x10, #0x8
100004468:	c9 fd 5f c8	ldaxr	x9, [x14]
10000446c:	c9 02 00 b4	cbz	x9, 0x1000044c4
100004470:	29 05 00 d1	sub	x9, x9, #0x1
100004474:	c9 fd 0b c8	stlxr	w11, x9, [x14]
100004478:	8b ff ff 35	cbnz	w11, 0x100004468
10000447c:	4b 09 40 f9	ldr	x11, [x10, #0x10]
100004480:	29 01 0b 8b	add	x9, x9, x11
100004484:	09 02 00 b5	cbnz	x9, 0x1000044c4
100004488:	4e 81 00 91	add	x14, x10, #0x20
10000448c:	c9 fd 5f c8	ldaxr	x9, [x14]
100004490:	4b 00 80 d2	mov	x11, #0x2
100004494:	3f 01 0b eb	cmp	x9, x11
100004498:	a0 ff ff 54	b.eq	0x10000448c
10000449c:	2b 00 80 d2	mov	x11, #0x1
1000044a0:	3f 01 0b eb	cmp	x9, x11
1000044a4:	00 01 00 54	b.eq	0x1000044c4
1000044a8:	29 00 80 d2	mov	x9, #0x1
1000044ac:	c9 fd 0b c8	stlxr	w11, x9, [x14]
1000044b0:	eb fe ff 35	cbnz	w11, 0x10000448c
1000044b4:	41 0d 40 f9	ldr	x1, [x10, #0x18]
1000044b8:	e0 03 0a aa	mov	x0, x10
1000044bc:	30 09 80 52	mov	w16, #0x49
1000044c0:	01 10 00 d4	svc	#0x80
1000044c4:	ee 03 40 f9	ldr	x14, [sp]
1000044c8:	e9 37 40 f9	ldr	x9, [sp, #0x68]
1000044cc:	c9 01 00 f9	str	x9, [x14]
1000044d0:	e9 3b 40 f9	ldr	x9, [sp, #0x70]
1000044d4:	c9 05 00 f9	str	x9, [x14, #0x8]
1000044d8:	e9 3f 40 f9	ldr	x9, [sp, #0x78]
1000044dc:	c9 09 00 f9	str	x9, [x14, #0x10]
1000044e0:	e9 43 40 f9	ldr	x9, [sp, #0x80]
1000044e4:	c9 0d 00 f9	str	x9, [x14, #0x18]
1000044e8:	e9 47 40 f9	ldr	x9, [sp, #0x88]
1000044ec:	c9 11 00 f9	str	x9, [x14, #0x20]
1000044f0:	e9 4b 40 f9	ldr	x9, [sp, #0x90]
1000044f4:	c9 15 00 f9	str	x9, [x14, #0x28]
1000044f8:	00 00 80 d2	mov	x0, #0x0
1000044fc:	08 00 80 52	mov	w8, #0x0
100004500:	50 00 00 14	b	0x100004640
100004504:	29 00 00 f0	adrp	x9, 7 ; 0x10000b000
100004508:	29 41 10 91	add	x9, x9, #0x410
10000450c:	e9 67 00 f9	str	x9, [sp, #0xc8]
100004510:	09 00 80 52	mov	w9, #0x0
100004514:	e9 6b 00 f9	str	x9, [sp, #0xd0]
100004518:	e9 6f 00 f9	str	x9, [sp, #0xd8]
10000451c:	29 00 00 f0	adrp	x9, 7 ; 0x10000b000
100004520:	29 c1 10 91	add	x9, x9, #0x430
100004524:	e9 73 00 f9	str	x9, [sp, #0xe0]
100004528:	ea 67 40 f9	ldr	x10, [sp, #0xc8]
10000452c:	49 01 40 f9	ldr	x9, [x10]
100004530:	0b 00 80 d2	mov	x11, #0x0
100004534:	0b 00 a0 f2	movk	x11, #0x0, lsl #16
100004538:	0b 00 c0 f2	movk	x11, #0x0, lsl #32
10000453c:	0b 00 f0 f2	movk	x11, #0x8000, lsl #48
100004540:	29 01 0b 8a	and	x9, x9, x11
100004544:	c9 00 00 b4	cbz	x9, 0x10000455c
100004548:	4a 41 00 d1	sub	x10, x10, #0x10
10000454c:	49 fd 5f c8	ldaxr	x9, [x10]
100004550:	29 05 00 91	add	x9, x9, #0x1
100004554:	49 fd 0b c8	stlxr	w11, x9, [x10]
100004558:	ab ff ff 35	cbnz	w11, 0x10000454c
10000455c:	ea 73 40 f9	ldr	x10, [sp, #0xe0]
100004560:	49 01 40 f9	ldr	x9, [x10]
100004564:	0b 00 80 d2	mov	x11, #0x0
100004568:	0b 00 a0 f2	movk	x11, #0x0, lsl #16
10000456c:	0b 00 c0 f2	movk	x11, #0x0, lsl #32
100004570:	0b 00 f0 f2	movk	x11, #0x8000, lsl #48
100004574:	29 01 0b 8a	and	x9, x9, x11
100004578:	c9 00 00 b4	cbz	x9, 0x100004590
10000457c:	4a 41 00 d1	sub	x10, x10, #0x10
100004580:	49 fd 5f c8	ldaxr	x9, [x10]
100004584:	29 05 00 91	add	x9, x9, #0x1
100004588:	49 fd 0b c8	stlxr	w11, x9, [x10]
10000458c:	ab ff ff 35	cbnz	w11, 0x100004580
100004590:	e0 67 40 f9	ldr	x0, [sp, #0xc8]
100004594:	e1 6b 40 f9	ldr	x1, [sp, #0xd0]
100004598:	e2 6f 40 f9	ldr	x2, [sp, #0xd8]
10000459c:	e3 73 40 f9	ldr	x3, [sp, #0xe0]
1000045a0:	ef a3 03 91	add	x15, sp, #0xe8
1000045a4:	2e 00 00 94	bl	_silex_function_9
1000045a8:	c8 04 00 35	cbnz	w8, 0x100004640
1000045ac:	29 00 80 d2	mov	x9, #0x1
1000045b0:	e9 8b 00 f9	str	x9, [sp, #0x110]
1000045b4:	09 00 80 52	mov	w9, #0x0
1000045b8:	e9 8f 00 f9	str	x9, [sp, #0x118]
1000045bc:	09 00 80 52	mov	w9, #0x0
1000045c0:	e9 93 00 f9	str	x9, [sp, #0x120]
1000045c4:	09 00 80 52	mov	w9, #0x0
1000045c8:	e9 97 00 f9	str	x9, [sp, #0x128]
1000045cc:	09 00 80 52	mov	w9, #0x0
1000045d0:	e9 9b 00 f9	str	x9, [sp, #0x130]
1000045d4:	09 00 80 52	mov	w9, #0x0
1000045d8:	e9 9f 00 f9	str	x9, [sp, #0x138]
1000045dc:	e9 77 40 f9	ldr	x9, [sp, #0xe8]
1000045e0:	e9 8f 00 f9	str	x9, [sp, #0x118]
1000045e4:	e9 7b 40 f9	ldr	x9, [sp, #0xf0]
1000045e8:	e9 93 00 f9	str	x9, [sp, #0x120]
1000045ec:	e9 7f 40 f9	ldr	x9, [sp, #0xf8]
1000045f0:	e9 97 00 f9	str	x9, [sp, #0x128]
1000045f4:	e9 83 40 f9	ldr	x9, [sp, #0x100]
1000045f8:	e9 9b 00 f9	str	x9, [sp, #0x130]
1000045fc:	e9 87 40 f9	ldr	x9, [sp, #0x108]
100004600:	e9 9f 00 f9	str	x9, [sp, #0x138]
100004604:	ee 03 40 f9	ldr	x14, [sp]
100004608:	e9 8b 40 f9	ldr	x9, [sp, #0x110]
10000460c:	c9 01 00 f9	str	x9, [x14]
100004610:	e9 8f 40 f9	ldr	x9, [sp, #0x118]
100004614:	c9 05 00 f9	str	x9, [x14, #0x8]
100004618:	e9 93 40 f9	ldr	x9, [sp, #0x120]
10000461c:	c9 09 00 f9	str	x9, [x14, #0x10]
100004620:	e9 97 40 f9	ldr	x9, [sp, #0x128]
100004624:	c9 0d 00 f9	str	x9, [x14, #0x18]
100004628:	e9 9b 40 f9	ldr	x9, [sp, #0x130]
10000462c:	c9 11 00 f9	str	x9, [x14, #0x20]
100004630:	e9 9f 40 f9	ldr	x9, [sp, #0x138]
100004634:	c9 15 00 f9	str	x9, [x14, #0x28]
100004638:	00 00 80 d2	mov	x0, #0x0
10000463c:	08 00 80 52	mov	w8, #0x0
100004640:	ff 43 05 91	add	sp, sp, #0x150
100004644:	fd 7b c1 a8	ldp	x29, x30, [sp], #0x10
100004648:	c0 03 5f d6	ret
10000464c:	28 00 80 52	mov	w8, #0x1
100004650:	fc ff ff 17	b	0x100004640
100004654:	48 00 80 52	mov	w8, #0x2
100004658:	fa ff ff 17	b	0x100004640
_silex_function_9:
10000465c:	fd 7b bf a9	stp	x29, x30, [sp, #-0x10]!
100004660:	fd 03 00 91	mov	x29, sp
100004664:	ff 83 02 d1	sub	sp, sp, #0xa0
100004668:	ef 13 00 f9	str	x15, [sp, #0x20]
10000466c:	e0 03 00 f9	str	x0, [sp]
100004670:	e1 07 00 f9	str	x1, [sp, #0x8]
100004674:	e2 0b 00 f9	str	x2, [sp, #0x10]
100004678:	e3 0f 00 f9	str	x3, [sp, #0x18]
10000467c:	c9 03 80 d2	mov	x9, #0x1e
100004680:	e9 17 00 f9	str	x9, [sp, #0x28]
100004684:	ea 03 40 f9	ldr	x10, [sp]
100004688:	49 01 40 f9	ldr	x9, [x10]
10000468c:	0b 00 80 d2	mov	x11, #0x0
100004690:	0b 00 a0 f2	movk	x11, #0x0, lsl #16
100004694:	0b 00 c0 f2	movk	x11, #0x0, lsl #32
100004698:	0b 00 f0 f2	movk	x11, #0x8000, lsl #48
10000469c:	29 01 0b 8a	and	x9, x9, x11
1000046a0:	c9 00 00 b4	cbz	x9, 0x1000046b8
1000046a4:	4a 41 00 d1	sub	x10, x10, #0x10
1000046a8:	49 fd 5f c8	ldaxr	x9, [x10]
1000046ac:	29 05 00 91	add	x9, x9, #0x1
1000046b0:	49 fd 0b c8	stlxr	w11, x9, [x10]
1000046b4:	ab ff ff 35	cbnz	w11, 0x1000046a8
1000046b8:	09 00 80 52	mov	w9, #0x0
1000046bc:	e9 1b 00 f9	str	x9, [sp, #0x30]
1000046c0:	e9 1f 00 f9	str	x9, [sp, #0x38]
1000046c4:	e9 07 40 f9	ldr	x9, [sp, #0x8]
1000046c8:	ea 1b 40 f9	ldr	x10, [sp, #0x30]
1000046cc:	3f 01 0a eb	cmp	x9, x10
1000046d0:	0b 00 80 52	mov	w11, #0x0
1000046d4:	41 00 00 54	b.ne	0x1000046dc
1000046d8:	2b 00 80 52	mov	w11, #0x1
1000046dc:	eb 23 00 f9	str	x11, [sp, #0x40]
1000046e0:	e9 23 40 f9	ldr	x9, [sp, #0x40]
1000046e4:	09 05 00 34	cbz	w9, 0x100004784
1000046e8:	e9 07 40 f9	ldr	x9, [sp, #0x8]
1000046ec:	2a 00 80 d2	mov	x10, #0x1
1000046f0:	3f 01 0a eb	cmp	x9, x10
1000046f4:	21 04 00 54	b.ne	0x100004778
1000046f8:	e9 0b 40 f9	ldr	x9, [sp, #0x10]
1000046fc:	ea 1f 40 f9	ldr	x10, [sp, #0x38]
100004700:	2b 01 40 f9	ldr	x11, [x9]
100004704:	ee ff 9f d2	mov	x14, #0xffff
100004708:	ee ff bf f2	movk	x14, #0xffff, lsl #16
10000470c:	ee ff df f2	movk	x14, #0xffff, lsl #32
100004710:	ee ff ef f2	movk	x14, #0x7fff, lsl #48
100004714:	6b 01 0e 8a	and	x11, x11, x14
100004718:	4c 01 40 f9	ldr	x12, [x10]
10000471c:	ee ff 9f d2	mov	x14, #0xffff
100004720:	ee ff bf f2	movk	x14, #0xffff, lsl #16
100004724:	ee ff df f2	movk	x14, #0xffff, lsl #32
100004728:	ee ff ef f2	movk	x14, #0x7fff, lsl #48
10000472c:	8c 01 0e 8a	and	x12, x12, x14
100004730:	0d 00 80 52	mov	w13, #0x0
100004734:	7f 01 0c eb	cmp	x11, x12
100004738:	a1 01 00 54	b.ne	0x10000476c
10000473c:	29 21 00 91	add	x9, x9, #0x8
100004740:	4a 21 00 91	add	x10, x10, #0x8
100004744:	2b 01 00 b4	cbz	x11, 0x100004768
100004748:	2e 01 40 39	ldrb	w14, [x9]
10000474c:	4f 01 40 39	ldrb	w15, [x10]
100004750:	df 01 0f eb	cmp	x14, x15
100004754:	c1 00 00 54	b.ne	0x10000476c
100004758:	29 05 00 91	add	x9, x9, #0x1
10000475c:	4a 05 00 91	add	x10, x10, #0x1
100004760:	6b 05 00 d1	sub	x11, x11, #0x1
100004764:	2b ff ff b5	cbnz	x11, 0x100004748
100004768:	2d 00 80 52	mov	w13, #0x1
10000476c:	ed 23 00 f9	str	x13, [sp, #0x40]
100004770:	e9 23 40 f9	ldr	x9, [sp, #0x40]
100004774:	89 00 00 34	cbz	w9, 0x100004784
100004778:	09 00 80 52	mov	w9, #0x0
10000477c:	e9 23 00 f9	str	x9, [sp, #0x40]
100004780:	03 00 00 14	b	0x10000478c
100004784:	29 00 80 52	mov	w9, #0x1
100004788:	e9 23 00 f9	str	x9, [sp, #0x40]
10000478c:	e9 23 40 f9	ldr	x9, [sp, #0x40]
100004790:	09 02 00 34	cbz	w9, 0x1000047d0
100004794:	e9 0b 40 f9	ldr	x9, [sp, #0x10]
100004798:	e9 27 00 f9	str	x9, [sp, #0x48]
10000479c:	ea 27 40 f9	ldr	x10, [sp, #0x48]
1000047a0:	49 01 40 f9	ldr	x9, [x10]
1000047a4:	0b 00 80 d2	mov	x11, #0x0
1000047a8:	0b 00 a0 f2	movk	x11, #0x0, lsl #16
1000047ac:	0b 00 c0 f2	movk	x11, #0x0, lsl #32
1000047b0:	0b 00 f0 f2	movk	x11, #0x8000, lsl #48
1000047b4:	29 01 0b 8a	and	x9, x9, x11
1000047b8:	c9 00 00 b4	cbz	x9, 0x1000047d0
1000047bc:	4a 41 00 d1	sub	x10, x10, #0x10
1000047c0:	49 fd 5f c8	ldaxr	x9, [x10]
1000047c4:	29 05 00 91	add	x9, x9, #0x1
1000047c8:	49 fd 0b c8	stlxr	w11, x9, [x10]
1000047cc:	ab ff ff 35	cbnz	w11, 0x1000047c0
1000047d0:	ea 0f 40 f9	ldr	x10, [sp, #0x18]
1000047d4:	49 01 40 f9	ldr	x9, [x10]
1000047d8:	0b 00 80 d2	mov	x11, #0x0
1000047dc:	0b 00 a0 f2	movk	x11, #0x0, lsl #16
1000047e0:	0b 00 c0 f2	movk	x11, #0x0, lsl #32
1000047e4:	0b 00 f0 f2	movk	x11, #0x8000, lsl #48
1000047e8:	29 01 0b 8a	and	x9, x9, x11
1000047ec:	c9 00 00 b4	cbz	x9, 0x100004804
1000047f0:	4a 41 00 d1	sub	x10, x10, #0x10
1000047f4:	49 fd 5f c8	ldaxr	x9, [x10]
1000047f8:	29 05 00 91	add	x9, x9, #0x1
1000047fc:	49 fd 0b c8	stlxr	w11, x9, [x10]
100004800:	ab ff ff 35	cbnz	w11, 0x1000047f4
100004804:	e9 17 40 f9	ldr	x9, [sp, #0x28]
100004808:	e9 2b 00 f9	str	x9, [sp, #0x50]
10000480c:	e9 03 40 f9	ldr	x9, [sp]
100004810:	e9 2f 00 f9	str	x9, [sp, #0x58]
100004814:	e9 07 40 f9	ldr	x9, [sp, #0x8]
100004818:	e9 33 00 f9	str	x9, [sp, #0x60]
10000481c:	e9 0b 40 f9	ldr	x9, [sp, #0x10]
100004820:	e9 37 00 f9	str	x9, [sp, #0x68]
100004824:	e9 0f 40 f9	ldr	x9, [sp, #0x18]
100004828:	e9 3b 00 f9	str	x9, [sp, #0x70]
10000482c:	ea 0f 40 f9	ldr	x10, [sp, #0x18]
100004830:	49 01 40 f9	ldr	x9, [x10]
100004834:	0b 00 80 d2	mov	x11, #0x0
100004838:	0b 00 a0 f2	movk	x11, #0x0, lsl #16
10000483c:	0b 00 c0 f2	movk	x11, #0x0, lsl #32
100004840:	0b 00 f0 f2	movk	x11, #0x8000, lsl #48
100004844:	29 01 0b 8a	and	x9, x9, x11
100004848:	89 01 00 b4	cbz	x9, 0x100004878
10000484c:	4a 41 00 d1	sub	x10, x10, #0x10
100004850:	49 fd 5f c8	ldaxr	x9, [x10]
100004854:	29 01 00 b4	cbz	x9, 0x100004878
100004858:	29 05 00 d1	sub	x9, x9, #0x1
10000485c:	49 fd 0b c8	stlxr	w11, x9, [x10]
100004860:	8b ff ff 35	cbnz	w11, 0x100004850
100004864:	a9 00 00 b5	cbnz	x9, 0x100004878
100004868:	41 05 40 f9	ldr	x1, [x10, #0x8]
10000486c:	e0 03 0a aa	mov	x0, x10
100004870:	30 09 80 52	mov	w16, #0x49
100004874:	01 10 00 d4	svc	#0x80
100004878:	09 00 80 52	mov	w9, #0x0
10000487c:	e9 3f 00 f9	str	x9, [sp, #0x78]
100004880:	e9 43 00 f9	str	x9, [sp, #0x80]
100004884:	e9 07 40 f9	ldr	x9, [sp, #0x8]
100004888:	ea 3f 40 f9	ldr	x10, [sp, #0x78]
10000488c:	3f 01 0a eb	cmp	x9, x10
100004890:	0b 00 80 52	mov	w11, #0x0
100004894:	41 00 00 54	b.ne	0x10000489c
100004898:	2b 00 80 52	mov	w11, #0x1
10000489c:	eb 47 00 f9	str	x11, [sp, #0x88]
1000048a0:	e9 47 40 f9	ldr	x9, [sp, #0x88]
1000048a4:	09 05 00 34	cbz	w9, 0x100004944
1000048a8:	e9 07 40 f9	ldr	x9, [sp, #0x8]
1000048ac:	2a 00 80 d2	mov	x10, #0x1
1000048b0:	3f 01 0a eb	cmp	x9, x10
1000048b4:	21 04 00 54	b.ne	0x100004938
1000048b8:	e9 0b 40 f9	ldr	x9, [sp, #0x10]
1000048bc:	ea 43 40 f9	ldr	x10, [sp, #0x80]
1000048c0:	2b 01 40 f9	ldr	x11, [x9]
1000048c4:	ee ff 9f d2	mov	x14, #0xffff
1000048c8:	ee ff bf f2	movk	x14, #0xffff, lsl #16
1000048cc:	ee ff df f2	movk	x14, #0xffff, lsl #32
1000048d0:	ee ff ef f2	movk	x14, #0x7fff, lsl #48
1000048d4:	6b 01 0e 8a	and	x11, x11, x14
1000048d8:	4c 01 40 f9	ldr	x12, [x10]
1000048dc:	ee ff 9f d2	mov	x14, #0xffff
1000048e0:	ee ff bf f2	movk	x14, #0xffff, lsl #16
1000048e4:	ee ff df f2	movk	x14, #0xffff, lsl #32
1000048e8:	ee ff ef f2	movk	x14, #0x7fff, lsl #48
1000048ec:	8c 01 0e 8a	and	x12, x12, x14
1000048f0:	0d 00 80 52	mov	w13, #0x0
1000048f4:	7f 01 0c eb	cmp	x11, x12
1000048f8:	a1 01 00 54	b.ne	0x10000492c
1000048fc:	29 21 00 91	add	x9, x9, #0x8
100004900:	4a 21 00 91	add	x10, x10, #0x8
100004904:	2b 01 00 b4	cbz	x11, 0x100004928
100004908:	2e 01 40 39	ldrb	w14, [x9]
10000490c:	4f 01 40 39	ldrb	w15, [x10]
100004910:	df 01 0f eb	cmp	x14, x15
100004914:	c1 00 00 54	b.ne	0x10000492c
100004918:	29 05 00 91	add	x9, x9, #0x1
10000491c:	4a 05 00 91	add	x10, x10, #0x1
100004920:	6b 05 00 d1	sub	x11, x11, #0x1
100004924:	2b ff ff b5	cbnz	x11, 0x100004908
100004928:	2d 00 80 52	mov	w13, #0x1
10000492c:	ed 47 00 f9	str	x13, [sp, #0x88]
100004930:	e9 47 40 f9	ldr	x9, [sp, #0x88]
100004934:	89 00 00 34	cbz	w9, 0x100004944
100004938:	09 00 80 52	mov	w9, #0x0
10000493c:	e9 47 00 f9	str	x9, [sp, #0x88]
100004940:	03 00 00 14	b	0x10000494c
100004944:	29 00 80 52	mov	w9, #0x1
100004948:	e9 47 00 f9	str	x9, [sp, #0x88]
10000494c:	e9 47 40 f9	ldr	x9, [sp, #0x88]
100004950:	c9 02 00 34	cbz	w9, 0x1000049a8
100004954:	e9 0b 40 f9	ldr	x9, [sp, #0x10]
100004958:	e9 4b 00 f9	str	x9, [sp, #0x90]
10000495c:	ea 4b 40 f9	ldr	x10, [sp, #0x90]
100004960:	49 01 40 f9	ldr	x9, [x10]
100004964:	0b 00 80 d2	mov	x11, #0x0
100004968:	0b 00 a0 f2	movk	x11, #0x0, lsl #16
10000496c:	0b 00 c0 f2	movk	x11, #0x0, lsl #32
100004970:	0b 00 f0 f2	movk	x11, #0x8000, lsl #48
100004974:	29 01 0b 8a	and	x9, x9, x11
100004978:	89 01 00 b4	cbz	x9, 0x1000049a8
10000497c:	4a 41 00 d1	sub	x10, x10, #0x10
100004980:	49 fd 5f c8	ldaxr	x9, [x10]
100004984:	29 01 00 b4	cbz	x9, 0x1000049a8
100004988:	29 05 00 d1	sub	x9, x9, #0x1
10000498c:	49 fd 0b c8	stlxr	w11, x9, [x10]
100004990:	8b ff ff 35	cbnz	w11, 0x100004980
100004994:	a9 00 00 b5	cbnz	x9, 0x1000049a8
100004998:	41 05 40 f9	ldr	x1, [x10, #0x8]
10000499c:	e0 03 0a aa	mov	x0, x10
1000049a0:	30 09 80 52	mov	w16, #0x49
1000049a4:	01 10 00 d4	svc	#0x80
1000049a8:	ea 03 40 f9	ldr	x10, [sp]
1000049ac:	49 01 40 f9	ldr	x9, [x10]
1000049b0:	0b 00 80 d2	mov	x11, #0x0
1000049b4:	0b 00 a0 f2	movk	x11, #0x0, lsl #16
1000049b8:	0b 00 c0 f2	movk	x11, #0x0, lsl #32
1000049bc:	0b 00 f0 f2	movk	x11, #0x8000, lsl #48
1000049c0:	29 01 0b 8a	and	x9, x9, x11
1000049c4:	89 01 00 b4	cbz	x9, 0x1000049f4
1000049c8:	4a 41 00 d1	sub	x10, x10, #0x10
1000049cc:	49 fd 5f c8	ldaxr	x9, [x10]
1000049d0:	29 01 00 b4	cbz	x9, 0x1000049f4
1000049d4:	29 05 00 d1	sub	x9, x9, #0x1
1000049d8:	49 fd 0b c8	stlxr	w11, x9, [x10]
1000049dc:	8b ff ff 35	cbnz	w11, 0x1000049cc
1000049e0:	a9 00 00 b5	cbnz	x9, 0x1000049f4
1000049e4:	41 05 40 f9	ldr	x1, [x10, #0x8]
1000049e8:	e0 03 0a aa	mov	x0, x10
1000049ec:	30 09 80 52	mov	w16, #0x49
1000049f0:	01 10 00 d4	svc	#0x80
1000049f4:	ee 13 40 f9	ldr	x14, [sp, #0x20]
1000049f8:	e9 2b 40 f9	ldr	x9, [sp, #0x50]
1000049fc:	c9 01 00 f9	str	x9, [x14]
100004a00:	e9 2f 40 f9	ldr	x9, [sp, #0x58]
100004a04:	c9 05 00 f9	str	x9, [x14, #0x8]
100004a08:	e9 33 40 f9	ldr	x9, [sp, #0x60]
100004a0c:	c9 09 00 f9	str	x9, [x14, #0x10]
100004a10:	e9 37 40 f9	ldr	x9, [sp, #0x68]
100004a14:	c9 0d 00 f9	str	x9, [x14, #0x18]
100004a18:	e9 3b 40 f9	ldr	x9, [sp, #0x70]
100004a1c:	c9 11 00 f9	str	x9, [x14, #0x20]
100004a20:	00 00 80 d2	mov	x0, #0x0
100004a24:	08 00 80 52	mov	w8, #0x0
100004a28:	ff 83 02 91	add	sp, sp, #0xa0
100004a2c:	fd 7b c1 a8	ldp	x29, x30, [sp], #0x10
100004a30:	c0 03 5f d6	ret
100004a34:	28 00 80 52	mov	w8, #0x1
100004a38:	fc ff ff 17	b	0x100004a28
100004a3c:	48 00 80 52	mov	w8, #0x2
100004a40:	fa ff ff 17	b	0x100004a28
_silex_function_10:
100004a44:	fd 7b bf a9	stp	x29, x30, [sp, #-0x10]!
100004a48:	fd 03 00 91	mov	x29, sp
100004a4c:	ff 43 0c d1	sub	sp, sp, #0x310
100004a50:	ef 03 00 f9	str	x15, [sp]
100004a54:	01 00 88 d2	mov	x1, #0x4000
100004a58:	00 00 80 52	mov	w0, #0x0
100004a5c:	62 00 80 52	mov	w2, #0x3
100004a60:	43 00 82 52	mov	w3, #0x1002
100004a64:	e4 ff 9f d2	mov	x4, #0xffff
100004a68:	e4 ff bf f2	movk	x4, #0xffff, lsl #16
100004a6c:	e4 ff df f2	movk	x4, #0xffff, lsl #32
100004a70:	e4 ff ff f2	movk	x4, #0xffff, lsl #48
100004a74:	05 00 80 52	mov	w5, #0x0
100004a78:	b0 18 80 52	mov	w16, #0xc5
100004a7c:	01 10 00 d4	svc	#0x80
100004a80:	62 01 00 54	b.hs	0x100004aac
100004a84:	ef 03 00 aa	mov	x15, x0
100004a88:	09 00 80 d2	mov	x9, #0x0
100004a8c:	e9 01 00 f9	str	x9, [x15]
100004a90:	29 00 80 d2	mov	x9, #0x1
100004a94:	e9 05 00 f9	str	x9, [x15, #0x8]
100004a98:	09 00 88 d2	mov	x9, #0x4000
100004a9c:	e9 0d 00 f9	str	x9, [x15, #0x18]
100004aa0:	ee a1 00 91	add	x14, x15, #0x28
100004aa4:	ef 0b 00 f9	str	x15, [sp, #0x10]
100004aa8:	03 00 00 14	b	0x100004ab4
100004aac:	68 00 80 52	mov	w8, #0x3
100004ab0:	66 04 00 14	b	0x100005c48
100004ab4:	e9 0b 40 f9	ldr	x9, [sp, #0x10]
100004ab8:	e9 07 00 f9	str	x9, [sp, #0x8]
100004abc:	f0 03 09 aa	mov	x16, x9
100004ac0:	3d 1f 00 94	bl	0x10000c7b4 ; symbol stub for: __NSGetArgc
100004ac4:	1f 20 03 d5	nop
100004ac8:	1f 20 03 d5	nop
100004acc:	08 00 80 52	mov	w8, #0x0
100004ad0:	e0 0f 00 f9	str	x0, [sp, #0x18]
100004ad4:	e9 0f 40 f9	ldr	x9, [sp, #0x18]
100004ad8:	e9 13 00 f9	str	x9, [sp, #0x20]
100004adc:	f0 03 09 aa	mov	x16, x9
100004ae0:	38 1f 00 94	bl	0x10000c7c0 ; symbol stub for: __NSGetArgv
100004ae4:	1f 20 03 d5	nop
100004ae8:	1f 20 03 d5	nop
100004aec:	08 00 80 52	mov	w8, #0x0
100004af0:	e0 17 00 f9	str	x0, [sp, #0x28]
100004af4:	e9 17 40 f9	ldr	x9, [sp, #0x28]
100004af8:	e9 1b 00 f9	str	x9, [sp, #0x30]
100004afc:	f0 03 09 aa	mov	x16, x9
100004b00:	09 00 e0 d2	movz	x9, #0x0, lsl #48
100004b04:	e9 1f 00 f9	str	x9, [sp, #0x38]
100004b08:	f1 03 09 aa	mov	x17, x9
100004b0c:	e9 13 40 f9	ldr	x9, [sp, #0x20]
100004b10:	ea 1f 40 f9	ldr	x10, [sp, #0x38]
100004b14:	3f 01 0a eb	cmp	x9, x10
100004b18:	0b 00 80 52	mov	w11, #0x0
100004b1c:	41 00 00 54	b.ne	0x100004b24
100004b20:	2b 00 80 52	mov	w11, #0x1
100004b24:	eb 23 00 f9	str	x11, [sp, #0x40]
100004b28:	f0 03 0b aa	mov	x16, x11
100004b2c:	e9 23 40 f9	ldr	x9, [sp, #0x40]
100004b30:	09 02 00 35	cbnz	w9, 0x100004b70
100004b34:	09 00 e0 d2	movz	x9, #0x0, lsl #48
100004b38:	e9 2b 00 f9	str	x9, [sp, #0x50]
100004b3c:	f0 03 09 aa	mov	x16, x9
100004b40:	e9 1b 40 f9	ldr	x9, [sp, #0x30]
100004b44:	ea 2b 40 f9	ldr	x10, [sp, #0x50]
100004b48:	3f 01 0a eb	cmp	x9, x10
100004b4c:	0b 00 80 52	mov	w11, #0x0
100004b50:	41 00 00 54	b.ne	0x100004b58
100004b54:	2b 00 80 52	mov	w11, #0x1
100004b58:	eb 2f 00 f9	str	x11, [sp, #0x58]
100004b5c:	f1 03 0b aa	mov	x17, x11
100004b60:	e9 03 11 aa	mov	x9, x17
100004b64:	e9 27 00 f9	str	x9, [sp, #0x48]
100004b68:	f0 03 09 aa	mov	x16, x9
100004b6c:	04 00 00 14	b	0x100004b7c
100004b70:	29 00 80 52	mov	w9, #0x1
100004b74:	e9 27 00 f9	str	x9, [sp, #0x48]
100004b78:	f0 03 09 aa	mov	x16, x9
100004b7c:	e9 27 40 f9	ldr	x9, [sp, #0x48]
100004b80:	49 24 00 34	cbz	w9, 0x100005008
100004b84:	e9 07 40 f9	ldr	x9, [sp, #0x8]
100004b88:	e9 33 00 f9	str	x9, [sp, #0x60]
100004b8c:	f0 03 09 aa	mov	x16, x9
100004b90:	29 00 80 52	mov	w9, #0x1
100004b94:	e9 37 00 f9	str	x9, [sp, #0x68]
100004b98:	e9 33 40 f9	ldr	x9, [sp, #0x60]
100004b9c:	e9 3b 00 f9	str	x9, [sp, #0x70]
100004ba0:	09 00 80 52	mov	w9, #0x0
100004ba4:	e9 3f 00 f9	str	x9, [sp, #0x78]
100004ba8:	e9 43 00 f9	str	x9, [sp, #0x80]
100004bac:	e9 37 40 f9	ldr	x9, [sp, #0x68]
100004bb0:	ea 3f 40 f9	ldr	x10, [sp, #0x78]
100004bb4:	3f 01 0a eb	cmp	x9, x10
100004bb8:	0b 00 80 52	mov	w11, #0x0
100004bbc:	41 00 00 54	b.ne	0x100004bc4
100004bc0:	2b 00 80 52	mov	w11, #0x1
100004bc4:	eb 47 00 f9	str	x11, [sp, #0x88]
100004bc8:	e9 47 40 f9	ldr	x9, [sp, #0x88]
100004bcc:	29 02 00 34	cbz	w9, 0x100004c10
100004bd0:	e9 37 40 f9	ldr	x9, [sp, #0x68]
100004bd4:	2a 00 80 d2	mov	x10, #0x1
100004bd8:	3f 01 0a eb	cmp	x9, x10
100004bdc:	41 01 00 54	b.ne	0x100004c04
100004be0:	e9 3b 40 f9	ldr	x9, [sp, #0x70]
100004be4:	ea 43 40 f9	ldr	x10, [sp, #0x80]
100004be8:	3f 01 0a eb	cmp	x9, x10
100004bec:	0b 00 80 52	mov	w11, #0x0
100004bf0:	41 00 00 54	b.ne	0x100004bf8
100004bf4:	2b 00 80 52	mov	w11, #0x1
100004bf8:	eb 47 00 f9	str	x11, [sp, #0x88]
100004bfc:	e9 47 40 f9	ldr	x9, [sp, #0x88]
100004c00:	89 00 00 34	cbz	w9, 0x100004c10
100004c04:	09 00 80 52	mov	w9, #0x0
100004c08:	e9 47 00 f9	str	x9, [sp, #0x88]
100004c0c:	03 00 00 14	b	0x100004c18
100004c10:	29 00 80 52	mov	w9, #0x1
100004c14:	e9 47 00 f9	str	x9, [sp, #0x88]
100004c18:	e9 47 40 f9	ldr	x9, [sp, #0x88]
100004c1c:	69 02 00 34	cbz	w9, 0x100004c68
100004c20:	e9 3b 40 f9	ldr	x9, [sp, #0x70]
100004c24:	e9 4b 00 f9	str	x9, [sp, #0x90]
100004c28:	ea 4b 40 f9	ldr	x10, [sp, #0x90]
100004c2c:	4e 21 00 91	add	x14, x10, #0x8
100004c30:	c9 fd 5f c8	ldaxr	x9, [x14]
100004c34:	29 05 00 91	add	x9, x9, #0x1
100004c38:	c9 fd 0b c8	stlxr	w11, x9, [x14]
100004c3c:	ab ff ff 35	cbnz	w11, 0x100004c30
100004c40:	09 00 e0 d2	movz	x9, #0x0, lsl #48
100004c44:	e9 4f 00 f9	str	x9, [sp, #0x98]
100004c48:	f0 03 09 aa	mov	x16, x9
100004c4c:	e9 4b 40 f9	ldr	x9, [sp, #0x90]
100004c50:	2a 01 40 f9	ldr	x10, [x9]
100004c54:	ea 53 00 f9	str	x10, [sp, #0xa0]
100004c58:	e9 4f 40 f9	ldr	x9, [sp, #0x98]
100004c5c:	e9 6b 01 f9	str	x9, [sp, #0x2d0]
100004c60:	f0 03 09 aa	mov	x16, x9
100004c64:	0b 00 00 14	b	0x100004c90
100004c68:	e9 07 40 f9	ldr	x9, [sp, #0x8]
100004c6c:	e9 67 00 f9	str	x9, [sp, #0xc8]
100004c70:	f0 03 09 aa	mov	x16, x9
100004c74:	e9 67 40 f9	ldr	x9, [sp, #0xc8]
100004c78:	2a 01 40 f9	ldr	x10, [x9]
100004c7c:	ea 6b 00 f9	str	x10, [sp, #0xd0]
100004c80:	e9 6b 40 f9	ldr	x9, [sp, #0xd0]
100004c84:	e9 6f 01 f9	str	x9, [sp, #0x2d8]
100004c88:	f0 03 09 aa	mov	x16, x9
100004c8c:	26 00 00 14	b	0x100004d24
100004c90:	e9 6b 41 f9	ldr	x9, [sp, #0x2d0]
100004c94:	ea 53 40 f9	ldr	x10, [sp, #0xa0]
100004c98:	3f 01 0a eb	cmp	x9, x10
100004c9c:	0b 00 80 52	mov	w11, #0x0
100004ca0:	4a 00 00 54	b.ge	0x100004ca8
100004ca4:	2b 00 80 52	mov	w11, #0x1
100004ca8:	eb 57 00 f9	str	x11, [sp, #0xa8]
100004cac:	f0 03 0b aa	mov	x16, x11
100004cb0:	e9 57 40 f9	ldr	x9, [sp, #0xa8]
100004cb4:	a9 fd ff 34	cbz	w9, 0x100004c68
100004cb8:	ea 4b 40 f9	ldr	x10, [sp, #0x90]
100004cbc:	4a a1 00 91	add	x10, x10, #0x28
100004cc0:	e9 6b 41 f9	ldr	x9, [sp, #0x2d0]
100004cc4:	4a 0d 09 8b	add	x10, x10, x9, lsl #3
100004cc8:	4c 01 40 f9	ldr	x12, [x10]
100004ccc:	ec 5b 00 f9	str	x12, [sp, #0xb0]
100004cd0:	ea 5b 40 f9	ldr	x10, [sp, #0xb0]
100004cd4:	49 01 40 f9	ldr	x9, [x10]
100004cd8:	0b 00 80 d2	mov	x11, #0x0
100004cdc:	0b 00 a0 f2	movk	x11, #0x0, lsl #16
100004ce0:	0b 00 c0 f2	movk	x11, #0x0, lsl #32
100004ce4:	0b 00 f0 f2	movk	x11, #0x8000, lsl #48
100004ce8:	29 01 0b 8a	and	x9, x9, x11
100004cec:	c9 00 00 b4	cbz	x9, 0x100004d04
100004cf0:	4a 41 00 d1	sub	x10, x10, #0x10
100004cf4:	49 fd 5f c8	ldaxr	x9, [x10]
100004cf8:	29 05 00 91	add	x9, x9, #0x1
100004cfc:	49 fd 0b c8	stlxr	w11, x9, [x10]
100004d00:	ab ff ff 35	cbnz	w11, 0x100004cf4
100004d04:	e9 6b 41 f9	ldr	x9, [sp, #0x2d0]
100004d08:	2b 05 00 91	add	x11, x9, #0x1
100004d0c:	eb 63 00 f9	str	x11, [sp, #0xc0]
100004d10:	f0 03 0b aa	mov	x16, x11
100004d14:	e9 03 10 aa	mov	x9, x16
100004d18:	e9 6b 01 f9	str	x9, [sp, #0x2d0]
100004d1c:	f1 03 09 aa	mov	x17, x9
100004d20:	dc ff ff 17	b	0x100004c90
100004d24:	09 00 e0 d2	movz	x9, #0x0, lsl #48
100004d28:	e9 6f 00 f9	str	x9, [sp, #0xd8]
100004d2c:	f0 03 09 aa	mov	x16, x9
100004d30:	e9 6f 41 f9	ldr	x9, [sp, #0x2d8]
100004d34:	ea 6f 40 f9	ldr	x10, [sp, #0xd8]
100004d38:	3f 01 0a eb	cmp	x9, x10
100004d3c:	0b 00 80 52	mov	w11, #0x0
100004d40:	40 00 00 54	b.eq	0x100004d48
100004d44:	2b 00 80 52	mov	w11, #0x1
100004d48:	eb 73 00 f9	str	x11, [sp, #0xe0]
100004d4c:	f1 03 0b aa	mov	x17, x11
100004d50:	e9 73 40 f9	ldr	x9, [sp, #0xe0]
100004d54:	89 11 00 34	cbz	w9, 0x100004f84
100004d58:	e9 6f 41 f9	ldr	x9, [sp, #0x2d8]
100004d5c:	2b 05 00 d1	sub	x11, x9, #0x1
100004d60:	eb 7b 00 f9	str	x11, [sp, #0xf0]
100004d64:	f0 03 0b aa	mov	x16, x11
100004d68:	ea 67 40 f9	ldr	x10, [sp, #0xc8]
100004d6c:	4d 01 40 f9	ldr	x13, [x10]
100004d70:	e9 7b 40 f9	ldr	x9, [sp, #0xf0]
100004d74:	3f 01 1f eb	cmp	x9, xzr
100004d78:	4a 00 00 54	b.ge	0x100004d80
100004d7c:	29 01 0d 8b	add	x9, x9, x13
100004d80:	3f 01 1f eb	cmp	x9, xzr
100004d84:	0b 01 00 54	b.lt	0x100004da4
100004d88:	3f 01 0d eb	cmp	x9, x13
100004d8c:	ca 00 00 54	b.ge	0x100004da4
100004d90:	4a a1 00 91	add	x10, x10, #0x28
100004d94:	4a 0d 09 8b	add	x10, x10, x9, lsl #3
100004d98:	4c 01 40 f9	ldr	x12, [x10]
100004d9c:	ec 7f 00 f9	str	x12, [sp, #0xf8]
100004da0:	62 00 00 14	b	0x100004f28
100004da4:	ed 7f 00 f9	str	x13, [sp, #0xf8]
100004da8:	40 00 80 52	mov	w0, #0x2
100004dac:	21 00 00 d0	adrp	x1, 6 ; 0x10000a000
100004db0:	21 c0 0d 91	add	x1, x1, #0x370
100004db4:	c2 13 80 d2	mov	x2, #0x9e
100004db8:	02 00 a0 f2	movk	x2, #0x0, lsl #16
100004dbc:	02 00 c0 f2	movk	x2, #0x0, lsl #32
100004dc0:	02 00 e0 f2	movk	x2, #0x0, lsl #48
100004dc4:	90 00 80 52	mov	w16, #0x4
100004dc8:	01 10 00 d4	svc	#0x80
100004dcc:	e9 7b 40 f9	ldr	x9, [sp, #0xf0]
100004dd0:	ff 83 00 d1	sub	sp, sp, #0x20
100004dd4:	eb 83 00 91	add	x11, sp, #0x20
100004dd8:	0c 00 80 52	mov	w12, #0x0
100004ddc:	c9 00 00 b5	cbnz	x9, 0x100004df4
100004de0:	6b 05 00 d1	sub	x11, x11, #0x1
100004de4:	0a 06 80 52	mov	w10, #0x30
100004de8:	6a 01 00 39	strb	w10, [x11]
100004dec:	8c 05 00 91	add	x12, x12, #0x1
100004df0:	16 00 00 14	b	0x100004e48
100004df4:	03 00 80 52	mov	w3, #0x0
100004df8:	3f 01 1f eb	cmp	x9, xzr
100004dfc:	6b 00 00 54	b.lt	0x100004e08
100004e00:	e9 03 09 eb	negs	x9, x9
100004e04:	02 00 00 14	b	0x100004e0c
100004e08:	23 00 80 52	mov	w3, #0x1
100004e0c:	4a 01 80 52	mov	w10, #0xa
100004e10:	24 0d ca 9a	sdiv	x4, x9, x10
100004e14:	85 a4 0a 9b	msub	x5, x4, x10, x9
100004e18:	06 06 80 52	mov	w6, #0x30
100004e1c:	c6 00 05 eb	subs	x6, x6, x5
100004e20:	6b 05 00 d1	sub	x11, x11, #0x1
100004e24:	66 01 00 39	strb	w6, [x11]
100004e28:	8c 05 00 91	add	x12, x12, #0x1
100004e2c:	e9 03 04 aa	mov	x9, x4
100004e30:	e9 fe ff b5	cbnz	x9, 0x100004e0c
100004e34:	a3 00 00 34	cbz	w3, 0x100004e48
100004e38:	6b 05 00 d1	sub	x11, x11, #0x1
100004e3c:	aa 05 80 52	mov	w10, #0x2d
100004e40:	6a 01 00 39	strb	w10, [x11]
100004e44:	8c 05 00 91	add	x12, x12, #0x1
100004e48:	40 00 80 52	mov	w0, #0x2
100004e4c:	e1 03 0b aa	mov	x1, x11
100004e50:	e2 03 0c aa	mov	x2, x12
100004e54:	90 00 80 52	mov	w16, #0x4
100004e58:	01 10 00 d4	svc	#0x80
100004e5c:	ff 83 00 91	add	sp, sp, #0x20
100004e60:	40 00 80 52	mov	w0, #0x2
100004e64:	21 00 00 d0	adrp	x1, 6 ; 0x10000a000
100004e68:	21 60 00 91	add	x1, x1, #0x18
100004e6c:	82 03 80 d2	mov	x2, #0x1c
100004e70:	02 00 a0 f2	movk	x2, #0x0, lsl #16
100004e74:	02 00 c0 f2	movk	x2, #0x0, lsl #32
100004e78:	02 00 e0 f2	movk	x2, #0x0, lsl #48
100004e7c:	90 00 80 52	mov	w16, #0x4
100004e80:	01 10 00 d4	svc	#0x80
100004e84:	e9 7f 40 f9	ldr	x9, [sp, #0xf8]
100004e88:	ff 83 00 d1	sub	sp, sp, #0x20
100004e8c:	eb 7f 00 91	add	x11, sp, #0x1f
100004e90:	4a 01 80 52	mov	w10, #0xa
100004e94:	6a 01 00 39	strb	w10, [x11]
100004e98:	2c 00 80 52	mov	w12, #0x1
100004e9c:	c9 00 00 b5	cbnz	x9, 0x100004eb4
100004ea0:	6b 05 00 d1	sub	x11, x11, #0x1
100004ea4:	0a 06 80 52	mov	w10, #0x30
100004ea8:	6a 01 00 39	strb	w10, [x11]
100004eac:	8c 05 00 91	add	x12, x12, #0x1
100004eb0:	16 00 00 14	b	0x100004f08
100004eb4:	03 00 80 52	mov	w3, #0x0
100004eb8:	3f 01 1f eb	cmp	x9, xzr
100004ebc:	6b 00 00 54	b.lt	0x100004ec8
100004ec0:	e9 03 09 eb	negs	x9, x9
100004ec4:	02 00 00 14	b	0x100004ecc
100004ec8:	23 00 80 52	mov	w3, #0x1
100004ecc:	4a 01 80 52	mov	w10, #0xa
100004ed0:	24 0d ca 9a	sdiv	x4, x9, x10
100004ed4:	85 a4 0a 9b	msub	x5, x4, x10, x9
100004ed8:	06 06 80 52	mov	w6, #0x30
100004edc:	c6 00 05 eb	subs	x6, x6, x5
100004ee0:	6b 05 00 d1	sub	x11, x11, #0x1
100004ee4:	66 01 00 39	strb	w6, [x11]
100004ee8:	8c 05 00 91	add	x12, x12, #0x1
100004eec:	e9 03 04 aa	mov	x9, x4
100004ef0:	e9 fe ff b5	cbnz	x9, 0x100004ecc
100004ef4:	a3 00 00 34	cbz	w3, 0x100004f08
100004ef8:	6b 05 00 d1	sub	x11, x11, #0x1
100004efc:	aa 05 80 52	mov	w10, #0x2d
100004f00:	6a 01 00 39	strb	w10, [x11]
100004f04:	8c 05 00 91	add	x12, x12, #0x1
100004f08:	40 00 80 52	mov	w0, #0x2
100004f0c:	e1 03 0b aa	mov	x1, x11
100004f10:	e2 03 0c aa	mov	x2, x12
100004f14:	90 00 80 52	mov	w16, #0x4
100004f18:	01 10 00 d4	svc	#0x80
100004f1c:	ff 83 00 91	add	sp, sp, #0x20
100004f20:	68 00 80 52	mov	w8, #0x3
100004f24:	49 03 00 14	b	0x100005c48
100004f28:	ea 7f 40 f9	ldr	x10, [sp, #0xf8]
100004f2c:	49 01 40 f9	ldr	x9, [x10]
100004f30:	0b 00 80 d2	mov	x11, #0x0
100004f34:	0b 00 a0 f2	movk	x11, #0x0, lsl #16
100004f38:	0b 00 c0 f2	movk	x11, #0x0, lsl #32
100004f3c:	0b 00 f0 f2	movk	x11, #0x8000, lsl #48
100004f40:	29 01 0b 8a	and	x9, x9, x11
100004f44:	89 01 00 b4	cbz	x9, 0x100004f74
100004f48:	4a 41 00 d1	sub	x10, x10, #0x10
100004f4c:	49 fd 5f c8	ldaxr	x9, [x10]
100004f50:	29 01 00 b4	cbz	x9, 0x100004f74
100004f54:	29 05 00 d1	sub	x9, x9, #0x1
100004f58:	49 fd 0b c8	stlxr	w11, x9, [x10]
100004f5c:	8b ff ff 35	cbnz	w11, 0x100004f4c
100004f60:	a9 00 00 b5	cbnz	x9, 0x100004f74
100004f64:	41 05 40 f9	ldr	x1, [x10, #0x8]
100004f68:	e0 03 0a aa	mov	x0, x10
100004f6c:	30 09 80 52	mov	w16, #0x49
100004f70:	01 10 00 d4	svc	#0x80
100004f74:	e9 7b 40 f9	ldr	x9, [sp, #0xf0]
100004f78:	e9 6f 01 f9	str	x9, [sp, #0x2d8]
100004f7c:	f0 03 09 aa	mov	x16, x9
100004f80:	69 ff ff 17	b	0x100004d24
100004f84:	ea 67 40 f9	ldr	x10, [sp, #0xc8]
100004f88:	4e 21 00 91	add	x14, x10, #0x8
100004f8c:	c9 fd 5f c8	ldaxr	x9, [x14]
100004f90:	c9 02 00 b4	cbz	x9, 0x100004fe8
100004f94:	29 05 00 d1	sub	x9, x9, #0x1
100004f98:	c9 fd 0b c8	stlxr	w11, x9, [x14]
100004f9c:	8b ff ff 35	cbnz	w11, 0x100004f8c
100004fa0:	4b 09 40 f9	ldr	x11, [x10, #0x10]
100004fa4:	29 01 0b 8b	add	x9, x9, x11
100004fa8:	09 02 00 b5	cbnz	x9, 0x100004fe8
100004fac:	4e 81 00 91	add	x14, x10, #0x20
100004fb0:	c9 fd 5f c8	ldaxr	x9, [x14]
100004fb4:	4b 00 80 d2	mov	x11, #0x2
100004fb8:	3f 01 0b eb	cmp	x9, x11
100004fbc:	a0 ff ff 54	b.eq	0x100004fb0
100004fc0:	2b 00 80 d2	mov	x11, #0x1
100004fc4:	3f 01 0b eb	cmp	x9, x11
100004fc8:	00 01 00 54	b.eq	0x100004fe8
100004fcc:	29 00 80 d2	mov	x9, #0x1
100004fd0:	c9 fd 0b c8	stlxr	w11, x9, [x14]
100004fd4:	eb fe ff 35	cbnz	w11, 0x100004fb0
100004fd8:	41 0d 40 f9	ldr	x1, [x10, #0x18]
100004fdc:	e0 03 0a aa	mov	x0, x10
100004fe0:	30 09 80 52	mov	w16, #0x49
100004fe4:	01 10 00 d4	svc	#0x80
100004fe8:	ee 03 40 f9	ldr	x14, [sp]
100004fec:	e9 37 40 f9	ldr	x9, [sp, #0x68]
100004ff0:	c9 01 00 f9	str	x9, [x14]
100004ff4:	e9 3b 40 f9	ldr	x9, [sp, #0x70]
100004ff8:	c9 05 00 f9	str	x9, [x14, #0x8]
100004ffc:	00 00 80 d2	mov	x0, #0x0
100005000:	08 00 80 52	mov	w8, #0x0
100005004:	11 03 00 14	b	0x100005c48
100005008:	09 00 e0 d2	movz	x9, #0x0, lsl #48
10000500c:	e9 83 00 f9	str	x9, [sp, #0x100]
100005010:	f0 03 09 aa	mov	x16, x9
100005014:	e9 13 40 f9	ldr	x9, [sp, #0x20]
100005018:	ea 83 40 f9	ldr	x10, [sp, #0x100]
10000501c:	29 01 0a 8b	add	x9, x9, x10
100005020:	29 01 40 b9	ldr	w9, [x9]
100005024:	29 7d 40 93	sxtw	x9, w9
100005028:	e9 87 00 f9	str	x9, [sp, #0x108]
10000502c:	09 00 e0 d2	movz	x9, #0x0, lsl #48
100005030:	e9 8b 00 f9	str	x9, [sp, #0x110]
100005034:	f0 03 09 aa	mov	x16, x9
100005038:	e9 1b 40 f9	ldr	x9, [sp, #0x30]
10000503c:	ea 8b 40 f9	ldr	x10, [sp, #0x110]
100005040:	29 01 0a 8b	add	x9, x9, x10
100005044:	29 01 40 f9	ldr	x9, [x9]
100005048:	e9 8f 00 f9	str	x9, [sp, #0x118]
10000504c:	09 00 e0 d2	movz	x9, #0x0, lsl #48
100005050:	e9 93 00 f9	str	x9, [sp, #0x120]
100005054:	f0 03 09 aa	mov	x16, x9
100005058:	e9 03 10 aa	mov	x9, x16
10000505c:	e9 73 01 f9	str	x9, [sp, #0x2e0]
100005060:	f1 03 09 aa	mov	x17, x9
100005064:	e9 87 40 f9	ldr	x9, [sp, #0x108]
100005068:	e9 97 00 f9	str	x9, [sp, #0x128]
10000506c:	e9 73 41 f9	ldr	x9, [sp, #0x2e0]
100005070:	ea 97 40 f9	ldr	x10, [sp, #0x128]
100005074:	3f 01 0a eb	cmp	x9, x10
100005078:	0b 00 80 52	mov	w11, #0x0
10000507c:	4a 00 00 54	b.ge	0x100005084
100005080:	2b 00 80 52	mov	w11, #0x1
100005084:	eb 9b 00 f9	str	x11, [sp, #0x130]
100005088:	f0 03 0b aa	mov	x16, x11
10000508c:	e9 9b 40 f9	ldr	x9, [sp, #0x130]
100005090:	29 04 00 34	cbz	w9, 0x100005114
100005094:	e9 73 41 f9	ldr	x9, [sp, #0x2e0]
100005098:	e9 9f 00 f9	str	x9, [sp, #0x138]
10000509c:	09 01 80 d2	mov	x9, #0x8
1000050a0:	e9 a3 00 f9	str	x9, [sp, #0x140]
1000050a4:	f0 03 09 aa	mov	x16, x9
1000050a8:	e9 9f 40 f9	ldr	x9, [sp, #0x138]
1000050ac:	ea a3 40 f9	ldr	x10, [sp, #0x140]
1000050b0:	2b 7d 0a 9b	mul	x11, x9, x10
1000050b4:	2c 7d ca 9b	umulh	x12, x9, x10
1000050b8:	ec 5c 00 b5	cbnz	x12, 0x100005c54
1000050bc:	eb a7 00 f9	str	x11, [sp, #0x148]
1000050c0:	f1 03 0b aa	mov	x17, x11
1000050c4:	e9 8f 40 f9	ldr	x9, [sp, #0x118]
1000050c8:	ea a7 40 f9	ldr	x10, [sp, #0x148]
1000050cc:	29 01 0a 8b	add	x9, x9, x10
1000050d0:	29 01 40 f9	ldr	x9, [x9]
1000050d4:	e9 ab 00 f9	str	x9, [sp, #0x150]
1000050d8:	09 00 e0 d2	movz	x9, #0x0, lsl #48
1000050dc:	e9 af 00 f9	str	x9, [sp, #0x158]
1000050e0:	f0 03 09 aa	mov	x16, x9
1000050e4:	e9 ab 40 f9	ldr	x9, [sp, #0x150]
1000050e8:	ea af 40 f9	ldr	x10, [sp, #0x158]
1000050ec:	3f 01 0a eb	cmp	x9, x10
1000050f0:	0b 00 80 52	mov	w11, #0x0
1000050f4:	41 00 00 54	b.ne	0x1000050fc
1000050f8:	2b 00 80 52	mov	w11, #0x1
1000050fc:	eb b3 00 f9	str	x11, [sp, #0x160]
100005100:	f1 03 0b aa	mov	x17, x11
100005104:	e9 b3 40 f9	ldr	x9, [sp, #0x160]
100005108:	49 00 00 34	cbz	w9, 0x100005110
10000510c:	2b 00 00 14	b	0x1000051b8
100005110:	4b 01 00 14	b	0x10000563c
100005114:	e9 07 40 f9	ldr	x9, [sp, #0x8]
100005118:	e9 1b 01 f9	str	x9, [sp, #0x230]
10000511c:	f0 03 09 aa	mov	x16, x9
100005120:	29 00 80 52	mov	w9, #0x1
100005124:	e9 1f 01 f9	str	x9, [sp, #0x238]
100005128:	e9 1b 41 f9	ldr	x9, [sp, #0x230]
10000512c:	e9 23 01 f9	str	x9, [sp, #0x240]
100005130:	09 00 80 52	mov	w9, #0x0
100005134:	e9 27 01 f9	str	x9, [sp, #0x248]
100005138:	e9 2b 01 f9	str	x9, [sp, #0x250]
10000513c:	e9 1f 41 f9	ldr	x9, [sp, #0x238]
100005140:	ea 27 41 f9	ldr	x10, [sp, #0x248]
100005144:	3f 01 0a eb	cmp	x9, x10
100005148:	0b 00 80 52	mov	w11, #0x0
10000514c:	41 00 00 54	b.ne	0x100005154
100005150:	2b 00 80 52	mov	w11, #0x1
100005154:	eb 2f 01 f9	str	x11, [sp, #0x258]
100005158:	e9 2f 41 f9	ldr	x9, [sp, #0x258]
10000515c:	29 02 00 34	cbz	w9, 0x1000051a0
100005160:	e9 1f 41 f9	ldr	x9, [sp, #0x238]
100005164:	2a 00 80 d2	mov	x10, #0x1
100005168:	3f 01 0a eb	cmp	x9, x10
10000516c:	41 01 00 54	b.ne	0x100005194
100005170:	e9 23 41 f9	ldr	x9, [sp, #0x240]
100005174:	ea 2b 41 f9	ldr	x10, [sp, #0x250]
100005178:	3f 01 0a eb	cmp	x9, x10
10000517c:	0b 00 80 52	mov	w11, #0x0
100005180:	41 00 00 54	b.ne	0x100005188
100005184:	2b 00 80 52	mov	w11, #0x1
100005188:	eb 2f 01 f9	str	x11, [sp, #0x258]
10000518c:	e9 2f 41 f9	ldr	x9, [sp, #0x258]
100005190:	89 00 00 34	cbz	w9, 0x1000051a0
100005194:	09 00 80 52	mov	w9, #0x0
100005198:	e9 2f 01 f9	str	x9, [sp, #0x258]
10000519c:	03 00 00 14	b	0x1000051a8
1000051a0:	29 00 80 52	mov	w9, #0x1
1000051a4:	e9 2f 01 f9	str	x9, [sp, #0x258]
1000051a8:	e9 2f 41 f9	ldr	x9, [sp, #0x258]
1000051ac:	49 00 00 34	cbz	w9, 0x1000051b4
1000051b0:	ad 01 00 14	b	0x100005864
1000051b4:	be 01 00 14	b	0x1000058ac
1000051b8:	e9 07 40 f9	ldr	x9, [sp, #0x8]
1000051bc:	e9 b7 00 f9	str	x9, [sp, #0x168]
1000051c0:	f0 03 09 aa	mov	x16, x9
1000051c4:	29 00 80 52	mov	w9, #0x1
1000051c8:	e9 bb 00 f9	str	x9, [sp, #0x170]
1000051cc:	e9 b7 40 f9	ldr	x9, [sp, #0x168]
1000051d0:	e9 bf 00 f9	str	x9, [sp, #0x178]
1000051d4:	09 00 80 52	mov	w9, #0x0
1000051d8:	e9 c3 00 f9	str	x9, [sp, #0x180]
1000051dc:	e9 c7 00 f9	str	x9, [sp, #0x188]
1000051e0:	e9 bb 40 f9	ldr	x9, [sp, #0x170]
1000051e4:	ea c3 40 f9	ldr	x10, [sp, #0x180]
1000051e8:	3f 01 0a eb	cmp	x9, x10
1000051ec:	0b 00 80 52	mov	w11, #0x0
1000051f0:	41 00 00 54	b.ne	0x1000051f8
1000051f4:	2b 00 80 52	mov	w11, #0x1
1000051f8:	eb cb 00 f9	str	x11, [sp, #0x190]
1000051fc:	e9 cb 40 f9	ldr	x9, [sp, #0x190]
100005200:	29 02 00 34	cbz	w9, 0x100005244
100005204:	e9 bb 40 f9	ldr	x9, [sp, #0x170]
100005208:	2a 00 80 d2	mov	x10, #0x1
10000520c:	3f 01 0a eb	cmp	x9, x10
100005210:	41 01 00 54	b.ne	0x100005238
100005214:	e9 bf 40 f9	ldr	x9, [sp, #0x178]
100005218:	ea c7 40 f9	ldr	x10, [sp, #0x188]
10000521c:	3f 01 0a eb	cmp	x9, x10
100005220:	0b 00 80 52	mov	w11, #0x0
100005224:	41 00 00 54	b.ne	0x10000522c
100005228:	2b 00 80 52	mov	w11, #0x1
10000522c:	eb cb 00 f9	str	x11, [sp, #0x190]
100005230:	e9 cb 40 f9	ldr	x9, [sp, #0x190]
100005234:	89 00 00 34	cbz	w9, 0x100005244
100005238:	09 00 80 52	mov	w9, #0x0
10000523c:	e9 cb 00 f9	str	x9, [sp, #0x190]
100005240:	03 00 00 14	b	0x10000524c
100005244:	29 00 80 52	mov	w9, #0x1
100005248:	e9 cb 00 f9	str	x9, [sp, #0x190]
10000524c:	e9 cb 40 f9	ldr	x9, [sp, #0x190]
100005250:	69 02 00 34	cbz	w9, 0x10000529c
100005254:	e9 bf 40 f9	ldr	x9, [sp, #0x178]
100005258:	e9 cf 00 f9	str	x9, [sp, #0x198]
10000525c:	ea cf 40 f9	ldr	x10, [sp, #0x198]
100005260:	4e 21 00 91	add	x14, x10, #0x8
100005264:	c9 fd 5f c8	ldaxr	x9, [x14]
100005268:	29 05 00 91	add	x9, x9, #0x1
10000526c:	c9 fd 0b c8	stlxr	w11, x9, [x14]
100005270:	ab ff ff 35	cbnz	w11, 0x100005264
100005274:	09 00 e0 d2	movz	x9, #0x0, lsl #48
100005278:	e9 d3 00 f9	str	x9, [sp, #0x1a0]
10000527c:	f0 03 09 aa	mov	x16, x9
100005280:	e9 cf 40 f9	ldr	x9, [sp, #0x198]
100005284:	2a 01 40 f9	ldr	x10, [x9]
100005288:	ea d7 00 f9	str	x10, [sp, #0x1a8]
10000528c:	e9 d3 40 f9	ldr	x9, [sp, #0x1a0]
100005290:	e9 77 01 f9	str	x9, [sp, #0x2e8]
100005294:	f0 03 09 aa	mov	x16, x9
100005298:	0b 00 00 14	b	0x1000052c4
10000529c:	e9 07 40 f9	ldr	x9, [sp, #0x8]
1000052a0:	e9 eb 00 f9	str	x9, [sp, #0x1d0]
1000052a4:	f0 03 09 aa	mov	x16, x9
1000052a8:	e9 eb 40 f9	ldr	x9, [sp, #0x1d0]
1000052ac:	2a 01 40 f9	ldr	x10, [x9]
1000052b0:	ea ef 00 f9	str	x10, [sp, #0x1d8]
1000052b4:	e9 ef 40 f9	ldr	x9, [sp, #0x1d8]
1000052b8:	e9 7b 01 f9	str	x9, [sp, #0x2f0]
1000052bc:	f0 03 09 aa	mov	x16, x9
1000052c0:	26 00 00 14	b	0x100005358
1000052c4:	e9 77 41 f9	ldr	x9, [sp, #0x2e8]
1000052c8:	ea d7 40 f9	ldr	x10, [sp, #0x1a8]
1000052cc:	3f 01 0a eb	cmp	x9, x10
1000052d0:	0b 00 80 52	mov	w11, #0x0
1000052d4:	4a 00 00 54	b.ge	0x1000052dc
1000052d8:	2b 00 80 52	mov	w11, #0x1
1000052dc:	eb db 00 f9	str	x11, [sp, #0x1b0]
1000052e0:	f0 03 0b aa	mov	x16, x11
1000052e4:	e9 db 40 f9	ldr	x9, [sp, #0x1b0]
1000052e8:	a9 fd ff 34	cbz	w9, 0x10000529c
1000052ec:	ea cf 40 f9	ldr	x10, [sp, #0x198]
1000052f0:	4a a1 00 91	add	x10, x10, #0x28
1000052f4:	e9 77 41 f9	ldr	x9, [sp, #0x2e8]
1000052f8:	4a 0d 09 8b	add	x10, x10, x9, lsl #3
1000052fc:	4c 01 40 f9	ldr	x12, [x10]
100005300:	ec df 00 f9	str	x12, [sp, #0x1b8]
100005304:	ea df 40 f9	ldr	x10, [sp, #0x1b8]
100005308:	49 01 40 f9	ldr	x9, [x10]
10000530c:	0b 00 80 d2	mov	x11, #0x0
100005310:	0b 00 a0 f2	movk	x11, #0x0, lsl #16
100005314:	0b 00 c0 f2	movk	x11, #0x0, lsl #32
100005318:	0b 00 f0 f2	movk	x11, #0x8000, lsl #48
10000531c:	29 01 0b 8a	and	x9, x9, x11
100005320:	c9 00 00 b4	cbz	x9, 0x100005338
100005324:	4a 41 00 d1	sub	x10, x10, #0x10
100005328:	49 fd 5f c8	ldaxr	x9, [x10]
10000532c:	29 05 00 91	add	x9, x9, #0x1
100005330:	49 fd 0b c8	stlxr	w11, x9, [x10]
100005334:	ab ff ff 35	cbnz	w11, 0x100005328
100005338:	e9 77 41 f9	ldr	x9, [sp, #0x2e8]
10000533c:	2b 05 00 91	add	x11, x9, #0x1
100005340:	eb e7 00 f9	str	x11, [sp, #0x1c8]
100005344:	f0 03 0b aa	mov	x16, x11
100005348:	e9 03 10 aa	mov	x9, x16
10000534c:	e9 77 01 f9	str	x9, [sp, #0x2e8]
100005350:	f1 03 09 aa	mov	x17, x9
100005354:	dc ff ff 17	b	0x1000052c4
100005358:	09 00 e0 d2	movz	x9, #0x0, lsl #48
10000535c:	e9 f3 00 f9	str	x9, [sp, #0x1e0]
100005360:	f0 03 09 aa	mov	x16, x9
100005364:	e9 7b 41 f9	ldr	x9, [sp, #0x2f0]
100005368:	ea f3 40 f9	ldr	x10, [sp, #0x1e0]
10000536c:	3f 01 0a eb	cmp	x9, x10
100005370:	0b 00 80 52	mov	w11, #0x0
100005374:	40 00 00 54	b.eq	0x10000537c
100005378:	2b 00 80 52	mov	w11, #0x1
10000537c:	eb f7 00 f9	str	x11, [sp, #0x1e8]
100005380:	f1 03 0b aa	mov	x17, x11
100005384:	e9 f7 40 f9	ldr	x9, [sp, #0x1e8]
100005388:	89 11 00 34	cbz	w9, 0x1000055b8
10000538c:	e9 7b 41 f9	ldr	x9, [sp, #0x2f0]
100005390:	2b 05 00 d1	sub	x11, x9, #0x1
100005394:	eb ff 00 f9	str	x11, [sp, #0x1f8]
100005398:	f0 03 0b aa	mov	x16, x11
10000539c:	ea eb 40 f9	ldr	x10, [sp, #0x1d0]
1000053a0:	4d 01 40 f9	ldr	x13, [x10]
1000053a4:	e9 ff 40 f9	ldr	x9, [sp, #0x1f8]
1000053a8:	3f 01 1f eb	cmp	x9, xzr
1000053ac:	4a 00 00 54	b.ge	0x1000053b4
1000053b0:	29 01 0d 8b	add	x9, x9, x13
1000053b4:	3f 01 1f eb	cmp	x9, xzr
1000053b8:	0b 01 00 54	b.lt	0x1000053d8
1000053bc:	3f 01 0d eb	cmp	x9, x13
1000053c0:	ca 00 00 54	b.ge	0x1000053d8
1000053c4:	4a a1 00 91	add	x10, x10, #0x28
1000053c8:	4a 0d 09 8b	add	x10, x10, x9, lsl #3
1000053cc:	4c 01 40 f9	ldr	x12, [x10]
1000053d0:	ec 03 01 f9	str	x12, [sp, #0x200]
1000053d4:	62 00 00 14	b	0x10000555c
1000053d8:	ed 03 01 f9	str	x13, [sp, #0x200]
1000053dc:	40 00 80 52	mov	w0, #0x2
1000053e0:	21 00 00 b0	adrp	x1, 5 ; 0x10000a000
1000053e4:	21 c0 0d 91	add	x1, x1, #0x370
1000053e8:	c2 13 80 d2	mov	x2, #0x9e
1000053ec:	02 00 a0 f2	movk	x2, #0x0, lsl #16
1000053f0:	02 00 c0 f2	movk	x2, #0x0, lsl #32
1000053f4:	02 00 e0 f2	movk	x2, #0x0, lsl #48
1000053f8:	90 00 80 52	mov	w16, #0x4
1000053fc:	01 10 00 d4	svc	#0x80
100005400:	e9 ff 40 f9	ldr	x9, [sp, #0x1f8]
100005404:	ff 83 00 d1	sub	sp, sp, #0x20
100005408:	eb 83 00 91	add	x11, sp, #0x20
10000540c:	0c 00 80 52	mov	w12, #0x0
100005410:	c9 00 00 b5	cbnz	x9, 0x100005428
100005414:	6b 05 00 d1	sub	x11, x11, #0x1
100005418:	0a 06 80 52	mov	w10, #0x30
10000541c:	6a 01 00 39	strb	w10, [x11]
100005420:	8c 05 00 91	add	x12, x12, #0x1
100005424:	16 00 00 14	b	0x10000547c
100005428:	03 00 80 52	mov	w3, #0x0
10000542c:	3f 01 1f eb	cmp	x9, xzr
100005430:	6b 00 00 54	b.lt	0x10000543c
100005434:	e9 03 09 eb	negs	x9, x9
100005438:	02 00 00 14	b	0x100005440
10000543c:	23 00 80 52	mov	w3, #0x1
100005440:	4a 01 80 52	mov	w10, #0xa
100005444:	24 0d ca 9a	sdiv	x4, x9, x10
100005448:	85 a4 0a 9b	msub	x5, x4, x10, x9
10000544c:	06 06 80 52	mov	w6, #0x30
100005450:	c6 00 05 eb	subs	x6, x6, x5
100005454:	6b 05 00 d1	sub	x11, x11, #0x1
100005458:	66 01 00 39	strb	w6, [x11]
10000545c:	8c 05 00 91	add	x12, x12, #0x1
100005460:	e9 03 04 aa	mov	x9, x4
100005464:	e9 fe ff b5	cbnz	x9, 0x100005440
100005468:	a3 00 00 34	cbz	w3, 0x10000547c
10000546c:	6b 05 00 d1	sub	x11, x11, #0x1
100005470:	aa 05 80 52	mov	w10, #0x2d
100005474:	6a 01 00 39	strb	w10, [x11]
100005478:	8c 05 00 91	add	x12, x12, #0x1
10000547c:	40 00 80 52	mov	w0, #0x2
100005480:	e1 03 0b aa	mov	x1, x11
100005484:	e2 03 0c aa	mov	x2, x12
100005488:	90 00 80 52	mov	w16, #0x4
10000548c:	01 10 00 d4	svc	#0x80
100005490:	ff 83 00 91	add	sp, sp, #0x20
100005494:	40 00 80 52	mov	w0, #0x2
100005498:	21 00 00 b0	adrp	x1, 5 ; 0x10000a000
10000549c:	21 60 00 91	add	x1, x1, #0x18
1000054a0:	82 03 80 d2	mov	x2, #0x1c
1000054a4:	02 00 a0 f2	movk	x2, #0x0, lsl #16
1000054a8:	02 00 c0 f2	movk	x2, #0x0, lsl #32
1000054ac:	02 00 e0 f2	movk	x2, #0x0, lsl #48
1000054b0:	90 00 80 52	mov	w16, #0x4
1000054b4:	01 10 00 d4	svc	#0x80
1000054b8:	e9 03 41 f9	ldr	x9, [sp, #0x200]
1000054bc:	ff 83 00 d1	sub	sp, sp, #0x20
1000054c0:	eb 7f 00 91	add	x11, sp, #0x1f
1000054c4:	4a 01 80 52	mov	w10, #0xa
1000054c8:	6a 01 00 39	strb	w10, [x11]
1000054cc:	2c 00 80 52	mov	w12, #0x1
1000054d0:	c9 00 00 b5	cbnz	x9, 0x1000054e8
1000054d4:	6b 05 00 d1	sub	x11, x11, #0x1
1000054d8:	0a 06 80 52	mov	w10, #0x30
1000054dc:	6a 01 00 39	strb	w10, [x11]
1000054e0:	8c 05 00 91	add	x12, x12, #0x1
1000054e4:	16 00 00 14	b	0x10000553c
1000054e8:	03 00 80 52	mov	w3, #0x0
1000054ec:	3f 01 1f eb	cmp	x9, xzr
1000054f0:	6b 00 00 54	b.lt	0x1000054fc
1000054f4:	e9 03 09 eb	negs	x9, x9
1000054f8:	02 00 00 14	b	0x100005500
1000054fc:	23 00 80 52	mov	w3, #0x1
100005500:	4a 01 80 52	mov	w10, #0xa
100005504:	24 0d ca 9a	sdiv	x4, x9, x10
100005508:	85 a4 0a 9b	msub	x5, x4, x10, x9
10000550c:	06 06 80 52	mov	w6, #0x30
100005510:	c6 00 05 eb	subs	x6, x6, x5
100005514:	6b 05 00 d1	sub	x11, x11, #0x1
100005518:	66 01 00 39	strb	w6, [x11]
10000551c:	8c 05 00 91	add	x12, x12, #0x1
100005520:	e9 03 04 aa	mov	x9, x4
100005524:	e9 fe ff b5	cbnz	x9, 0x100005500
100005528:	a3 00 00 34	cbz	w3, 0x10000553c
10000552c:	6b 05 00 d1	sub	x11, x11, #0x1
100005530:	aa 05 80 52	mov	w10, #0x2d
100005534:	6a 01 00 39	strb	w10, [x11]
100005538:	8c 05 00 91	add	x12, x12, #0x1
10000553c:	40 00 80 52	mov	w0, #0x2
100005540:	e1 03 0b aa	mov	x1, x11
100005544:	e2 03 0c aa	mov	x2, x12
100005548:	90 00 80 52	mov	w16, #0x4
10000554c:	01 10 00 d4	svc	#0x80
100005550:	ff 83 00 91	add	sp, sp, #0x20
100005554:	68 00 80 52	mov	w8, #0x3
100005558:	bc 01 00 14	b	0x100005c48
10000555c:	ea 03 41 f9	ldr	x10, [sp, #0x200]
100005560:	49 01 40 f9	ldr	x9, [x10]
100005564:	0b 00 80 d2	mov	x11, #0x0
100005568:	0b 00 a0 f2	movk	x11, #0x0, lsl #16
10000556c:	0b 00 c0 f2	movk	x11, #0x0, lsl #32
100005570:	0b 00 f0 f2	movk	x11, #0x8000, lsl #48
100005574:	29 01 0b 8a	and	x9, x9, x11
100005578:	89 01 00 b4	cbz	x9, 0x1000055a8
10000557c:	4a 41 00 d1	sub	x10, x10, #0x10
100005580:	49 fd 5f c8	ldaxr	x9, [x10]
100005584:	29 01 00 b4	cbz	x9, 0x1000055a8
100005588:	29 05 00 d1	sub	x9, x9, #0x1
10000558c:	49 fd 0b c8	stlxr	w11, x9, [x10]
100005590:	8b ff ff 35	cbnz	w11, 0x100005580
100005594:	a9 00 00 b5	cbnz	x9, 0x1000055a8
100005598:	41 05 40 f9	ldr	x1, [x10, #0x8]
10000559c:	e0 03 0a aa	mov	x0, x10
1000055a0:	30 09 80 52	mov	w16, #0x49
1000055a4:	01 10 00 d4	svc	#0x80
1000055a8:	e9 ff 40 f9	ldr	x9, [sp, #0x1f8]
1000055ac:	e9 7b 01 f9	str	x9, [sp, #0x2f0]
1000055b0:	f0 03 09 aa	mov	x16, x9
1000055b4:	69 ff ff 17	b	0x100005358
1000055b8:	ea eb 40 f9	ldr	x10, [sp, #0x1d0]
1000055bc:	4e 21 00 91	add	x14, x10, #0x8
1000055c0:	c9 fd 5f c8	ldaxr	x9, [x14]
1000055c4:	c9 02 00 b4	cbz	x9, 0x10000561c
1000055c8:	29 05 00 d1	sub	x9, x9, #0x1
1000055cc:	c9 fd 0b c8	stlxr	w11, x9, [x14]
1000055d0:	8b ff ff 35	cbnz	w11, 0x1000055c0
1000055d4:	4b 09 40 f9	ldr	x11, [x10, #0x10]
1000055d8:	29 01 0b 8b	add	x9, x9, x11
1000055dc:	09 02 00 b5	cbnz	x9, 0x10000561c
1000055e0:	4e 81 00 91	add	x14, x10, #0x20
1000055e4:	c9 fd 5f c8	ldaxr	x9, [x14]
1000055e8:	4b 00 80 d2	mov	x11, #0x2
1000055ec:	3f 01 0b eb	cmp	x9, x11
1000055f0:	a0 ff ff 54	b.eq	0x1000055e4
1000055f4:	2b 00 80 d2	mov	x11, #0x1
1000055f8:	3f 01 0b eb	cmp	x9, x11
1000055fc:	00 01 00 54	b.eq	0x10000561c
100005600:	29 00 80 d2	mov	x9, #0x1
100005604:	c9 fd 0b c8	stlxr	w11, x9, [x14]
100005608:	eb fe ff 35	cbnz	w11, 0x1000055e4
10000560c:	41 0d 40 f9	ldr	x1, [x10, #0x18]
100005610:	e0 03 0a aa	mov	x0, x10
100005614:	30 09 80 52	mov	w16, #0x49
100005618:	01 10 00 d4	svc	#0x80
10000561c:	ee 03 40 f9	ldr	x14, [sp]
100005620:	e9 bb 40 f9	ldr	x9, [sp, #0x170]
100005624:	c9 01 00 f9	str	x9, [x14]
100005628:	e9 bf 40 f9	ldr	x9, [sp, #0x178]
10000562c:	c9 05 00 f9	str	x9, [x14, #0x8]
100005630:	00 00 80 d2	mov	x0, #0x0
100005634:	08 00 80 52	mov	w8, #0x0
100005638:	84 01 00 14	b	0x100005c48
10000563c:	e9 07 40 f9	ldr	x9, [sp, #0x8]
100005640:	e9 07 01 f9	str	x9, [sp, #0x208]
100005644:	f0 03 09 aa	mov	x16, x9
100005648:	e0 ab 40 f9	ldr	x0, [sp, #0x150]
10000564c:	86 01 00 94	bl	_silex_function_11
100005650:	c8 2f 00 35	cbnz	w8, 0x100005c48
100005654:	e0 0b 01 f9	str	x0, [sp, #0x210]
100005658:	ea 07 41 f9	ldr	x10, [sp, #0x208]
10000565c:	4d 01 40 f9	ldr	x13, [x10]
100005660:	09 00 80 52	mov	w9, #0x0
100005664:	ec 03 0d aa	mov	x12, x13
100005668:	8c 05 00 91	add	x12, x12, #0x1
10000566c:	4b 05 40 f9	ldr	x11, [x10, #0x8]
100005670:	45 09 40 f9	ldr	x5, [x10, #0x10]
100005674:	6b 01 05 8b	add	x11, x11, x5
100005678:	25 00 80 d2	mov	x5, #0x1
10000567c:	7f 01 05 eb	cmp	x11, x5
100005680:	01 02 00 54	b.ne	0x1000056c0
100005684:	0b 01 80 d2	mov	x11, #0x8
100005688:	85 7d 0b 9b	mul	x5, x12, x11
10000568c:	a5 a0 00 91	add	x5, x5, #0x28
100005690:	4b 0d 40 f9	ldr	x11, [x10, #0x18]
100005694:	bf 00 0b eb	cmp	x5, x11
100005698:	48 01 00 54	b.hi	0x1000056c0
10000569c:	4e a1 00 91	add	x14, x10, #0x28
1000056a0:	0b 01 80 d2	mov	x11, #0x8
1000056a4:	a5 7d 0b 9b	mul	x5, x13, x11
1000056a8:	ce 01 05 8b	add	x14, x14, x5
1000056ac:	e5 0b 41 f9	ldr	x5, [sp, #0x210]
1000056b0:	c5 01 00 f9	str	x5, [x14]
1000056b4:	4c 01 00 f9	str	x12, [x10]
1000056b8:	ea 0f 01 f9	str	x10, [sp, #0x218]
1000056bc:	5b 00 00 14	b	0x100005828
1000056c0:	ff c3 00 d1	sub	sp, sp, #0x30
1000056c4:	ea 03 00 f9	str	x10, [sp]
1000056c8:	ed 07 00 f9	str	x13, [sp, #0x8]
1000056cc:	e9 0b 00 f9	str	x9, [sp, #0x10]
1000056d0:	ec 0f 00 f9	str	x12, [sp, #0x18]
1000056d4:	e7 13 00 f9	str	x7, [sp, #0x20]
1000056d8:	e6 17 00 f9	str	x6, [sp, #0x28]
1000056dc:	0b 01 80 d2	mov	x11, #0x8
1000056e0:	81 7d 0b 9b	mul	x1, x12, x11
1000056e4:	21 a0 00 91	add	x1, x1, #0x28
1000056e8:	05 00 88 d2	mov	x5, #0x4000
1000056ec:	3f 00 05 eb	cmp	x1, x5
1000056f0:	42 00 00 54	b.hs	0x1000056f8
1000056f4:	e1 03 05 aa	mov	x1, x5
1000056f8:	21 00 01 8b	add	x1, x1, x1
1000056fc:	00 00 80 52	mov	w0, #0x0
100005700:	62 00 80 52	mov	w2, #0x3
100005704:	43 00 82 52	mov	w3, #0x1002
100005708:	e4 ff 9f d2	mov	x4, #0xffff
10000570c:	e4 ff bf f2	movk	x4, #0xffff, lsl #16
100005710:	e4 ff df f2	movk	x4, #0xffff, lsl #32
100005714:	e4 ff ff f2	movk	x4, #0xffff, lsl #48
100005718:	05 00 80 52	mov	w5, #0x0
10000571c:	b0 18 80 52	mov	w16, #0xc5
100005720:	01 10 00 d4	svc	#0x80
100005724:	42 08 00 54	b.hs	0x10000582c
100005728:	ef 03 00 aa	mov	x15, x0
10000572c:	ea 03 40 f9	ldr	x10, [sp]
100005730:	ed 07 40 f9	ldr	x13, [sp, #0x8]
100005734:	e9 0b 40 f9	ldr	x9, [sp, #0x10]
100005738:	ec 0f 40 f9	ldr	x12, [sp, #0x18]
10000573c:	e7 13 40 f9	ldr	x7, [sp, #0x20]
100005740:	e6 17 40 f9	ldr	x6, [sp, #0x28]
100005744:	ec 01 00 f9	str	x12, [x15]
100005748:	25 00 80 d2	mov	x5, #0x1
10000574c:	e5 05 00 f9	str	x5, [x15, #0x8]
100005750:	0b 01 80 d2	mov	x11, #0x8
100005754:	8b 7d 0b 9b	mul	x11, x12, x11
100005758:	6b a1 00 91	add	x11, x11, #0x28
10000575c:	05 00 88 d2	mov	x5, #0x4000
100005760:	7f 01 05 eb	cmp	x11, x5
100005764:	42 00 00 54	b.hs	0x10000576c
100005768:	eb 03 05 aa	mov	x11, x5
10000576c:	6b 01 0b 8b	add	x11, x11, x11
100005770:	eb 0d 00 f9	str	x11, [x15, #0x18]
100005774:	4a a1 00 91	add	x10, x10, #0x28
100005778:	ee a1 00 91	add	x14, x15, #0x28
10000577c:	2b 00 80 d2	mov	x11, #0x1
100005780:	ac 7d 0b 9b	mul	x12, x13, x11
100005784:	ec 00 00 b4	cbz	x12, 0x1000057a0
100005788:	4b 01 40 f9	ldr	x11, [x10]
10000578c:	cb 01 00 f9	str	x11, [x14]
100005790:	4a 21 00 91	add	x10, x10, #0x8
100005794:	ce 21 00 91	add	x14, x14, #0x8
100005798:	8c 05 00 d1	sub	x12, x12, #0x1
10000579c:	6c ff ff b5	cbnz	x12, 0x100005788
1000057a0:	ff c3 00 91	add	sp, sp, #0x30
1000057a4:	e9 03 0d aa	mov	x9, x13
1000057a8:	ee a1 00 91	add	x14, x15, #0x28
1000057ac:	0b 01 80 d2	mov	x11, #0x8
1000057b0:	29 7d 0b 9b	mul	x9, x9, x11
1000057b4:	ce 01 09 8b	add	x14, x14, x9
1000057b8:	ec 0b 41 f9	ldr	x12, [sp, #0x210]
1000057bc:	cc 01 00 f9	str	x12, [x14]
1000057c0:	ef 0f 01 f9	str	x15, [sp, #0x218]
1000057c4:	ea 07 41 f9	ldr	x10, [sp, #0x208]
1000057c8:	4e 21 00 91	add	x14, x10, #0x8
1000057cc:	c9 fd 5f c8	ldaxr	x9, [x14]
1000057d0:	c9 02 00 b4	cbz	x9, 0x100005828
1000057d4:	29 05 00 d1	sub	x9, x9, #0x1
1000057d8:	c9 fd 0b c8	stlxr	w11, x9, [x14]
1000057dc:	8b ff ff 35	cbnz	w11, 0x1000057cc
1000057e0:	4b 09 40 f9	ldr	x11, [x10, #0x10]
1000057e4:	29 01 0b 8b	add	x9, x9, x11
1000057e8:	09 02 00 b5	cbnz	x9, 0x100005828
1000057ec:	4e 81 00 91	add	x14, x10, #0x20
1000057f0:	c9 fd 5f c8	ldaxr	x9, [x14]
1000057f4:	4b 00 80 d2	mov	x11, #0x2
1000057f8:	3f 01 0b eb	cmp	x9, x11
1000057fc:	a0 ff ff 54	b.eq	0x1000057f0
100005800:	2b 00 80 d2	mov	x11, #0x1
100005804:	3f 01 0b eb	cmp	x9, x11
100005808:	00 01 00 54	b.eq	0x100005828
10000580c:	29 00 80 d2	mov	x9, #0x1
100005810:	c9 fd 0b c8	stlxr	w11, x9, [x14]
100005814:	eb fe ff 35	cbnz	w11, 0x1000057f0
100005818:	41 0d 40 f9	ldr	x1, [x10, #0x18]
10000581c:	e0 03 0a aa	mov	x0, x10
100005820:	30 09 80 52	mov	w16, #0x49
100005824:	01 10 00 d4	svc	#0x80
100005828:	04 00 00 14	b	0x100005838
10000582c:	ff c3 00 91	add	sp, sp, #0x30
100005830:	68 00 80 52	mov	w8, #0x3
100005834:	05 01 00 14	b	0x100005c48
100005838:	e9 0f 41 f9	ldr	x9, [sp, #0x218]
10000583c:	e9 07 00 f9	str	x9, [sp, #0x8]
100005840:	f0 03 09 aa	mov	x16, x9
100005844:	e9 73 41 f9	ldr	x9, [sp, #0x2e0]
100005848:	2b 05 00 91	add	x11, x9, #0x1
10000584c:	eb 17 01 f9	str	x11, [sp, #0x228]
100005850:	f1 03 0b aa	mov	x17, x11
100005854:	e9 03 11 aa	mov	x9, x17
100005858:	e9 73 01 f9	str	x9, [sp, #0x2e0]
10000585c:	f0 03 09 aa	mov	x16, x9
100005860:	01 fe ff 17	b	0x100005064
100005864:	e9 23 41 f9	ldr	x9, [sp, #0x240]
100005868:	e9 33 01 f9	str	x9, [sp, #0x260]
10000586c:	ea 33 41 f9	ldr	x10, [sp, #0x260]
100005870:	4e 21 00 91	add	x14, x10, #0x8
100005874:	c9 fd 5f c8	ldaxr	x9, [x14]
100005878:	29 05 00 91	add	x9, x9, #0x1
10000587c:	c9 fd 0b c8	stlxr	w11, x9, [x14]
100005880:	ab ff ff 35	cbnz	w11, 0x100005874
100005884:	09 00 e0 d2	movz	x9, #0x0, lsl #48
100005888:	e9 37 01 f9	str	x9, [sp, #0x268]
10000588c:	f0 03 09 aa	mov	x16, x9
100005890:	e9 33 41 f9	ldr	x9, [sp, #0x260]
100005894:	2a 01 40 f9	ldr	x10, [x9]
100005898:	ea 3b 01 f9	str	x10, [sp, #0x270]
10000589c:	e9 37 41 f9	ldr	x9, [sp, #0x268]
1000058a0:	e9 7f 01 f9	str	x9, [sp, #0x2f8]
1000058a4:	f0 03 09 aa	mov	x16, x9
1000058a8:	0b 00 00 14	b	0x1000058d4
1000058ac:	e9 07 40 f9	ldr	x9, [sp, #0x8]
1000058b0:	e9 4f 01 f9	str	x9, [sp, #0x298]
1000058b4:	f0 03 09 aa	mov	x16, x9
1000058b8:	e9 4f 41 f9	ldr	x9, [sp, #0x298]
1000058bc:	2a 01 40 f9	ldr	x10, [x9]
1000058c0:	ea 53 01 f9	str	x10, [sp, #0x2a0]
1000058c4:	e9 53 41 f9	ldr	x9, [sp, #0x2a0]
1000058c8:	e9 83 01 f9	str	x9, [sp, #0x300]
1000058cc:	f0 03 09 aa	mov	x16, x9
1000058d0:	26 00 00 14	b	0x100005968
1000058d4:	e9 7f 41 f9	ldr	x9, [sp, #0x2f8]
1000058d8:	ea 3b 41 f9	ldr	x10, [sp, #0x270]
1000058dc:	3f 01 0a eb	cmp	x9, x10
1000058e0:	0b 00 80 52	mov	w11, #0x0
1000058e4:	4a 00 00 54	b.ge	0x1000058ec
1000058e8:	2b 00 80 52	mov	w11, #0x1
1000058ec:	eb 3f 01 f9	str	x11, [sp, #0x278]
1000058f0:	f0 03 0b aa	mov	x16, x11
1000058f4:	e9 3f 41 f9	ldr	x9, [sp, #0x278]
1000058f8:	a9 fd ff 34	cbz	w9, 0x1000058ac
1000058fc:	ea 33 41 f9	ldr	x10, [sp, #0x260]
100005900:	4a a1 00 91	add	x10, x10, #0x28
100005904:	e9 7f 41 f9	ldr	x9, [sp, #0x2f8]
100005908:	4a 0d 09 8b	add	x10, x10, x9, lsl #3
10000590c:	4c 01 40 f9	ldr	x12, [x10]
100005910:	ec 43 01 f9	str	x12, [sp, #0x280]
100005914:	ea 43 41 f9	ldr	x10, [sp, #0x280]
100005918:	49 01 40 f9	ldr	x9, [x10]
10000591c:	0b 00 80 d2	mov	x11, #0x0
100005920:	0b 00 a0 f2	movk	x11, #0x0, lsl #16
100005924:	0b 00 c0 f2	movk	x11, #0x0, lsl #32
100005928:	0b 00 f0 f2	movk	x11, #0x8000, lsl #48
10000592c:	29 01 0b 8a	and	x9, x9, x11
100005930:	c9 00 00 b4	cbz	x9, 0x100005948
100005934:	4a 41 00 d1	sub	x10, x10, #0x10
100005938:	49 fd 5f c8	ldaxr	x9, [x10]
10000593c:	29 05 00 91	add	x9, x9, #0x1
100005940:	49 fd 0b c8	stlxr	w11, x9, [x10]
100005944:	ab ff ff 35	cbnz	w11, 0x100005938
100005948:	e9 7f 41 f9	ldr	x9, [sp, #0x2f8]
10000594c:	2b 05 00 91	add	x11, x9, #0x1
100005950:	eb 4b 01 f9	str	x11, [sp, #0x290]
100005954:	f0 03 0b aa	mov	x16, x11
100005958:	e9 03 10 aa	mov	x9, x16
10000595c:	e9 7f 01 f9	str	x9, [sp, #0x2f8]
100005960:	f1 03 09 aa	mov	x17, x9
100005964:	dc ff ff 17	b	0x1000058d4
100005968:	09 00 e0 d2	movz	x9, #0x0, lsl #48
10000596c:	e9 57 01 f9	str	x9, [sp, #0x2a8]
100005970:	f0 03 09 aa	mov	x16, x9
100005974:	e9 83 41 f9	ldr	x9, [sp, #0x300]
100005978:	ea 57 41 f9	ldr	x10, [sp, #0x2a8]
10000597c:	3f 01 0a eb	cmp	x9, x10
100005980:	0b 00 80 52	mov	w11, #0x0
100005984:	40 00 00 54	b.eq	0x10000598c
100005988:	2b 00 80 52	mov	w11, #0x1
10000598c:	eb 5b 01 f9	str	x11, [sp, #0x2b0]
100005990:	f1 03 0b aa	mov	x17, x11
100005994:	e9 5b 41 f9	ldr	x9, [sp, #0x2b0]
100005998:	89 11 00 34	cbz	w9, 0x100005bc8
10000599c:	e9 83 41 f9	ldr	x9, [sp, #0x300]
1000059a0:	2b 05 00 d1	sub	x11, x9, #0x1
1000059a4:	eb 63 01 f9	str	x11, [sp, #0x2c0]
1000059a8:	f0 03 0b aa	mov	x16, x11
1000059ac:	ea 4f 41 f9	ldr	x10, [sp, #0x298]
1000059b0:	4d 01 40 f9	ldr	x13, [x10]
1000059b4:	e9 63 41 f9	ldr	x9, [sp, #0x2c0]
1000059b8:	3f 01 1f eb	cmp	x9, xzr
1000059bc:	4a 00 00 54	b.ge	0x1000059c4
1000059c0:	29 01 0d 8b	add	x9, x9, x13
1000059c4:	3f 01 1f eb	cmp	x9, xzr
1000059c8:	0b 01 00 54	b.lt	0x1000059e8
1000059cc:	3f 01 0d eb	cmp	x9, x13
1000059d0:	ca 00 00 54	b.ge	0x1000059e8
1000059d4:	4a a1 00 91	add	x10, x10, #0x28
1000059d8:	4a 0d 09 8b	add	x10, x10, x9, lsl #3
1000059dc:	4c 01 40 f9	ldr	x12, [x10]
1000059e0:	ec 67 01 f9	str	x12, [sp, #0x2c8]
1000059e4:	62 00 00 14	b	0x100005b6c
1000059e8:	ed 67 01 f9	str	x13, [sp, #0x2c8]
1000059ec:	40 00 80 52	mov	w0, #0x2
1000059f0:	21 00 00 b0	adrp	x1, 5 ; 0x10000a000
1000059f4:	21 c0 0d 91	add	x1, x1, #0x370
1000059f8:	c2 13 80 d2	mov	x2, #0x9e
1000059fc:	02 00 a0 f2	movk	x2, #0x0, lsl #16
100005a00:	02 00 c0 f2	movk	x2, #0x0, lsl #32
100005a04:	02 00 e0 f2	movk	x2, #0x0, lsl #48
100005a08:	90 00 80 52	mov	w16, #0x4
100005a0c:	01 10 00 d4	svc	#0x80
100005a10:	e9 63 41 f9	ldr	x9, [sp, #0x2c0]
100005a14:	ff 83 00 d1	sub	sp, sp, #0x20
100005a18:	eb 83 00 91	add	x11, sp, #0x20
100005a1c:	0c 00 80 52	mov	w12, #0x0
100005a20:	c9 00 00 b5	cbnz	x9, 0x100005a38
100005a24:	6b 05 00 d1	sub	x11, x11, #0x1
100005a28:	0a 06 80 52	mov	w10, #0x30
100005a2c:	6a 01 00 39	strb	w10, [x11]
100005a30:	8c 05 00 91	add	x12, x12, #0x1
100005a34:	16 00 00 14	b	0x100005a8c
100005a38:	03 00 80 52	mov	w3, #0x0
100005a3c:	3f 01 1f eb	cmp	x9, xzr
100005a40:	6b 00 00 54	b.lt	0x100005a4c
100005a44:	e9 03 09 eb	negs	x9, x9
100005a48:	02 00 00 14	b	0x100005a50
100005a4c:	23 00 80 52	mov	w3, #0x1
100005a50:	4a 01 80 52	mov	w10, #0xa
100005a54:	24 0d ca 9a	sdiv	x4, x9, x10
100005a58:	85 a4 0a 9b	msub	x5, x4, x10, x9
100005a5c:	06 06 80 52	mov	w6, #0x30
100005a60:	c6 00 05 eb	subs	x6, x6, x5
100005a64:	6b 05 00 d1	sub	x11, x11, #0x1
100005a68:	66 01 00 39	strb	w6, [x11]
100005a6c:	8c 05 00 91	add	x12, x12, #0x1
100005a70:	e9 03 04 aa	mov	x9, x4
100005a74:	e9 fe ff b5	cbnz	x9, 0x100005a50
100005a78:	a3 00 00 34	cbz	w3, 0x100005a8c
100005a7c:	6b 05 00 d1	sub	x11, x11, #0x1
100005a80:	aa 05 80 52	mov	w10, #0x2d
100005a84:	6a 01 00 39	strb	w10, [x11]
100005a88:	8c 05 00 91	add	x12, x12, #0x1
100005a8c:	40 00 80 52	mov	w0, #0x2
100005a90:	e1 03 0b aa	mov	x1, x11
100005a94:	e2 03 0c aa	mov	x2, x12
100005a98:	90 00 80 52	mov	w16, #0x4
100005a9c:	01 10 00 d4	svc	#0x80
100005aa0:	ff 83 00 91	add	sp, sp, #0x20
100005aa4:	40 00 80 52	mov	w0, #0x2
100005aa8:	21 00 00 b0	adrp	x1, 5 ; 0x10000a000
100005aac:	21 60 00 91	add	x1, x1, #0x18
100005ab0:	82 03 80 d2	mov	x2, #0x1c
100005ab4:	02 00 a0 f2	movk	x2, #0x0, lsl #16
100005ab8:	02 00 c0 f2	movk	x2, #0x0, lsl #32
100005abc:	02 00 e0 f2	movk	x2, #0x0, lsl #48
100005ac0:	90 00 80 52	mov	w16, #0x4
100005ac4:	01 10 00 d4	svc	#0x80
100005ac8:	e9 67 41 f9	ldr	x9, [sp, #0x2c8]
100005acc:	ff 83 00 d1	sub	sp, sp, #0x20
100005ad0:	eb 7f 00 91	add	x11, sp, #0x1f
100005ad4:	4a 01 80 52	mov	w10, #0xa
100005ad8:	6a 01 00 39	strb	w10, [x11]
100005adc:	2c 00 80 52	mov	w12, #0x1
100005ae0:	c9 00 00 b5	cbnz	x9, 0x100005af8
100005ae4:	6b 05 00 d1	sub	x11, x11, #0x1
100005ae8:	0a 06 80 52	mov	w10, #0x30
100005aec:	6a 01 00 39	strb	w10, [x11]
100005af0:	8c 05 00 91	add	x12, x12, #0x1
100005af4:	16 00 00 14	b	0x100005b4c
100005af8:	03 00 80 52	mov	w3, #0x0
100005afc:	3f 01 1f eb	cmp	x9, xzr
100005b00:	6b 00 00 54	b.lt	0x100005b0c
100005b04:	e9 03 09 eb	negs	x9, x9
100005b08:	02 00 00 14	b	0x100005b10
100005b0c:	23 00 80 52	mov	w3, #0x1
100005b10:	4a 01 80 52	mov	w10, #0xa
100005b14:	24 0d ca 9a	sdiv	x4, x9, x10
100005b18:	85 a4 0a 9b	msub	x5, x4, x10, x9
100005b1c:	06 06 80 52	mov	w6, #0x30
100005b20:	c6 00 05 eb	subs	x6, x6, x5
100005b24:	6b 05 00 d1	sub	x11, x11, #0x1
100005b28:	66 01 00 39	strb	w6, [x11]
100005b2c:	8c 05 00 91	add	x12, x12, #0x1
100005b30:	e9 03 04 aa	mov	x9, x4
100005b34:	e9 fe ff b5	cbnz	x9, 0x100005b10
100005b38:	a3 00 00 34	cbz	w3, 0x100005b4c
100005b3c:	6b 05 00 d1	sub	x11, x11, #0x1
100005b40:	aa 05 80 52	mov	w10, #0x2d
100005b44:	6a 01 00 39	strb	w10, [x11]
100005b48:	8c 05 00 91	add	x12, x12, #0x1
100005b4c:	40 00 80 52	mov	w0, #0x2
100005b50:	e1 03 0b aa	mov	x1, x11
100005b54:	e2 03 0c aa	mov	x2, x12
100005b58:	90 00 80 52	mov	w16, #0x4
100005b5c:	01 10 00 d4	svc	#0x80
100005b60:	ff 83 00 91	add	sp, sp, #0x20
100005b64:	68 00 80 52	mov	w8, #0x3
100005b68:	38 00 00 14	b	0x100005c48
100005b6c:	ea 67 41 f9	ldr	x10, [sp, #0x2c8]
100005b70:	49 01 40 f9	ldr	x9, [x10]
100005b74:	0b 00 80 d2	mov	x11, #0x0
100005b78:	0b 00 a0 f2	movk	x11, #0x0, lsl #16
100005b7c:	0b 00 c0 f2	movk	x11, #0x0, lsl #32
100005b80:	0b 00 f0 f2	movk	x11, #0x8000, lsl #48
100005b84:	29 01 0b 8a	and	x9, x9, x11
100005b88:	89 01 00 b4	cbz	x9, 0x100005bb8
100005b8c:	4a 41 00 d1	sub	x10, x10, #0x10
100005b90:	49 fd 5f c8	ldaxr	x9, [x10]
100005b94:	29 01 00 b4	cbz	x9, 0x100005bb8
100005b98:	29 05 00 d1	sub	x9, x9, #0x1
100005b9c:	49 fd 0b c8	stlxr	w11, x9, [x10]
100005ba0:	8b ff ff 35	cbnz	w11, 0x100005b90
100005ba4:	a9 00 00 b5	cbnz	x9, 0x100005bb8
100005ba8:	41 05 40 f9	ldr	x1, [x10, #0x8]
100005bac:	e0 03 0a aa	mov	x0, x10
100005bb0:	30 09 80 52	mov	w16, #0x49
100005bb4:	01 10 00 d4	svc	#0x80
100005bb8:	e9 63 41 f9	ldr	x9, [sp, #0x2c0]
100005bbc:	e9 83 01 f9	str	x9, [sp, #0x300]
100005bc0:	f0 03 09 aa	mov	x16, x9
100005bc4:	69 ff ff 17	b	0x100005968
100005bc8:	ea 4f 41 f9	ldr	x10, [sp, #0x298]
100005bcc:	4e 21 00 91	add	x14, x10, #0x8
100005bd0:	c9 fd 5f c8	ldaxr	x9, [x14]
100005bd4:	c9 02 00 b4	cbz	x9, 0x100005c2c
100005bd8:	29 05 00 d1	sub	x9, x9, #0x1
100005bdc:	c9 fd 0b c8	stlxr	w11, x9, [x14]
100005be0:	8b ff ff 35	cbnz	w11, 0x100005bd0
100005be4:	4b 09 40 f9	ldr	x11, [x10, #0x10]
100005be8:	29 01 0b 8b	add	x9, x9, x11
100005bec:	09 02 00 b5	cbnz	x9, 0x100005c2c
100005bf0:	4e 81 00 91	add	x14, x10, #0x20
100005bf4:	c9 fd 5f c8	ldaxr	x9, [x14]
100005bf8:	4b 00 80 d2	mov	x11, #0x2
100005bfc:	3f 01 0b eb	cmp	x9, x11
100005c00:	a0 ff ff 54	b.eq	0x100005bf4
100005c04:	2b 00 80 d2	mov	x11, #0x1
100005c08:	3f 01 0b eb	cmp	x9, x11
100005c0c:	00 01 00 54	b.eq	0x100005c2c
100005c10:	29 00 80 d2	mov	x9, #0x1
100005c14:	c9 fd 0b c8	stlxr	w11, x9, [x14]
100005c18:	eb fe ff 35	cbnz	w11, 0x100005bf4
100005c1c:	41 0d 40 f9	ldr	x1, [x10, #0x18]
100005c20:	e0 03 0a aa	mov	x0, x10
100005c24:	30 09 80 52	mov	w16, #0x49
100005c28:	01 10 00 d4	svc	#0x80
100005c2c:	ee 03 40 f9	ldr	x14, [sp]
100005c30:	e9 1f 41 f9	ldr	x9, [sp, #0x238]
100005c34:	c9 01 00 f9	str	x9, [x14]
100005c38:	e9 23 41 f9	ldr	x9, [sp, #0x240]
100005c3c:	c9 05 00 f9	str	x9, [x14, #0x8]
100005c40:	00 00 80 d2	mov	x0, #0x0
100005c44:	08 00 80 52	mov	w8, #0x0
100005c48:	ff 43 0c 91	add	sp, sp, #0x310
100005c4c:	fd 7b c1 a8	ldp	x29, x30, [sp], #0x10
100005c50:	c0 03 5f d6	ret
100005c54:	28 00 80 52	mov	w8, #0x1
100005c58:	fc ff ff 17	b	0x100005c48
100005c5c:	48 00 80 52	mov	w8, #0x2
100005c60:	fa ff ff 17	b	0x100005c48
_silex_function_11:
100005c64:	fd 7b bf a9	stp	x29, x30, [sp, #-0x10]!
100005c68:	fd 03 00 91	mov	x29, sp
100005c6c:	ff 83 03 d1	sub	sp, sp, #0xe0
100005c70:	e0 03 00 f9	str	x0, [sp]
100005c74:	01 00 88 d2	mov	x1, #0x4000
100005c78:	00 00 80 52	mov	w0, #0x0
100005c7c:	62 00 80 52	mov	w2, #0x3
100005c80:	43 00 82 52	mov	w3, #0x1002
100005c84:	e4 ff 9f d2	mov	x4, #0xffff
100005c88:	e4 ff bf f2	movk	x4, #0xffff, lsl #16
100005c8c:	e4 ff df f2	movk	x4, #0xffff, lsl #32
100005c90:	e4 ff ff f2	movk	x4, #0xffff, lsl #48
100005c94:	05 00 80 52	mov	w5, #0x0
100005c98:	b0 18 80 52	mov	w16, #0xc5
100005c9c:	01 10 00 d4	svc	#0x80
100005ca0:	62 01 00 54	b.hs	0x100005ccc
100005ca4:	ef 03 00 aa	mov	x15, x0
100005ca8:	09 00 80 d2	mov	x9, #0x0
100005cac:	e9 01 00 f9	str	x9, [x15]
100005cb0:	29 00 80 d2	mov	x9, #0x1
100005cb4:	e9 05 00 f9	str	x9, [x15, #0x8]
100005cb8:	09 00 88 d2	mov	x9, #0x4000
100005cbc:	e9 0d 00 f9	str	x9, [x15, #0x18]
100005cc0:	ee a1 00 91	add	x14, x15, #0x28
100005cc4:	ef 07 00 f9	str	x15, [sp, #0x8]
100005cc8:	03 00 00 14	b	0x100005cd4
100005ccc:	68 00 80 52	mov	w8, #0x3
100005cd0:	71 01 00 14	b	0x100006294
100005cd4:	e9 07 40 f9	ldr	x9, [sp, #0x8]
100005cd8:	e9 6f 00 f9	str	x9, [sp, #0xd8]
100005cdc:	f0 03 09 aa	mov	x16, x9
100005ce0:	09 00 e0 d2	movz	x9, #0x0, lsl #48
100005ce4:	e9 0b 00 f9	str	x9, [sp, #0x10]
100005ce8:	f1 03 09 aa	mov	x17, x9
100005cec:	e9 03 11 aa	mov	x9, x17
100005cf0:	e9 6b 00 f9	str	x9, [sp, #0xd0]
100005cf4:	f0 03 09 aa	mov	x16, x9
100005cf8:	09 00 82 d2	mov	x9, #0x1000
100005cfc:	e9 0f 00 f9	str	x9, [sp, #0x18]
100005d00:	f0 03 09 aa	mov	x16, x9
100005d04:	e9 6b 40 f9	ldr	x9, [sp, #0xd0]
100005d08:	ea 0f 40 f9	ldr	x10, [sp, #0x18]
100005d0c:	3f 01 0a eb	cmp	x9, x10
100005d10:	0b 00 80 52	mov	w11, #0x0
100005d14:	42 00 00 54	b.hs	0x100005d1c
100005d18:	2b 00 80 52	mov	w11, #0x1
100005d1c:	eb 13 00 f9	str	x11, [sp, #0x20]
100005d20:	f1 03 0b aa	mov	x17, x11
100005d24:	e9 13 40 f9	ldr	x9, [sp, #0x20]
100005d28:	a9 02 00 34	cbz	w9, 0x100005d7c
100005d2c:	e9 03 40 f9	ldr	x9, [sp]
100005d30:	ea 6b 40 f9	ldr	x10, [sp, #0xd0]
100005d34:	29 01 0a 8b	add	x9, x9, x10
100005d38:	29 01 40 39	ldrb	w9, [x9]
100005d3c:	e9 17 00 f9	str	x9, [sp, #0x28]
100005d40:	09 00 e0 d2	movz	x9, #0x0, lsl #48
100005d44:	e9 1b 00 f9	str	x9, [sp, #0x30]
100005d48:	f0 03 09 aa	mov	x16, x9
100005d4c:	e9 17 40 f9	ldr	x9, [sp, #0x28]
100005d50:	ea 1b 40 f9	ldr	x10, [sp, #0x30]
100005d54:	3f 01 0a eb	cmp	x9, x10
100005d58:	0b 00 80 52	mov	w11, #0x0
100005d5c:	41 00 00 54	b.ne	0x100005d64
100005d60:	2b 00 80 52	mov	w11, #0x1
100005d64:	eb 1f 00 f9	str	x11, [sp, #0x38]
100005d68:	f1 03 0b aa	mov	x17, x11
100005d6c:	e9 1f 40 f9	ldr	x9, [sp, #0x38]
100005d70:	49 00 00 34	cbz	w9, 0x100005d78
100005d74:	24 00 00 14	b	0x100005e04
100005d78:	c1 00 00 14	b	0x10000607c
100005d7c:	29 00 00 d0	adrp	x9, 6 ; 0x10000b000
100005d80:	29 81 1a 91	add	x9, x9, #0x6a0
100005d84:	e9 67 00 f9	str	x9, [sp, #0xc8]
100005d88:	40 00 80 52	mov	w0, #0x2
100005d8c:	21 00 00 d0	adrp	x1, 6 ; 0x10000b000
100005d90:	21 60 1b 91	add	x1, x1, #0x6d8
100005d94:	a2 13 80 d2	mov	x2, #0x9d
100005d98:	02 00 a0 f2	movk	x2, #0x0, lsl #16
100005d9c:	02 00 c0 f2	movk	x2, #0x0, lsl #32
100005da0:	02 00 e0 f2	movk	x2, #0x0, lsl #48
100005da4:	90 00 80 52	mov	w16, #0x4
100005da8:	01 10 00 d4	svc	#0x80
100005dac:	e9 67 40 f9	ldr	x9, [sp, #0xc8]
100005db0:	22 01 40 f9	ldr	x2, [x9]
100005db4:	ea ff 9f d2	mov	x10, #0xffff
100005db8:	ea ff bf f2	movk	x10, #0xffff, lsl #16
100005dbc:	ea ff df f2	movk	x10, #0xffff, lsl #32
100005dc0:	ea ff ef f2	movk	x10, #0x7fff, lsl #48
100005dc4:	42 00 0a 8a	and	x2, x2, x10
100005dc8:	21 21 00 91	add	x1, x9, #0x8
100005dcc:	40 00 80 52	mov	w0, #0x2
100005dd0:	90 00 80 52	mov	w16, #0x4
100005dd4:	01 10 00 d4	svc	#0x80
100005dd8:	40 00 80 52	mov	w0, #0x2
100005ddc:	21 00 00 90	adrp	x1, 4 ; 0x100009000
100005de0:	21 40 3c 91	add	x1, x1, #0xf10
100005de4:	22 00 80 d2	mov	x2, #0x1
100005de8:	02 00 a0 f2	movk	x2, #0x0, lsl #16
100005dec:	02 00 c0 f2	movk	x2, #0x0, lsl #32
100005df0:	02 00 e0 f2	movk	x2, #0x0, lsl #48
100005df4:	90 00 80 52	mov	w16, #0x4
100005df8:	01 10 00 d4	svc	#0x80
100005dfc:	68 00 80 52	mov	w8, #0x3
100005e00:	25 01 00 14	b	0x100006294
100005e04:	e9 6f 40 f9	ldr	x9, [sp, #0xd8]
100005e08:	e9 23 00 f9	str	x9, [sp, #0x40]
100005e0c:	f0 03 09 aa	mov	x16, x9
100005e10:	09 00 e0 d2	movz	x9, #0x0, lsl #48
100005e14:	e9 27 00 f9	str	x9, [sp, #0x48]
100005e18:	f1 03 09 aa	mov	x17, x9
100005e1c:	e9 6f 40 f9	ldr	x9, [sp, #0xd8]
100005e20:	e9 2b 00 f9	str	x9, [sp, #0x50]
100005e24:	f0 03 09 aa	mov	x16, x9
100005e28:	e9 2b 40 f9	ldr	x9, [sp, #0x50]
100005e2c:	2a 01 40 f9	ldr	x10, [x9]
100005e30:	ea 2f 00 f9	str	x10, [sp, #0x58]
100005e34:	ea 23 40 f9	ldr	x10, [sp, #0x40]
100005e38:	4d 01 40 f9	ldr	x13, [x10]
100005e3c:	4a a1 00 91	add	x10, x10, #0x28
100005e40:	e9 27 40 f9	ldr	x9, [sp, #0x48]
100005e44:	3f 01 1f eb	cmp	x9, xzr
100005e48:	4a 00 00 54	b.ge	0x100005e50
100005e4c:	29 01 0d 8b	add	x9, x9, x13
100005e50:	3f 01 1f eb	cmp	x9, xzr
100005e54:	4a 00 00 54	b.ge	0x100005e5c
100005e58:	09 00 80 52	mov	w9, #0x0
100005e5c:	3f 01 0d eb	cmp	x9, x13
100005e60:	4d 00 00 54	b.le	0x100005e68
100005e64:	e9 03 0d aa	mov	x9, x13
100005e68:	e8 2f 40 f9	ldr	x8, [sp, #0x58]
100005e6c:	1f 01 1f eb	cmp	x8, xzr
100005e70:	4a 00 00 54	b.ge	0x100005e78
100005e74:	08 01 0d 8b	add	x8, x8, x13
100005e78:	1f 01 1f eb	cmp	x8, xzr
100005e7c:	4a 00 00 54	b.ge	0x100005e84
100005e80:	08 00 80 52	mov	w8, #0x0
100005e84:	1f 01 0d eb	cmp	x8, x13
100005e88:	4d 00 00 54	b.le	0x100005e90
100005e8c:	e8 03 0d aa	mov	x8, x13
100005e90:	0c 00 80 52	mov	w12, #0x0
100005e94:	3f 01 08 eb	cmp	x9, x8
100005e98:	4a 00 00 54	b.ge	0x100005ea0
100005e9c:	0c 01 09 eb	subs	x12, x8, x9
100005ea0:	0b 01 80 d2	mov	x11, #0x8
100005ea4:	29 7d 0b 9b	mul	x9, x9, x11
100005ea8:	4a 01 09 8b	add	x10, x10, x9
100005eac:	ea 33 00 f9	str	x10, [sp, #0x60]
100005eb0:	ec 37 00 f9	str	x12, [sp, #0x68]
100005eb4:	e0 33 40 f9	ldr	x0, [sp, #0x60]
100005eb8:	e1 37 40 f9	ldr	x1, [sp, #0x68]
100005ebc:	ef c3 01 91	add	x15, sp, #0x70
100005ec0:	fc 00 00 94	bl	_silex_function_12
100005ec4:	88 1e 00 35	cbnz	w8, 0x100006294
100005ec8:	e9 3b 40 f9	ldr	x9, [sp, #0x70]
100005ecc:	0a 00 e0 d2	movz	x10, #0x0, lsl #48
100005ed0:	3f 01 0a eb	cmp	x9, x10
100005ed4:	0b 00 80 52	mov	w11, #0x0
100005ed8:	41 00 00 54	b.ne	0x100005ee0
100005edc:	2b 00 80 52	mov	w11, #0x1
100005ee0:	eb 47 00 f9	str	x11, [sp, #0x88]
100005ee4:	e9 47 40 f9	ldr	x9, [sp, #0x88]
100005ee8:	69 08 00 34	cbz	w9, 0x100005ff4
100005eec:	e9 3f 40 f9	ldr	x9, [sp, #0x78]
100005ef0:	e9 4b 00 f9	str	x9, [sp, #0x90]
100005ef4:	f0 03 09 aa	mov	x16, x9
100005ef8:	ea 4b 40 f9	ldr	x10, [sp, #0x90]
100005efc:	49 01 40 f9	ldr	x9, [x10]
100005f00:	0b 00 80 d2	mov	x11, #0x0
100005f04:	0b 00 a0 f2	movk	x11, #0x0, lsl #16
100005f08:	0b 00 c0 f2	movk	x11, #0x0, lsl #32
100005f0c:	0b 00 f0 f2	movk	x11, #0x8000, lsl #48
100005f10:	29 01 0b 8a	and	x9, x9, x11
100005f14:	c9 00 00 b4	cbz	x9, 0x100005f2c
100005f18:	4a 41 00 d1	sub	x10, x10, #0x10
100005f1c:	49 fd 5f c8	ldaxr	x9, [x10]
100005f20:	29 05 00 91	add	x9, x9, #0x1
100005f24:	49 fd 0b c8	stlxr	w11, x9, [x10]
100005f28:	ab ff ff 35	cbnz	w11, 0x100005f1c
100005f2c:	ea 4b 40 f9	ldr	x10, [sp, #0x90]
100005f30:	49 01 40 f9	ldr	x9, [x10]
100005f34:	0b 00 80 d2	mov	x11, #0x0
100005f38:	0b 00 a0 f2	movk	x11, #0x0, lsl #16
100005f3c:	0b 00 c0 f2	movk	x11, #0x0, lsl #32
100005f40:	0b 00 f0 f2	movk	x11, #0x8000, lsl #48
100005f44:	29 01 0b 8a	and	x9, x9, x11
100005f48:	89 01 00 b4	cbz	x9, 0x100005f78
100005f4c:	4a 41 00 d1	sub	x10, x10, #0x10
100005f50:	49 fd 5f c8	ldaxr	x9, [x10]
100005f54:	29 01 00 b4	cbz	x9, 0x100005f78
100005f58:	29 05 00 d1	sub	x9, x9, #0x1
100005f5c:	49 fd 0b c8	stlxr	w11, x9, [x10]
100005f60:	8b ff ff 35	cbnz	w11, 0x100005f50
100005f64:	a9 00 00 b5	cbnz	x9, 0x100005f78
100005f68:	41 05 40 f9	ldr	x1, [x10, #0x8]
100005f6c:	e0 03 0a aa	mov	x0, x10
100005f70:	30 09 80 52	mov	w16, #0x49
100005f74:	01 10 00 d4	svc	#0x80
100005f78:	e9 6f 40 f9	ldr	x9, [sp, #0xd8]
100005f7c:	e9 4f 00 f9	str	x9, [sp, #0x98]
100005f80:	f0 03 09 aa	mov	x16, x9
100005f84:	ea 4f 40 f9	ldr	x10, [sp, #0x98]
100005f88:	4e 21 00 91	add	x14, x10, #0x8
100005f8c:	c9 fd 5f c8	ldaxr	x9, [x14]
100005f90:	c9 02 00 b4	cbz	x9, 0x100005fe8
100005f94:	29 05 00 d1	sub	x9, x9, #0x1
100005f98:	c9 fd 0b c8	stlxr	w11, x9, [x14]
100005f9c:	8b ff ff 35	cbnz	w11, 0x100005f8c
100005fa0:	4b 09 40 f9	ldr	x11, [x10, #0x10]
100005fa4:	29 01 0b 8b	add	x9, x9, x11
100005fa8:	09 02 00 b5	cbnz	x9, 0x100005fe8
100005fac:	4e 81 00 91	add	x14, x10, #0x20
100005fb0:	c9 fd 5f c8	ldaxr	x9, [x14]
100005fb4:	4b 00 80 d2	mov	x11, #0x2
100005fb8:	3f 01 0b eb	cmp	x9, x11
100005fbc:	a0 ff ff 54	b.eq	0x100005fb0
100005fc0:	2b 00 80 d2	mov	x11, #0x1
100005fc4:	3f 01 0b eb	cmp	x9, x11
100005fc8:	00 01 00 54	b.eq	0x100005fe8
100005fcc:	29 00 80 d2	mov	x9, #0x1
100005fd0:	c9 fd 0b c8	stlxr	w11, x9, [x14]
100005fd4:	eb fe ff 35	cbnz	w11, 0x100005fb0
100005fd8:	41 0d 40 f9	ldr	x1, [x10, #0x18]
100005fdc:	e0 03 0a aa	mov	x0, x10
100005fe0:	30 09 80 52	mov	w16, #0x49
100005fe4:	01 10 00 d4	svc	#0x80
100005fe8:	e0 4b 40 f9	ldr	x0, [sp, #0x90]
100005fec:	08 00 80 52	mov	w8, #0x0
100005ff0:	a9 00 00 14	b	0x100006294
100005ff4:	29 00 00 d0	adrp	x9, 6 ; 0x10000b000
100005ff8:	29 e1 1d 91	add	x9, x9, #0x778
100005ffc:	e9 53 00 f9	str	x9, [sp, #0xa0]
100006000:	40 00 80 52	mov	w0, #0x2
100006004:	21 00 00 b0	adrp	x1, 5 ; 0x10000b000
100006008:	21 e0 1e 91	add	x1, x1, #0x7b8
10000600c:	c2 13 80 d2	mov	x2, #0x9e
100006010:	02 00 a0 f2	movk	x2, #0x0, lsl #16
100006014:	02 00 c0 f2	movk	x2, #0x0, lsl #32
100006018:	02 00 e0 f2	movk	x2, #0x0, lsl #48
10000601c:	90 00 80 52	mov	w16, #0x4
100006020:	01 10 00 d4	svc	#0x80
100006024:	e9 53 40 f9	ldr	x9, [sp, #0xa0]
100006028:	22 01 40 f9	ldr	x2, [x9]
10000602c:	ea ff 9f d2	mov	x10, #0xffff
100006030:	ea ff bf f2	movk	x10, #0xffff, lsl #16
100006034:	ea ff df f2	movk	x10, #0xffff, lsl #32
100006038:	ea ff ef f2	movk	x10, #0x7fff, lsl #48
10000603c:	42 00 0a 8a	and	x2, x2, x10
100006040:	21 21 00 91	add	x1, x9, #0x8
100006044:	40 00 80 52	mov	w0, #0x2
100006048:	90 00 80 52	mov	w16, #0x4
10000604c:	01 10 00 d4	svc	#0x80
100006050:	40 00 80 52	mov	w0, #0x2
100006054:	01 00 00 f0	adrp	x1, 3 ; 0x100009000
100006058:	21 40 3c 91	add	x1, x1, #0xf10
10000605c:	22 00 80 d2	mov	x2, #0x1
100006060:	02 00 a0 f2	movk	x2, #0x0, lsl #16
100006064:	02 00 c0 f2	movk	x2, #0x0, lsl #32
100006068:	02 00 e0 f2	movk	x2, #0x0, lsl #48
10000606c:	90 00 80 52	mov	w16, #0x4
100006070:	01 10 00 d4	svc	#0x80
100006074:	68 00 80 52	mov	w8, #0x3
100006078:	87 00 00 14	b	0x100006294
10000607c:	e9 6f 40 f9	ldr	x9, [sp, #0xd8]
100006080:	e9 57 00 f9	str	x9, [sp, #0xa8]
100006084:	f0 03 09 aa	mov	x16, x9
100006088:	ea 57 40 f9	ldr	x10, [sp, #0xa8]
10000608c:	4d 01 40 f9	ldr	x13, [x10]
100006090:	09 00 80 52	mov	w9, #0x0
100006094:	ec 03 0d aa	mov	x12, x13
100006098:	8c 05 00 91	add	x12, x12, #0x1
10000609c:	4b 05 40 f9	ldr	x11, [x10, #0x8]
1000060a0:	45 09 40 f9	ldr	x5, [x10, #0x10]
1000060a4:	6b 01 05 8b	add	x11, x11, x5
1000060a8:	25 00 80 d2	mov	x5, #0x1
1000060ac:	7f 01 05 eb	cmp	x11, x5
1000060b0:	01 02 00 54	b.ne	0x1000060f0
1000060b4:	0b 01 80 d2	mov	x11, #0x8
1000060b8:	85 7d 0b 9b	mul	x5, x12, x11
1000060bc:	a5 a0 00 91	add	x5, x5, #0x28
1000060c0:	4b 0d 40 f9	ldr	x11, [x10, #0x18]
1000060c4:	bf 00 0b eb	cmp	x5, x11
1000060c8:	48 01 00 54	b.hi	0x1000060f0
1000060cc:	4e a1 00 91	add	x14, x10, #0x28
1000060d0:	0b 01 80 d2	mov	x11, #0x8
1000060d4:	a5 7d 0b 9b	mul	x5, x13, x11
1000060d8:	ce 01 05 8b	add	x14, x14, x5
1000060dc:	e5 17 40 f9	ldr	x5, [sp, #0x28]
1000060e0:	c5 01 00 f9	str	x5, [x14]
1000060e4:	4c 01 00 f9	str	x12, [x10]
1000060e8:	ea 5b 00 f9	str	x10, [sp, #0xb0]
1000060ec:	5b 00 00 14	b	0x100006258
1000060f0:	ff c3 00 d1	sub	sp, sp, #0x30
1000060f4:	ea 03 00 f9	str	x10, [sp]
1000060f8:	ed 07 00 f9	str	x13, [sp, #0x8]
1000060fc:	e9 0b 00 f9	str	x9, [sp, #0x10]
100006100:	ec 0f 00 f9	str	x12, [sp, #0x18]
100006104:	e7 13 00 f9	str	x7, [sp, #0x20]
100006108:	e6 17 00 f9	str	x6, [sp, #0x28]
10000610c:	0b 01 80 d2	mov	x11, #0x8
100006110:	81 7d 0b 9b	mul	x1, x12, x11
100006114:	21 a0 00 91	add	x1, x1, #0x28
100006118:	05 00 88 d2	mov	x5, #0x4000
10000611c:	3f 00 05 eb	cmp	x1, x5
100006120:	42 00 00 54	b.hs	0x100006128
100006124:	e1 03 05 aa	mov	x1, x5
100006128:	21 00 01 8b	add	x1, x1, x1
10000612c:	00 00 80 52	mov	w0, #0x0
100006130:	62 00 80 52	mov	w2, #0x3
100006134:	43 00 82 52	mov	w3, #0x1002
100006138:	e4 ff 9f d2	mov	x4, #0xffff
10000613c:	e4 ff bf f2	movk	x4, #0xffff, lsl #16
100006140:	e4 ff df f2	movk	x4, #0xffff, lsl #32
100006144:	e4 ff ff f2	movk	x4, #0xffff, lsl #48
100006148:	05 00 80 52	mov	w5, #0x0
10000614c:	b0 18 80 52	mov	w16, #0xc5
100006150:	01 10 00 d4	svc	#0x80
100006154:	42 08 00 54	b.hs	0x10000625c
100006158:	ef 03 00 aa	mov	x15, x0
10000615c:	ea 03 40 f9	ldr	x10, [sp]
100006160:	ed 07 40 f9	ldr	x13, [sp, #0x8]
100006164:	e9 0b 40 f9	ldr	x9, [sp, #0x10]
100006168:	ec 0f 40 f9	ldr	x12, [sp, #0x18]
10000616c:	e7 13 40 f9	ldr	x7, [sp, #0x20]
100006170:	e6 17 40 f9	ldr	x6, [sp, #0x28]
100006174:	ec 01 00 f9	str	x12, [x15]
100006178:	25 00 80 d2	mov	x5, #0x1
10000617c:	e5 05 00 f9	str	x5, [x15, #0x8]
100006180:	0b 01 80 d2	mov	x11, #0x8
100006184:	8b 7d 0b 9b	mul	x11, x12, x11
100006188:	6b a1 00 91	add	x11, x11, #0x28
10000618c:	05 00 88 d2	mov	x5, #0x4000
100006190:	7f 01 05 eb	cmp	x11, x5
100006194:	42 00 00 54	b.hs	0x10000619c
100006198:	eb 03 05 aa	mov	x11, x5
10000619c:	6b 01 0b 8b	add	x11, x11, x11
1000061a0:	eb 0d 00 f9	str	x11, [x15, #0x18]
1000061a4:	4a a1 00 91	add	x10, x10, #0x28
1000061a8:	ee a1 00 91	add	x14, x15, #0x28
1000061ac:	2b 00 80 d2	mov	x11, #0x1
1000061b0:	ac 7d 0b 9b	mul	x12, x13, x11
1000061b4:	ec 00 00 b4	cbz	x12, 0x1000061d0
1000061b8:	4b 01 40 f9	ldr	x11, [x10]
1000061bc:	cb 01 00 f9	str	x11, [x14]
1000061c0:	4a 21 00 91	add	x10, x10, #0x8
1000061c4:	ce 21 00 91	add	x14, x14, #0x8
1000061c8:	8c 05 00 d1	sub	x12, x12, #0x1
1000061cc:	6c ff ff b5	cbnz	x12, 0x1000061b8
1000061d0:	ff c3 00 91	add	sp, sp, #0x30
1000061d4:	e9 03 0d aa	mov	x9, x13
1000061d8:	ee a1 00 91	add	x14, x15, #0x28
1000061dc:	0b 01 80 d2	mov	x11, #0x8
1000061e0:	29 7d 0b 9b	mul	x9, x9, x11
1000061e4:	ce 01 09 8b	add	x14, x14, x9
1000061e8:	ec 17 40 f9	ldr	x12, [sp, #0x28]
1000061ec:	cc 01 00 f9	str	x12, [x14]
1000061f0:	ef 5b 00 f9	str	x15, [sp, #0xb0]
1000061f4:	ea 57 40 f9	ldr	x10, [sp, #0xa8]
1000061f8:	4e 21 00 91	add	x14, x10, #0x8
1000061fc:	c9 fd 5f c8	ldaxr	x9, [x14]
100006200:	c9 02 00 b4	cbz	x9, 0x100006258
100006204:	29 05 00 d1	sub	x9, x9, #0x1
100006208:	c9 fd 0b c8	stlxr	w11, x9, [x14]
10000620c:	8b ff ff 35	cbnz	w11, 0x1000061fc
100006210:	4b 09 40 f9	ldr	x11, [x10, #0x10]
100006214:	29 01 0b 8b	add	x9, x9, x11
100006218:	09 02 00 b5	cbnz	x9, 0x100006258
10000621c:	4e 81 00 91	add	x14, x10, #0x20
100006220:	c9 fd 5f c8	ldaxr	x9, [x14]
100006224:	4b 00 80 d2	mov	x11, #0x2
100006228:	3f 01 0b eb	cmp	x9, x11
10000622c:	a0 ff ff 54	b.eq	0x100006220
100006230:	2b 00 80 d2	mov	x11, #0x1
100006234:	3f 01 0b eb	cmp	x9, x11
100006238:	00 01 00 54	b.eq	0x100006258
10000623c:	29 00 80 d2	mov	x9, #0x1
100006240:	c9 fd 0b c8	stlxr	w11, x9, [x14]
100006244:	eb fe ff 35	cbnz	w11, 0x100006220
100006248:	41 0d 40 f9	ldr	x1, [x10, #0x18]
10000624c:	e0 03 0a aa	mov	x0, x10
100006250:	30 09 80 52	mov	w16, #0x49
100006254:	01 10 00 d4	svc	#0x80
100006258:	04 00 00 14	b	0x100006268
10000625c:	ff c3 00 91	add	sp, sp, #0x30
100006260:	68 00 80 52	mov	w8, #0x3
100006264:	0c 00 00 14	b	0x100006294
100006268:	e9 5b 40 f9	ldr	x9, [sp, #0xb0]
10000626c:	e9 6f 00 f9	str	x9, [sp, #0xd8]
100006270:	f0 03 09 aa	mov	x16, x9
100006274:	e9 6b 40 f9	ldr	x9, [sp, #0xd0]
100006278:	2b 05 00 91	add	x11, x9, #0x1
10000627c:	eb 63 00 f9	str	x11, [sp, #0xc0]
100006280:	f1 03 0b aa	mov	x17, x11
100006284:	e9 03 11 aa	mov	x9, x17
100006288:	e9 6b 00 f9	str	x9, [sp, #0xd0]
10000628c:	f0 03 09 aa	mov	x16, x9
100006290:	9a fe ff 17	b	0x100005cf8
100006294:	ff 83 03 91	add	sp, sp, #0xe0
100006298:	fd 7b c1 a8	ldp	x29, x30, [sp], #0x10
10000629c:	c0 03 5f d6	ret
1000062a0:	28 00 80 52	mov	w8, #0x1
1000062a4:	fc ff ff 17	b	0x100006294
1000062a8:	48 00 80 52	mov	w8, #0x2
1000062ac:	fa ff ff 17	b	0x100006294
_silex_function_12:
1000062b0:	fd 7b bf a9	stp	x29, x30, [sp, #-0x10]!
1000062b4:	fd 03 00 91	mov	x29, sp
1000062b8:	ff 43 0e d1	sub	sp, sp, #0x390
1000062bc:	ef 0b 00 f9	str	x15, [sp, #0x10]
1000062c0:	e0 03 00 f9	str	x0, [sp]
1000062c4:	e1 07 00 f9	str	x1, [sp, #0x8]
1000062c8:	09 00 e0 d2	movz	x9, #0x0, lsl #48
1000062cc:	e9 0f 00 f9	str	x9, [sp, #0x18]
1000062d0:	f0 03 09 aa	mov	x16, x9
1000062d4:	e9 03 10 aa	mov	x9, x16
1000062d8:	e9 bb 01 f9	str	x9, [sp, #0x370]
1000062dc:	f1 03 09 aa	mov	x17, x9
1000062e0:	ea 07 40 f9	ldr	x10, [sp, #0x8]
1000062e4:	ea 13 00 f9	str	x10, [sp, #0x20]
1000062e8:	e9 bb 41 f9	ldr	x9, [sp, #0x370]
1000062ec:	ea 13 40 f9	ldr	x10, [sp, #0x20]
1000062f0:	3f 01 0a eb	cmp	x9, x10
1000062f4:	0b 00 80 52	mov	w11, #0x0
1000062f8:	4a 00 00 54	b.ge	0x100006300
1000062fc:	2b 00 80 52	mov	w11, #0x1
100006300:	eb 17 00 f9	str	x11, [sp, #0x28]
100006304:	f0 03 0b aa	mov	x16, x11
100006308:	e9 17 40 f9	ldr	x9, [sp, #0x28]
10000630c:	e9 0f 00 34	cbz	w9, 0x100006508
100006310:	ea 03 40 f9	ldr	x10, [sp]
100006314:	ed 07 40 f9	ldr	x13, [sp, #0x8]
100006318:	e9 bb 41 f9	ldr	x9, [sp, #0x370]
10000631c:	3f 01 1f eb	cmp	x9, xzr
100006320:	4a 00 00 54	b.ge	0x100006328
100006324:	29 01 0d 8b	add	x9, x9, x13
100006328:	3f 01 1f eb	cmp	x9, xzr
10000632c:	eb 00 00 54	b.lt	0x100006348
100006330:	3f 01 0d eb	cmp	x9, x13
100006334:	aa 00 00 54	b.ge	0x100006348
100006338:	4a 0d 09 8b	add	x10, x10, x9, lsl #3
10000633c:	4c 01 40 f9	ldr	x12, [x10]
100006340:	ec 1b 00 f9	str	x12, [sp, #0x30]
100006344:	62 00 00 14	b	0x1000064cc
100006348:	ed 1b 00 f9	str	x13, [sp, #0x30]
10000634c:	40 00 80 52	mov	w0, #0x2
100006350:	21 00 00 b0	adrp	x1, 5 ; 0x10000b000
100006354:	21 60 24 91	add	x1, x1, #0x918
100006358:	42 14 80 d2	mov	x2, #0xa2
10000635c:	02 00 a0 f2	movk	x2, #0x0, lsl #16
100006360:	02 00 c0 f2	movk	x2, #0x0, lsl #32
100006364:	02 00 e0 f2	movk	x2, #0x0, lsl #48
100006368:	90 00 80 52	mov	w16, #0x4
10000636c:	01 10 00 d4	svc	#0x80
100006370:	e9 bb 41 f9	ldr	x9, [sp, #0x370]
100006374:	ff 83 00 d1	sub	sp, sp, #0x20
100006378:	eb 83 00 91	add	x11, sp, #0x20
10000637c:	0c 00 80 52	mov	w12, #0x0
100006380:	c9 00 00 b5	cbnz	x9, 0x100006398
100006384:	6b 05 00 d1	sub	x11, x11, #0x1
100006388:	0a 06 80 52	mov	w10, #0x30
10000638c:	6a 01 00 39	strb	w10, [x11]
100006390:	8c 05 00 91	add	x12, x12, #0x1
100006394:	16 00 00 14	b	0x1000063ec
100006398:	03 00 80 52	mov	w3, #0x0
10000639c:	3f 01 1f eb	cmp	x9, xzr
1000063a0:	6b 00 00 54	b.lt	0x1000063ac
1000063a4:	e9 03 09 eb	negs	x9, x9
1000063a8:	02 00 00 14	b	0x1000063b0
1000063ac:	23 00 80 52	mov	w3, #0x1
1000063b0:	4a 01 80 52	mov	w10, #0xa
1000063b4:	24 0d ca 9a	sdiv	x4, x9, x10
1000063b8:	85 a4 0a 9b	msub	x5, x4, x10, x9
1000063bc:	06 06 80 52	mov	w6, #0x30
1000063c0:	c6 00 05 eb	subs	x6, x6, x5
1000063c4:	6b 05 00 d1	sub	x11, x11, #0x1
1000063c8:	66 01 00 39	strb	w6, [x11]
1000063cc:	8c 05 00 91	add	x12, x12, #0x1
1000063d0:	e9 03 04 aa	mov	x9, x4
1000063d4:	e9 fe ff b5	cbnz	x9, 0x1000063b0
1000063d8:	a3 00 00 34	cbz	w3, 0x1000063ec
1000063dc:	6b 05 00 d1	sub	x11, x11, #0x1
1000063e0:	aa 05 80 52	mov	w10, #0x2d
1000063e4:	6a 01 00 39	strb	w10, [x11]
1000063e8:	8c 05 00 91	add	x12, x12, #0x1
1000063ec:	40 00 80 52	mov	w0, #0x2
1000063f0:	e1 03 0b aa	mov	x1, x11
1000063f4:	e2 03 0c aa	mov	x2, x12
1000063f8:	90 00 80 52	mov	w16, #0x4
1000063fc:	01 10 00 d4	svc	#0x80
100006400:	ff 83 00 91	add	sp, sp, #0x20
100006404:	40 00 80 52	mov	w0, #0x2
100006408:	21 00 00 90	adrp	x1, 4 ; 0x10000a000
10000640c:	21 60 00 91	add	x1, x1, #0x18
100006410:	82 03 80 d2	mov	x2, #0x1c
100006414:	02 00 a0 f2	movk	x2, #0x0, lsl #16
100006418:	02 00 c0 f2	movk	x2, #0x0, lsl #32
10000641c:	02 00 e0 f2	movk	x2, #0x0, lsl #48
100006420:	90 00 80 52	mov	w16, #0x4
100006424:	01 10 00 d4	svc	#0x80
100006428:	e9 1b 40 f9	ldr	x9, [sp, #0x30]
10000642c:	ff 83 00 d1	sub	sp, sp, #0x20
100006430:	eb 7f 00 91	add	x11, sp, #0x1f
100006434:	4a 01 80 52	mov	w10, #0xa
100006438:	6a 01 00 39	strb	w10, [x11]
10000643c:	2c 00 80 52	mov	w12, #0x1
100006440:	c9 00 00 b5	cbnz	x9, 0x100006458
100006444:	6b 05 00 d1	sub	x11, x11, #0x1
100006448:	0a 06 80 52	mov	w10, #0x30
10000644c:	6a 01 00 39	strb	w10, [x11]
100006450:	8c 05 00 91	add	x12, x12, #0x1
100006454:	16 00 00 14	b	0x1000064ac
100006458:	03 00 80 52	mov	w3, #0x0
10000645c:	3f 01 1f eb	cmp	x9, xzr
100006460:	6b 00 00 54	b.lt	0x10000646c
100006464:	e9 03 09 eb	negs	x9, x9
100006468:	02 00 00 14	b	0x100006470
10000646c:	23 00 80 52	mov	w3, #0x1
100006470:	4a 01 80 52	mov	w10, #0xa
100006474:	24 0d ca 9a	sdiv	x4, x9, x10
100006478:	85 a4 0a 9b	msub	x5, x4, x10, x9
10000647c:	06 06 80 52	mov	w6, #0x30
100006480:	c6 00 05 eb	subs	x6, x6, x5
100006484:	6b 05 00 d1	sub	x11, x11, #0x1
100006488:	66 01 00 39	strb	w6, [x11]
10000648c:	8c 05 00 91	add	x12, x12, #0x1
100006490:	e9 03 04 aa	mov	x9, x4
100006494:	e9 fe ff b5	cbnz	x9, 0x100006470
100006498:	a3 00 00 34	cbz	w3, 0x1000064ac
10000649c:	6b 05 00 d1	sub	x11, x11, #0x1
1000064a0:	aa 05 80 52	mov	w10, #0x2d
1000064a4:	6a 01 00 39	strb	w10, [x11]
1000064a8:	8c 05 00 91	add	x12, x12, #0x1
1000064ac:	40 00 80 52	mov	w0, #0x2
1000064b0:	e1 03 0b aa	mov	x1, x11
1000064b4:	e2 03 0c aa	mov	x2, x12
1000064b8:	90 00 80 52	mov	w16, #0x4
1000064bc:	01 10 00 d4	svc	#0x80
1000064c0:	ff 83 00 91	add	sp, sp, #0x20
1000064c4:	68 00 80 52	mov	w8, #0x3
1000064c8:	46 03 00 14	b	0x1000071e0
1000064cc:	e9 0f 80 d2	mov	x9, #0x7f
1000064d0:	e9 1f 00 f9	str	x9, [sp, #0x38]
1000064d4:	f0 03 09 aa	mov	x16, x9
1000064d8:	e9 1b 40 f9	ldr	x9, [sp, #0x30]
1000064dc:	ea 1f 40 f9	ldr	x10, [sp, #0x38]
1000064e0:	3f 01 0a eb	cmp	x9, x10
1000064e4:	0b 00 80 52	mov	w11, #0x0
1000064e8:	48 00 00 54	b.hi	0x1000064f0
1000064ec:	2b 00 80 52	mov	w11, #0x1
1000064f0:	eb 23 00 f9	str	x11, [sp, #0x40]
1000064f4:	f1 03 0b aa	mov	x17, x11
1000064f8:	e9 23 40 f9	ldr	x9, [sp, #0x40]
1000064fc:	49 00 00 34	cbz	w9, 0x100006504
100006500:	50 00 00 14	b	0x100006640
100006504:	58 00 00 14	b	0x100006664
100006508:	ea 03 40 f9	ldr	x10, [sp]
10000650c:	eb 07 40 f9	ldr	x11, [sp, #0x8]
100006510:	09 03 80 52	mov	w9, #0x18
100006514:	61 01 09 ab	adds	x1, x11, x9
100006518:	22 05 00 54	b.hs	0x1000065bc
10000651c:	ff 83 00 d1	sub	sp, sp, #0x20
100006520:	ea 03 00 f9	str	x10, [sp]
100006524:	eb 07 00 f9	str	x11, [sp, #0x8]
100006528:	00 00 80 52	mov	w0, #0x0
10000652c:	62 00 80 52	mov	w2, #0x3
100006530:	43 00 82 52	mov	w3, #0x1002
100006534:	e4 ff 9f d2	mov	x4, #0xffff
100006538:	e4 ff bf f2	movk	x4, #0xffff, lsl #16
10000653c:	e4 ff df f2	movk	x4, #0xffff, lsl #32
100006540:	e4 ff ff f2	movk	x4, #0xffff, lsl #48
100006544:	05 00 80 52	mov	w5, #0x0
100006548:	b0 18 80 52	mov	w16, #0xc5
10000654c:	01 10 00 d4	svc	#0x80
100006550:	42 03 00 54	b.hs	0x1000065b8
100006554:	ef 03 00 aa	mov	x15, x0
100006558:	ea 07 40 f9	ldr	x10, [sp, #0x8]
10000655c:	29 00 80 52	mov	w9, #0x1
100006560:	e9 01 00 f9	str	x9, [x15]
100006564:	49 61 00 91	add	x9, x10, #0x18
100006568:	e9 05 00 f9	str	x9, [x15, #0x8]
10000656c:	ef 41 00 91	add	x15, x15, #0x10
100006570:	09 00 80 d2	mov	x9, #0x0
100006574:	09 00 a0 f2	movk	x9, #0x0, lsl #16
100006578:	09 00 c0 f2	movk	x9, #0x0, lsl #32
10000657c:	09 00 f0 f2	movk	x9, #0x8000, lsl #48
100006580:	49 01 09 8b	add	x9, x10, x9
100006584:	e9 01 00 f9	str	x9, [x15]
100006588:	eb 03 40 f9	ldr	x11, [sp]
10000658c:	ec 21 00 91	add	x12, x15, #0x8
100006590:	ea 00 00 b4	cbz	x10, 0x1000065ac
100006594:	69 01 40 39	ldrb	w9, [x11]
100006598:	89 01 00 39	strb	w9, [x12]
10000659c:	6b 21 00 91	add	x11, x11, #0x8
1000065a0:	8c 05 00 91	add	x12, x12, #0x1
1000065a4:	4a 05 00 d1	sub	x10, x10, #0x1
1000065a8:	6a ff ff b5	cbnz	x10, 0x100006594
1000065ac:	ff 83 00 91	add	sp, sp, #0x20
1000065b0:	ef ab 01 f9	str	x15, [sp, #0x350]
1000065b4:	04 00 00 14	b	0x1000065c4
1000065b8:	ff 83 00 91	add	sp, sp, #0x20
1000065bc:	68 00 80 52	mov	w8, #0x3
1000065c0:	08 03 00 14	b	0x1000071e0
1000065c4:	ea ab 41 f9	ldr	x10, [sp, #0x350]
1000065c8:	49 01 40 f9	ldr	x9, [x10]
1000065cc:	0b 00 80 d2	mov	x11, #0x0
1000065d0:	0b 00 a0 f2	movk	x11, #0x0, lsl #16
1000065d4:	0b 00 c0 f2	movk	x11, #0x0, lsl #32
1000065d8:	0b 00 f0 f2	movk	x11, #0x8000, lsl #48
1000065dc:	29 01 0b 8a	and	x9, x9, x11
1000065e0:	c9 00 00 b4	cbz	x9, 0x1000065f8
1000065e4:	4a 41 00 d1	sub	x10, x10, #0x10
1000065e8:	49 fd 5f c8	ldaxr	x9, [x10]
1000065ec:	29 05 00 91	add	x9, x9, #0x1
1000065f0:	49 fd 0b c8	stlxr	w11, x9, [x10]
1000065f4:	ab ff ff 35	cbnz	w11, 0x1000065e8
1000065f8:	09 00 e0 d2	movz	x9, #0x0, lsl #48
1000065fc:	e9 af 01 f9	str	x9, [sp, #0x358]
100006600:	09 00 80 52	mov	w9, #0x0
100006604:	e9 b3 01 f9	str	x9, [sp, #0x360]
100006608:	09 00 80 52	mov	w9, #0x0
10000660c:	e9 b7 01 f9	str	x9, [sp, #0x368]
100006610:	e9 ab 41 f9	ldr	x9, [sp, #0x350]
100006614:	e9 b3 01 f9	str	x9, [sp, #0x360]
100006618:	ee 0b 40 f9	ldr	x14, [sp, #0x10]
10000661c:	e9 af 41 f9	ldr	x9, [sp, #0x358]
100006620:	c9 01 00 f9	str	x9, [x14]
100006624:	e9 b3 41 f9	ldr	x9, [sp, #0x360]
100006628:	c9 05 00 f9	str	x9, [x14, #0x8]
10000662c:	e9 b7 41 f9	ldr	x9, [sp, #0x368]
100006630:	c9 09 00 f9	str	x9, [x14, #0x10]
100006634:	00 00 80 d2	mov	x0, #0x0
100006638:	08 00 80 52	mov	w8, #0x0
10000663c:	e9 02 00 14	b	0x1000071e0
100006640:	e9 bb 41 f9	ldr	x9, [sp, #0x370]
100006644:	2b 05 00 b1	adds	x11, x9, #0x1
100006648:	26 5d 00 54	b.vs	0x1000071ec
10000664c:	eb 2b 00 f9	str	x11, [sp, #0x50]
100006650:	f0 03 0b aa	mov	x16, x11
100006654:	e9 03 10 aa	mov	x9, x16
100006658:	e9 bb 01 f9	str	x9, [sp, #0x370]
10000665c:	f1 03 09 aa	mov	x17, x9
100006660:	20 ff ff 17	b	0x1000062e0
100006664:	49 18 80 d2	mov	x9, #0xc2
100006668:	e9 2f 00 f9	str	x9, [sp, #0x58]
10000666c:	f0 03 09 aa	mov	x16, x9
100006670:	e9 1b 40 f9	ldr	x9, [sp, #0x30]
100006674:	ea 2f 40 f9	ldr	x10, [sp, #0x58]
100006678:	3f 01 0a eb	cmp	x9, x10
10000667c:	0b 00 80 52	mov	w11, #0x0
100006680:	43 00 00 54	b.lo	0x100006688
100006684:	2b 00 80 52	mov	w11, #0x1
100006688:	eb 33 00 f9	str	x11, [sp, #0x60]
10000668c:	f1 03 0b aa	mov	x17, x11
100006690:	e9 33 40 f9	ldr	x9, [sp, #0x60]
100006694:	a9 02 00 34	cbz	w9, 0x1000066e8
100006698:	e9 1b 80 d2	mov	x9, #0xdf
10000669c:	e9 37 00 f9	str	x9, [sp, #0x68]
1000066a0:	f0 03 09 aa	mov	x16, x9
1000066a4:	e9 1b 40 f9	ldr	x9, [sp, #0x30]
1000066a8:	ea 37 40 f9	ldr	x10, [sp, #0x68]
1000066ac:	3f 01 0a eb	cmp	x9, x10
1000066b0:	0b 00 80 52	mov	w11, #0x0
1000066b4:	48 00 00 54	b.hi	0x1000066bc
1000066b8:	2b 00 80 52	mov	w11, #0x1
1000066bc:	eb 3b 00 f9	str	x11, [sp, #0x70]
1000066c0:	f1 03 0b aa	mov	x17, x11
1000066c4:	e9 3b 40 f9	ldr	x9, [sp, #0x70]
1000066c8:	09 01 00 34	cbz	w9, 0x1000066e8
1000066cc:	49 00 80 d2	mov	x9, #0x2
1000066d0:	e9 3f 00 f9	str	x9, [sp, #0x78]
1000066d4:	f0 03 09 aa	mov	x16, x9
1000066d8:	e9 03 10 aa	mov	x9, x16
1000066dc:	e9 bf 01 f9	str	x9, [sp, #0x378]
1000066e0:	f1 03 09 aa	mov	x17, x9
1000066e4:	ae 00 00 14	b	0x10000699c
1000066e8:	09 1c 80 d2	mov	x9, #0xe0
1000066ec:	e9 43 00 f9	str	x9, [sp, #0x80]
1000066f0:	f0 03 09 aa	mov	x16, x9
1000066f4:	e9 1b 40 f9	ldr	x9, [sp, #0x30]
1000066f8:	ea 43 40 f9	ldr	x10, [sp, #0x80]
1000066fc:	3f 01 0a eb	cmp	x9, x10
100006700:	0b 00 80 52	mov	w11, #0x0
100006704:	43 00 00 54	b.lo	0x10000670c
100006708:	2b 00 80 52	mov	w11, #0x1
10000670c:	eb 47 00 f9	str	x11, [sp, #0x88]
100006710:	f1 03 0b aa	mov	x17, x11
100006714:	e9 47 40 f9	ldr	x9, [sp, #0x88]
100006718:	a9 02 00 34	cbz	w9, 0x10000676c
10000671c:	e9 1d 80 d2	mov	x9, #0xef
100006720:	e9 4b 00 f9	str	x9, [sp, #0x90]
100006724:	f0 03 09 aa	mov	x16, x9
100006728:	e9 1b 40 f9	ldr	x9, [sp, #0x30]
10000672c:	ea 4b 40 f9	ldr	x10, [sp, #0x90]
100006730:	3f 01 0a eb	cmp	x9, x10
100006734:	0b 00 80 52	mov	w11, #0x0
100006738:	48 00 00 54	b.hi	0x100006740
10000673c:	2b 00 80 52	mov	w11, #0x1
100006740:	eb 4f 00 f9	str	x11, [sp, #0x98]
100006744:	f1 03 0b aa	mov	x17, x11
100006748:	e9 4f 40 f9	ldr	x9, [sp, #0x98]
10000674c:	09 01 00 34	cbz	w9, 0x10000676c
100006750:	69 00 80 d2	mov	x9, #0x3
100006754:	e9 53 00 f9	str	x9, [sp, #0xa0]
100006758:	f0 03 09 aa	mov	x16, x9
10000675c:	e9 03 10 aa	mov	x9, x16
100006760:	e9 bf 01 f9	str	x9, [sp, #0x378]
100006764:	f1 03 09 aa	mov	x17, x9
100006768:	8d 00 00 14	b	0x10000699c
10000676c:	09 1e 80 d2	mov	x9, #0xf0
100006770:	e9 57 00 f9	str	x9, [sp, #0xa8]
100006774:	f0 03 09 aa	mov	x16, x9
100006778:	e9 1b 40 f9	ldr	x9, [sp, #0x30]
10000677c:	ea 57 40 f9	ldr	x10, [sp, #0xa8]
100006780:	3f 01 0a eb	cmp	x9, x10
100006784:	0b 00 80 52	mov	w11, #0x0
100006788:	43 00 00 54	b.lo	0x100006790
10000678c:	2b 00 80 52	mov	w11, #0x1
100006790:	eb 5b 00 f9	str	x11, [sp, #0xb0]
100006794:	f1 03 0b aa	mov	x17, x11
100006798:	e9 5b 40 f9	ldr	x9, [sp, #0xb0]
10000679c:	a9 02 00 34	cbz	w9, 0x1000067f0
1000067a0:	89 1e 80 d2	mov	x9, #0xf4
1000067a4:	e9 5f 00 f9	str	x9, [sp, #0xb8]
1000067a8:	f0 03 09 aa	mov	x16, x9
1000067ac:	e9 1b 40 f9	ldr	x9, [sp, #0x30]
1000067b0:	ea 5f 40 f9	ldr	x10, [sp, #0xb8]
1000067b4:	3f 01 0a eb	cmp	x9, x10
1000067b8:	0b 00 80 52	mov	w11, #0x0
1000067bc:	48 00 00 54	b.hi	0x1000067c4
1000067c0:	2b 00 80 52	mov	w11, #0x1
1000067c4:	eb 63 00 f9	str	x11, [sp, #0xc0]
1000067c8:	f1 03 0b aa	mov	x17, x11
1000067cc:	e9 63 40 f9	ldr	x9, [sp, #0xc0]
1000067d0:	09 01 00 34	cbz	w9, 0x1000067f0
1000067d4:	89 00 80 d2	mov	x9, #0x4
1000067d8:	e9 67 00 f9	str	x9, [sp, #0xc8]
1000067dc:	f0 03 09 aa	mov	x16, x9
1000067e0:	e9 03 10 aa	mov	x9, x16
1000067e4:	e9 bf 01 f9	str	x9, [sp, #0x378]
1000067e8:	f1 03 09 aa	mov	x17, x9
1000067ec:	6c 00 00 14	b	0x10000699c
1000067f0:	09 18 80 d2	mov	x9, #0xc0
1000067f4:	e9 6b 00 f9	str	x9, [sp, #0xd0]
1000067f8:	f0 03 09 aa	mov	x16, x9
1000067fc:	e9 1b 40 f9	ldr	x9, [sp, #0x30]
100006800:	ea 6b 40 f9	ldr	x10, [sp, #0xd0]
100006804:	3f 01 0a eb	cmp	x9, x10
100006808:	0b 00 80 52	mov	w11, #0x0
10000680c:	41 00 00 54	b.ne	0x100006814
100006810:	2b 00 80 52	mov	w11, #0x1
100006814:	eb 6f 00 f9	str	x11, [sp, #0xd8]
100006818:	f1 03 0b aa	mov	x17, x11
10000681c:	e9 6f 40 f9	ldr	x9, [sp, #0xd8]
100006820:	09 02 00 35	cbnz	w9, 0x100006860
100006824:	29 18 80 d2	mov	x9, #0xc1
100006828:	e9 77 00 f9	str	x9, [sp, #0xe8]
10000682c:	f0 03 09 aa	mov	x16, x9
100006830:	e9 1b 40 f9	ldr	x9, [sp, #0x30]
100006834:	ea 77 40 f9	ldr	x10, [sp, #0xe8]
100006838:	3f 01 0a eb	cmp	x9, x10
10000683c:	0b 00 80 52	mov	w11, #0x0
100006840:	41 00 00 54	b.ne	0x100006848
100006844:	2b 00 80 52	mov	w11, #0x1
100006848:	eb 7b 00 f9	str	x11, [sp, #0xf0]
10000684c:	f1 03 0b aa	mov	x17, x11
100006850:	e9 03 11 aa	mov	x9, x17
100006854:	e9 73 00 f9	str	x9, [sp, #0xe0]
100006858:	f0 03 09 aa	mov	x16, x9
10000685c:	04 00 00 14	b	0x10000686c
100006860:	29 00 80 52	mov	w9, #0x1
100006864:	e9 73 00 f9	str	x9, [sp, #0xe0]
100006868:	f0 03 09 aa	mov	x16, x9
10000686c:	e9 73 40 f9	ldr	x9, [sp, #0xe0]
100006870:	29 02 00 34	cbz	w9, 0x1000068b4
100006874:	69 00 80 d2	mov	x9, #0x3
100006878:	e9 7f 00 f9	str	x9, [sp, #0xf8]
10000687c:	e0 7f 40 f9	ldr	x0, [sp, #0xf8]
100006880:	e1 bb 41 f9	ldr	x1, [sp, #0x370]
100006884:	ef 03 04 91	add	x15, sp, #0x100
100006888:	5d 02 00 94	bl	_silex_function_13
10000688c:	ee 0b 40 f9	ldr	x14, [sp, #0x10]
100006890:	e9 83 40 f9	ldr	x9, [sp, #0x100]
100006894:	c9 01 00 f9	str	x9, [x14]
100006898:	e9 87 40 f9	ldr	x9, [sp, #0x108]
10000689c:	c9 05 00 f9	str	x9, [x14, #0x8]
1000068a0:	e9 8b 40 f9	ldr	x9, [sp, #0x110]
1000068a4:	c9 09 00 f9	str	x9, [x14, #0x10]
1000068a8:	00 00 80 d2	mov	x0, #0x0
1000068ac:	08 00 80 52	mov	w8, #0x0
1000068b0:	4c 02 00 14	b	0x1000071e0
1000068b4:	a9 1e 80 d2	mov	x9, #0xf5
1000068b8:	e9 8f 00 f9	str	x9, [sp, #0x118]
1000068bc:	f0 03 09 aa	mov	x16, x9
1000068c0:	e9 1b 40 f9	ldr	x9, [sp, #0x30]
1000068c4:	ea 8f 40 f9	ldr	x10, [sp, #0x118]
1000068c8:	3f 01 0a eb	cmp	x9, x10
1000068cc:	0b 00 80 52	mov	w11, #0x0
1000068d0:	43 00 00 54	b.lo	0x1000068d8
1000068d4:	2b 00 80 52	mov	w11, #0x1
1000068d8:	eb 93 00 f9	str	x11, [sp, #0x120]
1000068dc:	f1 03 0b aa	mov	x17, x11
1000068e0:	e9 93 40 f9	ldr	x9, [sp, #0x120]
1000068e4:	c9 03 00 34	cbz	w9, 0x10000695c
1000068e8:	e9 1e 80 d2	mov	x9, #0xf7
1000068ec:	e9 97 00 f9	str	x9, [sp, #0x128]
1000068f0:	f0 03 09 aa	mov	x16, x9
1000068f4:	e9 1b 40 f9	ldr	x9, [sp, #0x30]
1000068f8:	ea 97 40 f9	ldr	x10, [sp, #0x128]
1000068fc:	3f 01 0a eb	cmp	x9, x10
100006900:	0b 00 80 52	mov	w11, #0x0
100006904:	48 00 00 54	b.hi	0x10000690c
100006908:	2b 00 80 52	mov	w11, #0x1
10000690c:	eb 9b 00 f9	str	x11, [sp, #0x130]
100006910:	f1 03 0b aa	mov	x17, x11
100006914:	e9 9b 40 f9	ldr	x9, [sp, #0x130]
100006918:	29 02 00 34	cbz	w9, 0x10000695c
10000691c:	a9 00 80 d2	mov	x9, #0x5
100006920:	e9 9f 00 f9	str	x9, [sp, #0x138]
100006924:	e0 9f 40 f9	ldr	x0, [sp, #0x138]
100006928:	e1 bb 41 f9	ldr	x1, [sp, #0x370]
10000692c:	ef 03 05 91	add	x15, sp, #0x140
100006930:	33 02 00 94	bl	_silex_function_13
100006934:	ee 0b 40 f9	ldr	x14, [sp, #0x10]
100006938:	e9 a3 40 f9	ldr	x9, [sp, #0x140]
10000693c:	c9 01 00 f9	str	x9, [x14]
100006940:	e9 a7 40 f9	ldr	x9, [sp, #0x148]
100006944:	c9 05 00 f9	str	x9, [x14, #0x8]
100006948:	e9 ab 40 f9	ldr	x9, [sp, #0x150]
10000694c:	c9 09 00 f9	str	x9, [x14, #0x10]
100006950:	00 00 80 d2	mov	x0, #0x0
100006954:	08 00 80 52	mov	w8, #0x0
100006958:	22 02 00 14	b	0x1000071e0
10000695c:	09 00 e0 d2	movz	x9, #0x0, lsl #48
100006960:	e9 af 00 f9	str	x9, [sp, #0x158]
100006964:	e0 af 40 f9	ldr	x0, [sp, #0x158]
100006968:	e1 bb 41 f9	ldr	x1, [sp, #0x370]
10000696c:	ef 83 05 91	add	x15, sp, #0x160
100006970:	23 02 00 94	bl	_silex_function_13
100006974:	ee 0b 40 f9	ldr	x14, [sp, #0x10]
100006978:	e9 b3 40 f9	ldr	x9, [sp, #0x160]
10000697c:	c9 01 00 f9	str	x9, [x14]
100006980:	e9 b7 40 f9	ldr	x9, [sp, #0x168]
100006984:	c9 05 00 f9	str	x9, [x14, #0x8]
100006988:	e9 bb 40 f9	ldr	x9, [sp, #0x170]
10000698c:	c9 09 00 f9	str	x9, [x14, #0x10]
100006990:	00 00 80 d2	mov	x0, #0x0
100006994:	08 00 80 52	mov	w8, #0x0
100006998:	12 02 00 14	b	0x1000071e0
10000699c:	e9 bb 41 f9	ldr	x9, [sp, #0x370]
1000069a0:	ea bf 41 f9	ldr	x10, [sp, #0x378]
1000069a4:	2b 01 0a ab	adds	x11, x9, x10
1000069a8:	26 42 00 54	b.vs	0x1000071ec
1000069ac:	eb bf 00 f9	str	x11, [sp, #0x178]
1000069b0:	f0 03 0b aa	mov	x16, x11
1000069b4:	ea 07 40 f9	ldr	x10, [sp, #0x8]
1000069b8:	ea c3 00 f9	str	x10, [sp, #0x180]
1000069bc:	e9 bf 40 f9	ldr	x9, [sp, #0x178]
1000069c0:	ea c3 40 f9	ldr	x10, [sp, #0x180]
1000069c4:	3f 01 0a eb	cmp	x9, x10
1000069c8:	0b 00 80 52	mov	w11, #0x0
1000069cc:	4d 00 00 54	b.le	0x1000069d4
1000069d0:	2b 00 80 52	mov	w11, #0x1
1000069d4:	eb c7 00 f9	str	x11, [sp, #0x188]
1000069d8:	f0 03 0b aa	mov	x16, x11
1000069dc:	e9 c7 40 f9	ldr	x9, [sp, #0x188]
1000069e0:	29 02 00 34	cbz	w9, 0x100006a24
1000069e4:	49 00 80 d2	mov	x9, #0x2
1000069e8:	e9 cb 00 f9	str	x9, [sp, #0x190]
1000069ec:	e0 cb 40 f9	ldr	x0, [sp, #0x190]
1000069f0:	e1 bb 41 f9	ldr	x1, [sp, #0x370]
1000069f4:	ef 63 06 91	add	x15, sp, #0x198
1000069f8:	01 02 00 94	bl	_silex_function_13
1000069fc:	ee 0b 40 f9	ldr	x14, [sp, #0x10]
100006a00:	e9 cf 40 f9	ldr	x9, [sp, #0x198]
100006a04:	c9 01 00 f9	str	x9, [x14]
100006a08:	e9 d3 40 f9	ldr	x9, [sp, #0x1a0]
100006a0c:	c9 05 00 f9	str	x9, [x14, #0x8]
100006a10:	e9 d7 40 f9	ldr	x9, [sp, #0x1a8]
100006a14:	c9 09 00 f9	str	x9, [x14, #0x10]
100006a18:	00 00 80 d2	mov	x0, #0x0
100006a1c:	08 00 80 52	mov	w8, #0x0
100006a20:	f0 01 00 14	b	0x1000071e0
100006a24:	29 00 80 d2	mov	x9, #0x1
100006a28:	e9 db 00 f9	str	x9, [sp, #0x1b0]
100006a2c:	f0 03 09 aa	mov	x16, x9
100006a30:	e9 03 10 aa	mov	x9, x16
100006a34:	e9 c3 01 f9	str	x9, [sp, #0x380]
100006a38:	f1 03 09 aa	mov	x17, x9
100006a3c:	e9 c3 41 f9	ldr	x9, [sp, #0x380]
100006a40:	ea bf 41 f9	ldr	x10, [sp, #0x378]
100006a44:	3f 01 0a eb	cmp	x9, x10
100006a48:	0b 00 80 52	mov	w11, #0x0
100006a4c:	4a 00 00 54	b.ge	0x100006a54
100006a50:	2b 00 80 52	mov	w11, #0x1
100006a54:	eb df 00 f9	str	x11, [sp, #0x1b8]
100006a58:	f0 03 0b aa	mov	x16, x11
100006a5c:	e9 df 40 f9	ldr	x9, [sp, #0x1b8]
100006a60:	a9 10 00 34	cbz	w9, 0x100006c74
100006a64:	e9 bb 41 f9	ldr	x9, [sp, #0x370]
100006a68:	ea c3 41 f9	ldr	x10, [sp, #0x380]
100006a6c:	2b 01 0a ab	adds	x11, x9, x10
100006a70:	e6 3b 00 54	b.vs	0x1000071ec
100006a74:	eb e3 00 f9	str	x11, [sp, #0x1c0]
100006a78:	f0 03 0b aa	mov	x16, x11
100006a7c:	ea 03 40 f9	ldr	x10, [sp]
100006a80:	ed 07 40 f9	ldr	x13, [sp, #0x8]
100006a84:	e9 e3 40 f9	ldr	x9, [sp, #0x1c0]
100006a88:	3f 01 1f eb	cmp	x9, xzr
100006a8c:	4a 00 00 54	b.ge	0x100006a94
100006a90:	29 01 0d 8b	add	x9, x9, x13
100006a94:	3f 01 1f eb	cmp	x9, xzr
100006a98:	eb 00 00 54	b.lt	0x100006ab4
100006a9c:	3f 01 0d eb	cmp	x9, x13
100006aa0:	aa 00 00 54	b.ge	0x100006ab4
100006aa4:	4a 0d 09 8b	add	x10, x10, x9, lsl #3
100006aa8:	4c 01 40 f9	ldr	x12, [x10]
100006aac:	ec e7 00 f9	str	x12, [sp, #0x1c8]
100006ab0:	62 00 00 14	b	0x100006c38
100006ab4:	ed e7 00 f9	str	x13, [sp, #0x1c8]
100006ab8:	40 00 80 52	mov	w0, #0x2
100006abc:	21 00 00 b0	adrp	x1, 5 ; 0x10000b000
100006ac0:	21 20 27 91	add	x1, x1, #0x9c8
100006ac4:	42 14 80 d2	mov	x2, #0xa2
100006ac8:	02 00 a0 f2	movk	x2, #0x0, lsl #16
100006acc:	02 00 c0 f2	movk	x2, #0x0, lsl #32
100006ad0:	02 00 e0 f2	movk	x2, #0x0, lsl #48
100006ad4:	90 00 80 52	mov	w16, #0x4
100006ad8:	01 10 00 d4	svc	#0x80
100006adc:	e9 e3 40 f9	ldr	x9, [sp, #0x1c0]
100006ae0:	ff 83 00 d1	sub	sp, sp, #0x20
100006ae4:	eb 83 00 91	add	x11, sp, #0x20
100006ae8:	0c 00 80 52	mov	w12, #0x0
100006aec:	c9 00 00 b5	cbnz	x9, 0x100006b04
100006af0:	6b 05 00 d1	sub	x11, x11, #0x1
100006af4:	0a 06 80 52	mov	w10, #0x30
100006af8:	6a 01 00 39	strb	w10, [x11]
100006afc:	8c 05 00 91	add	x12, x12, #0x1
100006b00:	16 00 00 14	b	0x100006b58
100006b04:	03 00 80 52	mov	w3, #0x0
100006b08:	3f 01 1f eb	cmp	x9, xzr
100006b0c:	6b 00 00 54	b.lt	0x100006b18
100006b10:	e9 03 09 eb	negs	x9, x9
100006b14:	02 00 00 14	b	0x100006b1c
100006b18:	23 00 80 52	mov	w3, #0x1
100006b1c:	4a 01 80 52	mov	w10, #0xa
100006b20:	24 0d ca 9a	sdiv	x4, x9, x10
100006b24:	85 a4 0a 9b	msub	x5, x4, x10, x9
100006b28:	06 06 80 52	mov	w6, #0x30
100006b2c:	c6 00 05 eb	subs	x6, x6, x5
100006b30:	6b 05 00 d1	sub	x11, x11, #0x1
100006b34:	66 01 00 39	strb	w6, [x11]
100006b38:	8c 05 00 91	add	x12, x12, #0x1
100006b3c:	e9 03 04 aa	mov	x9, x4
100006b40:	e9 fe ff b5	cbnz	x9, 0x100006b1c
100006b44:	a3 00 00 34	cbz	w3, 0x100006b58
100006b48:	6b 05 00 d1	sub	x11, x11, #0x1
100006b4c:	aa 05 80 52	mov	w10, #0x2d
100006b50:	6a 01 00 39	strb	w10, [x11]
100006b54:	8c 05 00 91	add	x12, x12, #0x1
100006b58:	40 00 80 52	mov	w0, #0x2
100006b5c:	e1 03 0b aa	mov	x1, x11
100006b60:	e2 03 0c aa	mov	x2, x12
100006b64:	90 00 80 52	mov	w16, #0x4
100006b68:	01 10 00 d4	svc	#0x80
100006b6c:	ff 83 00 91	add	sp, sp, #0x20
100006b70:	40 00 80 52	mov	w0, #0x2
100006b74:	21 00 00 90	adrp	x1, 4 ; 0x10000a000
100006b78:	21 60 00 91	add	x1, x1, #0x18
100006b7c:	82 03 80 d2	mov	x2, #0x1c
100006b80:	02 00 a0 f2	movk	x2, #0x0, lsl #16
100006b84:	02 00 c0 f2	movk	x2, #0x0, lsl #32
100006b88:	02 00 e0 f2	movk	x2, #0x0, lsl #48
100006b8c:	90 00 80 52	mov	w16, #0x4
100006b90:	01 10 00 d4	svc	#0x80
100006b94:	e9 e7 40 f9	ldr	x9, [sp, #0x1c8]
100006b98:	ff 83 00 d1	sub	sp, sp, #0x20
100006b9c:	eb 7f 00 91	add	x11, sp, #0x1f
100006ba0:	4a 01 80 52	mov	w10, #0xa
100006ba4:	6a 01 00 39	strb	w10, [x11]
100006ba8:	2c 00 80 52	mov	w12, #0x1
100006bac:	c9 00 00 b5	cbnz	x9, 0x100006bc4
100006bb0:	6b 05 00 d1	sub	x11, x11, #0x1
100006bb4:	0a 06 80 52	mov	w10, #0x30
100006bb8:	6a 01 00 39	strb	w10, [x11]
100006bbc:	8c 05 00 91	add	x12, x12, #0x1
100006bc0:	16 00 00 14	b	0x100006c18
100006bc4:	03 00 80 52	mov	w3, #0x0
100006bc8:	3f 01 1f eb	cmp	x9, xzr
100006bcc:	6b 00 00 54	b.lt	0x100006bd8
100006bd0:	e9 03 09 eb	negs	x9, x9
100006bd4:	02 00 00 14	b	0x100006bdc
100006bd8:	23 00 80 52	mov	w3, #0x1
100006bdc:	4a 01 80 52	mov	w10, #0xa
100006be0:	24 0d ca 9a	sdiv	x4, x9, x10
100006be4:	85 a4 0a 9b	msub	x5, x4, x10, x9
100006be8:	06 06 80 52	mov	w6, #0x30
100006bec:	c6 00 05 eb	subs	x6, x6, x5
100006bf0:	6b 05 00 d1	sub	x11, x11, #0x1
100006bf4:	66 01 00 39	strb	w6, [x11]
100006bf8:	8c 05 00 91	add	x12, x12, #0x1
100006bfc:	e9 03 04 aa	mov	x9, x4
100006c00:	e9 fe ff b5	cbnz	x9, 0x100006bdc
100006c04:	a3 00 00 34	cbz	w3, 0x100006c18
100006c08:	6b 05 00 d1	sub	x11, x11, #0x1
100006c0c:	aa 05 80 52	mov	w10, #0x2d
100006c10:	6a 01 00 39	strb	w10, [x11]
100006c14:	8c 05 00 91	add	x12, x12, #0x1
100006c18:	40 00 80 52	mov	w0, #0x2
100006c1c:	e1 03 0b aa	mov	x1, x11
100006c20:	e2 03 0c aa	mov	x2, x12
100006c24:	90 00 80 52	mov	w16, #0x4
100006c28:	01 10 00 d4	svc	#0x80
100006c2c:	ff 83 00 91	add	sp, sp, #0x20
100006c30:	68 00 80 52	mov	w8, #0x3
100006c34:	6b 01 00 14	b	0x1000071e0
100006c38:	09 10 80 d2	mov	x9, #0x80
100006c3c:	e9 eb 00 f9	str	x9, [sp, #0x1d0]
100006c40:	f0 03 09 aa	mov	x16, x9
100006c44:	e9 e7 40 f9	ldr	x9, [sp, #0x1c8]
100006c48:	ea eb 40 f9	ldr	x10, [sp, #0x1d0]
100006c4c:	3f 01 0a eb	cmp	x9, x10
100006c50:	0b 00 80 52	mov	w11, #0x0
100006c54:	42 00 00 54	b.hs	0x100006c5c
100006c58:	2b 00 80 52	mov	w11, #0x1
100006c5c:	eb ef 00 f9	str	x11, [sp, #0x1d8]
100006c60:	f1 03 0b aa	mov	x17, x11
100006c64:	e9 ef 40 f9	ldr	x9, [sp, #0x1d8]
100006c68:	49 00 00 34	cbz	w9, 0x100006c70
100006c6c:	94 00 00 14	b	0x100006ebc
100006c70:	84 00 00 14	b	0x100006e80
100006c74:	e9 bb 41 f9	ldr	x9, [sp, #0x370]
100006c78:	2b 05 00 b1	adds	x11, x9, #0x1
100006c7c:	86 2b 00 54	b.vs	0x1000071ec
100006c80:	eb 1f 01 f9	str	x11, [sp, #0x238]
100006c84:	f0 03 0b aa	mov	x16, x11
100006c88:	ea 03 40 f9	ldr	x10, [sp]
100006c8c:	ed 07 40 f9	ldr	x13, [sp, #0x8]
100006c90:	e9 1f 41 f9	ldr	x9, [sp, #0x238]
100006c94:	3f 01 1f eb	cmp	x9, xzr
100006c98:	4a 00 00 54	b.ge	0x100006ca0
100006c9c:	29 01 0d 8b	add	x9, x9, x13
100006ca0:	3f 01 1f eb	cmp	x9, xzr
100006ca4:	eb 00 00 54	b.lt	0x100006cc0
100006ca8:	3f 01 0d eb	cmp	x9, x13
100006cac:	aa 00 00 54	b.ge	0x100006cc0
100006cb0:	4a 0d 09 8b	add	x10, x10, x9, lsl #3
100006cb4:	4c 01 40 f9	ldr	x12, [x10]
100006cb8:	ec 23 01 f9	str	x12, [sp, #0x240]
100006cbc:	62 00 00 14	b	0x100006e44
100006cc0:	ed 23 01 f9	str	x13, [sp, #0x240]
100006cc4:	40 00 80 52	mov	w0, #0x2
100006cc8:	21 00 00 b0	adrp	x1, 5 ; 0x10000b000
100006ccc:	21 e0 29 91	add	x1, x1, #0xa78
100006cd0:	42 14 80 d2	mov	x2, #0xa2
100006cd4:	02 00 a0 f2	movk	x2, #0x0, lsl #16
100006cd8:	02 00 c0 f2	movk	x2, #0x0, lsl #32
100006cdc:	02 00 e0 f2	movk	x2, #0x0, lsl #48
100006ce0:	90 00 80 52	mov	w16, #0x4
100006ce4:	01 10 00 d4	svc	#0x80
100006ce8:	e9 1f 41 f9	ldr	x9, [sp, #0x238]
100006cec:	ff 83 00 d1	sub	sp, sp, #0x20
100006cf0:	eb 83 00 91	add	x11, sp, #0x20
100006cf4:	0c 00 80 52	mov	w12, #0x0
100006cf8:	c9 00 00 b5	cbnz	x9, 0x100006d10
100006cfc:	6b 05 00 d1	sub	x11, x11, #0x1
100006d00:	0a 06 80 52	mov	w10, #0x30
100006d04:	6a 01 00 39	strb	w10, [x11]
100006d08:	8c 05 00 91	add	x12, x12, #0x1
100006d0c:	16 00 00 14	b	0x100006d64
100006d10:	03 00 80 52	mov	w3, #0x0
100006d14:	3f 01 1f eb	cmp	x9, xzr
100006d18:	6b 00 00 54	b.lt	0x100006d24
100006d1c:	e9 03 09 eb	negs	x9, x9
100006d20:	02 00 00 14	b	0x100006d28
100006d24:	23 00 80 52	mov	w3, #0x1
100006d28:	4a 01 80 52	mov	w10, #0xa
100006d2c:	24 0d ca 9a	sdiv	x4, x9, x10
100006d30:	85 a4 0a 9b	msub	x5, x4, x10, x9
100006d34:	06 06 80 52	mov	w6, #0x30
100006d38:	c6 00 05 eb	subs	x6, x6, x5
100006d3c:	6b 05 00 d1	sub	x11, x11, #0x1
100006d40:	66 01 00 39	strb	w6, [x11]
100006d44:	8c 05 00 91	add	x12, x12, #0x1
100006d48:	e9 03 04 aa	mov	x9, x4
100006d4c:	e9 fe ff b5	cbnz	x9, 0x100006d28
100006d50:	a3 00 00 34	cbz	w3, 0x100006d64
100006d54:	6b 05 00 d1	sub	x11, x11, #0x1
100006d58:	aa 05 80 52	mov	w10, #0x2d
100006d5c:	6a 01 00 39	strb	w10, [x11]
100006d60:	8c 05 00 91	add	x12, x12, #0x1
100006d64:	40 00 80 52	mov	w0, #0x2
100006d68:	e1 03 0b aa	mov	x1, x11
100006d6c:	e2 03 0c aa	mov	x2, x12
100006d70:	90 00 80 52	mov	w16, #0x4
100006d74:	01 10 00 d4	svc	#0x80
100006d78:	ff 83 00 91	add	sp, sp, #0x20
100006d7c:	40 00 80 52	mov	w0, #0x2
100006d80:	21 00 00 90	adrp	x1, 4 ; 0x10000a000
100006d84:	21 60 00 91	add	x1, x1, #0x18
100006d88:	82 03 80 d2	mov	x2, #0x1c
100006d8c:	02 00 a0 f2	movk	x2, #0x0, lsl #16
100006d90:	02 00 c0 f2	movk	x2, #0x0, lsl #32
100006d94:	02 00 e0 f2	movk	x2, #0x0, lsl #48
100006d98:	90 00 80 52	mov	w16, #0x4
100006d9c:	01 10 00 d4	svc	#0x80
100006da0:	e9 23 41 f9	ldr	x9, [sp, #0x240]
100006da4:	ff 83 00 d1	sub	sp, sp, #0x20
100006da8:	eb 7f 00 91	add	x11, sp, #0x1f
100006dac:	4a 01 80 52	mov	w10, #0xa
100006db0:	6a 01 00 39	strb	w10, [x11]
100006db4:	2c 00 80 52	mov	w12, #0x1
100006db8:	c9 00 00 b5	cbnz	x9, 0x100006dd0
100006dbc:	6b 05 00 d1	sub	x11, x11, #0x1
100006dc0:	0a 06 80 52	mov	w10, #0x30
100006dc4:	6a 01 00 39	strb	w10, [x11]
100006dc8:	8c 05 00 91	add	x12, x12, #0x1
100006dcc:	16 00 00 14	b	0x100006e24
100006dd0:	03 00 80 52	mov	w3, #0x0
100006dd4:	3f 01 1f eb	cmp	x9, xzr
100006dd8:	6b 00 00 54	b.lt	0x100006de4
100006ddc:	e9 03 09 eb	negs	x9, x9
100006de0:	02 00 00 14	b	0x100006de8
100006de4:	23 00 80 52	mov	w3, #0x1
100006de8:	4a 01 80 52	mov	w10, #0xa
100006dec:	24 0d ca 9a	sdiv	x4, x9, x10
100006df0:	85 a4 0a 9b	msub	x5, x4, x10, x9
100006df4:	06 06 80 52	mov	w6, #0x30
100006df8:	c6 00 05 eb	subs	x6, x6, x5
100006dfc:	6b 05 00 d1	sub	x11, x11, #0x1
100006e00:	66 01 00 39	strb	w6, [x11]
100006e04:	8c 05 00 91	add	x12, x12, #0x1
100006e08:	e9 03 04 aa	mov	x9, x4
100006e0c:	e9 fe ff b5	cbnz	x9, 0x100006de8
100006e10:	a3 00 00 34	cbz	w3, 0x100006e24
100006e14:	6b 05 00 d1	sub	x11, x11, #0x1
100006e18:	aa 05 80 52	mov	w10, #0x2d
100006e1c:	6a 01 00 39	strb	w10, [x11]
100006e20:	8c 05 00 91	add	x12, x12, #0x1
100006e24:	40 00 80 52	mov	w0, #0x2
100006e28:	e1 03 0b aa	mov	x1, x11
100006e2c:	e2 03 0c aa	mov	x2, x12
100006e30:	90 00 80 52	mov	w16, #0x4
100006e34:	01 10 00 d4	svc	#0x80
100006e38:	ff 83 00 91	add	sp, sp, #0x20
100006e3c:	68 00 80 52	mov	w8, #0x3
100006e40:	e8 00 00 14	b	0x1000071e0
100006e44:	09 1c 80 d2	mov	x9, #0xe0
100006e48:	e9 27 01 f9	str	x9, [sp, #0x248]
100006e4c:	f0 03 09 aa	mov	x16, x9
100006e50:	e9 1b 40 f9	ldr	x9, [sp, #0x30]
100006e54:	ea 27 41 f9	ldr	x10, [sp, #0x248]
100006e58:	3f 01 0a eb	cmp	x9, x10
100006e5c:	0b 00 80 52	mov	w11, #0x0
100006e60:	41 00 00 54	b.ne	0x100006e68
100006e64:	2b 00 80 52	mov	w11, #0x1
100006e68:	eb 2b 01 f9	str	x11, [sp, #0x250]
100006e6c:	f1 03 0b aa	mov	x17, x11
100006e70:	e9 2b 41 f9	ldr	x9, [sp, #0x250]
100006e74:	49 00 00 34	cbz	w9, 0x100006e7c
100006e78:	35 00 00 14	b	0x100006f4c
100006e7c:	51 00 00 14	b	0x100006fc0
100006e80:	e9 17 80 d2	mov	x9, #0xbf
100006e84:	e9 f7 00 f9	str	x9, [sp, #0x1e8]
100006e88:	f0 03 09 aa	mov	x16, x9
100006e8c:	e9 e7 40 f9	ldr	x9, [sp, #0x1c8]
100006e90:	ea f7 40 f9	ldr	x10, [sp, #0x1e8]
100006e94:	3f 01 0a eb	cmp	x9, x10
100006e98:	0b 00 80 52	mov	w11, #0x0
100006e9c:	49 00 00 54	b.ls	0x100006ea4
100006ea0:	2b 00 80 52	mov	w11, #0x1
100006ea4:	eb fb 00 f9	str	x11, [sp, #0x1f0]
100006ea8:	f1 03 0b aa	mov	x17, x11
100006eac:	e9 03 11 aa	mov	x9, x17
100006eb0:	e9 f3 00 f9	str	x9, [sp, #0x1e0]
100006eb4:	f0 03 09 aa	mov	x16, x9
100006eb8:	04 00 00 14	b	0x100006ec8
100006ebc:	29 00 80 52	mov	w9, #0x1
100006ec0:	e9 f3 00 f9	str	x9, [sp, #0x1e0]
100006ec4:	f0 03 09 aa	mov	x16, x9
100006ec8:	e9 f3 40 f9	ldr	x9, [sp, #0x1e0]
100006ecc:	e9 02 00 34	cbz	w9, 0x100006f28
100006ed0:	29 00 80 d2	mov	x9, #0x1
100006ed4:	e9 ff 00 f9	str	x9, [sp, #0x1f8]
100006ed8:	e9 bb 41 f9	ldr	x9, [sp, #0x370]
100006edc:	ea c3 41 f9	ldr	x10, [sp, #0x380]
100006ee0:	2b 01 0a ab	adds	x11, x9, x10
100006ee4:	46 18 00 54	b.vs	0x1000071ec
100006ee8:	eb 03 01 f9	str	x11, [sp, #0x200]
100006eec:	f0 03 0b aa	mov	x16, x11
100006ef0:	e0 ff 40 f9	ldr	x0, [sp, #0x1f8]
100006ef4:	e1 03 41 f9	ldr	x1, [sp, #0x200]
100006ef8:	ef 23 08 91	add	x15, sp, #0x208
100006efc:	c0 00 00 94	bl	_silex_function_13
100006f00:	ee 0b 40 f9	ldr	x14, [sp, #0x10]
100006f04:	e9 07 41 f9	ldr	x9, [sp, #0x208]
100006f08:	c9 01 00 f9	str	x9, [x14]
100006f0c:	e9 0b 41 f9	ldr	x9, [sp, #0x210]
100006f10:	c9 05 00 f9	str	x9, [x14, #0x8]
100006f14:	e9 0f 41 f9	ldr	x9, [sp, #0x218]
100006f18:	c9 09 00 f9	str	x9, [x14, #0x10]
100006f1c:	00 00 80 d2	mov	x0, #0x0
100006f20:	08 00 80 52	mov	w8, #0x0
100006f24:	af 00 00 14	b	0x1000071e0
100006f28:	e9 c3 41 f9	ldr	x9, [sp, #0x380]
100006f2c:	2b 05 00 b1	adds	x11, x9, #0x1
100006f30:	e6 15 00 54	b.vs	0x1000071ec
100006f34:	eb 17 01 f9	str	x11, [sp, #0x228]
100006f38:	f0 03 0b aa	mov	x16, x11
100006f3c:	e9 03 10 aa	mov	x9, x16
100006f40:	e9 c3 01 f9	str	x9, [sp, #0x380]
100006f44:	f1 03 09 aa	mov	x17, x9
100006f48:	bd fe ff 17	b	0x100006a3c
100006f4c:	09 14 80 d2	mov	x9, #0xa0
100006f50:	e9 2f 01 f9	str	x9, [sp, #0x258]
100006f54:	f0 03 09 aa	mov	x16, x9
100006f58:	e9 23 41 f9	ldr	x9, [sp, #0x240]
100006f5c:	ea 2f 41 f9	ldr	x10, [sp, #0x258]
100006f60:	3f 01 0a eb	cmp	x9, x10
100006f64:	0b 00 80 52	mov	w11, #0x0
100006f68:	42 00 00 54	b.hs	0x100006f70
100006f6c:	2b 00 80 52	mov	w11, #0x1
100006f70:	eb 33 01 f9	str	x11, [sp, #0x260]
100006f74:	f1 03 0b aa	mov	x17, x11
100006f78:	e9 33 41 f9	ldr	x9, [sp, #0x260]
100006f7c:	29 02 00 34	cbz	w9, 0x100006fc0
100006f80:	69 00 80 d2	mov	x9, #0x3
100006f84:	e9 37 01 f9	str	x9, [sp, #0x268]
100006f88:	e0 37 41 f9	ldr	x0, [sp, #0x268]
100006f8c:	e1 bb 41 f9	ldr	x1, [sp, #0x370]
100006f90:	ef c3 09 91	add	x15, sp, #0x270
100006f94:	9a 00 00 94	bl	_silex_function_13
100006f98:	ee 0b 40 f9	ldr	x14, [sp, #0x10]
100006f9c:	e9 3b 41 f9	ldr	x9, [sp, #0x270]
100006fa0:	c9 01 00 f9	str	x9, [x14]
100006fa4:	e9 3f 41 f9	ldr	x9, [sp, #0x278]
100006fa8:	c9 05 00 f9	str	x9, [x14, #0x8]
100006fac:	e9 43 41 f9	ldr	x9, [sp, #0x280]
100006fb0:	c9 09 00 f9	str	x9, [x14, #0x10]
100006fb4:	00 00 80 d2	mov	x0, #0x0
100006fb8:	08 00 80 52	mov	w8, #0x0
100006fbc:	89 00 00 14	b	0x1000071e0
100006fc0:	a9 1d 80 d2	mov	x9, #0xed
100006fc4:	e9 47 01 f9	str	x9, [sp, #0x288]
100006fc8:	f0 03 09 aa	mov	x16, x9
100006fcc:	e9 1b 40 f9	ldr	x9, [sp, #0x30]
100006fd0:	ea 47 41 f9	ldr	x10, [sp, #0x288]
100006fd4:	3f 01 0a eb	cmp	x9, x10
100006fd8:	0b 00 80 52	mov	w11, #0x0
100006fdc:	41 00 00 54	b.ne	0x100006fe4
100006fe0:	2b 00 80 52	mov	w11, #0x1
100006fe4:	eb 4b 01 f9	str	x11, [sp, #0x290]
100006fe8:	f1 03 0b aa	mov	x17, x11
100006fec:	e9 4b 41 f9	ldr	x9, [sp, #0x290]
100006ff0:	c9 03 00 34	cbz	w9, 0x100007068
100006ff4:	09 14 80 d2	mov	x9, #0xa0
100006ff8:	e9 4f 01 f9	str	x9, [sp, #0x298]
100006ffc:	f0 03 09 aa	mov	x16, x9
100007000:	e9 23 41 f9	ldr	x9, [sp, #0x240]
100007004:	ea 4f 41 f9	ldr	x10, [sp, #0x298]
100007008:	3f 01 0a eb	cmp	x9, x10
10000700c:	0b 00 80 52	mov	w11, #0x0
100007010:	43 00 00 54	b.lo	0x100007018
100007014:	2b 00 80 52	mov	w11, #0x1
100007018:	eb 53 01 f9	str	x11, [sp, #0x2a0]
10000701c:	f1 03 0b aa	mov	x17, x11
100007020:	e9 53 41 f9	ldr	x9, [sp, #0x2a0]
100007024:	29 02 00 34	cbz	w9, 0x100007068
100007028:	89 00 80 d2	mov	x9, #0x4
10000702c:	e9 57 01 f9	str	x9, [sp, #0x2a8]
100007030:	e0 57 41 f9	ldr	x0, [sp, #0x2a8]
100007034:	e1 bb 41 f9	ldr	x1, [sp, #0x370]
100007038:	ef c3 0a 91	add	x15, sp, #0x2b0
10000703c:	70 00 00 94	bl	_silex_function_13
100007040:	ee 0b 40 f9	ldr	x14, [sp, #0x10]
100007044:	e9 5b 41 f9	ldr	x9, [sp, #0x2b0]
100007048:	c9 01 00 f9	str	x9, [x14]
10000704c:	e9 5f 41 f9	ldr	x9, [sp, #0x2b8]
100007050:	c9 05 00 f9	str	x9, [x14, #0x8]
100007054:	e9 63 41 f9	ldr	x9, [sp, #0x2c0]
100007058:	c9 09 00 f9	str	x9, [x14, #0x10]
10000705c:	00 00 80 d2	mov	x0, #0x0
100007060:	08 00 80 52	mov	w8, #0x0
100007064:	5f 00 00 14	b	0x1000071e0
100007068:	09 1e 80 d2	mov	x9, #0xf0
10000706c:	e9 67 01 f9	str	x9, [sp, #0x2c8]
100007070:	f0 03 09 aa	mov	x16, x9
100007074:	e9 1b 40 f9	ldr	x9, [sp, #0x30]
100007078:	ea 67 41 f9	ldr	x10, [sp, #0x2c8]
10000707c:	3f 01 0a eb	cmp	x9, x10
100007080:	0b 00 80 52	mov	w11, #0x0
100007084:	41 00 00 54	b.ne	0x10000708c
100007088:	2b 00 80 52	mov	w11, #0x1
10000708c:	eb 6b 01 f9	str	x11, [sp, #0x2d0]
100007090:	f1 03 0b aa	mov	x17, x11
100007094:	e9 6b 41 f9	ldr	x9, [sp, #0x2d0]
100007098:	c9 03 00 34	cbz	w9, 0x100007110
10000709c:	09 12 80 d2	mov	x9, #0x90
1000070a0:	e9 6f 01 f9	str	x9, [sp, #0x2d8]
1000070a4:	f0 03 09 aa	mov	x16, x9
1000070a8:	e9 23 41 f9	ldr	x9, [sp, #0x240]
1000070ac:	ea 6f 41 f9	ldr	x10, [sp, #0x2d8]
1000070b0:	3f 01 0a eb	cmp	x9, x10
1000070b4:	0b 00 80 52	mov	w11, #0x0
1000070b8:	42 00 00 54	b.hs	0x1000070c0
1000070bc:	2b 00 80 52	mov	w11, #0x1
1000070c0:	eb 73 01 f9	str	x11, [sp, #0x2e0]
1000070c4:	f1 03 0b aa	mov	x17, x11
1000070c8:	e9 73 41 f9	ldr	x9, [sp, #0x2e0]
1000070cc:	29 02 00 34	cbz	w9, 0x100007110
1000070d0:	69 00 80 d2	mov	x9, #0x3
1000070d4:	e9 77 01 f9	str	x9, [sp, #0x2e8]
1000070d8:	e0 77 41 f9	ldr	x0, [sp, #0x2e8]
1000070dc:	e1 bb 41 f9	ldr	x1, [sp, #0x370]
1000070e0:	ef c3 0b 91	add	x15, sp, #0x2f0
1000070e4:	46 00 00 94	bl	_silex_function_13
1000070e8:	ee 0b 40 f9	ldr	x14, [sp, #0x10]
1000070ec:	e9 7b 41 f9	ldr	x9, [sp, #0x2f0]
1000070f0:	c9 01 00 f9	str	x9, [x14]
1000070f4:	e9 7f 41 f9	ldr	x9, [sp, #0x2f8]
1000070f8:	c9 05 00 f9	str	x9, [x14, #0x8]
1000070fc:	e9 83 41 f9	ldr	x9, [sp, #0x300]
100007100:	c9 09 00 f9	str	x9, [x14, #0x10]
100007104:	00 00 80 d2	mov	x0, #0x0
100007108:	08 00 80 52	mov	w8, #0x0
10000710c:	35 00 00 14	b	0x1000071e0
100007110:	89 1e 80 d2	mov	x9, #0xf4
100007114:	e9 87 01 f9	str	x9, [sp, #0x308]
100007118:	f0 03 09 aa	mov	x16, x9
10000711c:	e9 1b 40 f9	ldr	x9, [sp, #0x30]
100007120:	ea 87 41 f9	ldr	x10, [sp, #0x308]
100007124:	3f 01 0a eb	cmp	x9, x10
100007128:	0b 00 80 52	mov	w11, #0x0
10000712c:	41 00 00 54	b.ne	0x100007134
100007130:	2b 00 80 52	mov	w11, #0x1
100007134:	eb 8b 01 f9	str	x11, [sp, #0x310]
100007138:	f1 03 0b aa	mov	x17, x11
10000713c:	e9 8b 41 f9	ldr	x9, [sp, #0x310]
100007140:	c9 03 00 34	cbz	w9, 0x1000071b8
100007144:	e9 11 80 d2	mov	x9, #0x8f
100007148:	e9 8f 01 f9	str	x9, [sp, #0x318]
10000714c:	f0 03 09 aa	mov	x16, x9
100007150:	e9 23 41 f9	ldr	x9, [sp, #0x240]
100007154:	ea 8f 41 f9	ldr	x10, [sp, #0x318]
100007158:	3f 01 0a eb	cmp	x9, x10
10000715c:	0b 00 80 52	mov	w11, #0x0
100007160:	49 00 00 54	b.ls	0x100007168
100007164:	2b 00 80 52	mov	w11, #0x1
100007168:	eb 93 01 f9	str	x11, [sp, #0x320]
10000716c:	f1 03 0b aa	mov	x17, x11
100007170:	e9 93 41 f9	ldr	x9, [sp, #0x320]
100007174:	29 02 00 34	cbz	w9, 0x1000071b8
100007178:	a9 00 80 d2	mov	x9, #0x5
10000717c:	e9 97 01 f9	str	x9, [sp, #0x328]
100007180:	e0 97 41 f9	ldr	x0, [sp, #0x328]
100007184:	e1 bb 41 f9	ldr	x1, [sp, #0x370]
100007188:	ef c3 0c 91	add	x15, sp, #0x330
10000718c:	1c 00 00 94	bl	_silex_function_13
100007190:	ee 0b 40 f9	ldr	x14, [sp, #0x10]
100007194:	e9 9b 41 f9	ldr	x9, [sp, #0x330]
100007198:	c9 01 00 f9	str	x9, [x14]
10000719c:	e9 9f 41 f9	ldr	x9, [sp, #0x338]
1000071a0:	c9 05 00 f9	str	x9, [x14, #0x8]
1000071a4:	e9 a3 41 f9	ldr	x9, [sp, #0x340]
1000071a8:	c9 09 00 f9	str	x9, [x14, #0x10]
1000071ac:	00 00 80 d2	mov	x0, #0x0
1000071b0:	08 00 80 52	mov	w8, #0x0
1000071b4:	0b 00 00 14	b	0x1000071e0
1000071b8:	e9 bb 41 f9	ldr	x9, [sp, #0x370]
1000071bc:	ea bf 41 f9	ldr	x10, [sp, #0x378]
1000071c0:	2b 01 0a ab	adds	x11, x9, x10
1000071c4:	46 01 00 54	b.vs	0x1000071ec
1000071c8:	eb a7 01 f9	str	x11, [sp, #0x348]
1000071cc:	f0 03 0b aa	mov	x16, x11
1000071d0:	e9 03 10 aa	mov	x9, x16
1000071d4:	e9 bb 01 f9	str	x9, [sp, #0x370]
1000071d8:	f1 03 09 aa	mov	x17, x9
1000071dc:	41 fc ff 17	b	0x1000062e0
1000071e0:	ff 43 0e 91	add	sp, sp, #0x390
1000071e4:	fd 7b c1 a8	ldp	x29, x30, [sp], #0x10
1000071e8:	c0 03 5f d6	ret
1000071ec:	28 00 80 52	mov	w8, #0x1
1000071f0:	fc ff ff 17	b	0x1000071e0
1000071f4:	48 00 80 52	mov	w8, #0x2
1000071f8:	fa ff ff 17	b	0x1000071e0
_silex_function_13:
1000071fc:	fd 7b bf a9	stp	x29, x30, [sp, #-0x10]!
100007200:	fd 03 00 91	mov	x29, sp
100007204:	ff 43 01 d1	sub	sp, sp, #0x50
100007208:	ef 0b 00 f9	str	x15, [sp, #0x10]
10000720c:	e0 03 00 f9	str	x0, [sp]
100007210:	e1 07 00 f9	str	x1, [sp, #0x8]
100007214:	e9 03 40 f9	ldr	x9, [sp]
100007218:	e9 13 00 f9	str	x9, [sp, #0x20]
10000721c:	e9 07 40 f9	ldr	x9, [sp, #0x8]
100007220:	e9 17 00 f9	str	x9, [sp, #0x28]
100007224:	29 00 80 d2	mov	x9, #0x1
100007228:	e9 1b 00 f9	str	x9, [sp, #0x30]
10000722c:	09 00 80 52	mov	w9, #0x0
100007230:	e9 1f 00 f9	str	x9, [sp, #0x38]
100007234:	09 00 80 52	mov	w9, #0x0
100007238:	e9 23 00 f9	str	x9, [sp, #0x40]
10000723c:	e9 13 40 f9	ldr	x9, [sp, #0x20]
100007240:	e9 1f 00 f9	str	x9, [sp, #0x38]
100007244:	e9 17 40 f9	ldr	x9, [sp, #0x28]
100007248:	e9 23 00 f9	str	x9, [sp, #0x40]
10000724c:	ee 0b 40 f9	ldr	x14, [sp, #0x10]
100007250:	e9 1b 40 f9	ldr	x9, [sp, #0x30]
100007254:	c9 01 00 f9	str	x9, [x14]
100007258:	e9 1f 40 f9	ldr	x9, [sp, #0x38]
10000725c:	c9 05 00 f9	str	x9, [x14, #0x8]
100007260:	e9 23 40 f9	ldr	x9, [sp, #0x40]
100007264:	c9 09 00 f9	str	x9, [x14, #0x10]
100007268:	00 00 80 d2	mov	x0, #0x0
10000726c:	08 00 80 52	mov	w8, #0x0
100007270:	ff 43 01 91	add	sp, sp, #0x50
100007274:	fd 7b c1 a8	ldp	x29, x30, [sp], #0x10
100007278:	c0 03 5f d6	ret
10000727c:	28 00 80 52	mov	w8, #0x1
100007280:	fc ff ff 17	b	0x100007270
100007284:	48 00 80 52	mov	w8, #0x2
100007288:	fa ff ff 17	b	0x100007270
_silex_function_14:
10000728c:	fd 7b bf a9	stp	x29, x30, [sp, #-0x10]!
100007290:	fd 03 00 91	mov	x29, sp
100007294:	ff c3 00 d1	sub	sp, sp, #0x30
100007298:	09 01 80 d2	mov	x9, #0x8
10000729c:	e9 03 00 f9	str	x9, [sp]
1000072a0:	f0 03 09 aa	mov	x16, x9
1000072a4:	e0 03 40 f9	ldr	x0, [sp]
1000072a8:	49 15 00 94	bl	0x10000c7cc ; symbol stub for: _clock_gettime_nsec_np
1000072ac:	1f 20 03 d5	nop
1000072b0:	1f 20 03 d5	nop
1000072b4:	08 00 80 52	mov	w8, #0x0
1000072b8:	e0 07 00 f9	str	x0, [sp, #0x8]
1000072bc:	e9 07 40 f9	ldr	x9, [sp, #0x8]
1000072c0:	ec ce 97 d2	mov	x12, #0xbe77
1000072c4:	ec 53 a3 f2	movk	x12, #0x1a9f, lsl #16
1000072c8:	ec a5 db f2	movk	x12, #0xdd2f, lsl #32
1000072cc:	8c c4 e0 f2	movk	x12, #0x624, lsl #48
1000072d0:	2d 7d cc 9b	umulh	x13, x9, x12
1000072d4:	2e 01 0d cb	sub	x14, x9, x13
1000072d8:	ce fd 41 d3	lsr	x14, x14, #1
1000072dc:	ad 01 0e 8b	add	x13, x13, x14
1000072e0:	ad fd 49 d3	lsr	x13, x13, #9
1000072e4:	eb 03 0d aa	mov	x11, x13
1000072e8:	eb 0f 00 f9	str	x11, [sp, #0x18]
1000072ec:	f0 03 0b aa	mov	x16, x11
1000072f0:	e9 0f 40 f9	ldr	x9, [sp, #0x18]
1000072f4:	ea ff 9f d2	mov	x10, #0xffff
1000072f8:	ea ff bf f2	movk	x10, #0xffff, lsl #16
1000072fc:	ea ff df f2	movk	x10, #0xffff, lsl #32
100007300:	ea ff ef f2	movk	x10, #0x7fff, lsl #48
100007304:	3f 01 0a eb	cmp	x9, x10
100007308:	89 01 00 54	b.ls	0x100007338
10000730c:	40 00 80 52	mov	w0, #0x2
100007310:	21 00 00 90	adrp	x1, 4 ; 0x10000b000
100007314:	21 a0 2c 91	add	x1, x1, #0xb28
100007318:	c2 16 80 d2	mov	x2, #0xb6
10000731c:	02 00 a0 f2	movk	x2, #0x0, lsl #16
100007320:	02 00 c0 f2	movk	x2, #0x0, lsl #32
100007324:	02 00 e0 f2	movk	x2, #0x0, lsl #48
100007328:	90 00 80 52	mov	w16, #0x4
10000732c:	01 10 00 d4	svc	#0x80
100007330:	68 00 80 52	mov	w8, #0x3
100007334:	04 00 00 14	b	0x100007344
100007338:	e9 13 00 f9	str	x9, [sp, #0x20]
10000733c:	e0 13 40 f9	ldr	x0, [sp, #0x20]
100007340:	08 00 80 52	mov	w8, #0x0
100007344:	ff c3 00 91	add	sp, sp, #0x30
100007348:	fd 7b c1 a8	ldp	x29, x30, [sp], #0x10
10000734c:	c0 03 5f d6	ret
100007350:	28 00 80 52	mov	w8, #0x1
100007354:	fc ff ff 17	b	0x100007344
100007358:	48 00 80 52	mov	w8, #0x2
10000735c:	fa ff ff 17	b	0x100007344
_silex_function_15:
100007360:	f0 03 00 aa	mov	x16, x0
100007364:	f1 03 01 aa	mov	x17, x1
100007368:	31 02 10 eb	subs	x17, x17, x16
10000736c:	06 0b 00 54	b.vs	0x1000074cc
100007370:	6c 9b 86 d2	mov	x12, #0x34db
100007374:	cc f6 ba f2	movk	x12, #0xd7b6, lsl #16
100007378:	4c d0 db f2	movk	x12, #0xde82, lsl #32
10000737c:	6c 63 e8 f2	movk	x12, #0x431b, lsl #48
100007380:	2d 7e 4c 9b	smulh	x13, x17, x12
100007384:	ad fd 52 93	asr	x13, x13, #18
100007388:	ad fd 4d 8b	add	x13, x13, x13, lsr #63
10000738c:	e1 03 0d aa	mov	x1, x13
100007390:	6c 9b 86 d2	mov	x12, #0x34db
100007394:	cc f6 ba f2	movk	x12, #0xd7b6, lsl #16
100007398:	4c d0 db f2	movk	x12, #0xde82, lsl #32
10000739c:	6c 63 e8 f2	movk	x12, #0x431b, lsl #48
1000073a0:	2d 7e 4c 9b	smulh	x13, x17, x12
1000073a4:	ad fd 52 93	asr	x13, x13, #18
1000073a8:	ad fd 4d 8b	add	x13, x13, x13, lsr #63
1000073ac:	0c 48 88 d2	mov	x12, #0x4240
1000073b0:	ec 01 a0 f2	movk	x12, #0xf, lsl #16
1000073b4:	b1 c5 0c 9b	msub	x17, x13, x12, x17
1000073b8:	30 00 22 9e	scvtf	s16, x1
1000073bc:	0b e0 ab d2	mov	x11, #0x5f000000
1000073c0:	6b 01 27 1e	fmov	s11, w11
1000073c4:	00 22 2b 1e	fcmp	s16, s11
1000073c8:	84 01 00 54	b.mi	0x1000073f8
1000073cc:	40 00 80 52	mov	w0, #0x2
1000073d0:	21 00 00 90	adrp	x1, 4 ; 0x10000b000
1000073d4:	21 a0 2f 91	add	x1, x1, #0xbe8
1000073d8:	e2 15 80 d2	mov	x2, #0xaf
1000073dc:	02 00 a0 f2	movk	x2, #0x0, lsl #16
1000073e0:	02 00 c0 f2	movk	x2, #0x0, lsl #32
1000073e4:	02 00 e0 f2	movk	x2, #0x0, lsl #48
1000073e8:	90 00 80 52	mov	w16, #0x4
1000073ec:	01 10 00 d4	svc	#0x80
1000073f0:	68 00 80 52	mov	w8, #0x3
1000073f4:	35 00 00 14	b	0x1000074c8
1000073f8:	0b 02 38 9e	fcvtzs	x11, s16
1000073fc:	3f 00 0b eb	cmp	x1, x11
100007400:	80 01 00 54	b.eq	0x100007430
100007404:	40 00 80 52	mov	w0, #0x2
100007408:	21 00 00 90	adrp	x1, 4 ; 0x10000b000
10000740c:	21 a0 2f 91	add	x1, x1, #0xbe8
100007410:	e2 15 80 d2	mov	x2, #0xaf
100007414:	02 00 a0 f2	movk	x2, #0x0, lsl #16
100007418:	02 00 c0 f2	movk	x2, #0x0, lsl #32
10000741c:	02 00 e0 f2	movk	x2, #0x0, lsl #48
100007420:	90 00 80 52	mov	w16, #0x4
100007424:	01 10 00 d4	svc	#0x80
100007428:	68 00 80 52	mov	w8, #0x3
10000742c:	27 00 00 14	b	0x1000074c8
100007430:	31 02 22 9e	scvtf	s17, x17
100007434:	0b e0 ab d2	mov	x11, #0x5f000000
100007438:	6b 01 27 1e	fmov	s11, w11
10000743c:	20 22 2b 1e	fcmp	s17, s11
100007440:	84 01 00 54	b.mi	0x100007470
100007444:	40 00 80 52	mov	w0, #0x2
100007448:	21 00 00 90	adrp	x1, 4 ; 0x10000b000
10000744c:	21 80 32 91	add	x1, x1, #0xca0
100007450:	e2 15 80 d2	mov	x2, #0xaf
100007454:	02 00 a0 f2	movk	x2, #0x0, lsl #16
100007458:	02 00 c0 f2	movk	x2, #0x0, lsl #32
10000745c:	02 00 e0 f2	movk	x2, #0x0, lsl #48
100007460:	90 00 80 52	mov	w16, #0x4
100007464:	01 10 00 d4	svc	#0x80
100007468:	68 00 80 52	mov	w8, #0x3
10000746c:	17 00 00 14	b	0x1000074c8
100007470:	2b 02 38 9e	fcvtzs	x11, s17
100007474:	3f 02 0b eb	cmp	x17, x11
100007478:	80 01 00 54	b.eq	0x1000074a8
10000747c:	40 00 80 52	mov	w0, #0x2
100007480:	21 00 00 90	adrp	x1, 4 ; 0x10000b000
100007484:	21 80 32 91	add	x1, x1, #0xca0
100007488:	e2 15 80 d2	mov	x2, #0xaf
10000748c:	02 00 a0 f2	movk	x2, #0x0, lsl #16
100007490:	02 00 c0 f2	movk	x2, #0x0, lsl #32
100007494:	02 00 e0 f2	movk	x2, #0x0, lsl #48
100007498:	90 00 80 52	mov	w16, #0x4
10000749c:	01 10 00 d4	svc	#0x80
1000074a0:	68 00 80 52	mov	w8, #0x3
1000074a4:	09 00 00 14	b	0x1000074c8
1000074a8:	09 80 84 d2	mov	x9, #0x2400
1000074ac:	89 2e a9 f2	movk	x9, #0x4974, lsl #16
1000074b0:	32 01 27 1e	fmov	s18, w9
1000074b4:	31 1a 32 1e	fdiv	s17, s17, s18
1000074b8:	10 2a 31 1e	fadd	s16, s16, s17
1000074bc:	09 42 20 1e	fmov	s9, s16
1000074c0:	20 01 26 1e	fmov	w0, s9
1000074c4:	08 00 80 52	mov	w8, #0x0
1000074c8:	c0 03 5f d6	ret
1000074cc:	28 00 80 52	mov	w8, #0x1
1000074d0:	fe ff ff 17	b	0x1000074c8
1000074d4:	48 00 80 52	mov	w8, #0x2
1000074d8:	fc ff ff 17	b	0x1000074c8
_silex_function_16:
1000074dc:	fd 7b bf a9	stp	x29, x30, [sp, #-0x10]!
1000074e0:	fd 03 00 91	mov	x29, sp
1000074e4:	ff c3 00 d1	sub	sp, sp, #0x30
1000074e8:	09 01 80 d2	mov	x9, #0x8
1000074ec:	e9 03 00 f9	str	x9, [sp]
1000074f0:	f0 03 09 aa	mov	x16, x9
1000074f4:	e0 03 40 f9	ldr	x0, [sp]
1000074f8:	b5 14 00 94	bl	0x10000c7cc ; symbol stub for: _clock_gettime_nsec_np
1000074fc:	1f 20 03 d5	nop
100007500:	1f 20 03 d5	nop
100007504:	08 00 80 52	mov	w8, #0x0
100007508:	e0 07 00 f9	str	x0, [sp, #0x8]
10000750c:	e9 07 40 f9	ldr	x9, [sp, #0x8]
100007510:	ec ce 97 d2	mov	x12, #0xbe77
100007514:	ec 53 a3 f2	movk	x12, #0x1a9f, lsl #16
100007518:	ec a5 db f2	movk	x12, #0xdd2f, lsl #32
10000751c:	8c c4 e0 f2	movk	x12, #0x624, lsl #48
100007520:	2d 7d cc 9b	umulh	x13, x9, x12
100007524:	2e 01 0d cb	sub	x14, x9, x13
100007528:	ce fd 41 d3	lsr	x14, x14, #1
10000752c:	ad 01 0e 8b	add	x13, x13, x14
100007530:	ad fd 49 d3	lsr	x13, x13, #9
100007534:	eb 03 0d aa	mov	x11, x13
100007538:	eb 0f 00 f9	str	x11, [sp, #0x18]
10000753c:	f0 03 0b aa	mov	x16, x11
100007540:	e9 0f 40 f9	ldr	x9, [sp, #0x18]
100007544:	ea ff 9f d2	mov	x10, #0xffff
100007548:	ea ff bf f2	movk	x10, #0xffff, lsl #16
10000754c:	ea ff df f2	movk	x10, #0xffff, lsl #32
100007550:	ea ff ef f2	movk	x10, #0x7fff, lsl #48
100007554:	3f 01 0a eb	cmp	x9, x10
100007558:	89 01 00 54	b.ls	0x100007588
10000755c:	40 00 80 52	mov	w0, #0x2
100007560:	21 00 00 90	adrp	x1, 4 ; 0x10000b000
100007564:	21 a0 2c 91	add	x1, x1, #0xb28
100007568:	c2 16 80 d2	mov	x2, #0xb6
10000756c:	02 00 a0 f2	movk	x2, #0x0, lsl #16
100007570:	02 00 c0 f2	movk	x2, #0x0, lsl #32
100007574:	02 00 e0 f2	movk	x2, #0x0, lsl #48
100007578:	90 00 80 52	mov	w16, #0x4
10000757c:	01 10 00 d4	svc	#0x80
100007580:	68 00 80 52	mov	w8, #0x3
100007584:	04 00 00 14	b	0x100007594
100007588:	e9 13 00 f9	str	x9, [sp, #0x20]
10000758c:	e0 13 40 f9	ldr	x0, [sp, #0x20]
100007590:	08 00 80 52	mov	w8, #0x0
100007594:	ff c3 00 91	add	sp, sp, #0x30
100007598:	fd 7b c1 a8	ldp	x29, x30, [sp], #0x10
10000759c:	c0 03 5f d6	ret
1000075a0:	28 00 80 52	mov	w8, #0x1
1000075a4:	fc ff ff 17	b	0x100007594
1000075a8:	48 00 80 52	mov	w8, #0x2
1000075ac:	fa ff ff 17	b	0x100007594
_silex_function_17:
1000075b0:	fd 7b bf a9	stp	x29, x30, [sp, #-0x10]!
1000075b4:	fd 03 00 91	mov	x29, sp
1000075b8:	ff 03 0b d1	sub	sp, sp, #0x2c0
1000075bc:	ef 1b 00 f9	str	x15, [sp, #0x30]
1000075c0:	09 2c 40 a9	ldp	x9, x11, [x0]
1000075c4:	e9 2f 00 a9	stp	x9, x11, [sp]
1000075c8:	09 2c 41 a9	ldp	x9, x11, [x0, #0x10]
1000075cc:	e9 2f 01 a9	stp	x9, x11, [sp, #0x10]
1000075d0:	09 2c 42 a9	ldp	x9, x11, [x0, #0x20]
1000075d4:	e9 2f 02 a9	stp	x9, x11, [sp, #0x20]
1000075d8:	e9 03 40 f9	ldr	x9, [sp]
1000075dc:	e9 df 00 f9	str	x9, [sp, #0x1b8]
1000075e0:	f0 03 09 aa	mov	x16, x9
1000075e4:	e9 07 40 f9	ldr	x9, [sp, #0x8]
1000075e8:	e9 e3 00 f9	str	x9, [sp, #0x1c0]
1000075ec:	f1 03 09 aa	mov	x17, x9
1000075f0:	e9 0b 40 f9	ldr	x9, [sp, #0x10]
1000075f4:	e9 e7 00 f9	str	x9, [sp, #0x1c8]
1000075f8:	f0 03 09 aa	mov	x16, x9
1000075fc:	e9 0f 40 f9	ldr	x9, [sp, #0x18]
100007600:	e9 eb 00 f9	str	x9, [sp, #0x1d0]
100007604:	f1 03 09 aa	mov	x17, x9
100007608:	e9 13 40 f9	ldr	x9, [sp, #0x20]
10000760c:	e9 ef 00 f9	str	x9, [sp, #0x1d8]
100007610:	f0 03 09 aa	mov	x16, x9
100007614:	e9 17 40 f9	ldr	x9, [sp, #0x28]
100007618:	e9 f3 00 f9	str	x9, [sp, #0x1e0]
10000761c:	f1 03 09 aa	mov	x17, x9
100007620:	e9 f3 40 f9	ldr	x9, [sp, #0x1e0]
100007624:	49 05 00 34	cbz	w9, 0x1000076cc
100007628:	09 e4 00 2f	movi	d9, #0000000000000000
10000762c:	e9 3b 00 bd	str	s9, [sp, #0x38]
100007630:	e9 e3 40 f9	ldr	x9, [sp, #0x1c0]
100007634:	e9 f7 00 f9	str	x9, [sp, #0x1e8]
100007638:	f0 03 09 aa	mov	x16, x9
10000763c:	e9 e7 40 f9	ldr	x9, [sp, #0x1c8]
100007640:	e9 fb 00 f9	str	x9, [sp, #0x1f0]
100007644:	f1 03 09 aa	mov	x17, x9
100007648:	e9 eb 40 f9	ldr	x9, [sp, #0x1d0]
10000764c:	e9 ff 00 f9	str	x9, [sp, #0x1f8]
100007650:	f0 03 09 aa	mov	x16, x9
100007654:	e9 df 40 f9	ldr	x9, [sp, #0x1b8]
100007658:	e9 23 00 f9	str	x9, [sp, #0x40]
10000765c:	e9 f7 40 f9	ldr	x9, [sp, #0x1e8]
100007660:	e9 27 00 f9	str	x9, [sp, #0x48]
100007664:	e9 fb 40 f9	ldr	x9, [sp, #0x1f0]
100007668:	e9 2b 00 f9	str	x9, [sp, #0x50]
10000766c:	e9 ff 40 f9	ldr	x9, [sp, #0x1f8]
100007670:	e9 2f 00 f9	str	x9, [sp, #0x58]
100007674:	e9 ef 40 f9	ldr	x9, [sp, #0x1d8]
100007678:	e9 33 00 f9	str	x9, [sp, #0x60]
10000767c:	e9 f3 40 f9	ldr	x9, [sp, #0x1e0]
100007680:	e9 37 00 f9	str	x9, [sp, #0x68]
100007684:	ee 1b 40 f9	ldr	x14, [sp, #0x30]
100007688:	e9 23 40 f9	ldr	x9, [sp, #0x40]
10000768c:	c9 01 00 f9	str	x9, [x14]
100007690:	e9 27 40 f9	ldr	x9, [sp, #0x48]
100007694:	c9 05 00 f9	str	x9, [x14, #0x8]
100007698:	e9 2b 40 f9	ldr	x9, [sp, #0x50]
10000769c:	c9 09 00 f9	str	x9, [x14, #0x10]
1000076a0:	e9 2f 40 f9	ldr	x9, [sp, #0x58]
1000076a4:	c9 0d 00 f9	str	x9, [x14, #0x18]
1000076a8:	e9 33 40 f9	ldr	x9, [sp, #0x60]
1000076ac:	c9 11 00 f9	str	x9, [x14, #0x20]
1000076b0:	e9 37 40 f9	ldr	x9, [sp, #0x68]
1000076b4:	c9 15 00 f9	str	x9, [x14, #0x28]
1000076b8:	e9 1f 40 f9	ldr	x9, [sp, #0x38]
1000076bc:	c9 19 00 f9	str	x9, [x14, #0x30]
1000076c0:	00 00 80 d2	mov	x0, #0x0
1000076c4:	08 00 80 52	mov	w8, #0x0
1000076c8:	07 01 00 14	b	0x100007ae4
1000076cc:	09 01 80 d2	mov	x9, #0x8
1000076d0:	e9 27 01 f9	str	x9, [sp, #0x248]
1000076d4:	f0 03 09 aa	mov	x16, x9
1000076d8:	e0 27 41 f9	ldr	x0, [sp, #0x248]
1000076dc:	3c 14 00 94	bl	0x10000c7cc ; symbol stub for: _clock_gettime_nsec_np
1000076e0:	1f 20 03 d5	nop
1000076e4:	1f 20 03 d5	nop
1000076e8:	08 00 80 52	mov	w8, #0x0
1000076ec:	e0 2b 01 f9	str	x0, [sp, #0x250]
1000076f0:	e9 2b 41 f9	ldr	x9, [sp, #0x250]
1000076f4:	ec ce 97 d2	mov	x12, #0xbe77
1000076f8:	ec 53 a3 f2	movk	x12, #0x1a9f, lsl #16
1000076fc:	ec a5 db f2	movk	x12, #0xdd2f, lsl #32
100007700:	8c c4 e0 f2	movk	x12, #0x624, lsl #48
100007704:	2d 7d cc 9b	umulh	x13, x9, x12
100007708:	2e 01 0d cb	sub	x14, x9, x13
10000770c:	ce fd 41 d3	lsr	x14, x14, #1
100007710:	ad 01 0e 8b	add	x13, x13, x14
100007714:	ad fd 49 d3	lsr	x13, x13, #9
100007718:	eb 03 0d aa	mov	x11, x13
10000771c:	eb 33 01 f9	str	x11, [sp, #0x260]
100007720:	f0 03 0b aa	mov	x16, x11
100007724:	e9 33 41 f9	ldr	x9, [sp, #0x260]
100007728:	ea ff 9f d2	mov	x10, #0xffff
10000772c:	ea ff bf f2	movk	x10, #0xffff, lsl #16
100007730:	ea ff df f2	movk	x10, #0xffff, lsl #32
100007734:	ea ff ef f2	movk	x10, #0x7fff, lsl #48
100007738:	3f 01 0a eb	cmp	x9, x10
10000773c:	89 01 00 54	b.ls	0x10000776c
100007740:	40 00 80 52	mov	w0, #0x2
100007744:	21 00 00 90	adrp	x1, 4 ; 0x10000b000
100007748:	21 a0 2c 91	add	x1, x1, #0xb28
10000774c:	c2 16 80 d2	mov	x2, #0xb6
100007750:	02 00 a0 f2	movk	x2, #0x0, lsl #16
100007754:	02 00 c0 f2	movk	x2, #0x0, lsl #32
100007758:	02 00 e0 f2	movk	x2, #0x0, lsl #48
10000775c:	90 00 80 52	mov	w16, #0x4
100007760:	01 10 00 d4	svc	#0x80
100007764:	68 00 80 52	mov	w8, #0x3
100007768:	df 00 00 14	b	0x100007ae4
10000776c:	e9 37 01 f9	str	x9, [sp, #0x268]
100007770:	09 00 80 52	mov	w9, #0x0
100007774:	e9 57 00 f9	str	x9, [sp, #0xa8]
100007778:	f0 03 09 aa	mov	x16, x9
10000777c:	e9 ef 40 f9	ldr	x9, [sp, #0x1d8]
100007780:	ea 57 40 f9	ldr	x10, [sp, #0xa8]
100007784:	3f 01 0a eb	cmp	x9, x10
100007788:	0b 00 80 52	mov	w11, #0x0
10000778c:	41 00 00 54	b.ne	0x100007794
100007790:	2b 00 80 52	mov	w11, #0x1
100007794:	eb 5b 00 f9	str	x11, [sp, #0xb0]
100007798:	f1 03 0b aa	mov	x17, x11
10000779c:	e9 5b 40 f9	ldr	x9, [sp, #0xb0]
1000077a0:	a9 05 00 34	cbz	w9, 0x100007854
1000077a4:	29 00 80 52	mov	w9, #0x1
1000077a8:	e9 5f 00 f9	str	x9, [sp, #0xb8]
1000077ac:	f0 03 09 aa	mov	x16, x9
1000077b0:	09 e4 00 2f	movi	d9, #0000000000000000
1000077b4:	e9 c3 00 bd	str	s9, [sp, #0xc0]
1000077b8:	e9 e3 40 f9	ldr	x9, [sp, #0x1c0]
1000077bc:	e9 03 01 f9	str	x9, [sp, #0x200]
1000077c0:	f1 03 09 aa	mov	x17, x9
1000077c4:	e9 e7 40 f9	ldr	x9, [sp, #0x1c8]
1000077c8:	e9 07 01 f9	str	x9, [sp, #0x208]
1000077cc:	f0 03 09 aa	mov	x16, x9
1000077d0:	e9 eb 40 f9	ldr	x9, [sp, #0x1d0]
1000077d4:	e9 0b 01 f9	str	x9, [sp, #0x210]
1000077d8:	f1 03 09 aa	mov	x17, x9
1000077dc:	e9 37 41 f9	ldr	x9, [sp, #0x268]
1000077e0:	e9 67 00 f9	str	x9, [sp, #0xc8]
1000077e4:	e9 03 41 f9	ldr	x9, [sp, #0x200]
1000077e8:	e9 6b 00 f9	str	x9, [sp, #0xd0]
1000077ec:	e9 07 41 f9	ldr	x9, [sp, #0x208]
1000077f0:	e9 6f 00 f9	str	x9, [sp, #0xd8]
1000077f4:	e9 0b 41 f9	ldr	x9, [sp, #0x210]
1000077f8:	e9 73 00 f9	str	x9, [sp, #0xe0]
1000077fc:	e9 5f 40 f9	ldr	x9, [sp, #0xb8]
100007800:	e9 77 00 f9	str	x9, [sp, #0xe8]
100007804:	e9 f3 40 f9	ldr	x9, [sp, #0x1e0]
100007808:	e9 7b 00 f9	str	x9, [sp, #0xf0]
10000780c:	ee 1b 40 f9	ldr	x14, [sp, #0x30]
100007810:	e9 67 40 f9	ldr	x9, [sp, #0xc8]
100007814:	c9 01 00 f9	str	x9, [x14]
100007818:	e9 6b 40 f9	ldr	x9, [sp, #0xd0]
10000781c:	c9 05 00 f9	str	x9, [x14, #0x8]
100007820:	e9 6f 40 f9	ldr	x9, [sp, #0xd8]
100007824:	c9 09 00 f9	str	x9, [x14, #0x10]
100007828:	e9 73 40 f9	ldr	x9, [sp, #0xe0]
10000782c:	c9 0d 00 f9	str	x9, [x14, #0x18]
100007830:	e9 77 40 f9	ldr	x9, [sp, #0xe8]
100007834:	c9 11 00 f9	str	x9, [x14, #0x20]
100007838:	e9 7b 40 f9	ldr	x9, [sp, #0xf0]
10000783c:	c9 15 00 f9	str	x9, [x14, #0x28]
100007840:	e9 63 40 f9	ldr	x9, [sp, #0xc0]
100007844:	c9 19 00 f9	str	x9, [x14, #0x30]
100007848:	00 00 80 d2	mov	x0, #0x0
10000784c:	08 00 80 52	mov	w8, #0x0
100007850:	a5 00 00 14	b	0x100007ae4
100007854:	e9 e3 40 f9	ldr	x9, [sp, #0x1c0]
100007858:	e9 0f 01 f9	str	x9, [sp, #0x218]
10000785c:	f0 03 09 aa	mov	x16, x9
100007860:	e9 37 41 f9	ldr	x9, [sp, #0x268]
100007864:	ea df 40 f9	ldr	x10, [sp, #0x1b8]
100007868:	2b 01 0a eb	subs	x11, x9, x10
10000786c:	26 14 00 54	b.vs	0x100007af0
100007870:	eb 3b 01 f9	str	x11, [sp, #0x270]
100007874:	f1 03 0b aa	mov	x17, x11
100007878:	e9 3b 41 f9	ldr	x9, [sp, #0x270]
10000787c:	6c 9b 86 d2	mov	x12, #0x34db
100007880:	cc f6 ba f2	movk	x12, #0xd7b6, lsl #16
100007884:	4c d0 db f2	movk	x12, #0xde82, lsl #32
100007888:	6c 63 e8 f2	movk	x12, #0x431b, lsl #48
10000788c:	2d 7d 4c 9b	smulh	x13, x9, x12
100007890:	ad fd 52 93	asr	x13, x13, #18
100007894:	ad fd 4d 8b	add	x13, x13, x13, lsr #63
100007898:	eb 03 0d aa	mov	x11, x13
10000789c:	eb 43 01 f9	str	x11, [sp, #0x280]
1000078a0:	f0 03 0b aa	mov	x16, x11
1000078a4:	e9 3b 41 f9	ldr	x9, [sp, #0x270]
1000078a8:	6c 9b 86 d2	mov	x12, #0x34db
1000078ac:	cc f6 ba f2	movk	x12, #0xd7b6, lsl #16
1000078b0:	4c d0 db f2	movk	x12, #0xde82, lsl #32
1000078b4:	6c 63 e8 f2	movk	x12, #0x431b, lsl #48
1000078b8:	2d 7d 4c 9b	smulh	x13, x9, x12
1000078bc:	ad fd 52 93	asr	x13, x13, #18
1000078c0:	ad fd 4d 8b	add	x13, x13, x13, lsr #63
1000078c4:	0c 48 88 d2	mov	x12, #0x4240
1000078c8:	ec 01 a0 f2	movk	x12, #0xf, lsl #16
1000078cc:	ab a5 0c 9b	msub	x11, x13, x12, x9
1000078d0:	eb 4b 01 f9	str	x11, [sp, #0x290]
1000078d4:	f1 03 0b aa	mov	x17, x11
1000078d8:	e9 43 41 f9	ldr	x9, [sp, #0x280]
1000078dc:	2a 01 22 9e	scvtf	s10, x9
1000078e0:	0b e0 ab d2	mov	x11, #0x5f000000
1000078e4:	6b 01 27 1e	fmov	s11, w11
1000078e8:	40 21 2b 1e	fcmp	s10, s11
1000078ec:	84 01 00 54	b.mi	0x10000791c
1000078f0:	40 00 80 52	mov	w0, #0x2
1000078f4:	21 00 00 90	adrp	x1, 4 ; 0x10000b000
1000078f8:	21 a0 2f 91	add	x1, x1, #0xbe8
1000078fc:	e2 15 80 d2	mov	x2, #0xaf
100007900:	02 00 a0 f2	movk	x2, #0x0, lsl #16
100007904:	02 00 c0 f2	movk	x2, #0x0, lsl #32
100007908:	02 00 e0 f2	movk	x2, #0x0, lsl #48
10000790c:	90 00 80 52	mov	w16, #0x4
100007910:	01 10 00 d4	svc	#0x80
100007914:	68 00 80 52	mov	w8, #0x3
100007918:	73 00 00 14	b	0x100007ae4
10000791c:	4b 01 38 9e	fcvtzs	x11, s10
100007920:	3f 01 0b eb	cmp	x9, x11
100007924:	80 01 00 54	b.eq	0x100007954
100007928:	40 00 80 52	mov	w0, #0x2
10000792c:	21 00 00 90	adrp	x1, 4 ; 0x10000b000
100007930:	21 a0 2f 91	add	x1, x1, #0xbe8
100007934:	e2 15 80 d2	mov	x2, #0xaf
100007938:	02 00 a0 f2	movk	x2, #0x0, lsl #16
10000793c:	02 00 c0 f2	movk	x2, #0x0, lsl #32
100007940:	02 00 e0 f2	movk	x2, #0x0, lsl #48
100007944:	90 00 80 52	mov	w16, #0x4
100007948:	01 10 00 d4	svc	#0x80
10000794c:	68 00 80 52	mov	w8, #0x3
100007950:	65 00 00 14	b	0x100007ae4
100007954:	ea 9b 02 bd	str	s10, [sp, #0x298]
100007958:	e9 4b 41 f9	ldr	x9, [sp, #0x290]
10000795c:	2a 01 22 9e	scvtf	s10, x9
100007960:	0b e0 ab d2	mov	x11, #0x5f000000
100007964:	6b 01 27 1e	fmov	s11, w11
100007968:	40 21 2b 1e	fcmp	s10, s11
10000796c:	84 01 00 54	b.mi	0x10000799c
100007970:	40 00 80 52	mov	w0, #0x2
100007974:	21 00 00 90	adrp	x1, 4 ; 0x10000b000
100007978:	21 80 32 91	add	x1, x1, #0xca0
10000797c:	e2 15 80 d2	mov	x2, #0xaf
100007980:	02 00 a0 f2	movk	x2, #0x0, lsl #16
100007984:	02 00 c0 f2	movk	x2, #0x0, lsl #32
100007988:	02 00 e0 f2	movk	x2, #0x0, lsl #48
10000798c:	90 00 80 52	mov	w16, #0x4
100007990:	01 10 00 d4	svc	#0x80
100007994:	68 00 80 52	mov	w8, #0x3
100007998:	53 00 00 14	b	0x100007ae4
10000799c:	4b 01 38 9e	fcvtzs	x11, s10
1000079a0:	3f 01 0b eb	cmp	x9, x11
1000079a4:	80 01 00 54	b.eq	0x1000079d4
1000079a8:	40 00 80 52	mov	w0, #0x2
1000079ac:	21 00 00 90	adrp	x1, 4 ; 0x10000b000
1000079b0:	21 80 32 91	add	x1, x1, #0xca0
1000079b4:	e2 15 80 d2	mov	x2, #0xaf
1000079b8:	02 00 a0 f2	movk	x2, #0x0, lsl #16
1000079bc:	02 00 c0 f2	movk	x2, #0x0, lsl #32
1000079c0:	02 00 e0 f2	movk	x2, #0x0, lsl #48
1000079c4:	90 00 80 52	mov	w16, #0x4
1000079c8:	01 10 00 d4	svc	#0x80
1000079cc:	68 00 80 52	mov	w8, #0x3
1000079d0:	45 00 00 14	b	0x100007ae4
1000079d4:	ea a3 02 bd	str	s10, [sp, #0x2a0]
1000079d8:	09 80 84 d2	mov	x9, #0x2400
1000079dc:	89 2e a9 f2	movk	x9, #0x4974, lsl #16
1000079e0:	29 01 27 1e	fmov	s9, w9
1000079e4:	e9 ab 02 bd	str	s9, [sp, #0x2a8]
1000079e8:	e9 a3 42 bd	ldr	s9, [sp, #0x2a0]
1000079ec:	ea ab 42 bd	ldr	s10, [sp, #0x2a8]
1000079f0:	2b 19 2a 1e	fdiv	s11, s9, s10
1000079f4:	eb b3 02 bd	str	s11, [sp, #0x2b0]
1000079f8:	e9 9b 42 bd	ldr	s9, [sp, #0x298]
1000079fc:	ea b3 42 bd	ldr	s10, [sp, #0x2b0]
100007a00:	2b 29 2a 1e	fadd	s11, s9, s10
100007a04:	eb bb 02 bd	str	s11, [sp, #0x2b8]
100007a08:	e9 5f 41 f9	ldr	x9, [sp, #0x2b8]
100007a0c:	e9 9b 00 f9	str	x9, [sp, #0x130]
100007a10:	f0 03 09 aa	mov	x16, x9
100007a14:	e9 eb 40 f9	ldr	x9, [sp, #0x1d0]
100007a18:	e9 13 01 f9	str	x9, [sp, #0x220]
100007a1c:	f1 03 09 aa	mov	x17, x9
100007a20:	e9 33 41 bd	ldr	s9, [sp, #0x130]
100007a24:	ea 23 42 bd	ldr	s10, [sp, #0x220]
100007a28:	eb 1b 42 bd	ldr	s11, [sp, #0x218]
100007a2c:	2c 2d 0a 1f	fmadd	s12, s9, s10, s11
100007a30:	ec 43 01 bd	str	s12, [sp, #0x140]
100007a34:	e9 e7 40 f9	ldr	x9, [sp, #0x1c8]
100007a38:	e9 17 01 f9	str	x9, [sp, #0x228]
100007a3c:	f0 03 09 aa	mov	x16, x9
100007a40:	e9 2b 42 bd	ldr	s9, [sp, #0x228]
100007a44:	ea 43 41 bd	ldr	s10, [sp, #0x140]
100007a48:	2b 29 2a 1e	fadd	s11, s9, s10
100007a4c:	eb 4b 01 bd	str	s11, [sp, #0x148]
100007a50:	09 e4 00 2f	movi	d9, #0000000000000000
100007a54:	e9 33 02 bd	str	s9, [sp, #0x230]
100007a58:	e9 a7 40 f9	ldr	x9, [sp, #0x148]
100007a5c:	e9 1f 01 f9	str	x9, [sp, #0x238]
100007a60:	f1 03 09 aa	mov	x17, x9
100007a64:	e9 eb 40 f9	ldr	x9, [sp, #0x1d0]
100007a68:	e9 23 01 f9	str	x9, [sp, #0x240]
100007a6c:	f0 03 09 aa	mov	x16, x9
100007a70:	e9 37 41 f9	ldr	x9, [sp, #0x268]
100007a74:	e9 ab 00 f9	str	x9, [sp, #0x150]
100007a78:	e9 1b 41 f9	ldr	x9, [sp, #0x230]
100007a7c:	e9 af 00 f9	str	x9, [sp, #0x158]
100007a80:	e9 1f 41 f9	ldr	x9, [sp, #0x238]
100007a84:	e9 b3 00 f9	str	x9, [sp, #0x160]
100007a88:	e9 23 41 f9	ldr	x9, [sp, #0x240]
100007a8c:	e9 b7 00 f9	str	x9, [sp, #0x168]
100007a90:	e9 ef 40 f9	ldr	x9, [sp, #0x1d8]
100007a94:	e9 bb 00 f9	str	x9, [sp, #0x170]
100007a98:	e9 f3 40 f9	ldr	x9, [sp, #0x1e0]
100007a9c:	e9 bf 00 f9	str	x9, [sp, #0x178]
100007aa0:	ee 1b 40 f9	ldr	x14, [sp, #0x30]
100007aa4:	e9 ab 40 f9	ldr	x9, [sp, #0x150]
100007aa8:	c9 01 00 f9	str	x9, [x14]
100007aac:	e9 af 40 f9	ldr	x9, [sp, #0x158]
100007ab0:	c9 05 00 f9	str	x9, [x14, #0x8]
100007ab4:	e9 b3 40 f9	ldr	x9, [sp, #0x160]
100007ab8:	c9 09 00 f9	str	x9, [x14, #0x10]
100007abc:	e9 b7 40 f9	ldr	x9, [sp, #0x168]
100007ac0:	c9 0d 00 f9	str	x9, [x14, #0x18]
100007ac4:	e9 bb 40 f9	ldr	x9, [sp, #0x170]
100007ac8:	c9 11 00 f9	str	x9, [x14, #0x20]
100007acc:	e9 bf 40 f9	ldr	x9, [sp, #0x178]
100007ad0:	c9 15 00 f9	str	x9, [x14, #0x28]
100007ad4:	e9 a3 40 f9	ldr	x9, [sp, #0x140]
100007ad8:	c9 19 00 f9	str	x9, [x14, #0x30]
100007adc:	00 00 80 d2	mov	x0, #0x0
100007ae0:	08 00 80 52	mov	w8, #0x0
100007ae4:	ff 03 0b 91	add	sp, sp, #0x2c0
100007ae8:	fd 7b c1 a8	ldp	x29, x30, [sp], #0x10
100007aec:	c0 03 5f d6	ret
100007af0:	28 00 80 52	mov	w8, #0x1
100007af4:	fc ff ff 17	b	0x100007ae4
100007af8:	48 00 80 52	mov	w8, #0x2
100007afc:	fa ff ff 17	b	0x100007ae4
_main:
100007b00:	fd 7b bf a9	stp	x29, x30, [sp, #-0x10]!
100007b04:	fd 03 00 91	mov	x29, sp
100007b08:	88 e3 ff 97	bl	_silex_function_3
100007b0c:	88 00 00 34	cbz	w8, 0x100007b1c
100007b10:	20 00 80 52	mov	w0, #0x1
100007b14:	fd 7b c1 a8	ldp	x29, x30, [sp], #0x10
100007b18:	c0 03 5f d6	ret
100007b1c:	00 00 80 52	mov	w0, #0x0
100007b20:	fd 7b c1 a8	ldp	x29, x30, [sp], #0x10
100007b24:	c0 03 5f d6	ret
100007b28:	00 00 00 00	udf	#0x0
100007b2c:	00 00 00 00	udf	#0x0
100007b30:	00 00 00 00	udf	#0x0
100007b34:	00 00 00 00	udf	#0x0
100007b38:	00 00 00 00	udf	#0x0
100007b3c:	00 00 00 00	udf	#0x0
100007b40:	00 00 00 00	udf	#0x0
100007b44:	00 00 00 00	udf	#0x0
100007b48:	00 00 00 00	udf	#0x0
100007b4c:	00 00 00 00	udf	#0x0
100007b50:	00 00 00 00	udf	#0x0
100007b54:	00 00 00 00	udf	#0x0
100007b58:	00 00 00 00	udf	#0x0
100007b5c:	00 00 00 00	udf	#0x0
100007b60:	00 00 00 00	udf	#0x0
100007b64:	00 00 00 00	udf	#0x0
100007b68:	00 00 00 00	udf	#0x0
100007b6c:	00 00 00 00	udf	#0x0
100007b70:	00 00 00 00	udf	#0x0
100007b74:	00 00 00 00	udf	#0x0
100007b78:	00 00 00 00	udf	#0x0
100007b7c:	00 00 00 00	udf	#0x0
100007b80:	00 00 00 00	udf	#0x0
100007b84:	00 00 00 00	udf	#0x0
100007b88:	00 00 00 00	udf	#0x0
100007b8c:	00 00 00 00	udf	#0x0
100007b90:	00 00 00 00	udf	#0x0
100007b94:	00 00 00 00	udf	#0x0
100007b98:	00 00 00 00	udf	#0x0
100007b9c:	00 00 00 00	udf	#0x0
100007ba0:	00 00 00 00	udf	#0x0
100007ba4:	00 00 00 00	udf	#0x0
100007ba8:	00 00 00 00	udf	#0x0
100007bac:	00 00 00 00	udf	#0x0
100007bb0:	00 00 00 00	udf	#0x0
100007bb4:	00 00 00 00	udf	#0x0
100007bb8:	00 00 00 00	udf	#0x0
100007bbc:	00 00 00 00	udf	#0x0
100007bc0:	00 00 00 00	udf	#0x0
100007bc4:	00 00 00 00	udf	#0x0
100007bc8:	00 00 00 00	udf	#0x0
100007bcc:	00 00 00 00	udf	#0x0
100007bd0:	00 00 00 00	udf	#0x0
100007bd4:	00 00 00 00	udf	#0x0
100007bd8:	00 00 00 00	udf	#0x0
100007bdc:	00 00 00 00	udf	#0x0
100007be0:	00 00 00 00	udf	#0x0
100007be4:	00 00 00 00	udf	#0x0
100007be8:	00 00 00 00	udf	#0x0
100007bec:	00 00 00 00	udf	#0x0
100007bf0:	00 00 00 00	udf	#0x0
100007bf4:	00 00 00 00	udf	#0x0
100007bf8:	00 00 00 00	udf	#0x0
100007bfc:	00 00 00 00	udf	#0x0
100007c00:	00 00 00 00	udf	#0x0
100007c04:	00 00 00 00	udf	#0x0
100007c08:	00 00 00 00	udf	#0x0
100007c0c:	00 00 00 00	udf	#0x0
100007c10:	00 00 00 00	udf	#0x0
100007c14:	00 00 00 00	udf	#0x0
100007c18:	00 00 00 00	udf	#0x0
100007c1c:	00 00 00 00	udf	#0x0
100007c20:	00 00 00 00	udf	#0x0
100007c24:	00 00 00 00	udf	#0x0
100007c28:	00 00 00 00	udf	#0x0
100007c2c:	00 00 00 00	udf	#0x0
100007c30:	00 00 00 00	udf	#0x0
100007c34:	00 00 00 00	udf	#0x0
100007c38:	00 00 00 00	udf	#0x0
100007c3c:	00 00 00 00	udf	#0x0
100007c40:	00 00 00 00	udf	#0x0
100007c44:	00 00 00 00	udf	#0x0
100007c48:	00 00 00 00	udf	#0x0
100007c4c:	00 00 00 00	udf	#0x0
100007c50:	00 00 00 00	udf	#0x0
100007c54:	00 00 00 00	udf	#0x0
100007c58:	00 00 00 00	udf	#0x0
100007c5c:	00 00 00 00	udf	#0x0
100007c60:	00 00 00 00	udf	#0x0
100007c64:	00 00 00 00	udf	#0x0
100007c68:	00 00 00 00	udf	#0x0
100007c6c:	00 00 00 00	udf	#0x0
100007c70:	00 00 00 00	udf	#0x0
100007c74:	00 00 00 00	udf	#0x0
100007c78:	00 00 00 00	udf	#0x0
100007c7c:	00 00 00 00	udf	#0x0
100007c80:	00 00 00 00	udf	#0x0
100007c84:	00 00 00 00	udf	#0x0
100007c88:	00 00 00 00	udf	#0x0
100007c8c:	00 00 00 00	udf	#0x0
100007c90:	00 00 00 00	udf	#0x0
100007c94:	00 00 00 00	udf	#0x0
100007c98:	00 00 00 00	udf	#0x0
100007c9c:	00 00 00 00	udf	#0x0
100007ca0:	00 00 00 00	udf	#0x0
100007ca4:	00 00 00 00	udf	#0x0
100007ca8:	00 00 00 00	udf	#0x0
100007cac:	00 00 00 00	udf	#0x0
100007cb0:	00 00 00 00	udf	#0x0
100007cb4:	00 00 00 00	udf	#0x0
100007cb8:	00 00 00 00	udf	#0x0
100007cbc:	00 00 00 00	udf	#0x0
100007cc0:	00 00 00 00	udf	#0x0
100007cc4:	00 00 00 00	udf	#0x0
100007cc8:	00 00 00 00	udf	#0x0
100007ccc:	00 00 00 00	udf	#0x0
100007cd0:	00 00 00 00	udf	#0x0
100007cd4:	00 00 00 00	udf	#0x0
100007cd8:	00 00 00 00	udf	#0x0
100007cdc:	00 00 00 00	udf	#0x0
100007ce0:	00 00 00 00	udf	#0x0
100007ce4:	00 00 00 00	udf	#0x0
100007ce8:	00 00 00 00	udf	#0x0
100007cec:	00 00 00 00	udf	#0x0
100007cf0:	00 00 00 00	udf	#0x0
100007cf4:	00 00 00 00	udf	#0x0
100007cf8:	00 00 00 00	udf	#0x0
100007cfc:	00 00 00 00	udf	#0x0
100007d00:	00 00 00 00	udf	#0x0
100007d04:	00 00 00 00	udf	#0x0
100007d08:	00 00 00 00	udf	#0x0
100007d0c:	00 00 00 00	udf	#0x0
100007d10:	00 00 00 00	udf	#0x0
100007d14:	00 00 00 00	udf	#0x0
100007d18:	00 00 00 00	udf	#0x0
100007d1c:	00 00 00 00	udf	#0x0
100007d20:	00 00 00 00	udf	#0x0
100007d24:	00 00 00 00	udf	#0x0
100007d28:	00 00 00 00	udf	#0x0
100007d2c:	00 00 00 00	udf	#0x0
100007d30:	00 00 00 00	udf	#0x0
100007d34:	00 00 00 00	udf	#0x0
100007d38:	00 00 00 00	udf	#0x0
100007d3c:	00 00 00 00	udf	#0x0
100007d40:	00 00 00 00	udf	#0x0
100007d44:	00 00 00 00	udf	#0x0
100007d48:	00 00 00 00	udf	#0x0
100007d4c:	00 00 00 00	udf	#0x0
100007d50:	00 00 00 00	udf	#0x0
100007d54:	00 00 00 00	udf	#0x0
100007d58:	00 00 00 00	udf	#0x0
100007d5c:	00 00 00 00	udf	#0x0
100007d60:	00 00 00 00	udf	#0x0
100007d64:	00 00 00 00	udf	#0x0
100007d68:	00 00 00 00	udf	#0x0
100007d6c:	00 00 00 00	udf	#0x0
100007d70:	00 00 00 00	udf	#0x0
100007d74:	00 00 00 00	udf	#0x0
100007d78:	00 00 00 00	udf	#0x0
100007d7c:	00 00 00 00	udf	#0x0
100007d80:	00 00 00 00	udf	#0x0
100007d84:	00 00 00 00	udf	#0x0
100007d88:	00 00 00 00	udf	#0x0
100007d8c:	00 00 00 00	udf	#0x0
100007d90:	00 00 00 00	udf	#0x0
100007d94:	00 00 00 00	udf	#0x0
100007d98:	00 00 00 00	udf	#0x0
100007d9c:	00 00 00 00	udf	#0x0
100007da0:	00 00 00 00	udf	#0x0
100007da4:	00 00 00 00	udf	#0x0
100007da8:	00 00 00 00	udf	#0x0
100007dac:	00 00 00 00	udf	#0x0
100007db0:	00 00 00 00	udf	#0x0
100007db4:	00 00 00 00	udf	#0x0
100007db8:	00 00 00 00	udf	#0x0
100007dbc:	00 00 00 00	udf	#0x0
100007dc0:	00 00 00 00	udf	#0x0
100007dc4:	00 00 00 00	udf	#0x0
100007dc8:	00 00 00 00	udf	#0x0
100007dcc:	00 00 00 00	udf	#0x0
100007dd0:	00 00 00 00	udf	#0x0
100007dd4:	00 00 00 00	udf	#0x0
100007dd8:	00 00 00 00	udf	#0x0
100007ddc:	00 00 00 00	udf	#0x0
100007de0:	00 00 00 00	udf	#0x0
100007de4:	00 00 00 00	udf	#0x0
100007de8:	00 00 00 00	udf	#0x0
100007dec:	00 00 00 00	udf	#0x0
100007df0:	00 00 00 00	udf	#0x0
100007df4:	00 00 00 00	udf	#0x0
100007df8:	00 00 00 00	udf	#0x0
100007dfc:	00 00 00 00	udf	#0x0
100007e00:	00 00 00 00	udf	#0x0
100007e04:	00 00 00 00	udf	#0x0
100007e08:	00 00 00 00	udf	#0x0
100007e0c:	00 00 00 00	udf	#0x0
100007e10:	00 00 00 00	udf	#0x0
100007e14:	00 00 00 00	udf	#0x0
100007e18:	00 00 00 00	udf	#0x0
100007e1c:	00 00 00 00	udf	#0x0
100007e20:	00 00 00 00	udf	#0x0
100007e24:	00 00 00 00	udf	#0x0
100007e28:	00 00 00 00	udf	#0x0
100007e2c:	00 00 00 00	udf	#0x0
100007e30:	00 00 00 00	udf	#0x0
100007e34:	00 00 00 00	udf	#0x0
100007e38:	00 00 00 00	udf	#0x0
100007e3c:	00 00 00 00	udf	#0x0
100007e40:	00 00 00 00	udf	#0x0
100007e44:	00 00 00 00	udf	#0x0
100007e48:	00 00 00 00	udf	#0x0
100007e4c:	00 00 00 00	udf	#0x0
100007e50:	00 00 00 00	udf	#0x0
100007e54:	00 00 00 00	udf	#0x0
100007e58:	00 00 00 00	udf	#0x0
100007e5c:	00 00 00 00	udf	#0x0
100007e60:	00 00 00 00	udf	#0x0
100007e64:	00 00 00 00	udf	#0x0
100007e68:	00 00 00 00	udf	#0x0
100007e6c:	00 00 00 00	udf	#0x0
100007e70:	00 00 00 00	udf	#0x0
100007e74:	00 00 00 00	udf	#0x0
100007e78:	00 00 00 00	udf	#0x0
100007e7c:	00 00 00 00	udf	#0x0
100007e80:	00 00 00 00	udf	#0x0
100007e84:	00 00 00 00	udf	#0x0
100007e88:	00 00 00 00	udf	#0x0
100007e8c:	00 00 00 00	udf	#0x0
100007e90:	00 00 00 00	udf	#0x0
100007e94:	00 00 00 00	udf	#0x0
100007e98:	00 00 00 00	udf	#0x0
100007e9c:	00 00 00 00	udf	#0x0
100007ea0:	00 00 00 00	udf	#0x0
100007ea4:	00 00 00 00	udf	#0x0
100007ea8:	00 00 00 00	udf	#0x0
100007eac:	00 00 00 00	udf	#0x0
100007eb0:	00 00 00 00	udf	#0x0
100007eb4:	00 00 00 00	udf	#0x0
100007eb8:	00 00 00 00	udf	#0x0
100007ebc:	00 00 00 00	udf	#0x0
100007ec0:	00 00 00 00	udf	#0x0
100007ec4:	00 00 00 00	udf	#0x0
100007ec8:	00 00 00 00	udf	#0x0
100007ecc:	00 00 00 00	udf	#0x0
100007ed0:	00 00 00 00	udf	#0x0
100007ed4:	00 00 00 00	udf	#0x0
100007ed8:	00 00 00 00	udf	#0x0
100007edc:	00 00 00 00	udf	#0x0
100007ee0:	00 00 00 00	udf	#0x0
100007ee4:	00 00 00 00	udf	#0x0
100007ee8:	00 00 00 00	udf	#0x0
100007eec:	00 00 00 00	udf	#0x0
100007ef0:	00 00 00 00	udf	#0x0
100007ef4:	00 00 00 00	udf	#0x0
100007ef8:	00 00 00 00	udf	#0x0
100007efc:	00 00 00 00	udf	#0x0
100007f00:	00 00 00 00	udf	#0x0
100007f04:	00 00 00 00	udf	#0x0
100007f08:	00 00 00 00	udf	#0x0
100007f0c:	00 00 00 00	udf	#0x0
100007f10:	00 00 00 00	udf	#0x0
100007f14:	00 00 00 00	udf	#0x0
100007f18:	00 00 00 00	udf	#0x0
100007f1c:	00 00 00 00	udf	#0x0
100007f20:	00 00 00 00	udf	#0x0
100007f24:	00 00 00 00	udf	#0x0
100007f28:	00 00 00 00	udf	#0x0
100007f2c:	00 00 00 00	udf	#0x0
100007f30:	00 00 00 00	udf	#0x0
100007f34:	00 00 00 00	udf	#0x0
100007f38:	00 00 00 00	udf	#0x0
100007f3c:	00 00 00 00	udf	#0x0
100007f40:	00 00 00 00	udf	#0x0
100007f44:	00 00 00 00	udf	#0x0
100007f48:	00 00 00 00	udf	#0x0
100007f4c:	00 00 00 00	udf	#0x0
100007f50:	00 00 00 00	udf	#0x0
100007f54:	00 00 00 00	udf	#0x0
100007f58:	00 00 00 00	udf	#0x0
100007f5c:	00 00 00 00	udf	#0x0
100007f60:	00 00 00 00	udf	#0x0
100007f64:	00 00 00 00	udf	#0x0
100007f68:	00 00 00 00	udf	#0x0
100007f6c:	00 00 00 00	udf	#0x0
100007f70:	00 00 00 00	udf	#0x0
100007f74:	00 00 00 00	udf	#0x0
100007f78:	00 00 00 00	udf	#0x0
100007f7c:	00 00 00 00	udf	#0x0
100007f80:	00 00 00 00	udf	#0x0
100007f84:	00 00 00 00	udf	#0x0
100007f88:	00 00 00 00	udf	#0x0
100007f8c:	00 00 00 00	udf	#0x0
100007f90:	00 00 00 00	udf	#0x0
100007f94:	00 00 00 00	udf	#0x0
100007f98:	00 00 00 00	udf	#0x0
100007f9c:	00 00 00 00	udf	#0x0
100007fa0:	00 00 00 00	udf	#0x0
100007fa4:	00 00 00 00	udf	#0x0
100007fa8:	00 00 00 00	udf	#0x0
100007fac:	00 00 00 00	udf	#0x0
100007fb0:	00 00 00 00	udf	#0x0
100007fb4:	00 00 00 00	udf	#0x0
100007fb8:	00 00 00 00	udf	#0x0
100007fbc:	00 00 00 00	udf	#0x0
100007fc0:	00 00 00 00	udf	#0x0
100007fc4:	00 00 00 00	udf	#0x0
100007fc8:	00 00 00 00	udf	#0x0
100007fcc:	00 00 00 00	udf	#0x0
100007fd0:	00 00 00 00	udf	#0x0
100007fd4:	00 00 00 00	udf	#0x0
100007fd8:	00 00 00 00	udf	#0x0
100007fdc:	00 00 00 00	udf	#0x0
100007fe0:	00 00 00 00	udf	#0x0
100007fe4:	00 00 00 00	udf	#0x0
100007fe8:	00 00 00 00	udf	#0x0
100007fec:	00 00 00 00	udf	#0x0
100007ff0:	00 00 00 00	udf	#0x0
100007ff4:	00 00 00 00	udf	#0x0
100007ff8:	00 00 00 00	udf	#0x0
100007ffc:	00 00 00 00	udf	#0x0
100008000:	00 00 00 00	udf	#0x0
100008004:	00 00 00 00	udf	#0x0
100008008:	00 00 00 00	udf	#0x0
10000800c:	00 00 00 00	udf	#0x0
100008010:	00 00 00 00	udf	#0x0
100008014:	00 00 00 00	udf	#0x0
100008018:	00 00 00 00	udf	#0x0
10000801c:	00 00 00 00	udf	#0x0
100008020:	00 00 00 00	udf	#0x0
100008024:	00 00 00 00	udf	#0x0
100008028:	00 00 00 00	udf	#0x0
10000802c:	00 00 00 00	udf	#0x0
100008030:	00 00 00 00	udf	#0x0
100008034:	00 00 00 00	udf	#0x0
100008038:	00 00 00 00	udf	#0x0
10000803c:	00 00 00 00	udf	#0x0
100008040:	00 00 00 00	udf	#0x0
100008044:	00 00 00 00	udf	#0x0
100008048:	00 00 00 00	udf	#0x0
10000804c:	00 00 00 00	udf	#0x0
100008050:	00 00 00 00	udf	#0x0
100008054:	00 00 00 00	udf	#0x0
100008058:	00 00 00 00	udf	#0x0
10000805c:	00 00 00 00	udf	#0x0
100008060:	00 00 00 00	udf	#0x0
100008064:	00 00 00 00	udf	#0x0
100008068:	00 00 00 00	udf	#0x0
10000806c:	00 00 00 00	udf	#0x0
100008070:	00 00 00 00	udf	#0x0
100008074:	00 00 00 00	udf	#0x0
100008078:	00 00 00 00	udf	#0x0
10000807c:	00 00 00 00	udf	#0x0
100008080:	00 00 00 00	udf	#0x0
100008084:	00 00 00 00	udf	#0x0
100008088:	00 00 00 00	udf	#0x0
10000808c:	00 00 00 00	udf	#0x0
100008090:	00 00 00 00	udf	#0x0
100008094:	00 00 00 00	udf	#0x0
100008098:	00 00 00 00	udf	#0x0
10000809c:	00 00 00 00	udf	#0x0
1000080a0:	00 00 00 00	udf	#0x0
1000080a4:	00 00 00 00	udf	#0x0
1000080a8:	00 00 00 00	udf	#0x0
1000080ac:	00 00 00 00	udf	#0x0
1000080b0:	00 00 00 00	udf	#0x0
1000080b4:	00 00 00 00	udf	#0x0
1000080b8:	00 00 00 00	udf	#0x0
1000080bc:	00 00 00 00	udf	#0x0
1000080c0:	00 00 00 00	udf	#0x0
1000080c4:	00 00 00 00	udf	#0x0
1000080c8:	00 00 00 00	udf	#0x0
1000080cc:	00 00 00 00	udf	#0x0
1000080d0:	00 00 00 00	udf	#0x0
1000080d4:	00 00 00 00	udf	#0x0
1000080d8:	00 00 00 00	udf	#0x0
1000080dc:	00 00 00 00	udf	#0x0
1000080e0:	00 00 00 00	udf	#0x0
1000080e4:	00 00 00 00	udf	#0x0
1000080e8:	00 00 00 00	udf	#0x0
1000080ec:	00 00 00 00	udf	#0x0
1000080f0:	00 00 00 00	udf	#0x0
1000080f4:	00 00 00 00	udf	#0x0
1000080f8:	00 00 00 00	udf	#0x0
1000080fc:	00 00 00 00	udf	#0x0
100008100:	00 00 00 00	udf	#0x0
100008104:	00 00 00 00	udf	#0x0
100008108:	00 00 00 00	udf	#0x0
10000810c:	00 00 00 00	udf	#0x0
100008110:	00 00 00 00	udf	#0x0
100008114:	00 00 00 00	udf	#0x0
100008118:	00 00 00 00	udf	#0x0
10000811c:	00 00 00 00	udf	#0x0
100008120:	00 00 00 00	udf	#0x0
100008124:	00 00 00 00	udf	#0x0
100008128:	00 00 00 00	udf	#0x0
10000812c:	00 00 00 00	udf	#0x0
100008130:	00 00 00 00	udf	#0x0
100008134:	00 00 00 00	udf	#0x0
100008138:	00 00 00 00	udf	#0x0
10000813c:	00 00 00 00	udf	#0x0
100008140:	00 00 00 00	udf	#0x0
100008144:	00 00 00 00	udf	#0x0
100008148:	00 00 00 00	udf	#0x0
10000814c:	00 00 00 00	udf	#0x0
100008150:	00 00 00 00	udf	#0x0
100008154:	00 00 00 00	udf	#0x0
100008158:	00 00 00 00	udf	#0x0
10000815c:	00 00 00 00	udf	#0x0
100008160:	00 00 00 00	udf	#0x0
100008164:	00 00 00 00	udf	#0x0
100008168:	00 00 00 00	udf	#0x0
10000816c:	00 00 00 00	udf	#0x0
100008170:	00 00 00 00	udf	#0x0
100008174:	00 00 00 00	udf	#0x0
100008178:	00 00 00 00	udf	#0x0
10000817c:	00 00 00 00	udf	#0x0
100008180:	00 00 00 00	udf	#0x0
100008184:	00 00 00 00	udf	#0x0
100008188:	00 00 00 00	udf	#0x0
10000818c:	00 00 00 00	udf	#0x0
100008190:	00 00 00 00	udf	#0x0
100008194:	00 00 00 00	udf	#0x0
100008198:	00 00 00 00	udf	#0x0
10000819c:	00 00 00 00	udf	#0x0
1000081a0:	00 00 00 00	udf	#0x0
1000081a4:	00 00 00 00	udf	#0x0
1000081a8:	00 00 00 00	udf	#0x0
1000081ac:	00 00 00 00	udf	#0x0
1000081b0:	00 00 00 00	udf	#0x0
1000081b4:	00 00 00 00	udf	#0x0
1000081b8:	00 00 00 00	udf	#0x0
1000081bc:	00 00 00 00	udf	#0x0
1000081c0:	00 00 00 00	udf	#0x0
1000081c4:	00 00 00 00	udf	#0x0
1000081c8:	00 00 00 00	udf	#0x0
1000081cc:	00 00 00 00	udf	#0x0
1000081d0:	00 00 00 00	udf	#0x0
1000081d4:	00 00 00 00	udf	#0x0
1000081d8:	00 00 00 00	udf	#0x0
1000081dc:	00 00 00 00	udf	#0x0
1000081e0:	00 00 00 00	udf	#0x0
1000081e4:	00 00 00 00	udf	#0x0
1000081e8:	00 00 00 00	udf	#0x0
1000081ec:	00 00 00 00	udf	#0x0
1000081f0:	00 00 00 00	udf	#0x0
1000081f4:	00 00 00 00	udf	#0x0
1000081f8:	00 00 00 00	udf	#0x0
1000081fc:	00 00 00 00	udf	#0x0
100008200:	00 00 00 00	udf	#0x0
100008204:	00 00 00 00	udf	#0x0
100008208:	00 00 00 00	udf	#0x0
10000820c:	00 00 00 00	udf	#0x0
100008210:	00 00 00 00	udf	#0x0
100008214:	00 00 00 00	udf	#0x0
100008218:	00 00 00 00	udf	#0x0
10000821c:	00 00 00 00	udf	#0x0
100008220:	00 00 00 00	udf	#0x0
100008224:	00 00 00 00	udf	#0x0
100008228:	00 00 00 00	udf	#0x0
10000822c:	00 00 00 00	udf	#0x0
100008230:	00 00 00 00	udf	#0x0
100008234:	00 00 00 00	udf	#0x0
100008238:	00 00 00 00	udf	#0x0
10000823c:	00 00 00 00	udf	#0x0
100008240:	00 00 00 00	udf	#0x0
100008244:	00 00 00 00	udf	#0x0
100008248:	00 00 00 00	udf	#0x0
10000824c:	00 00 00 00	udf	#0x0
100008250:	00 00 00 00	udf	#0x0
100008254:	00 00 00 00	udf	#0x0
100008258:	00 00 00 00	udf	#0x0
10000825c:	00 00 00 00	udf	#0x0
100008260:	00 00 00 00	udf	#0x0
100008264:	00 00 00 00	udf	#0x0
100008268:	00 00 00 00	udf	#0x0
10000826c:	00 00 00 00	udf	#0x0
100008270:	00 00 00 00	udf	#0x0
100008274:	00 00 00 00	udf	#0x0
100008278:	00 00 00 00	udf	#0x0
10000827c:	00 00 00 00	udf	#0x0
100008280:	00 00 00 00	udf	#0x0
100008284:	00 00 00 00	udf	#0x0
100008288:	00 00 00 00	udf	#0x0
10000828c:	00 00 00 00	udf	#0x0
100008290:	00 00 00 00	udf	#0x0
100008294:	00 00 00 00	udf	#0x0
100008298:	00 00 00 00	udf	#0x0
10000829c:	00 00 00 00	udf	#0x0
1000082a0:	00 00 00 00	udf	#0x0
1000082a4:	00 00 00 00	udf	#0x0
1000082a8:	00 00 00 00	udf	#0x0
1000082ac:	00 00 00 00	udf	#0x0
1000082b0:	00 00 00 00	udf	#0x0
1000082b4:	00 00 00 00	udf	#0x0
1000082b8:	00 00 00 00	udf	#0x0
1000082bc:	00 00 00 00	udf	#0x0
1000082c0:	00 00 00 00	udf	#0x0
1000082c4:	00 00 00 00	udf	#0x0
1000082c8:	00 00 00 00	udf	#0x0
1000082cc:	00 00 00 00	udf	#0x0
1000082d0:	00 00 00 00	udf	#0x0
1000082d4:	00 00 00 00	udf	#0x0
1000082d8:	00 00 00 00	udf	#0x0
1000082dc:	00 00 00 00	udf	#0x0
1000082e0:	00 00 00 00	udf	#0x0
1000082e4:	00 00 00 00	udf	#0x0
1000082e8:	00 00 00 00	udf	#0x0
1000082ec:	00 00 00 00	udf	#0x0
1000082f0:	00 00 00 00	udf	#0x0
1000082f4:	00 00 00 00	udf	#0x0
1000082f8:	00 00 00 00	udf	#0x0
1000082fc:	00 00 00 00	udf	#0x0
100008300:	00 00 00 00	udf	#0x0
100008304:	00 00 00 00	udf	#0x0
100008308:	00 00 00 00	udf	#0x0
10000830c:	00 00 00 00	udf	#0x0
100008310:	00 00 00 00	udf	#0x0
100008314:	00 00 00 00	udf	#0x0
100008318:	00 00 00 00	udf	#0x0
10000831c:	00 00 00 00	udf	#0x0
100008320:	00 00 00 00	udf	#0x0
100008324:	00 00 00 00	udf	#0x0
100008328:	00 00 00 00	udf	#0x0
10000832c:	00 00 00 00	udf	#0x0
100008330:	00 00 00 00	udf	#0x0
100008334:	00 00 00 00	udf	#0x0
100008338:	00 00 00 00	udf	#0x0
10000833c:	00 00 00 00	udf	#0x0
100008340:	00 00 00 00	udf	#0x0
100008344:	00 00 00 00	udf	#0x0
100008348:	00 00 00 00	udf	#0x0
10000834c:	00 00 00 00	udf	#0x0
100008350:	00 00 00 00	udf	#0x0
100008354:	00 00 00 00	udf	#0x0
100008358:	00 00 00 00	udf	#0x0
10000835c:	00 00 00 00	udf	#0x0
100008360:	00 00 00 00	udf	#0x0
100008364:	00 00 00 00	udf	#0x0
100008368:	00 00 00 00	udf	#0x0
10000836c:	00 00 00 00	udf	#0x0
100008370:	00 00 00 00	udf	#0x0
100008374:	00 00 00 00	udf	#0x0
100008378:	00 00 00 00	udf	#0x0
10000837c:	00 00 00 00	udf	#0x0
100008380:	00 00 00 00	udf	#0x0
100008384:	00 00 00 00	udf	#0x0
100008388:	00 00 00 00	udf	#0x0
10000838c:	00 00 00 00	udf	#0x0
100008390:	00 00 00 00	udf	#0x0
100008394:	00 00 00 00	udf	#0x0
100008398:	00 00 00 00	udf	#0x0
10000839c:	00 00 00 00	udf	#0x0
1000083a0:	00 00 00 00	udf	#0x0
1000083a4:	00 00 00 00	udf	#0x0
1000083a8:	00 00 00 00	udf	#0x0
1000083ac:	00 00 00 00	udf	#0x0
1000083b0:	00 00 00 00	udf	#0x0
1000083b4:	00 00 00 00	udf	#0x0
1000083b8:	00 00 00 00	udf	#0x0
1000083bc:	00 00 00 00	udf	#0x0
1000083c0:	00 00 00 00	udf	#0x0
1000083c4:	00 00 00 00	udf	#0x0
1000083c8:	00 00 00 00	udf	#0x0
1000083cc:	00 00 00 00	udf	#0x0
1000083d0:	00 00 00 00	udf	#0x0
1000083d4:	00 00 00 00	udf	#0x0
1000083d8:	00 00 00 00	udf	#0x0
1000083dc:	00 00 00 00	udf	#0x0
1000083e0:	00 00 00 00	udf	#0x0
1000083e4:	00 00 00 00	udf	#0x0
1000083e8:	00 00 00 00	udf	#0x0
1000083ec:	00 00 00 00	udf	#0x0
1000083f0:	00 00 00 00	udf	#0x0
1000083f4:	00 00 00 00	udf	#0x0
1000083f8:	00 00 00 00	udf	#0x0
1000083fc:	00 00 00 00	udf	#0x0
100008400:	00 00 00 00	udf	#0x0
100008404:	00 00 00 00	udf	#0x0
100008408:	00 00 00 00	udf	#0x0
10000840c:	00 00 00 00	udf	#0x0
100008410:	00 00 00 00	udf	#0x0
100008414:	00 00 00 00	udf	#0x0
100008418:	00 00 00 00	udf	#0x0
10000841c:	00 00 00 00	udf	#0x0
100008420:	00 00 00 00	udf	#0x0
100008424:	00 00 00 00	udf	#0x0
100008428:	00 00 00 00	udf	#0x0
10000842c:	00 00 00 00	udf	#0x0
100008430:	00 00 00 00	udf	#0x0
100008434:	00 00 00 00	udf	#0x0
100008438:	00 00 00 00	udf	#0x0
10000843c:	00 00 00 00	udf	#0x0
100008440:	00 00 00 00	udf	#0x0
100008444:	00 00 00 00	udf	#0x0
100008448:	00 00 00 00	udf	#0x0
10000844c:	00 00 00 00	udf	#0x0
100008450:	00 00 00 00	udf	#0x0
100008454:	00 00 00 00	udf	#0x0
100008458:	00 00 00 00	udf	#0x0
10000845c:	00 00 00 00	udf	#0x0
100008460:	00 00 00 00	udf	#0x0
100008464:	00 00 00 00	udf	#0x0
100008468:	00 00 00 00	udf	#0x0
10000846c:	00 00 00 00	udf	#0x0
100008470:	00 00 00 00	udf	#0x0
100008474:	00 00 00 00	udf	#0x0
100008478:	00 00 00 00	udf	#0x0
10000847c:	00 00 00 00	udf	#0x0
100008480:	00 00 00 00	udf	#0x0
100008484:	00 00 00 00	udf	#0x0
100008488:	00 00 00 00	udf	#0x0
10000848c:	00 00 00 00	udf	#0x0
100008490:	00 00 00 00	udf	#0x0
100008494:	00 00 00 00	udf	#0x0
100008498:	00 00 00 00	udf	#0x0
10000849c:	00 00 00 00	udf	#0x0
1000084a0:	00 00 00 00	udf	#0x0
1000084a4:	00 00 00 00	udf	#0x0
1000084a8:	00 00 00 00	udf	#0x0
1000084ac:	00 00 00 00	udf	#0x0
1000084b0:	00 00 00 00	udf	#0x0
1000084b4:	00 00 00 00	udf	#0x0
1000084b8:	00 00 00 00	udf	#0x0
1000084bc:	00 00 00 00	udf	#0x0
1000084c0:	00 00 00 00	udf	#0x0
1000084c4:	00 00 00 00	udf	#0x0
1000084c8:	00 00 00 00	udf	#0x0
1000084cc:	00 00 00 00	udf	#0x0
1000084d0:	00 00 00 00	udf	#0x0
1000084d4:	00 00 00 00	udf	#0x0
1000084d8:	00 00 00 00	udf	#0x0
1000084dc:	00 00 00 00	udf	#0x0
1000084e0:	00 00 00 00	udf	#0x0
1000084e4:	00 00 00 00	udf	#0x0
1000084e8:	00 00 00 00	udf	#0x0
1000084ec:	00 00 00 00	udf	#0x0
1000084f0:	00 00 00 00	udf	#0x0
1000084f4:	00 00 00 00	udf	#0x0
1000084f8:	00 00 00 00	udf	#0x0
1000084fc:	00 00 00 00	udf	#0x0
100008500:	00 00 00 00	udf	#0x0
100008504:	00 00 00 00	udf	#0x0
100008508:	00 00 00 00	udf	#0x0
10000850c:	00 00 00 00	udf	#0x0
100008510:	00 00 00 00	udf	#0x0
100008514:	00 00 00 00	udf	#0x0
100008518:	00 00 00 00	udf	#0x0
10000851c:	00 00 00 00	udf	#0x0
100008520:	00 00 00 00	udf	#0x0
100008524:	00 00 00 00	udf	#0x0
100008528:	00 00 00 00	udf	#0x0
10000852c:	00 00 00 00	udf	#0x0
100008530:	00 00 00 00	udf	#0x0
100008534:	00 00 00 00	udf	#0x0
100008538:	00 00 00 00	udf	#0x0
10000853c:	00 00 00 00	udf	#0x0
100008540:	00 00 00 00	udf	#0x0
100008544:	00 00 00 00	udf	#0x0
100008548:	00 00 00 00	udf	#0x0
10000854c:	00 00 00 00	udf	#0x0
100008550:	00 00 00 00	udf	#0x0
100008554:	00 00 00 00	udf	#0x0
100008558:	00 00 00 00	udf	#0x0
10000855c:	00 00 00 00	udf	#0x0
100008560:	00 00 00 00	udf	#0x0
100008564:	00 00 00 00	udf	#0x0
100008568:	00 00 00 00	udf	#0x0
10000856c:	00 00 00 00	udf	#0x0
100008570:	00 00 00 00	udf	#0x0
100008574:	00 00 00 00	udf	#0x0
100008578:	00 00 00 00	udf	#0x0
10000857c:	00 00 00 00	udf	#0x0
100008580:	00 00 00 00	udf	#0x0
100008584:	00 00 00 00	udf	#0x0
100008588:	00 00 00 00	udf	#0x0
10000858c:	00 00 00 00	udf	#0x0
100008590:	00 00 00 00	udf	#0x0
100008594:	00 00 00 00	udf	#0x0
100008598:	00 00 00 00	udf	#0x0
10000859c:	00 00 00 00	udf	#0x0
1000085a0:	00 00 00 00	udf	#0x0
1000085a4:	00 00 00 00	udf	#0x0
1000085a8:	00 00 00 00	udf	#0x0
1000085ac:	00 00 00 00	udf	#0x0
1000085b0:	00 00 00 00	udf	#0x0
1000085b4:	00 00 00 00	udf	#0x0
1000085b8:	00 00 00 00	udf	#0x0
1000085bc:	00 00 00 00	udf	#0x0
1000085c0:	00 00 00 00	udf	#0x0
1000085c4:	00 00 00 00	udf	#0x0
1000085c8:	00 00 00 00	udf	#0x0
1000085cc:	00 00 00 00	udf	#0x0
1000085d0:	00 00 00 00	udf	#0x0
1000085d4:	00 00 00 00	udf	#0x0
1000085d8:	00 00 00 00	udf	#0x0
1000085dc:	00 00 00 00	udf	#0x0
1000085e0:	00 00 00 00	udf	#0x0
1000085e4:	00 00 00 00	udf	#0x0
1000085e8:	00 00 00 00	udf	#0x0
1000085ec:	00 00 00 00	udf	#0x0
1000085f0:	00 00 00 00	udf	#0x0
1000085f4:	00 00 00 00	udf	#0x0
1000085f8:	00 00 00 00	udf	#0x0
1000085fc:	00 00 00 00	udf	#0x0
100008600:	00 00 00 00	udf	#0x0
100008604:	00 00 00 00	udf	#0x0
100008608:	00 00 00 00	udf	#0x0
10000860c:	00 00 00 00	udf	#0x0
100008610:	00 00 00 00	udf	#0x0
100008614:	00 00 00 00	udf	#0x0
100008618:	00 00 00 00	udf	#0x0
10000861c:	00 00 00 00	udf	#0x0
100008620:	00 00 00 00	udf	#0x0
100008624:	00 00 00 00	udf	#0x0
100008628:	00 00 00 00	udf	#0x0
10000862c:	00 00 00 00	udf	#0x0
100008630:	00 00 00 00	udf	#0x0
100008634:	00 00 00 00	udf	#0x0
100008638:	00 00 00 00	udf	#0x0
10000863c:	00 00 00 00	udf	#0x0
100008640:	00 00 00 00	udf	#0x0
100008644:	00 00 00 00	udf	#0x0
100008648:	00 00 00 00	udf	#0x0
10000864c:	00 00 00 00	udf	#0x0
100008650:	00 00 00 00	udf	#0x0
100008654:	00 00 00 00	udf	#0x0
100008658:	00 00 00 00	udf	#0x0
10000865c:	00 00 00 00	udf	#0x0
100008660:	00 00 00 00	udf	#0x0
100008664:	00 00 00 00	udf	#0x0
100008668:	00 00 00 00	udf	#0x0
10000866c:	00 00 00 00	udf	#0x0
100008670:	00 00 00 00	udf	#0x0
100008674:	00 00 00 00	udf	#0x0
100008678:	00 00 00 00	udf	#0x0
10000867c:	00 00 00 00	udf	#0x0
100008680:	00 00 00 00	udf	#0x0
100008684:	00 00 00 00	udf	#0x0
100008688:	00 00 00 00	udf	#0x0
10000868c:	00 00 00 00	udf	#0x0
100008690:	00 00 00 00	udf	#0x0
100008694:	00 00 00 00	udf	#0x0
100008698:	00 00 00 00	udf	#0x0
10000869c:	00 00 00 00	udf	#0x0
1000086a0:	00 00 00 00	udf	#0x0
1000086a4:	00 00 00 00	udf	#0x0
1000086a8:	00 00 00 00	udf	#0x0
1000086ac:	00 00 00 00	udf	#0x0
1000086b0:	00 00 00 00	udf	#0x0
1000086b4:	00 00 00 00	udf	#0x0
1000086b8:	00 00 00 00	udf	#0x0
1000086bc:	00 00 00 00	udf	#0x0
1000086c0:	00 00 00 00	udf	#0x0
1000086c4:	00 00 00 00	udf	#0x0
1000086c8:	00 00 00 00	udf	#0x0
1000086cc:	00 00 00 00	udf	#0x0
1000086d0:	00 00 00 00	udf	#0x0
1000086d4:	00 00 00 00	udf	#0x0
1000086d8:	00 00 00 00	udf	#0x0
1000086dc:	00 00 00 00	udf	#0x0
1000086e0:	00 00 00 00	udf	#0x0
1000086e4:	00 00 00 00	udf	#0x0
1000086e8:	00 00 00 00	udf	#0x0
1000086ec:	00 00 00 00	udf	#0x0
1000086f0:	00 00 00 00	udf	#0x0
1000086f4:	00 00 00 00	udf	#0x0
1000086f8:	00 00 00 00	udf	#0x0
1000086fc:	00 00 00 00	udf	#0x0
100008700:	00 00 00 00	udf	#0x0
100008704:	00 00 00 00	udf	#0x0
100008708:	00 00 00 00	udf	#0x0
10000870c:	00 00 00 00	udf	#0x0
100008710:	00 00 00 00	udf	#0x0
100008714:	00 00 00 00	udf	#0x0
100008718:	00 00 00 00	udf	#0x0
10000871c:	00 00 00 00	udf	#0x0
100008720:	00 00 00 00	udf	#0x0
100008724:	00 00 00 00	udf	#0x0
100008728:	00 00 00 00	udf	#0x0
10000872c:	00 00 00 00	udf	#0x0
100008730:	00 00 00 00	udf	#0x0
100008734:	00 00 00 00	udf	#0x0
100008738:	00 00 00 00	udf	#0x0
10000873c:	00 00 00 00	udf	#0x0
100008740:	00 00 00 00	udf	#0x0
100008744:	00 00 00 00	udf	#0x0
100008748:	00 00 00 00	udf	#0x0
10000874c:	00 00 00 00	udf	#0x0
100008750:	00 00 00 00	udf	#0x0
100008754:	00 00 00 00	udf	#0x0
100008758:	00 00 00 00	udf	#0x0
10000875c:	00 00 00 00	udf	#0x0
100008760:	00 00 00 00	udf	#0x0
100008764:	00 00 00 00	udf	#0x0
100008768:	00 00 00 00	udf	#0x0
10000876c:	00 00 00 00	udf	#0x0
100008770:	00 00 00 00	udf	#0x0
100008774:	00 00 00 00	udf	#0x0
100008778:	00 00 00 00	udf	#0x0
10000877c:	00 00 00 00	udf	#0x0
100008780:	00 00 00 00	udf	#0x0
100008784:	00 00 00 00	udf	#0x0
100008788:	00 00 00 00	udf	#0x0
10000878c:	00 00 00 00	udf	#0x0
100008790:	00 00 00 00	udf	#0x0
100008794:	00 00 00 00	udf	#0x0
100008798:	00 00 00 00	udf	#0x0
10000879c:	00 00 00 00	udf	#0x0
1000087a0:	00 00 00 00	udf	#0x0
1000087a4:	00 00 00 00	udf	#0x0
1000087a8:	00 00 00 00	udf	#0x0
1000087ac:	00 00 00 00	udf	#0x0
1000087b0:	00 00 00 00	udf	#0x0
1000087b4:	00 00 00 00	udf	#0x0
1000087b8:	00 00 00 00	udf	#0x0
1000087bc:	00 00 00 00	udf	#0x0
1000087c0:	00 00 00 00	udf	#0x0
1000087c4:	00 00 00 00	udf	#0x0
1000087c8:	00 00 00 00	udf	#0x0
1000087cc:	00 00 00 00	udf	#0x0
1000087d0:	00 00 00 00	udf	#0x0
1000087d4:	00 00 00 00	udf	#0x0
1000087d8:	00 00 00 00	udf	#0x0
1000087dc:	00 00 00 00	udf	#0x0
1000087e0:	00 00 00 00	udf	#0x0
1000087e4:	00 00 00 00	udf	#0x0
1000087e8:	00 00 00 00	udf	#0x0
1000087ec:	00 00 00 00	udf	#0x0
1000087f0:	00 00 00 00	udf	#0x0
1000087f4:	00 00 00 00	udf	#0x0
1000087f8:	00 00 00 00	udf	#0x0
1000087fc:	00 00 00 00	udf	#0x0
100008800:	00 00 00 00	udf	#0x0
100008804:	00 00 00 00	udf	#0x0
100008808:	00 00 00 00	udf	#0x0
10000880c:	00 00 00 00	udf	#0x0
100008810:	00 00 00 00	udf	#0x0
100008814:	00 00 00 00	udf	#0x0
100008818:	00 00 00 00	udf	#0x0
10000881c:	00 00 00 00	udf	#0x0
100008820:	00 00 00 00	udf	#0x0
100008824:	00 00 00 00	udf	#0x0
100008828:	00 00 00 00	udf	#0x0
10000882c:	00 00 00 00	udf	#0x0
100008830:	00 00 00 00	udf	#0x0
100008834:	00 00 00 00	udf	#0x0
100008838:	00 00 00 00	udf	#0x0
10000883c:	00 00 00 00	udf	#0x0
100008840:	00 00 00 00	udf	#0x0
100008844:	00 00 00 00	udf	#0x0
100008848:	00 00 00 00	udf	#0x0
10000884c:	00 00 00 00	udf	#0x0
100008850:	00 00 00 00	udf	#0x0
100008854:	00 00 00 00	udf	#0x0
100008858:	00 00 00 00	udf	#0x0
10000885c:	00 00 00 00	udf	#0x0
100008860:	00 00 00 00	udf	#0x0
100008864:	00 00 00 00	udf	#0x0
100008868:	00 00 00 00	udf	#0x0
10000886c:	00 00 00 00	udf	#0x0
100008870:	00 00 00 00	udf	#0x0
100008874:	00 00 00 00	udf	#0x0
100008878:	00 00 00 00	udf	#0x0
10000887c:	00 00 00 00	udf	#0x0
100008880:	00 00 00 00	udf	#0x0
100008884:	00 00 00 00	udf	#0x0
100008888:	00 00 00 00	udf	#0x0
10000888c:	00 00 00 00	udf	#0x0
100008890:	00 00 00 00	udf	#0x0
100008894:	00 00 00 00	udf	#0x0
100008898:	00 00 00 00	udf	#0x0
10000889c:	00 00 00 00	udf	#0x0
1000088a0:	00 00 00 00	udf	#0x0
1000088a4:	00 00 00 00	udf	#0x0
1000088a8:	00 00 00 00	udf	#0x0
1000088ac:	00 00 00 00	udf	#0x0
1000088b0:	00 00 00 00	udf	#0x0
1000088b4:	00 00 00 00	udf	#0x0
1000088b8:	00 00 00 00	udf	#0x0
1000088bc:	00 00 00 00	udf	#0x0
1000088c0:	00 00 00 00	udf	#0x0
1000088c4:	00 00 00 00	udf	#0x0
1000088c8:	00 00 00 00	udf	#0x0
1000088cc:	00 00 00 00	udf	#0x0
1000088d0:	00 00 00 00	udf	#0x0
1000088d4:	00 00 00 00	udf	#0x0
1000088d8:	00 00 00 00	udf	#0x0
1000088dc:	00 00 00 00	udf	#0x0
1000088e0:	00 00 00 00	udf	#0x0
1000088e4:	00 00 00 00	udf	#0x0
1000088e8:	00 00 00 00	udf	#0x0
1000088ec:	00 00 00 00	udf	#0x0
1000088f0:	00 00 00 00	udf	#0x0
1000088f4:	00 00 00 00	udf	#0x0
1000088f8:	00 00 00 00	udf	#0x0
1000088fc:	00 00 00 00	udf	#0x0
100008900:	00 00 00 00	udf	#0x0
100008904:	00 00 00 00	udf	#0x0
100008908:	00 00 00 00	udf	#0x0
10000890c:	00 00 00 00	udf	#0x0
100008910:	00 00 00 00	udf	#0x0
100008914:	00 00 00 00	udf	#0x0
100008918:	00 00 00 00	udf	#0x0
10000891c:	00 00 00 00	udf	#0x0
100008920:	00 00 00 00	udf	#0x0
100008924:	00 00 00 00	udf	#0x0
100008928:	00 00 00 00	udf	#0x0
10000892c:	00 00 00 00	udf	#0x0
100008930:	00 00 00 00	udf	#0x0
100008934:	00 00 00 00	udf	#0x0
100008938:	00 00 00 00	udf	#0x0
10000893c:	00 00 00 00	udf	#0x0
100008940:	00 00 00 00	udf	#0x0
100008944:	00 00 00 00	udf	#0x0
100008948:	00 00 00 00	udf	#0x0
10000894c:	00 00 00 00	udf	#0x0
100008950:	00 00 00 00	udf	#0x0
100008954:	00 00 00 00	udf	#0x0
100008958:	00 00 00 00	udf	#0x0
10000895c:	00 00 00 00	udf	#0x0
100008960:	00 00 00 00	udf	#0x0
100008964:	00 00 00 00	udf	#0x0
100008968:	00 00 00 00	udf	#0x0
10000896c:	00 00 00 00	udf	#0x0
100008970:	00 00 00 00	udf	#0x0
100008974:	00 00 00 00	udf	#0x0
100008978:	00 00 00 00	udf	#0x0
10000897c:	00 00 00 00	udf	#0x0
100008980:	00 00 00 00	udf	#0x0
100008984:	00 00 00 00	udf	#0x0
100008988:	4a 00 03 aa	orr	x10, x2, x3
10000898c:	aa 04 00 b4	cbz	x10, 0x100008a20
100008990:	e8 03 01 aa	mov	x8, x1
100008994:	e9 03 00 aa	mov	x9, x0
100008998:	0d 00 80 d2	mov	x13, #0x0
10000899c:	0e 00 80 d2	mov	x14, #0x0
1000089a0:	00 00 80 d2	mov	x0, #0x0
1000089a4:	01 00 80 d2	mov	x1, #0x0
1000089a8:	0a 10 80 52	mov	w10, #0x80
1000089ac:	0b f9 7f d3	lsl	x11, x8, #1
1000089b0:	2c 00 80 52	mov	w12, #0x1
1000089b4:	5f 1d 00 72	tst	w10, #0xff
1000089b8:	80 03 00 54	b.eq	0x100008a28
1000089bc:	4a 05 00 51	sub	w10, w10, #0x1
1000089c0:	ce fd cd 93	extr	x14, x14, x13, #0x3f
1000089c4:	2f 25 ca 9a	lsr	x15, x9, x10
1000089c8:	f0 03 2a 2a	mvn	w16, w10
1000089cc:	70 21 d0 9a	lsl	x16, x11, x16
1000089d0:	0f 02 0f aa	orr	x15, x16, x15
1000089d4:	10 25 ca 9a	lsr	x16, x8, x10
1000089d8:	51 1d 40 92	and	x17, x10, #0xff
1000089dc:	3f 02 7a f2	tst	x17, #0x40
1000089e0:	0f 12 8f 9a	csel	x15, x16, x15, ne
1000089e4:	af f9 7f b3	bfi	x15, x13, #1, #63
1000089e8:	8d 21 ca 9a	lsl	x13, x12, x10
1000089ec:	b0 11 9f 9a	csel	x16, x13, xzr, ne
1000089f0:	ed 13 8d 9a	csel	x13, xzr, x13, ne
1000089f4:	ff 01 02 eb	cmp	x15, x2
1000089f8:	df 01 03 fa	sbcs	xzr, x14, x3
1000089fc:	f1 33 83 9a	csel	x17, xzr, x3, lo
100008a00:	e4 33 82 9a	csel	x4, xzr, x2, lo
100008a04:	e5 33 8d 9a	csel	x5, xzr, x13, lo
100008a08:	f0 33 90 9a	csel	x16, xzr, x16, lo
100008a0c:	ed 01 04 eb	subs	x13, x15, x4
100008a10:	ce 01 11 da	sbc	x14, x14, x17
100008a14:	01 02 01 aa	orr	x1, x16, x1
100008a18:	a0 00 00 aa	orr	x0, x5, x0
100008a1c:	e6 ff ff 17	b	0x1000089b4
100008a20:	00 00 80 d2	mov	x0, #0x0
100008a24:	01 00 80 d2	mov	x1, #0x0
100008a28:	c0 03 5f d6	ret
100008a2c:	08 00 80 d2	mov	x8, #0x0
100008a30:	5f 00 08 eb	cmp	x2, x8
100008a34:	80 00 00 54	b.eq	0x100008a44
100008a38:	01 68 28 38	strb	w1, [x0, x8]
100008a3c:	08 05 00 91	add	x8, x8, #0x1
100008a40:	fc ff ff 17	b	0x100008a30
100008a44:	c0 03 5f d6	ret
100008a48:	ff 43 01 d1	sub	sp, sp, #0x50
100008a4c:	f4 4f 03 a9	stp	x20, x19, [sp, #0x30]
100008a50:	fd 7b 04 a9	stp	x29, x30, [sp, #0x40]
100008a54:	f3 03 01 aa	mov	x19, x1
100008a58:	22 02 00 b4	cbz	x2, 0x100008a9c
100008a5c:	00 00 67 9e	fmov	d0, x0
100008a60:	00 20 60 1e	fcmp	d0, d0
100008a64:	c6 0e 00 54	b.vs	0x100008c3c
100008a68:	08 fe ef d2	mov	x8, #0x7ff0000000000000
100008a6c:	01 01 67 9e	fmov	d1, x8
100008a70:	00 20 61 1e	fcmp	d0, d1
100008a74:	20 02 00 54	b.eq	0x100008ab8
100008a78:	08 fe ff d2	mov	x8, #-0x10000000000000
100008a7c:	01 01 67 9e	fmov	d1, x8
100008a80:	00 20 61 1e	fcmp	d0, d1
100008a84:	e0 02 00 54	b.eq	0x100008ae0
100008a88:	08 20 60 1e	fcmp	d0, #0.0
100008a8c:	41 05 00 54	b.ne	0x100008b34
100008a90:	33 04 00 94	bl	0x100009b5c
100008a94:	1f 00 00 f1	cmp	x0, #0x0
100008a98:	1c 00 00 14	b	0x100008b08
100008a9c:	00 00 27 1e	fmov	s0, w0
100008aa0:	00 20 20 1e	fcmp	s0, s0
100008aa4:	c6 0c 00 54	b.vs	0x100008c3c
100008aa8:	08 f0 af 52	mov	w8, #0x7f800000
100008aac:	01 01 27 1e	fmov	s1, w8
100008ab0:	00 20 21 1e	fcmp	s0, s1
100008ab4:	e1 00 00 54	b.ne	0x100008ad0
100008ab8:	01 00 00 b0	adrp	x1, 1 ; 0x100009000
100008abc:	21 d0 3b 91	add	x1, x1, #0xef4
100008ac0:	74 00 80 52	mov	w20, #0x3
100008ac4:	e0 03 13 aa	mov	x0, x19
100008ac8:	62 00 80 52	mov	w2, #0x3
100008acc:	14 00 00 14	b	0x100008b1c
100008ad0:	08 f0 bf 52	mov	w8, #-0x800000
100008ad4:	01 01 27 1e	fmov	s1, w8
100008ad8:	00 20 21 1e	fcmp	s0, s1
100008adc:	e1 00 00 54	b.ne	0x100008af8
100008ae0:	01 00 00 b0	adrp	x1, 1 ; 0x100009000
100008ae4:	21 e0 3b 91	add	x1, x1, #0xef8
100008ae8:	94 00 80 52	mov	w20, #0x4
100008aec:	e0 03 13 aa	mov	x0, x19
100008af0:	82 00 80 52	mov	w2, #0x4
100008af4:	0a 00 00 14	b	0x100008b1c
100008af8:	08 20 20 1e	fcmp	s0, #0.0
100008afc:	41 03 00 54	b.ne	0x100008b64
100008b00:	17 04 00 94	bl	0x100009b5c
100008b04:	1f 00 00 71	cmp	w0, #0x0
100008b08:	21 b1 88 9a	csel	x1, x9, x8, lt
100008b0c:	68 00 80 52	mov	w8, #0x3
100008b10:	14 a5 88 9a	cinc	x20, x8, lt
100008b14:	e0 03 13 aa	mov	x0, x19
100008b18:	e2 03 14 aa	mov	x2, x20
100008b1c:	ce 03 00 94	bl	0x100009a54
100008b20:	e0 03 14 aa	mov	x0, x20
100008b24:	fd 7b 44 a9	ldp	x29, x30, [sp, #0x40]
100008b28:	f4 4f 43 a9	ldp	x20, x19, [sp, #0x30]
100008b2c:	ff 43 01 91	add	sp, sp, #0x50
100008b30:	c0 03 5f d6	ret
100008b34:	08 00 00 b0	adrp	x8, 1 ; 0x100009000
100008b38:	14 81 6e 39	ldrb	w20, [x8, #0xba0]
100008b3c:	e8 23 00 91	add	x8, sp, #0x8
100008b40:	81 06 80 52	mov	w1, #0x34
100008b44:	62 01 80 52	mov	w2, #0xb
100008b48:	63 02 00 94	bl	0x1000094d4
100008b4c:	02 00 00 b0	adrp	x2, 1 ; 0x100009000
100008b50:	42 40 2e 91	add	x2, x2, #0xb90
100008b54:	34 02 00 36	tbz	w20, #0x0, 0x100008b98
100008b58:	cf 03 00 94	bl	0x100009a94
100008b5c:	3b 00 00 94	bl	0x100008c48
100008b60:	10 00 00 14	b	0x100008ba0
100008b64:	08 00 00 b0	adrp	x8, 1 ; 0x100009000
100008b68:	14 81 6e 39	ldrb	w20, [x8, #0xba0]
100008b6c:	e0 03 00 2a	mov	w0, w0
100008b70:	e8 23 00 91	add	x8, sp, #0x8
100008b74:	e1 02 80 52	mov	w1, #0x17
100008b78:	02 01 80 52	mov	w2, #0x8
100008b7c:	56 02 00 94	bl	0x1000094d4
100008b80:	02 00 00 b0	adrp	x2, 1 ; 0x100009000
100008b84:	42 40 2e 91	add	x2, x2, #0xb90
100008b88:	b4 02 00 36	tbz	w20, #0x0, 0x100008bdc
100008b8c:	c2 03 00 94	bl	0x100009a94
100008b90:	2e 00 00 94	bl	0x100008c48
100008b94:	14 00 00 14	b	0x100008be4
100008b98:	bf 03 00 94	bl	0x100009a94
100008b9c:	bd 00 00 94	bl	0x100008e90
100008ba0:	88 22 40 79	ldrh	w8, [x20, #0x10]
100008ba4:	48 02 00 35	cbnz	w8, 0x100008bec
100008ba8:	da 03 00 94	bl	0x100009b10
100008bac:	9f 02 09 eb	cmp	x20, x9
100008bb0:	c0 03 00 54	b.eq	0x100008c28
100008bb4:	4d 69 69 38	ldrb	w13, [x10, x9]
100008bb8:	ad b9 00 51	sub	w13, w13, #0x2e
100008bbc:	bf dd 00 71	cmp	w13, #0x37
100008bc0:	6d 21 cd 9a	lsl	x13, x11, x13
100008bc4:	ad 01 0c 8a	and	x13, x13, x12
100008bc8:	a4 99 40 fa	ccmp	x13, #0x0, #0x4, ls
100008bcc:	40 00 00 54	b.eq	0x100008bd4
100008bd0:	28 00 80 52	mov	w8, #0x1
100008bd4:	29 05 00 91	add	x9, x9, #0x1
100008bd8:	f5 ff ff 17	b	0x100008bac
100008bdc:	ae 03 00 94	bl	0x100009a94
100008be0:	ac 00 00 94	bl	0x100008e90
100008be4:	88 22 40 79	ldrh	w8, [x20, #0x10]
100008be8:	68 00 00 34	cbz	w8, 0x100008bf4
100008bec:	14 00 80 d2	mov	x20, #0x0
100008bf0:	cc ff ff 17	b	0x100008b20
100008bf4:	c7 03 00 94	bl	0x100009b10
100008bf8:	9f 02 09 eb	cmp	x20, x9
100008bfc:	60 01 00 54	b.eq	0x100008c28
100008c00:	4d 69 69 38	ldrb	w13, [x10, x9]
100008c04:	ad b9 00 51	sub	w13, w13, #0x2e
100008c08:	bf dd 00 71	cmp	w13, #0x37
100008c0c:	6d 21 cd 9a	lsl	x13, x11, x13
100008c10:	ad 01 0c 8a	and	x13, x13, x12
100008c14:	a4 99 40 fa	ccmp	x13, #0x0, #0x4, ls
100008c18:	40 00 00 54	b.eq	0x100008c20
100008c1c:	28 00 80 52	mov	w8, #0x1
100008c20:	29 05 00 91	add	x9, x9, #0x1
100008c24:	f5 ff ff 17	b	0x100008bf8
100008c28:	c8 f7 07 37	tbnz	w8, #0x0, 0x100008b20
100008c2c:	c8 05 86 52	mov	w8, #0x302e
100008c30:	68 6a 34 78	strh	w8, [x19, x20]
100008c34:	94 0a 00 91	add	x20, x20, #0x2
100008c38:	ba ff ff 17	b	0x100008b20
100008c3c:	01 00 00 b0	adrp	x1, 1 ; 0x100009000
100008c40:	21 c0 3b 91	add	x1, x1, #0xef0
100008c44:	9f ff ff 17	b	0x100008ac0
100008c48:	e3 03 1e aa	mov	x3, x30
100008c4c:	c9 03 00 94	bl	0x100009b70
100008c50:	fe 03 03 aa	mov	x30, x3
100008c54:	fd 7b 09 a9	stp	x29, x30, [sp, #0x90]
100008c58:	f4 03 00 aa	mov	x20, x0
100008c5c:	f3 03 08 aa	mov	x19, x8
100008c60:	20 00 40 f9	ldr	x0, [x1]
100008c64:	39 08 40 b9	ldr	w25, [x1, #0x8]
100008c68:	37 30 40 39	ldrb	w23, [x1, #0xc]
100008c6c:	08 00 b0 12	mov	w8, #0x7fffffff
100008c70:	3f 03 08 6b	cmp	w25, w8
100008c74:	c1 01 00 54	b.ne	0x100008cac
100008c78:	e0 07 00 f9	str	x0, [sp, #0x8]
100008c7c:	e8 13 00 b9	str	w8, [sp, #0x10]
100008c80:	f7 53 00 39	strb	w23, [sp, #0x14]
100008c84:	28 d0 40 78	ldurh	w8, [x1, #0xd]
100008c88:	e8 53 01 78	sturh	w8, [sp, #0x15]
100008c8c:	28 f0 40 38	ldurb	w8, [x1, #0xf]
100008c90:	e8 5f 00 39	strb	w8, [sp, #0x17]
100008c94:	e1 23 00 91	add	x1, sp, #0x8
100008c98:	e0 03 14 aa	mov	x0, x20
100008c9c:	fa 01 00 94	bl	0x100009484
100008ca0:	7f 22 00 79	strh	wzr, [x19, #0x10]
100008ca4:	60 06 00 a9	stp	x0, x1, [x19]
100008ca8:	78 00 00 14	b	0x100008e88
100008cac:	f5 03 02 aa	mov	x21, x2
100008cb0:	58 20 40 39	ldrb	w24, [x2, #0x8]
100008cb4:	58 01 00 34	cbz	w24, 0x100008cdc
100008cb8:	a2 02 40 f9	ldr	x2, [x21]
100008cbc:	e0 0f 00 f9	str	x0, [sp, #0x18]
100008cc0:	f9 23 00 b9	str	w25, [sp, #0x20]
100008cc4:	79 03 00 94	bl	0x100009aa8
100008cc8:	01 00 80 52	mov	w1, #0x0
100008ccc:	a2 01 00 94	bl	0x100009354
100008cd0:	e0 17 40 f9	ldr	x0, [sp, #0x28]
100008cd4:	f9 33 40 b9	ldr	w25, [sp, #0x30]
100008cd8:	f7 d3 40 39	ldrb	w23, [sp, #0x34]
100008cdc:	e0 1f 00 f9	str	x0, [sp, #0x38]
100008ce0:	3d 01 00 94	bl	0x1000091d4
100008ce4:	f6 03 00 aa	mov	x22, x0
100008ce8:	d9 00 f8 37	tbnz	w25, #0x1f, 0x100008d00
100008cec:	28 0b 00 11	add	w8, w25, #0x2
100008cf0:	08 41 36 8b	add	x8, x8, w22, uxtw
100008cf4:	f8 00 00 34	cbz	w24, 0x100008d10
100008cf8:	a9 02 40 f9	ldr	x9, [x21]
100008cfc:	06 00 00 14	b	0x100008d14
100008d00:	c8 02 19 4b	sub	w8, w22, w25
100008d04:	d8 00 00 34	cbz	w24, 0x100008d1c
100008d08:	a9 02 40 f9	ldr	x9, [x21]
100008d0c:	05 00 00 14	b	0x100008d20
100008d10:	09 00 80 d2	mov	x9, #0x0
100008d14:	08 01 09 8b	add	x8, x8, x9
100008d18:	05 00 00 14	b	0x100008d2c
100008d1c:	09 00 80 d2	mov	x9, #0x0
100008d20:	1f 01 09 eb	cmp	x8, x9
100008d24:	08 81 89 9a	csel	x8, x8, x9, hi
100008d28:	08 09 00 91	add	x8, x8, #0x2
100008d2c:	1f 6d 05 f1	cmp	x8, #0x15b
100008d30:	69 00 00 54	b.ls	0x100008d3c
100008d34:	65 03 00 94	bl	0x100009ac8
100008d38:	54 00 00 14	b	0x100008e88
100008d3c:	b7 00 00 36	tbz	w23, #0x0, 0x100008d50
100008d40:	a8 05 80 52	mov	w8, #0x2d
100008d44:	88 02 00 39	strb	w8, [x20]
100008d48:	3a 00 80 52	mov	w26, #0x1
100008d4c:	02 00 00 14	b	0x100008d54
100008d50:	1a 00 80 d2	mov	x26, #0x0
100008d54:	d7 02 19 0b	add	w23, w22, w25
100008d58:	ff 06 00 71	cmp	w23, #0x1
100008d5c:	6b 03 00 54	b.lt	0x100008dc8
100008d60:	f8 03 16 2a	mov	w24, w22
100008d64:	ff 02 16 6b	cmp	w23, w22
100008d68:	62 06 00 54	b.hs	0x100008e34
100008d6c:	5b 03 17 8b	add	x27, x26, x23
100008d70:	79 07 00 91	add	x25, x27, #0x1
100008d74:	18 03 17 cb	sub	x24, x24, x23
100008d78:	80 02 19 8b	add	x0, x20, x25
100008d7c:	e1 e3 00 91	add	x1, sp, #0x38
100008d80:	e2 03 18 aa	mov	x2, x24
100008d84:	f2 00 00 94	bl	0x10000914c
100008d88:	c8 05 80 52	mov	w8, #0x2e
100008d8c:	88 6a 3b 38	strb	w8, [x20, x27]
100008d90:	55 03 00 94	bl	0x100009ae4
100008d94:	c8 06 00 11	add	w8, w22, #0x1
100008d98:	48 03 08 8b	add	x8, x26, x8
100008d9c:	a9 22 40 39	ldrb	w9, [x21, #0x8]
100008da0:	09 07 00 34	cbz	w9, 0x100008e80
100008da4:	b5 02 40 f9	ldr	x21, [x21]
100008da8:	a2 02 18 eb	subs	x2, x21, x24
100008dac:	69 00 00 54	b.ls	0x100008db8
100008db0:	80 02 08 8b	add	x0, x20, x8
100008db4:	66 03 00 94	bl	0x100009b4c
100008db8:	bf 02 00 f1	cmp	x21, #0x0
100008dbc:	e8 17 9f 1a	cset	w8, eq
100008dc0:	a9 02 19 8b	add	x9, x21, x25
100008dc4:	1a 00 00 14	b	0x100008e2c
100008dc8:	08 c6 85 52	mov	w8, #0x2e30
100008dcc:	88 6a 3a 78	strh	w8, [x20, x26]
100008dd0:	58 03 7f b2	orr	x24, x26, #0x2
100008dd4:	f7 03 17 4b	neg	w23, w23
100008dd8:	80 02 18 8b	add	x0, x20, x24
100008ddc:	01 06 80 52	mov	w1, #0x30
100008de0:	e2 03 17 aa	mov	x2, x23
100008de4:	12 ff ff 97	bl	0x100008a2c
100008de8:	17 03 17 8b	add	x23, x24, x23
100008dec:	e2 03 16 2a	mov	w2, w22
100008df0:	80 02 17 8b	add	x0, x20, x23
100008df4:	e1 e3 00 91	add	x1, sp, #0x38
100008df8:	d5 00 00 94	bl	0x10000914c
100008dfc:	e8 42 36 8b	add	x8, x23, w22, uxtw
100008e00:	a9 22 40 39	ldrb	w9, [x21, #0x8]
100008e04:	e9 03 00 34	cbz	w9, 0x100008e80
100008e08:	b5 02 40 f9	ldr	x21, [x21]
100008e0c:	09 01 18 cb	sub	x9, x8, x24
100008e10:	a2 02 09 eb	subs	x2, x21, x9
100008e14:	69 00 00 54	b.ls	0x100008e20
100008e18:	80 02 08 8b	add	x0, x20, x8
100008e1c:	4c 03 00 94	bl	0x100009b4c
100008e20:	bf 02 00 f1	cmp	x21, #0x0
100008e24:	e8 17 9f 1a	cset	w8, eq
100008e28:	a9 02 18 8b	add	x9, x21, x24
100008e2c:	28 01 08 cb	sub	x8, x9, x8
100008e30:	14 00 00 14	b	0x100008e80
100008e34:	96 02 1a 8b	add	x22, x20, x26
100008e38:	e1 e3 00 91	add	x1, sp, #0x38
100008e3c:	e0 03 16 aa	mov	x0, x22
100008e40:	e2 03 18 aa	mov	x2, x24
100008e44:	c2 00 00 94	bl	0x10000914c
100008e48:	22 7f 40 93	sxtw	x2, w25
100008e4c:	c0 02 18 8b	add	x0, x22, x24
100008e50:	3f 03 00 94	bl	0x100009b4c
100008e54:	48 03 17 8b	add	x8, x26, x23
100008e58:	a9 22 40 39	ldrb	w9, [x21, #0x8]
100008e5c:	29 01 00 34	cbz	w9, 0x100008e80
100008e60:	b5 02 40 f9	ldr	x21, [x21]
100008e64:	f5 00 00 b4	cbz	x21, 0x100008e80
100008e68:	c9 05 80 52	mov	w9, #0x2e
100008e6c:	89 6a 28 38	strb	w9, [x20, x8]
100008e70:	16 05 00 91	add	x22, x8, #0x1
100008e74:	80 02 16 8b	add	x0, x20, x22
100008e78:	32 03 00 94	bl	0x100009b40
100008e7c:	a8 02 16 8b	add	x8, x21, x22
100008e80:	7f 22 00 79	strh	wzr, [x19, #0x10]
100008e84:	74 22 00 a9	stp	x20, x8, [x19]
100008e88:	fd 7b 49 a9	ldp	x29, x30, [sp, #0x90]
100008e8c:	fb 02 00 14	b	0x100009a78
100008e90:	e3 03 1e aa	mov	x3, x30
100008e94:	37 03 00 94	bl	0x100009b70
100008e98:	fe 03 03 aa	mov	x30, x3
100008e9c:	fd 7b 09 a9	stp	x29, x30, [sp, #0x90]
100008ea0:	f4 03 00 aa	mov	x20, x0
100008ea4:	f3 03 08 aa	mov	x19, x8
100008ea8:	20 00 40 f9	ldr	x0, [x1]
100008eac:	38 08 40 b9	ldr	w24, [x1, #0x8]
100008eb0:	37 30 40 39	ldrb	w23, [x1, #0xc]
100008eb4:	08 00 b0 12	mov	w8, #0x7fffffff
100008eb8:	1f 03 08 6b	cmp	w24, w8
100008ebc:	c1 01 00 54	b.ne	0x100008ef4
100008ec0:	e0 07 00 f9	str	x0, [sp, #0x8]
100008ec4:	e8 13 00 b9	str	w8, [sp, #0x10]
100008ec8:	f7 53 00 39	strb	w23, [sp, #0x14]
100008ecc:	28 d0 40 78	ldurh	w8, [x1, #0xd]
100008ed0:	e8 53 01 78	sturh	w8, [sp, #0x15]
100008ed4:	28 f0 40 38	ldurb	w8, [x1, #0xf]
100008ed8:	e8 5f 00 39	strb	w8, [sp, #0x17]
100008edc:	e1 23 00 91	add	x1, sp, #0x8
100008ee0:	e0 03 14 aa	mov	x0, x20
100008ee4:	68 01 00 94	bl	0x100009484
100008ee8:	7f 22 00 79	strh	wzr, [x19, #0x10]
100008eec:	60 06 00 a9	stp	x0, x1, [x19]
100008ef0:	95 00 00 14	b	0x100009144
100008ef4:	f5 03 02 aa	mov	x21, x2
100008ef8:	59 20 40 39	ldrb	w25, [x2, #0x8]
100008efc:	59 01 00 34	cbz	w25, 0x100008f24
100008f00:	a2 02 40 f9	ldr	x2, [x21]
100008f04:	e0 0f 00 f9	str	x0, [sp, #0x18]
100008f08:	f8 23 00 b9	str	w24, [sp, #0x20]
100008f0c:	e7 02 00 94	bl	0x100009aa8
100008f10:	21 00 80 52	mov	w1, #0x1
100008f14:	10 01 00 94	bl	0x100009354
100008f18:	e0 17 40 f9	ldr	x0, [sp, #0x28]
100008f1c:	f8 33 40 b9	ldr	w24, [sp, #0x30]
100008f20:	f7 d3 40 39	ldrb	w23, [sp, #0x34]
100008f24:	e0 1f 00 f9	str	x0, [sp, #0x38]
100008f28:	ab 00 00 94	bl	0x1000091d4
100008f2c:	f6 03 00 aa	mov	x22, x0
100008f30:	d9 00 00 34	cbz	w25, 0x100008f48
100008f34:	a8 02 40 f9	ldr	x8, [x21]
100008f38:	1f 51 05 f1	cmp	x8, #0x154
100008f3c:	63 00 00 54	b.lo	0x100008f48
100008f40:	e2 02 00 94	bl	0x100009ac8
100008f44:	80 00 00 14	b	0x100009144
100008f48:	b7 00 00 36	tbz	w23, #0x0, 0x100008f5c
100008f4c:	a8 05 80 52	mov	w8, #0x2d
100008f50:	88 02 00 39	strb	w8, [x20]
100008f54:	3b 00 80 52	mov	w27, #0x1
100008f58:	02 00 00 14	b	0x100008f60
100008f5c:	1b 00 80 d2	mov	x27, #0x0
100008f60:	7a 03 7f b2	orr	x26, x27, #0x2
100008f64:	d7 06 00 71	subs	w23, w22, #0x1
100008f68:	48 03 17 8b	add	x8, x26, x23
100008f6c:	19 85 9b 9a	csinc	x25, x8, x27, hi
100008f70:	dd 02 00 94	bl	0x100009ae4
100008f74:	88 02 1b 8b	add	x8, x20, x27
100008f78:	e9 1f 40 f9	ldr	x9, [sp, #0x38]
100008f7c:	4a 01 80 52	mov	w10, #0xa
100008f80:	2b 09 ca 9a	udiv	x11, x9, x10
100008f84:	69 a5 0a 1b	msub	w9, w11, w10, w9
100008f88:	29 05 1c 32	orr	w9, w9, #0x30
100008f8c:	09 01 00 39	strb	w9, [x8]
100008f90:	c9 05 80 52	mov	w9, #0x2e
100008f94:	09 05 00 39	strb	w9, [x8, #0x1]
100008f98:	a8 22 40 39	ldrb	w8, [x21, #0x8]
100008f9c:	c8 01 00 34	cbz	w8, 0x100008fd4
100008fa0:	a8 02 40 f9	ldr	x8, [x21]
100008fa4:	15 01 17 eb	subs	x21, x8, x23
100008fa8:	e9 00 00 54	b.ls	0x100008fc4
100008fac:	df 06 00 71	cmp	w22, #0x1
100008fb0:	37 17 99 9a	cinc	x23, x25, eq
100008fb4:	80 02 17 8b	add	x0, x20, x23
100008fb8:	e2 02 00 94	bl	0x100009b40
100008fbc:	b9 02 17 8b	add	x25, x21, x23
100008fc0:	05 00 00 14	b	0x100008fd4
100008fc4:	1f 01 00 f1	cmp	x8, #0x0
100008fc8:	e9 17 9f 1a	cset	w9, eq
100008fcc:	08 01 1a 8b	add	x8, x8, x26
100008fd0:	19 01 09 cb	sub	x25, x8, x9
100008fd4:	a8 0c 80 52	mov	w8, #0x65
100008fd8:	88 6a 39 38	strb	w8, [x20, x25]
100008fdc:	28 07 00 91	add	x8, x25, #0x1
100008fe0:	ca 02 18 0b	add	w10, w22, w24
100008fe4:	49 05 00 71	subs	w9, w10, #0x1
100008fe8:	ca 00 00 54	b.ge	0x100009000
100008fec:	a9 05 80 52	mov	w9, #0x2d
100008ff0:	89 6a 28 38	strb	w9, [x20, x8]
100008ff4:	28 0b 00 91	add	x8, x25, #0x2
100008ff8:	29 00 80 52	mov	w9, #0x1
100008ffc:	29 01 0a 4b	sub	w9, w9, w10
100009000:	4a 01 80 52	mov	w10, #0xa
100009004:	eb 3f 99 52	mov	w11, #0xc9ff
100009008:	4b 73 a7 72	movk	w11, #0x3b9a, lsl #16
10000900c:	3f 01 0b 6b	cmp	w9, w11
100009010:	69 00 00 54	b.ls	0x10000901c
100009014:	4b 01 80 52	mov	w11, #0xa
100009018:	28 00 00 14	b	0x1000090b8
10000901c:	eb 1f 9c 52	mov	w11, #0xe0ff
100009020:	ab be a0 72	movk	w11, #0x5f5, lsl #16
100009024:	3f 01 0b 6b	cmp	w9, w11
100009028:	69 00 00 54	b.ls	0x100009034
10000902c:	2b 01 80 52	mov	w11, #0x9
100009030:	22 00 00 14	b	0x1000090b8
100009034:	eb cf 92 52	mov	w11, #0x967f
100009038:	0b 13 a0 72	movk	w11, #0x98, lsl #16
10000903c:	3f 01 0b 6b	cmp	w9, w11
100009040:	69 00 00 54	b.ls	0x10000904c
100009044:	0b 01 80 52	mov	w11, #0x8
100009048:	1c 00 00 14	b	0x1000090b8
10000904c:	eb 47 88 52	mov	w11, #0x423f
100009050:	eb 01 a0 72	movk	w11, #0xf, lsl #16
100009054:	3f 01 0b 6b	cmp	w9, w11
100009058:	69 00 00 54	b.ls	0x100009064
10000905c:	eb 00 80 52	mov	w11, #0x7
100009060:	16 00 00 14	b	0x1000090b8
100009064:	2b 7d 05 53	lsr	w11, w9, #5
100009068:	7f d1 30 71	cmp	w11, #0xc34
10000906c:	69 00 00 54	b.ls	0x100009078
100009070:	cb 00 80 52	mov	w11, #0x6
100009074:	11 00 00 14	b	0x1000090b8
100009078:	2b 7d 04 53	lsr	w11, w9, #4
10000907c:	7f c1 09 71	cmp	w11, #0x270
100009080:	69 00 00 54	b.ls	0x10000908c
100009084:	ab 00 80 52	mov	w11, #0x5
100009088:	0c 00 00 14	b	0x1000090b8
10000908c:	3f 9d 0f 71	cmp	w9, #0x3e7
100009090:	69 00 00 54	b.ls	0x10000909c
100009094:	8b 00 80 52	mov	w11, #0x4
100009098:	08 00 00 14	b	0x1000090b8
10000909c:	3f 8d 01 71	cmp	w9, #0x63
1000090a0:	69 00 00 54	b.ls	0x1000090ac
1000090a4:	6b 00 80 52	mov	w11, #0x3
1000090a8:	04 00 00 14	b	0x1000090b8
1000090ac:	3f 25 00 71	cmp	w9, #0x9
1000090b0:	2b 00 80 52	mov	w11, #0x1
1000090b4:	6b 95 8b 9a	cinc	x11, x11, hi
1000090b8:	0d 00 80 d2	mov	x13, #0x0
1000090bc:	6c 01 08 8b	add	x12, x11, x8
1000090c0:	8c 05 00 d1	sub	x12, x12, #0x1
1000090c4:	8e 0c 80 52	mov	w14, #0x64
1000090c8:	af 09 00 91	add	x15, x13, #0x2
1000090cc:	ff 01 0b eb	cmp	x15, x11
1000090d0:	e2 01 00 54	b.hs	0x10000910c
1000090d4:	2d 09 ce 1a	udiv	w13, w9, w14
1000090d8:	a9 a5 0e 1b	msub	w9, w13, w14, w9
1000090dc:	30 1d 00 12	and	w16, w9, #0xff
1000090e0:	10 0a ca 1a	udiv	w16, w16, w10
1000090e4:	11 06 1c 32	orr	w17, w16, #0x30
1000090e8:	09 a6 0a 1b	msub	w9, w16, w10, w9
1000090ec:	29 05 1c 32	orr	w9, w9, #0x30
1000090f0:	90 02 0c 8b	add	x16, x20, x12
1000090f4:	09 02 00 39	strb	w9, [x16]
1000090f8:	11 f2 1f 38	sturb	w17, [x16, #-0x1]
1000090fc:	8c 09 00 d1	sub	x12, x12, #0x2
100009100:	e9 03 0d aa	mov	x9, x13
100009104:	ed 03 0f aa	mov	x13, x15
100009108:	f0 ff ff 17	b	0x1000090c8
10000910c:	4a 01 80 52	mov	w10, #0xa
100009110:	bf 01 0b eb	cmp	x13, x11
100009114:	22 01 00 54	b.hs	0x100009138
100009118:	2e 09 ca 1a	udiv	w14, w9, w10
10000911c:	c9 a5 0a 1b	msub	w9, w14, w10, w9
100009120:	29 05 1c 32	orr	w9, w9, #0x30
100009124:	89 6a 2c 38	strb	w9, [x20, x12]
100009128:	ad 05 00 91	add	x13, x13, #0x1
10000912c:	8c 05 00 d1	sub	x12, x12, #0x1
100009130:	e9 03 0e aa	mov	x9, x14
100009134:	f7 ff ff 17	b	0x100009110
100009138:	68 01 08 8b	add	x8, x11, x8
10000913c:	7f 22 00 79	strh	wzr, [x19, #0x10]
100009140:	74 22 00 a9	stp	x20, x8, [x19]
100009144:	fd 7b 49 a9	ldp	x29, x30, [sp, #0x90]
100009148:	4c 02 00 14	b	0x100009a78
10000914c:	09 00 80 d2	mov	x9, #0x0
100009150:	48 00 00 8b	add	x8, x2, x0
100009154:	08 05 00 d1	sub	x8, x8, #0x1
100009158:	8a 0c 80 52	mov	w10, #0x64
10000915c:	4b 01 80 52	mov	w11, #0xa
100009160:	2c 09 00 91	add	x12, x9, #0x2
100009164:	9f 01 02 eb	cmp	x12, x2
100009168:	e2 01 00 54	b.hs	0x1000091a4
10000916c:	29 00 40 f9	ldr	x9, [x1]
100009170:	2d 09 ca 9a	udiv	x13, x9, x10
100009174:	a9 a5 0a 1b	msub	w9, w13, w10, w9
100009178:	2e 1d 00 12	and	w14, w9, #0xff
10000917c:	2d 00 00 f9	str	x13, [x1]
100009180:	cd 09 cb 1a	udiv	w13, w14, w11
100009184:	ae 05 1c 32	orr	w14, w13, #0x30
100009188:	a9 a5 0b 1b	msub	w9, w13, w11, w9
10000918c:	29 05 1c 32	orr	w9, w9, #0x30
100009190:	09 01 00 39	strb	w9, [x8]
100009194:	0e f1 1f 38	sturb	w14, [x8, #-0x1]
100009198:	08 09 00 d1	sub	x8, x8, #0x2
10000919c:	e9 03 0c aa	mov	x9, x12
1000091a0:	f0 ff ff 17	b	0x100009160
1000091a4:	4a 01 80 52	mov	w10, #0xa
1000091a8:	3f 01 02 eb	cmp	x9, x2
1000091ac:	22 01 00 54	b.hs	0x1000091d0
1000091b0:	2b 00 40 f9	ldr	x11, [x1]
1000091b4:	6c 09 ca 9a	udiv	x12, x11, x10
1000091b8:	8b ad 0a 1b	msub	w11, w12, w10, w11
1000091bc:	2c 00 00 f9	str	x12, [x1]
1000091c0:	6b 05 1c 32	orr	w11, w11, #0x30
1000091c4:	0b f5 1f 38	strb	w11, [x8], #-0x1
1000091c8:	29 05 00 91	add	x9, x9, #0x1
1000091cc:	f7 ff ff 17	b	0x1000091a8
1000091d0:	c0 03 5f d6	ret
1000091d4:	28 f8 ad d2	mov	x8, #0x6fc10000
1000091d8:	48 de d0 f2	movk	x8, #0x86f2, lsl #32
1000091dc:	68 04 e0 f2	movk	x8, #0x23, lsl #48
1000091e0:	1f 00 08 eb	cmp	x0, x8
1000091e4:	63 00 00 54	b.lo	0x1000091f0
1000091e8:	20 02 80 52	mov	w0, #0x11
1000091ec:	c0 03 5f d6	ret
1000091f0:	e8 ff 8f d2	mov	x8, #0x7fff
1000091f4:	c8 98 b4 f2	movk	x8, #0xa4c6, lsl #16
1000091f8:	c8 af d1 f2	movk	x8, #0x8d7e, lsl #32
1000091fc:	68 00 e0 f2	movk	x8, #0x3, lsl #48
100009200:	1f 00 08 eb	cmp	x0, x8
100009204:	69 00 00 54	b.ls	0x100009210
100009208:	00 02 80 52	mov	w0, #0x10
10000920c:	c0 03 5f d6	ret
100009210:	e8 ff 87 d2	mov	x8, #0x3fff
100009214:	48 0f a2 f2	movk	x8, #0x107a, lsl #16
100009218:	68 5e cb f2	movk	x8, #0x5af3, lsl #32
10000921c:	1f 00 08 eb	cmp	x0, x8
100009220:	69 00 00 54	b.ls	0x10000922c
100009224:	e0 01 80 52	mov	w0, #0xf
100009228:	c0 03 5f d6	ret
10000922c:	e8 ff 93 d2	mov	x8, #0x9fff
100009230:	48 ce a9 f2	movk	x8, #0x4e72, lsl #16
100009234:	08 23 c1 f2	movk	x8, #0x918, lsl #32
100009238:	1f 00 08 eb	cmp	x0, x8
10000923c:	69 00 00 54	b.ls	0x100009248
100009240:	c0 01 80 52	mov	w0, #0xe
100009244:	c0 03 5f d6	ret
100009248:	e8 ff 81 d2	mov	x8, #0xfff
10000924c:	a8 94 ba f2	movk	x8, #0xd4a5, lsl #16
100009250:	08 1d c0 f2	movk	x8, #0xe8, lsl #32
100009254:	1f 00 08 eb	cmp	x0, x8
100009258:	69 00 00 54	b.ls	0x100009264
10000925c:	a0 01 80 52	mov	w0, #0xd
100009260:	c0 03 5f d6	ret
100009264:	e8 ff 9c d2	mov	x8, #0xe7ff
100009268:	c8 0e a9 f2	movk	x8, #0x4876, lsl #16
10000926c:	e8 02 c0 f2	movk	x8, #0x17, lsl #32
100009270:	1f 00 08 eb	cmp	x0, x8
100009274:	69 00 00 54	b.ls	0x100009280
100009278:	80 01 80 52	mov	w0, #0xc
10000927c:	c0 03 5f d6	ret
100009280:	e8 7f 9c d2	mov	x8, #0xe3ff
100009284:	68 81 aa f2	movk	x8, #0x540b, lsl #16
100009288:	48 00 c0 f2	movk	x8, #0x2, lsl #32
10000928c:	1f 00 08 eb	cmp	x0, x8
100009290:	69 00 00 54	b.ls	0x10000929c
100009294:	60 01 80 52	mov	w0, #0xb
100009298:	c0 03 5f d6	ret
10000929c:	e8 3f 99 52	mov	w8, #0xc9ff
1000092a0:	48 73 a7 72	movk	w8, #0x3b9a, lsl #16
1000092a4:	1f 00 08 eb	cmp	x0, x8
1000092a8:	69 00 00 54	b.ls	0x1000092b4
1000092ac:	40 01 80 52	mov	w0, #0xa
1000092b0:	c0 03 5f d6	ret
1000092b4:	e8 1f 9c 52	mov	w8, #0xe0ff
1000092b8:	a8 be a0 72	movk	w8, #0x5f5, lsl #16
1000092bc:	1f 00 08 eb	cmp	x0, x8
1000092c0:	69 00 00 54	b.ls	0x1000092cc
1000092c4:	20 01 80 52	mov	w0, #0x9
1000092c8:	c0 03 5f d6	ret
1000092cc:	e8 cf 92 52	mov	w8, #0x967f
1000092d0:	08 13 a0 72	movk	w8, #0x98, lsl #16
1000092d4:	1f 00 08 eb	cmp	x0, x8
1000092d8:	69 00 00 54	b.ls	0x1000092e4
1000092dc:	00 01 80 52	mov	w0, #0x8
1000092e0:	c0 03 5f d6	ret
1000092e4:	e8 47 88 52	mov	w8, #0x423f
1000092e8:	e8 01 a0 72	movk	w8, #0xf, lsl #16
1000092ec:	1f 00 08 eb	cmp	x0, x8
1000092f0:	69 00 00 54	b.ls	0x1000092fc
1000092f4:	e0 00 80 52	mov	w0, #0x7
1000092f8:	c0 03 5f d6	ret
1000092fc:	08 fc 45 d3	lsr	x8, x0, #5
100009300:	1f d1 30 f1	cmp	x8, #0xc34
100009304:	69 00 00 54	b.ls	0x100009310
100009308:	c0 00 80 52	mov	w0, #0x6
10000930c:	c0 03 5f d6	ret
100009310:	08 fc 44 d3	lsr	x8, x0, #4
100009314:	1f c1 09 f1	cmp	x8, #0x270
100009318:	69 00 00 54	b.ls	0x100009324
10000931c:	a0 00 80 52	mov	w0, #0x5
100009320:	c0 03 5f d6	ret
100009324:	1f 9c 0f f1	cmp	x0, #0x3e7
100009328:	69 00 00 54	b.ls	0x100009334
10000932c:	80 00 80 52	mov	w0, #0x4
100009330:	c0 03 5f d6	ret
100009334:	1f 8c 01 f1	cmp	x0, #0x63
100009338:	69 00 00 54	b.ls	0x100009344
10000933c:	60 00 80 52	mov	w0, #0x3
100009340:	c0 03 5f d6	ret
100009344:	1f 24 00 f1	cmp	x0, #0x9
100009348:	28 00 80 52	mov	w8, #0x1
10000934c:	00 95 88 1a	cinc	w0, w8, hi
100009350:	c0 03 5f d6	ret
100009354:	fa 67 bb a9	stp	x26, x25, [sp, #-0x50]!
100009358:	f8 5f 01 a9	stp	x24, x23, [sp, #0x10]
10000935c:	f6 57 02 a9	stp	x22, x21, [sp, #0x20]
100009360:	f4 4f 03 a9	stp	x20, x19, [sp, #0x30]
100009364:	fd 7b 04 a9	stp	x29, x30, [sp, #0x40]
100009368:	f5 03 02 aa	mov	x21, x2
10000936c:	f6 03 01 aa	mov	x22, x1
100009370:	f3 03 08 aa	mov	x19, x8
100009374:	14 00 40 f9	ldr	x20, [x0]
100009378:	17 08 40 b9	ldr	w23, [x0, #0x8]
10000937c:	18 30 40 39	ldrb	w24, [x0, #0xc]
100009380:	e0 03 14 aa	mov	x0, x20
100009384:	94 ff ff 97	bl	0x1000091d4
100009388:	08 04 00 51	sub	w8, w0, #0x1
10000938c:	a9 02 17 8b	add	x9, x21, x23
100009390:	28 01 08 8b	add	x8, x9, x8
100009394:	a9 42 20 8b	add	x9, x21, w0, uxtw
100009398:	ea 03 17 4b	neg	w10, w23
10000939c:	29 01 0a eb	subs	x9, x9, x10
1000093a0:	e9 33 89 9a	csel	x9, xzr, x9, lo
1000093a4:	ff 02 00 71	cmp	w23, #0x0
1000093a8:	08 c1 89 9a	csel	x8, x8, x9, gt
1000093ac:	df 02 00 72	tst	w22, #0x1
1000093b0:	08 05 95 9a	csinc	x8, x8, x21, eq
1000093b4:	1f 41 20 eb	cmp	x8, w0, uxtw
1000093b8:	22 05 00 54	b.hs	0x10000945c
1000093bc:	e9 03 00 2a	mov	w9, w0
1000093c0:	e8 03 28 aa	mvn	x8, x8
1000093c4:	08 01 09 8b	add	x8, x8, x9
1000093c8:	49 01 80 52	mov	w9, #0xa
1000093cc:	a8 00 00 b4	cbz	x8, 0x1000093e0
1000093d0:	f7 06 00 11	add	w23, w23, #0x1
1000093d4:	08 05 00 d1	sub	x8, x8, #0x1
1000093d8:	94 0a c9 9a	udiv	x20, x20, x9
1000093dc:	a8 ff ff b5	cbnz	x8, 0x1000093d0
1000093e0:	49 01 80 52	mov	w9, #0xa
1000093e4:	88 0a c9 9a	udiv	x8, x20, x9
1000093e8:	09 d1 09 9b	msub	x9, x8, x9, x20
1000093ec:	3f 15 00 f1	cmp	x9, #0x5
1000093f0:	63 03 00 54	b.lo	0x10000945c
1000093f4:	15 00 80 d2	mov	x21, #0x0
1000093f8:	14 05 00 91	add	x20, x8, #0x1
1000093fc:	59 01 80 52	mov	w25, #0xa
100009400:	f6 03 14 aa	mov	x22, x20
100009404:	da 02 15 aa	orr	x26, x22, x21
100009408:	e0 03 16 aa	mov	x0, x22
10000940c:	e1 03 15 aa	mov	x1, x21
100009410:	42 01 80 52	mov	w2, #0xa
100009414:	03 00 80 d2	mov	x3, #0x0
100009418:	5c fd ff 97	bl	0x100008988
10000941c:	08 7c d9 9b	umulh	x8, x0, x25
100009420:	29 20 19 9b	madd	x9, x1, x25, x8
100009424:	08 08 00 8b	add	x8, x0, x0, lsl #2
100009428:	c8 06 08 eb	subs	x8, x22, x8, lsl #1
10000942c:	a9 02 09 da	sbc	x9, x21, x9
100009430:	ba 00 00 b4	cbz	x26, 0x100009444
100009434:	f6 03 00 aa	mov	x22, x0
100009438:	f5 03 01 aa	mov	x21, x1
10000943c:	08 01 09 aa	orr	x8, x8, x9
100009440:	28 fe ff b4	cbz	x8, 0x100009404
100009444:	7a 00 00 b4	cbz	x26, 0x100009450
100009448:	f7 06 00 11	add	w23, w23, #0x1
10000944c:	04 00 00 14	b	0x10000945c
100009450:	48 01 80 52	mov	w8, #0xa
100009454:	f7 0a 00 11	add	w23, w23, #0x2
100009458:	94 0a c8 9a	udiv	x20, x20, x8
10000945c:	74 02 00 f9	str	x20, [x19]
100009460:	77 0a 00 b9	str	w23, [x19, #0x8]
100009464:	08 03 00 12	and	w8, w24, #0x1
100009468:	68 32 00 39	strb	w8, [x19, #0xc]
10000946c:	fd 7b 44 a9	ldp	x29, x30, [sp, #0x40]
100009470:	f4 4f 43 a9	ldp	x20, x19, [sp, #0x30]
100009474:	f6 57 42 a9	ldp	x22, x21, [sp, #0x20]
100009478:	f8 5f 41 a9	ldp	x24, x23, [sp, #0x10]
10000947c:	fa 67 c5 a8	ldp	x26, x25, [sp], #0x50
100009480:	c0 03 5f d6	ret
100009484:	29 00 40 f9	ldr	x9, [x1]
100009488:	28 30 40 39	ldrb	w8, [x1, #0xc]
10000948c:	68 00 00 36	tbz	w8, #0x0, 0x100009498
100009490:	aa 05 80 52	mov	w10, #0x2d
100009494:	0a 00 00 39	strb	w10, [x0]
100009498:	0a 01 40 92	and	x10, x8, #0x1
10000949c:	0a 00 0a 8b	add	x10, x0, x10
1000094a0:	a9 00 00 b4	cbz	x9, 0x1000094b4
1000094a4:	c9 0d 80 52	mov	w9, #0x6e
1000094a8:	49 09 00 39	strb	w9, [x10, #0x2]
1000094ac:	c9 2d 8c 52	mov	w9, #0x616e
1000094b0:	04 00 00 14	b	0x1000094c0
1000094b4:	c9 0c 80 52	mov	w9, #0x66
1000094b8:	49 09 00 39	strb	w9, [x10, #0x2]
1000094bc:	29 cd 8d 52	mov	w9, #0x6e69
1000094c0:	49 01 00 79	strh	w9, [x10]
1000094c4:	1f 01 00 72	tst	w8, #0x1
1000094c8:	68 00 80 52	mov	w8, #0x3
1000094cc:	01 05 88 9a	cinc	x1, x8, ne
1000094d0:	c0 03 5f d6	ret
1000094d4:	e3 03 1e aa	mov	x3, x30
1000094d8:	a6 01 00 94	bl	0x100009b70
1000094dc:	fe 03 03 aa	mov	x30, x3
1000094e0:	fd 7b 09 a9	stp	x29, x30, [sp, #0x90]
1000094e4:	f6 03 02 aa	mov	x22, x2
1000094e8:	f5 03 01 aa	mov	x21, x1
1000094ec:	f4 03 00 aa	mov	x20, x0
1000094f0:	f3 03 08 aa	mov	x19, x8
1000094f4:	28 00 80 52	mov	w8, #0x1
1000094f8:	08 21 c1 9a	lsl	x8, x8, x1
1000094fc:	09 05 00 d1	sub	x9, x8, #0x1
100009500:	29 01 00 8a	and	x9, x9, x0
100009504:	0a 24 c1 9a	lsr	x10, x0, x1
100009508:	4b 10 40 92	and	x11, x2, #0x1f
10000950c:	0c 00 80 92	mov	x12, #-0x1
100009510:	8b 21 cb 9a	lsl	x11, x12, x11
100009514:	4b 01 2b 8a	bic	x11, x10, x11
100009518:	6a 01 09 aa	orr	x10, x11, x9
10000951c:	8a 00 00 b5	cbnz	x10, 0x10000952c
100009520:	7f 02 00 f9	str	xzr, [x19]
100009524:	7f 0a 00 b9	str	wzr, [x19, #0x8]
100009528:	26 01 00 14	b	0x1000099c0
10000952c:	0a 00 80 12	mov	w10, #-0x1
100009530:	4c 21 d6 1a	lsl	w12, w10, w22
100009534:	8c 01 0b 4a	eor	w12, w12, w11
100009538:	9f 05 00 31	cmn	w12, #0x1
10000953c:	a0 05 00 54	b.eq	0x1000095f0
100009540:	cc 06 00 51	sub	w12, w22, #0x1
100009544:	4a 21 cc 1a	lsl	w10, w10, w12
100009548:	ac 16 00 12	and	w12, w21, #0x3f
10000954c:	ed 03 2c 2a	mvn	w13, w12
100009550:	4d 01 0d 0b	add	w13, w10, w13
100009554:	ad 01 0b 0b	add	w13, w13, w11
100009558:	28 01 08 aa	orr	x8, x9, x8
10000955c:	4a 01 0c 4b	sub	w10, w10, w12
100009560:	7f 01 00 f1	cmp	x11, #0x0
100009564:	0c 11 89 9a	csel	x12, x8, x9, ne
100009568:	aa 11 8a 1a	csel	w10, w13, w10, ne
10000956c:	ec 0f 00 f9	str	x12, [sp, #0x18]
100009570:	68 a3 99 d2	mov	x8, #0xcd1b
100009574:	68 09 af f2	movk	x8, #0x784b, lsl #16
100009578:	48 93 d2 f2	movk	x8, #0x949a, lsl #32
10000957c:	98 f5 7e d3	lsl	x24, x12, #2
100009580:	3f 01 00 f1	cmp	x9, #0x0
100009584:	64 09 40 fa	ccmp	x11, #0x0, #0x4, eq
100009588:	fc 17 9f 1a	cset	w28, eq
10000958c:	8a 03 f8 37	tbnz	w10, #0x1f, 0x1000095fc
100009590:	e9 79 9f d2	mov	x9, #0xfbcf
100009594:	89 50 b3 f2	movk	x9, #0x9a84, lsl #16
100009598:	09 44 d3 f2	movk	x9, #0x9a20, lsl #32
10000959c:	49 7d 09 9b	mul	x9, x10, x9
1000095a0:	29 fd 71 d3	lsr	x9, x9, #49
1000095a4:	5f 0d 00 71	cmp	w10, #0x3
1000095a8:	eb 97 9f 1a	cset	w11, hi
1000095ac:	37 01 0b 4b	sub	w23, w9, w11
1000095b0:	ea 02 0a 4b	sub	w10, w23, w10
1000095b4:	e9 7e 08 9b	mul	x9, x23, x8
1000095b8:	29 fd 6e d3	lsr	x9, x9, #46
1000095bc:	5a 01 09 0b	add	w26, w10, w9
1000095c0:	ea 66 00 11	add	w10, w23, #0x19
1000095c4:	4a 3d 00 12	and	w10, w10, #0xffff
1000095c8:	4b 03 80 52	mov	w11, #0x1a
1000095cc:	4c 09 cb 1a	udiv	w12, w10, w11
1000095d0:	8a 7d 0b 1b	mul	w10, w12, w11
1000095d4:	0b 00 00 90	adrp	x11, 0 ; 0x100009000
1000095d8:	6b c1 34 91	add	x11, x11, #0xd30
1000095dc:	6b 51 2c 8b	add	x11, x11, w12, uxtw #4
1000095e0:	4c 01 17 6b	subs	w12, w10, w23
1000095e4:	21 04 00 54	b.ne	0x100009668
1000095e8:	68 25 40 a9	ldp	x8, x9, [x11]
1000095ec:	4d 00 00 14	b	0x100009720
1000095f0:	69 02 00 f9	str	x9, [x19]
1000095f4:	08 00 b0 12	mov	w8, #0x7fffffff
1000095f8:	f1 00 00 14	b	0x1000099bc
1000095fc:	fc 17 00 b9	str	w28, [sp, #0x14]
100009600:	e9 03 0a 4b	neg	w9, w10
100009604:	0b 43 90 d2	mov	x11, #0x8218
100009608:	ab 57 b6 f2	movk	x11, #0xb2bd, lsl #16
10000960c:	eb 5d d6 f2	movk	x11, #0xb2ef, lsl #32
100009610:	2b 7d 0b 9b	mul	x11, x9, x11
100009614:	6b fd 70 d3	lsr	x11, x11, #48
100009618:	5f 05 00 31	cmn	w10, #0x1
10000961c:	ec 07 9f 1a	cset	w12, ne
100009620:	7c 01 0c 4b	sub	w28, w11, w12
100009624:	8e 03 0a 0b	add	w14, w28, w10
100009628:	29 01 1c 4b	sub	w9, w9, w28
10000962c:	2a 7d 08 9b	mul	x10, x9, x8
100009630:	4a fd 6e d3	lsr	x10, x10, #46
100009634:	9a 03 0a 4b	sub	w26, w28, w10
100009638:	2b 3d 00 12	and	w11, w9, #0xffff
10000963c:	4c 03 80 52	mov	w12, #0x1a
100009640:	6d 09 cc 1a	udiv	w13, w11, w12
100009644:	ab 7d 0c 1b	mul	w11, w13, w12
100009648:	0c 00 00 90	adrp	x12, 0 ; 0x100009000
10000964c:	8c 81 38 91	add	x12, x12, #0xe20
100009650:	8c 51 2d 8b	add	x12, x12, w13, uxtw #4
100009654:	2d 01 0b 6b	subs	w13, w9, w11
100009658:	ee 07 00 f9	str	x14, [sp, #0x8]
10000965c:	01 0a 00 54	b.ne	0x10000979c
100009660:	88 25 40 a9	ldp	x8, x9, [x12]
100009664:	7b 00 00 14	b	0x100009850
100009668:	0d 00 00 90	adrp	x13, 0 ; 0x100009000
10000966c:	ad 01 2f 91	add	x13, x13, #0xbc0
100009670:	ac 59 6c f8	ldr	x12, [x13, w12, uxtw #3]
100009674:	6d 2d 40 a9	ldp	x13, x11, [x11]
100009678:	ad 05 00 d1	sub	x13, x13, #0x1
10000967c:	ae 7d cc 9b	umulh	x14, x13, x12
100009680:	ad 7d 0c 9b	mul	x13, x13, x12
100009684:	6f 7d 0c 9b	mul	x15, x11, x12
100009688:	6b 7d cc 9b	umulh	x11, x11, x12
10000968c:	48 7d 08 9b	mul	x8, x10, x8
100009690:	08 fd 6e d3	lsr	x8, x8, #46
100009694:	08 01 09 4b	sub	w8, w8, w9
100009698:	e9 03 28 2a	mvn	w9, w8
10000969c:	aa 25 c8 9a	lsr	x10, x13, x8
1000096a0:	cc f9 7f d3	lsl	x12, x14, #1
1000096a4:	89 21 c9 9a	lsl	x9, x12, x9
1000096a8:	29 01 0a aa	orr	x9, x9, x10
1000096ac:	ca 25 c8 9a	lsr	x10, x14, x8
1000096b0:	1f 01 7a f2	tst	x8, #0x40
1000096b4:	49 11 89 9a	csel	x9, x10, x9, ne
1000096b8:	ea 13 8a 9a	csel	x10, xzr, x10, ne
1000096bc:	0c 08 80 52	mov	w12, #0x40
1000096c0:	88 01 08 4b	sub	w8, w12, w8
1000096c4:	ec 03 28 2a	mvn	w12, w8
1000096c8:	6b 21 c8 9a	lsl	x11, x11, x8
1000096cc:	ed fd 41 d3	lsr	x13, x15, #1
1000096d0:	ac 25 cc 9a	lsr	x12, x13, x12
1000096d4:	6b 01 0c aa	orr	x11, x11, x12
1000096d8:	ec 21 c8 9a	lsl	x12, x15, x8
1000096dc:	08 19 40 92	and	x8, x8, #0x7f
1000096e0:	1f 01 7a f2	tst	x8, #0x40
1000096e4:	88 11 8b 9a	csel	x8, x12, x11, ne
1000096e8:	eb 13 8c 9a	csel	x11, xzr, x12, ne
1000096ec:	0c 00 00 90	adrp	x12, 0 ; 0x100009000
1000096f0:	8c 91 33 91	add	x12, x12, #0xce4
1000096f4:	ed 7e 04 53	lsr	w13, w23, #4
1000096f8:	8c 59 6d b8	ldr	w12, [x12, w13, uxtw #2]
1000096fc:	ed 0e 1f 53	ubfiz	w13, w23, #1, #4
100009700:	8c 25 cd 1a	lsr	w12, w12, w13
100009704:	8c 05 00 12	and	w12, w12, #0x3
100009708:	69 01 09 ab	adds	x9, x11, x9
10000970c:	08 01 0a 9a	adc	x8, x8, x10
100009710:	29 01 0c ab	adds	x9, x9, x12
100009714:	0a 35 88 9a	cinc	x10, x8, hs
100009718:	28 05 00 b1	adds	x8, x9, #0x1
10000971c:	49 35 8a 9a	cinc	x9, x10, hs
100009720:	e8 27 02 a9	stp	x8, x9, [sp, #0x20]
100009724:	e1 83 00 91	add	x1, sp, #0x20
100009728:	42 f7 01 11	add	w2, w26, #0x7d
10000972c:	e0 03 18 aa	mov	x0, x24
100009730:	b9 00 00 94	bl	0x100009a14
100009734:	f9 03 00 aa	mov	x25, x0
100009738:	00 03 7f b2	orr	x0, x24, #0x2
10000973c:	fb 00 00 94	bl	0x100009b28
100009740:	fb 03 00 aa	mov	x27, x0
100009744:	9f 03 00 71	cmp	w28, #0x0
100009748:	28 00 80 92	mov	x8, #-0x2
10000974c:	1c 15 88 9a	cinc	x28, x8, eq
100009750:	80 03 18 8b	add	x0, x28, x24
100009754:	f5 00 00 94	bl	0x100009b28
100009758:	fa 03 00 aa	mov	x26, x0
10000975c:	ff 5a 00 71	cmp	w23, #0x16
100009760:	82 01 00 54	b.hs	0x100009790
100009764:	a8 00 80 52	mov	w8, #0x5
100009768:	08 0b c8 9a	udiv	x8, x24, x8
10000976c:	08 09 08 8b	add	x8, x8, x8, lsl #2
100009770:	1f 03 08 eb	cmp	x24, x8
100009774:	e8 0f 40 f9	ldr	x8, [sp, #0x18]
100009778:	00 0b 00 54	b.eq	0x1000098d8
10000977c:	a8 0b 00 37	tbnz	w8, #0x0, 0x1000098f0
100009780:	80 03 18 8b	add	x0, x28, x24
100009784:	f4 00 00 94	bl	0x100009b54
100009788:	08 00 80 52	mov	w8, #0x0
10000978c:	60 00 00 14	b	0x10000990c
100009790:	08 00 80 52	mov	w8, #0x0
100009794:	00 00 80 52	mov	w0, #0x0
100009798:	5d 00 00 14	b	0x10000990c
10000979c:	0e 00 00 90	adrp	x14, 0 ; 0x100009000
1000097a0:	ce 01 2f 91	add	x14, x14, #0xbc0
1000097a4:	cd 59 6d f8	ldr	x13, [x14, w13, uxtw #3]
1000097a8:	8e 31 40 a9	ldp	x14, x12, [x12]
1000097ac:	cf 7d cd 9b	umulh	x15, x14, x13
1000097b0:	ce 7d 0d 9b	mul	x14, x14, x13
1000097b4:	90 7d 0d 9b	mul	x16, x12, x13
1000097b8:	8c 7d cd 9b	umulh	x12, x12, x13
1000097bc:	68 7d 08 9b	mul	x8, x11, x8
1000097c0:	08 fd 6e d3	lsr	x8, x8, #46
1000097c4:	48 01 08 4b	sub	w8, w10, w8
1000097c8:	ea 03 28 2a	mvn	w10, w8
1000097cc:	cb 25 c8 9a	lsr	x11, x14, x8
1000097d0:	ed f9 7f d3	lsl	x13, x15, #1
1000097d4:	aa 21 ca 9a	lsl	x10, x13, x10
1000097d8:	4a 01 0b aa	orr	x10, x10, x11
1000097dc:	eb 25 c8 9a	lsr	x11, x15, x8
1000097e0:	1f 01 7a f2	tst	x8, #0x40
1000097e4:	6a 11 8a 9a	csel	x10, x11, x10, ne
1000097e8:	eb 13 8b 9a	csel	x11, xzr, x11, ne
1000097ec:	0d 08 80 52	mov	w13, #0x40
1000097f0:	a8 01 08 4b	sub	w8, w13, w8
1000097f4:	ed 03 28 2a	mvn	w13, w8
1000097f8:	8c 21 c8 9a	lsl	x12, x12, x8
1000097fc:	0e fe 41 d3	lsr	x14, x16, #1
100009800:	cd 25 cd 9a	lsr	x13, x14, x13
100009804:	8c 01 0d aa	orr	x12, x12, x13
100009808:	0d 22 c8 9a	lsl	x13, x16, x8
10000980c:	08 19 40 92	and	x8, x8, #0x7f
100009810:	1f 01 7a f2	tst	x8, #0x40
100009814:	a8 11 8c 9a	csel	x8, x13, x12, ne
100009818:	ec 13 8d 9a	csel	x12, xzr, x13, ne
10000981c:	0d 00 00 90	adrp	x13, 0 ; 0x100009000
100009820:	ad 41 32 91	add	x13, x13, #0xc90
100009824:	2e 7d 04 53	lsr	w14, w9, #4
100009828:	ad 59 6e b8	ldr	w13, [x13, w14, uxtw #2]
10000982c:	29 0d 1f 53	ubfiz	w9, w9, #1, #4
100009830:	a9 25 c9 1a	lsr	w9, w13, w9
100009834:	29 05 00 12	and	w9, w9, #0x3
100009838:	4a 01 0c ab	adds	x10, x10, x12
10000983c:	68 01 08 9a	adc	x8, x11, x8
100009840:	49 01 09 ab	adds	x9, x10, x9
100009844:	0a 35 88 9a	cinc	x10, x8, hs
100009848:	28 05 00 b1	adds	x8, x9, #0x1
10000984c:	49 35 8a 9a	cinc	x9, x10, hs
100009850:	e8 27 03 a9	stp	x8, x9, [sp, #0x30]
100009854:	e1 c3 00 91	add	x1, sp, #0x30
100009858:	42 f3 01 11	add	w2, w26, #0x7c
10000985c:	e0 03 18 aa	mov	x0, x24
100009860:	6d 00 00 94	bl	0x100009a14
100009864:	f9 03 00 aa	mov	x25, x0
100009868:	00 03 7f b2	orr	x0, x24, #0x2
10000986c:	b2 00 00 94	bl	0x100009b34
100009870:	fb 03 00 aa	mov	x27, x0
100009874:	f7 17 40 b9	ldr	w23, [sp, #0x14]
100009878:	ff 02 00 71	cmp	w23, #0x0
10000987c:	28 00 80 92	mov	x8, #-0x2
100009880:	08 15 88 9a	cinc	x8, x8, eq
100009884:	00 01 18 8b	add	x0, x8, x24
100009888:	ab 00 00 94	bl	0x100009b34
10000988c:	fa 03 00 aa	mov	x26, x0
100009890:	ee 0f 40 f9	ldr	x14, [sp, #0x18]
100009894:	c8 01 40 f2	ands	x8, x14, #0x1
100009898:	e9 17 9f 1a	cset	w9, eq
10000989c:	29 01 17 0a	and	w9, w9, w23
1000098a0:	6a 03 08 cb	sub	x10, x27, x8
1000098a4:	28 00 80 52	mov	w8, #0x1
1000098a8:	0b 00 80 92	mov	x11, #-0x1
1000098ac:	6b 21 dc 9a	lsl	x11, x11, x28
1000098b0:	1f 03 2b ea	bics	xzr, x24, x11
1000098b4:	eb 17 9f 1a	cset	w11, eq
1000098b8:	9f fb 00 71	cmp	w28, #0x3e
1000098bc:	eb 83 8b 1a	csel	w11, wzr, w11, hi
1000098c0:	9f 0b 00 71	cmp	w28, #0x2
1000098c4:	08 31 8b 1a	csel	w8, w8, w11, lo
1000098c8:	20 31 9f 1a	csel	w0, w9, wzr, lo
1000098cc:	5b 31 9b 9a	csel	x27, x10, x27, lo
1000098d0:	f7 07 40 f9	ldr	x23, [sp, #0x8]
1000098d4:	0f 00 00 14	b	0x100009910
1000098d8:	e0 03 18 aa	mov	x0, x24
1000098dc:	9e 00 00 94	bl	0x100009b54
1000098e0:	ee 0f 40 f9	ldr	x14, [sp, #0x18]
1000098e4:	e8 03 00 aa	mov	x8, x0
1000098e8:	00 00 80 52	mov	w0, #0x0
1000098ec:	09 00 00 14	b	0x100009910
1000098f0:	00 03 7f b2	orr	x0, x24, #0x2
1000098f4:	98 00 00 94	bl	0x100009b54
1000098f8:	e9 03 00 aa	mov	x9, x0
1000098fc:	08 00 80 52	mov	w8, #0x0
100009900:	00 00 80 52	mov	w0, #0x0
100009904:	29 01 40 92	and	x9, x9, #0x1
100009908:	7b 03 09 cb	sub	x27, x27, x9
10000990c:	ee 0f 40 f9	ldr	x14, [sp, #0x18]
100009910:	0a 00 80 52	mov	w10, #0x0
100009914:	09 00 80 52	mov	w9, #0x0
100009918:	4b 01 80 52	mov	w11, #0xa
10000991c:	7b 0b cb 9a	udiv	x27, x27, x11
100009920:	4c 0b cb 9a	udiv	x12, x26, x11
100009924:	7f 03 0c eb	cmp	x27, x12
100009928:	29 01 00 54	b.ls	0x10000994c
10000992c:	8d e9 0b 9b	msub	x13, x12, x11, x26
100009930:	bf 01 00 f1	cmp	x13, #0x0
100009934:	ed 17 9f 1a	cset	w13, eq
100009938:	00 00 0d 0a	and	w0, w0, w13
10000993c:	5f 1d 00 72	tst	w10, #0xff
100009940:	ea 17 9f 1a	cset	w10, eq
100009944:	6c 00 00 94	bl	0x100009af4
100009948:	f5 ff ff 17	b	0x10000991c
10000994c:	20 01 00 36	tbz	w0, #0x0, 0x100009970
100009950:	4b 01 80 52	mov	w11, #0xa
100009954:	4c 0b cb 9a	udiv	x12, x26, x11
100009958:	8d e9 0b 9b	msub	x13, x12, x11, x26
10000995c:	ad 00 00 b5	cbnz	x13, 0x100009970
100009960:	5f 1d 00 72	tst	w10, #0xff
100009964:	ea 17 9f 1a	cset	w10, eq
100009968:	63 00 00 94	bl	0x100009af4
10000996c:	fa ff ff 17	b	0x100009954
100009970:	4b 1d 00 12	and	w11, w10, #0xff
100009974:	7f 15 00 71	cmp	w11, #0x5
100009978:	eb 17 9f 1a	cset	w11, eq
10000997c:	3f 03 40 f2	tst	x25, #0x1
100009980:	8c 00 80 52	mov	w12, #0x4
100009984:	8c 05 8c 1a	cinc	w12, w12, ne
100009988:	1f 01 0b 6a	tst	w8, w11
10000998c:	88 11 8a 1a	csel	w8, w12, w10, ne
100009990:	08 1d 00 12	and	w8, w8, #0xff
100009994:	3f 03 1a eb	cmp	x25, x26
100009998:	ea 17 9f 1a	cset	w10, eq
10000999c:	0b 00 00 52	eor	w11, w0, #0x1
1000099a0:	cb 01 0b 2a	orr	w11, w14, w11
1000099a4:	1f 11 00 71	cmp	w8, #0x4
1000099a8:	48 01 0b 0a	and	w8, w10, w11
1000099ac:	08 95 9f 1a	csinc	w8, w8, wzr, ls
1000099b0:	28 03 08 8b	add	x8, x25, x8
1000099b4:	68 02 00 f9	str	x8, [x19]
1000099b8:	28 01 17 0b	add	w8, w9, w23
1000099bc:	68 0a 00 b9	str	w8, [x19, #0x8]
1000099c0:	c8 12 00 12	and	w8, w22, #0x1f
1000099c4:	a8 02 08 0b	add	w8, w21, w8
1000099c8:	88 26 c8 9a	lsr	x8, x20, x8
1000099cc:	08 01 00 12	and	w8, w8, #0x1
1000099d0:	68 32 00 39	strb	w8, [x19, #0xc]
1000099d4:	fd 7b 49 a9	ldp	x29, x30, [sp, #0x90]
1000099d8:	28 00 00 14	b	0x100009a78
1000099dc:	08 00 80 52	mov	w8, #0x0
1000099e0:	a9 00 80 52	mov	w9, #0x5
1000099e4:	00 01 00 b4	cbz	x0, 0x100009a04
1000099e8:	0a 08 c9 9a	udiv	x10, x0, x9
1000099ec:	4b 09 0a 8b	add	x11, x10, x10, lsl #2
1000099f0:	1f 00 0b eb	cmp	x0, x11
1000099f4:	a1 00 00 54	b.ne	0x100009a08
1000099f8:	08 05 00 11	add	w8, w8, #0x1
1000099fc:	e0 03 0a aa	mov	x0, x10
100009a00:	4a ff ff b5	cbnz	x10, 0x1000099e8
100009a04:	08 00 80 52	mov	w8, #0x0
100009a08:	1f 01 01 6b	cmp	w8, w1
100009a0c:	e0 37 9f 1a	cset	w0, hs
100009a10:	c0 03 5f d6	ret
100009a14:	5f 00 02 71	cmp	w2, #0x80
100009a18:	a2 01 00 54	b.hs	0x100009a4c
100009a1c:	29 20 40 a9	ldp	x9, x8, [x1]
100009a20:	0a 7d c0 9b	umulh	x10, x8, x0
100009a24:	08 7d 00 9b	mul	x8, x8, x0
100009a28:	29 7d c0 9b	umulh	x9, x9, x0
100009a2c:	28 01 08 ab	adds	x8, x9, x8
100009a30:	49 35 8a 9a	cinc	x9, x10, hs
100009a34:	08 25 c2 9a	lsr	x8, x8, x2
100009a38:	29 f9 7f d3	lsl	x9, x9, #1
100009a3c:	ea 03 22 2a	mvn	w10, w2
100009a40:	29 21 ca 9a	lsl	x9, x9, x10
100009a44:	20 01 08 aa	orr	x0, x9, x8
100009a48:	c0 03 5f d6	ret
100009a4c:	00 00 80 d2	mov	x0, #0x0
100009a50:	c0 03 5f d6	ret
100009a54:	08 00 80 d2	mov	x8, #0x0
100009a58:	5f 00 08 eb	cmp	x2, x8
100009a5c:	a0 00 00 54	b.eq	0x100009a70
100009a60:	29 68 68 38	ldrb	w9, [x1, x8]
100009a64:	09 68 28 38	strb	w9, [x0, x8]
100009a68:	08 05 00 91	add	x8, x8, #0x1
100009a6c:	fb ff ff 17	b	0x100009a58
100009a70:	e0 03 02 aa	mov	x0, x2
100009a74:	c0 03 5f d6	ret
100009a78:	f4 4f 48 a9	ldp	x20, x19, [sp, #0x80]
100009a7c:	f6 57 47 a9	ldp	x22, x21, [sp, #0x70]
100009a80:	f8 5f 46 a9	ldp	x24, x23, [sp, #0x60]
100009a84:	fa 67 45 a9	ldp	x26, x25, [sp, #0x50]
100009a88:	fc 6f 44 a9	ldp	x28, x27, [sp, #0x40]
100009a8c:	ff 83 02 91	add	sp, sp, #0xa0
100009a90:	c0 03 5f d6	ret
100009a94:	f4 63 00 91	add	x20, sp, #0x18
100009a98:	e8 63 00 91	add	x8, sp, #0x18
100009a9c:	e1 23 00 91	add	x1, sp, #0x8
100009aa0:	e0 03 13 aa	mov	x0, x19
100009aa4:	c0 03 5f d6	ret
100009aa8:	f7 93 00 39	strb	w23, [sp, #0x24]
100009aac:	28 d0 40 78	ldurh	w8, [x1, #0xd]
100009ab0:	e8 53 02 78	sturh	w8, [sp, #0x25]
100009ab4:	28 f0 40 38	ldurb	w8, [x1, #0xf]
100009ab8:	e8 9f 00 39	strb	w8, [sp, #0x27]
100009abc:	e8 a3 00 91	add	x8, sp, #0x28
100009ac0:	e0 63 00 91	add	x0, sp, #0x18
100009ac4:	c0 03 5f d6	ret
100009ac8:	08 00 00 90	adrp	x8, 0 ; 0x100009000
100009acc:	08 a1 2e 91	add	x8, x8, #0xba8
100009ad0:	00 01 c0 3d	ldr	q0, [x8]
100009ad4:	60 02 80 3d	str	q0, [x19]
100009ad8:	c8 0c 80 52	mov	w8, #0x66
100009adc:	68 0a 00 f9	str	x8, [x19, #0x10]
100009ae0:	c0 03 5f d6	ret
100009ae4:	80 02 1a 8b	add	x0, x20, x26
100009ae8:	e1 e3 00 91	add	x1, sp, #0x38
100009aec:	e2 03 17 aa	mov	x2, x23
100009af0:	97 fd ff 17	b	0x10000914c
100009af4:	08 01 0a 0a	and	w8, w8, w10
100009af8:	2d 0b cb 9a	udiv	x13, x25, x11
100009afc:	aa e5 0b 1b	msub	w10, w13, w11, w25
100009b00:	29 05 00 11	add	w9, w9, #0x1
100009b04:	fa 03 0c aa	mov	x26, x12
100009b08:	f9 03 0d aa	mov	x25, x13
100009b0c:	c0 03 5f d6	ret
100009b10:	09 00 80 d2	mov	x9, #0x0
100009b14:	8a 52 40 a9	ldp	x10, x20, [x20]
100009b18:	2b 00 80 52	mov	w11, #0x1
100009b1c:	ec 03 09 b2	mov	x12, #0x80000000800000
100009b20:	2c 00 80 f2	movk	x12, #0x1
100009b24:	c0 03 5f d6	ret
100009b28:	e1 83 00 91	add	x1, sp, #0x20
100009b2c:	42 f7 01 11	add	w2, w26, #0x7d
100009b30:	b9 ff ff 17	b	0x100009a14
100009b34:	e1 c3 00 91	add	x1, sp, #0x30
100009b38:	42 f3 01 11	add	w2, w26, #0x7c
100009b3c:	b6 ff ff 17	b	0x100009a14
100009b40:	01 06 80 52	mov	w1, #0x30
100009b44:	e2 03 15 aa	mov	x2, x21
100009b48:	b9 fb ff 17	b	0x100008a2c
100009b4c:	01 06 80 52	mov	w1, #0x30
100009b50:	b7 fb ff 17	b	0x100008a2c
100009b54:	e1 03 17 aa	mov	x1, x23
100009b58:	a1 ff ff 17	b	0x1000099dc
100009b5c:	08 00 00 90	adrp	x8, 0 ; 0x100009000
100009b60:	08 09 3c 91	add	x8, x8, #0xf02
100009b64:	09 00 00 90	adrp	x9, 0 ; 0x100009000
100009b68:	29 f5 3b 91	add	x9, x9, #0xefd
100009b6c:	c0 03 5f d6	ret
100009b70:	ff 83 02 d1	sub	sp, sp, #0xa0
100009b74:	fc 6f 04 a9	stp	x28, x27, [sp, #0x40]
100009b78:	fa 67 05 a9	stp	x26, x25, [sp, #0x50]
100009b7c:	f8 5f 06 a9	stp	x24, x23, [sp, #0x60]
100009b80:	f6 57 07 a9	stp	x22, x21, [sp, #0x70]
100009b84:	f4 4f 08 a9	stp	x20, x19, [sp, #0x80]
100009b88:	c0 03 5f d6	ret
100009b8c:	00 00 00 00	udf	#0x0
100009b90:	00 00 00 00	udf	#0x0
100009b94:	00 00 00 00	udf	#0x0
100009b98:	00 00 00 00	udf	#0x0
100009b9c:	00 00 00 00	udf	#0x0
100009ba0:	01 00 00 00	udf	#0x1
100009ba4:	00 00 00 00	udf	#0x0
100009ba8:	00 00 00 00	udf	#0x0
100009bac:	00 00 00 00	udf	#0x0
100009bb0:	00 00 00 00	udf	#0x0
100009bb4:	00 00 00 00	udf	#0x0
100009bb8:	66 00 00 00	udf	#0x66
100009bbc:	00 00 00 00	udf	#0x0
100009bc0:	01 00 00 00	udf	#0x1
100009bc4:	00 00 00 00	udf	#0x0
100009bc8:	05 00 00 00	udf	#0x5
100009bcc:	00 00 00 00	udf	#0x0
100009bd0:	19 00 00 00	udf	#0x19
100009bd4:	00 00 00 00	udf	#0x0
100009bd8:	7d 00 00 00	udf	#0x7d
100009bdc:	00 00 00 00	udf	#0x0
100009be0:	71 02 00 00	udf	#0x271
100009be4:	00 00 00 00	udf	#0x0
100009be8:	35 0c 00 00	udf	#0xc35
100009bec:	00 00 00 00	udf	#0x0
100009bf0:	09 3d 00 00	udf	#0x3d09
100009bf4:	00 00 00 00	udf	#0x0
100009bf8:		.long	0x0001312d
100009bfc:	00 00 00 00	udf	#0x0
100009c00:		.long	0x0005f5e1
100009c04:	00 00 00 00	udf	#0x0
100009c08:		.long	0x001dcd65
100009c0c:	00 00 00 00	udf	#0x0
100009c10:		.long	0x009502f9
100009c14:	00 00 00 00	udf	#0x0
100009c18:		.long	0x02e90edd
100009c1c:	00 00 00 00	udf	#0x0
100009c20:		.long	0x0e8d4a51
100009c24:	00 00 00 00	udf	#0x0
100009c28:		.long	0x48c27395
100009c2c:	00 00 00 00	udf	#0x0
100009c30:		.long	0x6bcc41e9
100009c34:	01 00 00 00	udf	#0x1
100009c38:		.long	0x1afd498d
100009c3c:	07 00 00 00	udf	#0x7
100009c40:		.long	0x86f26fc1
100009c44:	23 00 00 00	udf	#0x23
100009c48:		.long	0xa2bc2ec5
100009c4c:	b1 00 00 00	udf	#0xb1
100009c50:	d9 e9 ac 2d	stp	s25, s26, [x14, #-0x9c]!
100009c54:	78 03 00 00	udf	#0x378
100009c58:		.long	0xe460913d
100009c5c:	58 11 00 00	udf	#0x1158
100009c60:		.long	0x75e2d631
100009c64:	bc 56 00 00	udf	#0x56bc
100009c68:		.long	0x4d6e2ef5
100009c6c:		.long	0x0001b1ae
100009c70:		.long	0x8326eac9
100009c74:		.long	0x00087867
100009c78:		.long	0x8fc295ed
100009c7c:		.long	0x002a5a05
100009c80:		.long	0xcecceda1
100009c84:		.long	0x00d3c21b
100009c88:		.long	0x0a00a425
100009c8c:		.long	0x0422ca8b
100009c90:	00 00 00 00	udf	#0x0
100009c94:	00 00 00 00	udf	#0x0
100009c98:	00 00 00 00	udf	#0x0
100009c9c:	00 00 00 00	udf	#0x0
100009ca0:		.long	0x40000000
100009ca4:		.long	0x59695995
100009ca8:		.long	0x55545555
100009cac:		.long	0x56555515
100009cb0:		.long	0x41150504
100009cb4:		.long	0x40555410
100009cb8:		.long	0x44555145
100009cbc:		.long	0x44504540
100009cc0:		.long	0x45555550
100009cc4:		.long	0x40004000
100009cc8:	40 04 44 96	bl	0xf910adc8
100009ccc:		.long	0x55565565
100009cd0:	45 40 45 54	b.pl	0x1000944d8
100009cd4:		.long	0x40154151
100009cd8:		.long	0x55559155
100009cdc:	55 55 40 51	sub	w21, w10, #0x15, lsl #12
100009ce0:	05 01 00 00	udf	#0x105
100009ce4:		.long	0x54544554
100009ce8:		.long	0x04055545
100009cec:	00 10 04 10	adr	x0, #33280
100009cf0:		.long	0x00400414
100009cf4:		.long	0x40010000
100009cf8:		.long	0x41155555
100009cfc:	54 04 00 00	udf	#0x454
100009d00:		.long	0x00010044
100009d04:		.long	0x40000000
100009d08:		.long	0x44000041
100009d0c:	50 44 45 50	adr	x16, #567434
100009d10:		.long	0x55550054
100009d14:	54 55 65 51	sub	w20, w10, #0x955, lsl #12
100009d18:		.long	0x40004000
100009d1c:		.long	0x01000001
100009d20:		.long	0x00010500
100009d24:	11 54 51 51	sub	w17, w0, #0x455, lsl #12
100009d28:		.long	0x05555554
100009d2c:	00 00 00 00	udf	#0x0
100009d30:	01 00 00 00	udf	#0x1
100009d34:	00 00 00 00	udf	#0x0
100009d38:	00 00 00 00	udf	#0x0
100009d3c:		.long	0x20000000
100009d40:		.long	0xc0655034
100009d44:	5f c9 a6 52	mov	wzr, #0x364a0000
100009d48:		.long	0xaecb13bb
100009d4c:	c4 40 c2 18	ldr	w4, 0xfff8e564
100009d50:		.long	0x71dfc806
100009d54:		.long	0x7ca8d500
100009d58:		.long	0xda0f6ff5
100009d5c:		.long	0x1327fc58
100009d60:	6e 47 56 35	cbnz	w14, 0x1000b664c
100009d64:		.long	0x6520247d
100009d68:	02 c7 e7 68	ldpsw	x2, x17, [x24], #-0xc4
100009d6c:		.long	0x1da48ce4
100009d70:		.long	0x6802e6e9
100009d74:		.long	0x6139cdd7
100009d78:		.long	0xc2fc7779
100009d7c:	40 5b ef 16	b	0xfbbe0a7c
100009d80:		.long	0x43de8c79
100009d84:	ff a7 51 f9	ldr	xzr, [sp, #0x2348]
100009d88:		.long	0x78b2f391
100009d8c:		.long	0x11bebdf5
100009d90:		.long	0xd6e957e8
100009d94:		.long	0x7be8bee8
100009d98:		.long	0x8fac54b0
100009d9c:		.long	0x1b758d84
100009da0:		.long	0x99a423ea
100009da4:		.long	0x8bd3f9e9
100009da8:		.long	0x4071a3b7
100009dac:	61 da 3e 15	b	0x104fc0730
100009db0:	ce e3 3e cb	sub	x14, x30, x30, sxtx
100009db4:	73 f9 48 08	ldaxrb	w19, [x11]
100009db8:		.long	0x27b4978c
100009dbc:	d5 1b 70 10	adr	x21, #918392
100009dc0:		.long	0xb9efbfa2
100009dc4:	eb 85 32 15	b	0x104cab570
100009dc8:	4d b4 4d b4	cbz	x13, 0x1000a5450
100009dcc:		.long	0x196fbb9b
100009dd0:	96 b6 07 6c	stnp	d22, d13, [x20, #0x78]
100009dd4:	f8 e7 ee ad	ldp	q24, q25, [sp, #-0x230]!
100009dd8:		.long	0xf5b4d936
100009ddc:		.long	0x13ae3591
100009de0:		.long	0xaf182222
100009de4:		.long	0x4d686a4e
100009de8:	91 da aa 3d	str	q17, [x20, #0xab60]
100009dec:		.long	0x1e74404f
100009df0:		.long	0xe09ebd9f
100009df4:	06 a1 c0 98	ldrsw	x6, 0xfff8b214
100009df8:		.long	0xfda7c257
100009dfc:	a4 0e 90 17	b	0xfe40d88c
100009e00:	0e 7d 49 71	subs	w14, w8, #0x25f, lsl #12
100009e04:		.long	0x8f20e373
100009e08:		.long	0x76d820b2
100009e0c:	05 14 3b 12	and	w5, w0, #0x7e0
100009e10:	85 3d 74 34	cbz	w5, 0x1000f25c0
100009e14:	81 13 43 b0	adrp	x1, 549489 ; 0x18627a000
100009e18:		.long	0x5f7a29ad
100009e1c:	27 f4 35 1c	ldr	s7, 0x100075ca0
100009e20:	00 00 00 00	udf	#0x0
100009e24:	00 00 00 00	udf	#0x0
100009e28:	00 00 00 00	udf	#0x0
100009e2c:	00 00 00 10	adr	x0, #0
100009e30:	00 00 00 00	udf	#0x0
100009e34:	00 00 00 00	udf	#0x0
100009e38:	b9 34 03 32	orr	w25, w5, #0xe00007ff
100009e3c:	b7 f4 ad 14	b	0x102b87118
100009e40:		.long	0xb31adb10
100009e44:		.long	0x0e549208
100009e48:	0d 30 7d 95	bl	0x105f55e7c
100009e4c:		.long	0x1aba4714
100009e50:	66 08 8f 4d	st1.b	{ v6 }[10], [x3], x15
100009e54:	26 ad c6 6d	ldp	d6, d11, [x9, #0x68]!
100009e58:		.long	0x85bf98f5
100009e5c:	e2 b7 45 11	add	w2, wsp, #0x16d, lsl #12
100009e60:	ca 96 85 3d	str	q10, [x22, #0x1650]
100009e64:	92 bd 1d eb	subs	x18, x12, x29, lsl #47
100009e68:		.long	0x6018a1fc
100009e6c:	dc ef 52 16	b	0xf94c5ddc
100009e70:		.long	0x22ae923c
100009e74:	0b b8 c1 b4	cbz	x11, 0xfff8d574
100009e78:		.long	0x5b2d9d83
100009e7c:	05 62 da 1c	ldr	s5, 0xfffbeabc
100009e80:		.long	0x8f7e4c30
100009e84:		.long	0x5bb28b4e
100009e88:		.long	0x9f52f416
100009e8c:	8b 56 a5 12	mov	w11, #-0x2ab40001
100009e90:		.long	0x7682d4fb
100009e94:	43 ed 8a f0	adrp	x3, -959061 ; 0x15db4000
100009e98:		.long	0x31f9e78f
100009e9c:	15 65 19 18	ldr	w21, 0x10003cb3c
100009ea0:		.long	0xd99bf150
100009ea4:	4a 13 ee b4	cbz	x10, 0xfffe610c
100009ea8:		.long	0xa6f04c28
100009eac:	86 c1 25 1f	fnmsub	s6, s12, s5, s16
100009eb0:	03 5f c2 70	adr	x3, #-504861
100009eb4:	cb 9e 49 16	b	0xf92719e0
100009eb8:	e6 42 88 9c	ldr	q6, 0xfff1a714
100009ebc:	44 eb 20 14	b	0x100844bcc
100009ec0:	b0 65 08 36	tbz	w16, #0x1, 0x10000ab74
100009ec4:		.long	0x85a56ead
100009ec8:	85 f0 ca 14	b	0x1032c60dc
100009ecc:		.long	0x1a03fde2
100009ed0:	0b 89 99 79	ldrsh	x11, [x8, #0xcc4]
100009ed4:		.long	0x093db1d5
100009ed8:		.long	0x3a97dad8
100009edc:	35 eb cf 10	adr	x21, #-393884
100009ee0:		.long	0x5e3f36ac
100009ee4:		.long	0xcf38bb73
100009ee8:		.long	0xfa52673e
100009eec:	44 af ba 15	b	0x106eb5bfc
100009ef0:		.long	0x006e616e
100009ef4:		.long	0x00666e69
100009ef8:		.long	0x666e692d
100009efc:	00 2d 30 2e	uqsub.8b	v0, v8, v16
100009f00:	30 00 30 2e	uaddl.8h	v16, v1, v16
100009f04:	30 00 00 00	udf	#0x30
100009f08:	01 00 00 00	udf	#0x1
100009f0c:	00 00 00 00	udf	#0x0
100009f10:	0a 00 00 00	udf	#0xa
100009f14:	00 00 00 00	udf	#0x0
100009f18:	04 00 00 00	udf	#0x4
100009f1c:	00 00 00 00	udf	#0x0
100009f20:		.long	0x65757274
100009f24:	00 00 00 00	udf	#0x0
100009f28:	05 00 00 00	udf	#0x5
100009f2c:	00 00 00 00	udf	#0x0
100009f30:		.long	0x736c6166
100009f34:	65 00 00 00	udf	#0x65
100009f38:	07 00 00 00	udf	#0x7
100009f3c:	00 00 00 00	udf	#0x0
100009f40:		.long	0x6f727265
100009f44:		.long	0x00203a72
100009f48:	b8 00 00 00	udf	#0xb8
100009f4c:	00 00 00 00	udf	#0x0
100009f50:		.long	0x6573552f
100009f54:	72 73 2f 6e	uabdl2.8h	v18, v27, v15
100009f58:		.long	0x616d6b65
100009f5c:	74 61 2f 50	adr	x20, #388142
100009f60:		.long	0x656a6f72
100009f64:		.long	0x2f737463
100009f68:		.long	0x656c6953
100009f6c:		.long	0x6f725078
100009f70:		.long	0x7463656a
100009f74:	2f 2e 73 70	adr	x15, #943559
100009f78:	65 63 73 2f	umlsl.4s	v5, v27, v3[3]
100009f7c:		.long	0x656c6953
100009f80:	78 2d 4f 70	adr	x24, #648623
100009f84:	74 69 6d 69	ldpsw	x20, x26, [x11, #-0x98]
100009f88:	7a 61 74 69	ldpsw	x26, x24, [x11, #-0x60]
100009f8c:	6f 6e 2d 50	adr	x15, #372174
100009f90:		.long	0x74697261
100009f94:		.long	0x6f432d79
100009f98:		.long	0x656c706d
100009f9c:		.long	0x6e6f6974
100009fa0:		.long	0x726f572f
100009fa4:		.long	0x6572746b
100009fa8:		.long	0x61502f65
100009fac:		.long	0x67616b63
100009fb0:		.long	0x472f7365
100009fb4:	46 58 2e 50	adr	x6, #379658
100009fb8:	68 79 73 69	ldpsw	x8, x30, [x11, #-0x68]
100009fbc:		.long	0x422f7363
100009fc0:		.long	0x68636e65
100009fc4:		.long	0x6b72616d
100009fc8:		.long	0x6e492f73
100009fcc:		.long	0x72676574
100009fd0:	61 74 69 6f	uqshl.2d	v1, v3, #0x29
100009fd4:		.long	0x72654b6e
100009fd8:		.long	0x326c656e
100009fdc:		.long	0x78732e44
100009fe0:		.long	0x3a38373a
100009fe4:		.long	0x203a3433
100009fe8:		.long	0x746e7572
100009fec:		.long	0x20656d69
100009ff0:		.long	0x6f727265
100009ff4:		.long	0x63203a72
100009ff8:		.long	0x656c6c6f
100009ffc:	63 74 69 6f	uqshl.2d	v3, v3, #0x29
10000a000:	6e 20 69 6e	usubl2.4s	v14, v3, v9
10000a004:		.long	0x20786564
10000a008:	00 00 00 00	udf	#0x0
10000a00c:	00 00 00 00	udf	#0x0
10000a010:	1c 00 00 00	udf	#0x1c
10000a014:	00 00 00 00	udf	#0x0
10000a018:		.long	0x20736920
10000a01c:		.long	0x2074756f
10000a020:		.long	0x6220666f
10000a024:		.long	0x646e756f
10000a028:	73 20 66 6f	umlal2.4s	v19, v3, v6[2]
10000a02c:	72 20 63 6f	umlal2.4s	v18, v3, v3[2]
10000a030:		.long	0x20746e75
10000a034:	00 00 00 00	udf	#0x0
10000a038:	b8 00 00 00	udf	#0xb8
10000a03c:	00 00 00 00	udf	#0x0
10000a040:		.long	0x6573552f
10000a044:	72 73 2f 6e	uabdl2.8h	v18, v27, v15
10000a048:		.long	0x616d6b65
10000a04c:	74 61 2f 50	adr	x20, #388142
10000a050:		.long	0x656a6f72
10000a054:		.long	0x2f737463
10000a058:		.long	0x656c6953
10000a05c:		.long	0x6f725078
10000a060:		.long	0x7463656a
10000a064:	2f 2e 73 70	adr	x15, #943559
10000a068:	65 63 73 2f	umlsl.4s	v5, v27, v3[3]
10000a06c:		.long	0x656c6953
10000a070:	78 2d 4f 70	adr	x24, #648623
10000a074:	74 69 6d 69	ldpsw	x20, x26, [x11, #-0x98]
10000a078:	7a 61 74 69	ldpsw	x26, x24, [x11, #-0x60]
10000a07c:	6f 6e 2d 50	adr	x15, #372174
10000a080:		.long	0x74697261
10000a084:		.long	0x6f432d79
10000a088:		.long	0x656c706d
10000a08c:		.long	0x6e6f6974
10000a090:		.long	0x726f572f
10000a094:		.long	0x6572746b
10000a098:		.long	0x61502f65
10000a09c:		.long	0x67616b63
10000a0a0:		.long	0x472f7365
10000a0a4:	46 58 2e 50	adr	x6, #379658
10000a0a8:	68 79 73 69	ldpsw	x8, x30, [x11, #-0x68]
10000a0ac:		.long	0x422f7363
10000a0b0:		.long	0x68636e65
10000a0b4:		.long	0x6b72616d
10000a0b8:		.long	0x6e492f73
10000a0bc:		.long	0x72676574
10000a0c0:	61 74 69 6f	uqshl.2d	v1, v3, #0x29
10000a0c4:		.long	0x72654b6e
10000a0c8:		.long	0x326c656e
10000a0cc:		.long	0x78732e44
10000a0d0:		.long	0x3a38373a
10000a0d4:		.long	0x203a3534
10000a0d8:		.long	0x746e7572
10000a0dc:		.long	0x20656d69
10000a0e0:		.long	0x6f727265
10000a0e4:		.long	0x63203a72
10000a0e8:		.long	0x656c6c6f
10000a0ec:	63 74 69 6f	uqshl.2d	v3, v3, #0x29
10000a0f0:	6e 20 69 6e	usubl2.4s	v14, v3, v9
10000a0f4:		.long	0x20786564
10000a0f8:	00 00 00 00	udf	#0x0
10000a0fc:	00 00 00 00	udf	#0x0
10000a100:	b8 00 00 00	udf	#0xb8
10000a104:	00 00 00 00	udf	#0x0
10000a108:		.long	0x6573552f
10000a10c:	72 73 2f 6e	uabdl2.8h	v18, v27, v15
10000a110:		.long	0x616d6b65
10000a114:	74 61 2f 50	adr	x20, #388142
10000a118:		.long	0x656a6f72
10000a11c:		.long	0x2f737463
10000a120:		.long	0x656c6953
10000a124:		.long	0x6f725078
10000a128:		.long	0x7463656a
10000a12c:	2f 2e 73 70	adr	x15, #943559
10000a130:	65 63 73 2f	umlsl.4s	v5, v27, v3[3]
10000a134:		.long	0x656c6953
10000a138:	78 2d 4f 70	adr	x24, #648623
10000a13c:	74 69 6d 69	ldpsw	x20, x26, [x11, #-0x98]
10000a140:	7a 61 74 69	ldpsw	x26, x24, [x11, #-0x60]
10000a144:	6f 6e 2d 50	adr	x15, #372174
10000a148:		.long	0x74697261
10000a14c:		.long	0x6f432d79
10000a150:		.long	0x656c706d
10000a154:		.long	0x6e6f6974
10000a158:		.long	0x726f572f
10000a15c:		.long	0x6572746b
10000a160:		.long	0x61502f65
10000a164:		.long	0x67616b63
10000a168:		.long	0x472f7365
10000a16c:	46 58 2e 50	adr	x6, #379658
10000a170:	68 79 73 69	ldpsw	x8, x30, [x11, #-0x68]
10000a174:		.long	0x422f7363
10000a178:		.long	0x68636e65
10000a17c:		.long	0x6b72616d
10000a180:		.long	0x6e492f73
10000a184:		.long	0x72676574
10000a188:	61 74 69 6f	uqshl.2d	v1, v3, #0x29
10000a18c:		.long	0x72654b6e
10000a190:		.long	0x326c656e
10000a194:		.long	0x78732e44
10000a198:		.long	0x3a33383a
10000a19c:		.long	0x203a3433
10000a1a0:		.long	0x746e7572
10000a1a4:		.long	0x20656d69
10000a1a8:		.long	0x6f727265
10000a1ac:		.long	0x63203a72
10000a1b0:		.long	0x656c6c6f
10000a1b4:	63 74 69 6f	uqshl.2d	v3, v3, #0x29
10000a1b8:	6e 20 69 6e	usubl2.4s	v14, v3, v9
10000a1bc:		.long	0x20786564
10000a1c0:	00 00 00 00	udf	#0x0
10000a1c4:	00 00 00 00	udf	#0x0
10000a1c8:	a7 00 00 00	udf	#0xa7
10000a1cc:	00 00 00 00	udf	#0x0
10000a1d0:		.long	0x6573552f
10000a1d4:	72 73 2f 6e	uabdl2.8h	v18, v27, v15
10000a1d8:		.long	0x616d6b65
10000a1dc:	74 61 2f 50	adr	x20, #388142
10000a1e0:		.long	0x656a6f72
10000a1e4:		.long	0x2f737463
10000a1e8:		.long	0x656c6953
10000a1ec:		.long	0x6f725078
10000a1f0:		.long	0x7463656a
10000a1f4:	2f 2e 73 70	adr	x15, #943559
10000a1f8:	65 63 73 2f	umlsl.4s	v5, v27, v3[3]
10000a1fc:		.long	0x656c6953
10000a200:	78 2d 4f 70	adr	x24, #648623
10000a204:	74 69 6d 69	ldpsw	x20, x26, [x11, #-0x98]
10000a208:	7a 61 74 69	ldpsw	x26, x24, [x11, #-0x60]
10000a20c:	6f 6e 2d 50	adr	x15, #372174
10000a210:		.long	0x74697261
10000a214:		.long	0x6f432d79
10000a218:		.long	0x656c706d
10000a21c:		.long	0x6e6f6974
10000a220:		.long	0x726f572f
10000a224:		.long	0x6572746b
10000a228:		.long	0x61502f65
10000a22c:		.long	0x67616b63
10000a230:		.long	0x472f7365
10000a234:	46 58 2e 50	adr	x6, #379658
10000a238:	68 79 73 69	ldpsw	x8, x30, [x11, #-0x68]
10000a23c:		.long	0x422f7363
10000a240:		.long	0x68636e65
10000a244:		.long	0x6b72616d
10000a248:		.long	0x6e492f73
10000a24c:		.long	0x72676574
10000a250:	61 74 69 6f	uqshl.2d	v1, v3, #0x29
10000a254:		.long	0x72654b6e
10000a258:		.long	0x326c656e
10000a25c:		.long	0x78732e44
10000a260:		.long	0x3a32393a
10000a264:		.long	0x203a3932
10000a268:		.long	0x746e7572
10000a26c:		.long	0x20656d69
10000a270:		.long	0x6f727265
10000a274:		.long	0x00203a72
10000a278:	b8 00 00 00	udf	#0xb8
10000a27c:	00 00 00 00	udf	#0x0
10000a280:		.long	0x6573552f
10000a284:	72 73 2f 6e	uabdl2.8h	v18, v27, v15
10000a288:		.long	0x616d6b65
10000a28c:	74 61 2f 50	adr	x20, #388142
10000a290:		.long	0x656a6f72
10000a294:		.long	0x2f737463
10000a298:		.long	0x656c6953
10000a29c:		.long	0x6f725078
10000a2a0:		.long	0x7463656a
10000a2a4:	2f 2e 73 70	adr	x15, #943559
10000a2a8:	65 63 73 2f	umlsl.4s	v5, v27, v3[3]
10000a2ac:		.long	0x656c6953
10000a2b0:	78 2d 4f 70	adr	x24, #648623
10000a2b4:	74 69 6d 69	ldpsw	x20, x26, [x11, #-0x98]
10000a2b8:	7a 61 74 69	ldpsw	x26, x24, [x11, #-0x60]
10000a2bc:	6f 6e 2d 50	adr	x15, #372174
10000a2c0:		.long	0x74697261
10000a2c4:		.long	0x6f432d79
10000a2c8:		.long	0x656c706d
10000a2cc:		.long	0x6e6f6974
10000a2d0:		.long	0x726f572f
10000a2d4:		.long	0x6572746b
10000a2d8:		.long	0x61502f65
10000a2dc:		.long	0x67616b63
10000a2e0:		.long	0x472f7365
10000a2e4:	46 58 2e 50	adr	x6, #379658
10000a2e8:	68 79 73 69	ldpsw	x8, x30, [x11, #-0x68]
10000a2ec:		.long	0x422f7363
10000a2f0:		.long	0x68636e65
10000a2f4:		.long	0x6b72616d
10000a2f8:		.long	0x6e492f73
10000a2fc:		.long	0x72676574
10000a300:	61 74 69 6f	uqshl.2d	v1, v3, #0x29
10000a304:		.long	0x72654b6e
10000a308:		.long	0x326c656e
10000a30c:		.long	0x78732e44
10000a310:		.long	0x3a34393a
10000a314:		.long	0x203a3331
10000a318:		.long	0x746e7572
10000a31c:		.long	0x20656d69
10000a320:		.long	0x6f727265
10000a324:		.long	0x63203a72
10000a328:		.long	0x656c6c6f
10000a32c:	63 74 69 6f	uqshl.2d	v3, v3, #0x29
10000a330:	6e 20 69 6e	usubl2.4s	v14, v3, v9
10000a334:		.long	0x20786564
10000a338:	00 00 00 00	udf	#0x0
10000a33c:	00 00 00 00	udf	#0x0
10000a340:	07 00 00 00	udf	#0x7
10000a344:	00 00 00 00	udf	#0x0
10000a348:		.long	0x68632d2d
10000a34c:		.long	0x006b6365
10000a350:	0c 00 00 00	udf	#0xc
10000a354:	00 00 00 00	udf	#0x0
10000a358:		.long	0x68632d2d
10000a35c:	65 63 6b 2d	ldp	s5, s24, [x27, #-0xa8]
10000a360:	66 75 6c 6c	ldnp	d6, d29, [x11, #-0x140]
10000a364:	00 00 00 00	udf	#0x0
10000a368:	9e 00 00 00	udf	#0x9e
10000a36c:	00 00 00 00	udf	#0x0
10000a370:		.long	0x6573552f
10000a374:	72 73 2f 6e	uabdl2.8h	v18, v27, v15
10000a378:		.long	0x616d6b65
10000a37c:	74 61 2f 50	adr	x20, #388142
10000a380:		.long	0x656a6f72
10000a384:		.long	0x2f737463
10000a388:		.long	0x656c6953
10000a38c:		.long	0x6f725078
10000a390:		.long	0x7463656a
10000a394:	2f 2e 73 70	adr	x15, #943559
10000a398:	65 63 73 2f	umlsl.4s	v5, v27, v3[3]
10000a39c:		.long	0x656c6953
10000a3a0:	78 2d 4f 70	adr	x24, #648623
10000a3a4:	74 69 6d 69	ldpsw	x20, x26, [x11, #-0x98]
10000a3a8:	7a 61 74 69	ldpsw	x26, x24, [x11, #-0x60]
10000a3ac:	6f 6e 2d 50	adr	x15, #372174
10000a3b0:		.long	0x74697261
10000a3b4:		.long	0x6f432d79
10000a3b8:		.long	0x656c706d
10000a3bc:		.long	0x6e6f6974
10000a3c0:		.long	0x726f572f
10000a3c4:		.long	0x6572746b
10000a3c8:		.long	0x61502f65
10000a3cc:		.long	0x67616b63
10000a3d0:		.long	0x472f7365
10000a3d4:		.long	0x4d2f5846
10000a3d8:	6f 64 75 6c	ldnp	d15, d25, [x3, #-0xb0]
10000a3dc:	65 2f 40 4d	ld3.b	{ v5, v6, v7 }[11], [x27]
10000a3e0:	6f 64 75 6c	ldnp	d15, d25, [x3, #-0xb0]
10000a3e4:		.long	0x78732e65
10000a3e8:	3a 31 3a 31	adds	w26, w9, #0xe8c
10000a3ec:		.long	0x7572203a
10000a3f0:	6e 74 69 6d	ldp	d14, d29, [x3, #-0x170]
10000a3f4:		.long	0x72652065
10000a3f8:		.long	0x3a726f72
10000a3fc:	20 63 6f 6c	ldnp	d0, d24, [x25, #-0x110]
10000a400:		.long	0x7463656c
10000a404:		.long	0x206e6f69
10000a408:		.long	0x65646e69
10000a40c:	78 20 00 00	udf	#0x2078
10000a410:	c3 00 00 00	udf	#0xc3
10000a414:	00 00 00 00	udf	#0x0
10000a418:		.long	0x6573552f
10000a41c:	72 73 2f 6e	uabdl2.8h	v18, v27, v15
10000a420:		.long	0x616d6b65
10000a424:	74 61 2f 50	adr	x20, #388142
10000a428:		.long	0x656a6f72
10000a42c:		.long	0x2f737463
10000a430:		.long	0x656c6953
10000a434:		.long	0x6f725078
10000a438:		.long	0x7463656a
10000a43c:	2f 2e 73 70	adr	x15, #943559
10000a440:	65 63 73 2f	umlsl.4s	v5, v27, v3[3]
10000a444:		.long	0x656c6953
10000a448:	78 2d 4f 70	adr	x24, #648623
10000a44c:	74 69 6d 69	ldpsw	x20, x26, [x11, #-0x98]
10000a450:	7a 61 74 69	ldpsw	x26, x24, [x11, #-0x60]
10000a454:	6f 6e 2d 50	adr	x15, #372174
10000a458:		.long	0x74697261
10000a45c:		.long	0x6f432d79
10000a460:		.long	0x656c706d
10000a464:		.long	0x6e6f6974
10000a468:		.long	0x726f572f
10000a46c:		.long	0x6572746b
10000a470:		.long	0x61502f65
10000a474:		.long	0x67616b63
10000a478:		.long	0x472f7365
10000a47c:	46 58 2e 50	adr	x6, #379658
10000a480:	68 79 73 69	ldpsw	x8, x30, [x11, #-0x68]
10000a484:		.long	0x422f7363
10000a488:		.long	0x68636e65
10000a48c:		.long	0x6b72616d
10000a490:		.long	0x6e492f73
10000a494:		.long	0x72676574
10000a498:	61 74 69 6f	uqshl.2d	v1, v3, #0x29
10000a49c:		.long	0x72654b6e
10000a4a0:		.long	0x326c656e
10000a4a4:		.long	0x78732e44
10000a4a8:	3a 31 30 37	tbnz	w26, #0x6, 0x10000aacc
10000a4ac:		.long	0x3a36323a
10000a4b0:	20 72 75 6e	uabdl2.4s	v0, v17, v21
10000a4b4:		.long	0x656d6974
10000a4b8:		.long	0x72726520
10000a4bc:		.long	0x203a726f
10000a4c0:		.long	0x61766e69
10000a4c4:		.long	0x2064696c
10000a4c8:		.long	0x656d756e
10000a4cc:		.long	0x20636972
10000a4d0:		.long	0x766e6f63
10000a4d4:	65 72 73 69	ldpsw	x5, x28, [x19, #-0x68]
10000a4d8:		.long	0x000a6e6f
10000a4dc:	00 00 00 00	udf	#0x0
10000a4e0:	b9 00 00 00	udf	#0xb9
10000a4e4:	00 00 00 00	udf	#0x0
10000a4e8:		.long	0x6573552f
10000a4ec:	72 73 2f 6e	uabdl2.8h	v18, v27, v15
10000a4f0:		.long	0x616d6b65
10000a4f4:	74 61 2f 50	adr	x20, #388142
10000a4f8:		.long	0x656a6f72
10000a4fc:		.long	0x2f737463
10000a500:		.long	0x656c6953
10000a504:		.long	0x6f725078
10000a508:		.long	0x7463656a
10000a50c:	2f 2e 73 70	adr	x15, #943559
10000a510:	65 63 73 2f	umlsl.4s	v5, v27, v3[3]
10000a514:		.long	0x656c6953
10000a518:	78 2d 4f 70	adr	x24, #648623
10000a51c:	74 69 6d 69	ldpsw	x20, x26, [x11, #-0x98]
10000a520:	7a 61 74 69	ldpsw	x26, x24, [x11, #-0x60]
10000a524:	6f 6e 2d 50	adr	x15, #372174
10000a528:		.long	0x74697261
10000a52c:		.long	0x6f432d79
10000a530:		.long	0x656c706d
10000a534:		.long	0x6e6f6974
10000a538:		.long	0x726f572f
10000a53c:		.long	0x6572746b
10000a540:		.long	0x61502f65
10000a544:		.long	0x67616b63
10000a548:		.long	0x472f7365
10000a54c:	46 58 2e 50	adr	x6, #379658
10000a550:	68 79 73 69	ldpsw	x8, x30, [x11, #-0x68]
10000a554:		.long	0x422f7363
10000a558:		.long	0x68636e65
10000a55c:		.long	0x6b72616d
10000a560:		.long	0x6e492f73
10000a564:		.long	0x72676574
10000a568:	61 74 69 6f	uqshl.2d	v1, v3, #0x29
10000a56c:		.long	0x72654b6e
10000a570:		.long	0x326c656e
10000a574:		.long	0x78732e44
10000a578:		.long	0x3830313a
10000a57c:		.long	0x3a36313a
10000a580:	20 72 75 6e	uabdl2.4s	v0, v17, v21
10000a584:		.long	0x656d6974
10000a588:		.long	0x72726520
10000a58c:		.long	0x203a726f
10000a590:	63 6f 6c 6c	ldnp	d3, d27, [x27, #-0x140]
10000a594:	65 63 74 69	ldpsw	x5, x24, [x27, #-0x60]
10000a598:		.long	0x69206e6f
10000a59c:		.long	0x7865646e
10000a5a0:	20 00 00 00	udf	#0x20
10000a5a4:	00 00 00 00	udf	#0x0
10000a5a8:	b9 00 00 00	udf	#0xb9
10000a5ac:	00 00 00 00	udf	#0x0
10000a5b0:		.long	0x6573552f
10000a5b4:	72 73 2f 6e	uabdl2.8h	v18, v27, v15
10000a5b8:		.long	0x616d6b65
10000a5bc:	74 61 2f 50	adr	x20, #388142
10000a5c0:		.long	0x656a6f72
10000a5c4:		.long	0x2f737463
10000a5c8:		.long	0x656c6953
10000a5cc:		.long	0x6f725078
10000a5d0:		.long	0x7463656a
10000a5d4:	2f 2e 73 70	adr	x15, #943559
10000a5d8:	65 63 73 2f	umlsl.4s	v5, v27, v3[3]
10000a5dc:		.long	0x656c6953
10000a5e0:	78 2d 4f 70	adr	x24, #648623
10000a5e4:	74 69 6d 69	ldpsw	x20, x26, [x11, #-0x98]
10000a5e8:	7a 61 74 69	ldpsw	x26, x24, [x11, #-0x60]
10000a5ec:	6f 6e 2d 50	adr	x15, #372174
10000a5f0:		.long	0x74697261
10000a5f4:		.long	0x6f432d79
10000a5f8:		.long	0x656c706d
10000a5fc:		.long	0x6e6f6974
10000a600:		.long	0x726f572f
10000a604:		.long	0x6572746b
10000a608:		.long	0x61502f65
10000a60c:		.long	0x67616b63
10000a610:		.long	0x472f7365
10000a614:	46 58 2e 50	adr	x6, #379658
10000a618:	68 79 73 69	ldpsw	x8, x30, [x11, #-0x68]
10000a61c:		.long	0x422f7363
10000a620:		.long	0x68636e65
10000a624:		.long	0x6b72616d
10000a628:		.long	0x6e492f73
10000a62c:		.long	0x72676574
10000a630:	61 74 69 6f	uqshl.2d	v1, v3, #0x29
10000a634:		.long	0x72654b6e
10000a638:		.long	0x326c656e
10000a63c:		.long	0x78732e44
10000a640:	3a 31 31 35	cbnz	w26, 0x10006cc64
10000a644:		.long	0x3a36313a
10000a648:	20 72 75 6e	uabdl2.4s	v0, v17, v21
10000a64c:		.long	0x656d6974
10000a650:		.long	0x72726520
10000a654:		.long	0x203a726f
10000a658:	63 6f 6c 6c	ldnp	d3, d27, [x27, #-0x140]
10000a65c:	65 63 74 69	ldpsw	x5, x24, [x27, #-0x60]
10000a660:		.long	0x69206e6f
10000a664:		.long	0x7865646e
10000a668:	20 00 00 00	udf	#0x20
10000a66c:	00 00 00 00	udf	#0x0
10000a670:	b9 00 00 00	udf	#0xb9
10000a674:	00 00 00 00	udf	#0x0
10000a678:		.long	0x6573552f
10000a67c:	72 73 2f 6e	uabdl2.8h	v18, v27, v15
10000a680:		.long	0x616d6b65
10000a684:	74 61 2f 50	adr	x20, #388142
10000a688:		.long	0x656a6f72
10000a68c:		.long	0x2f737463
10000a690:		.long	0x656c6953
10000a694:		.long	0x6f725078
10000a698:		.long	0x7463656a
10000a69c:	2f 2e 73 70	adr	x15, #943559
10000a6a0:	65 63 73 2f	umlsl.4s	v5, v27, v3[3]
10000a6a4:		.long	0x656c6953
10000a6a8:	78 2d 4f 70	adr	x24, #648623
10000a6ac:	74 69 6d 69	ldpsw	x20, x26, [x11, #-0x98]
10000a6b0:	7a 61 74 69	ldpsw	x26, x24, [x11, #-0x60]
10000a6b4:	6f 6e 2d 50	adr	x15, #372174
10000a6b8:		.long	0x74697261
10000a6bc:		.long	0x6f432d79
10000a6c0:		.long	0x656c706d
10000a6c4:		.long	0x6e6f6974
10000a6c8:		.long	0x726f572f
10000a6cc:		.long	0x6572746b
10000a6d0:		.long	0x61502f65
10000a6d4:		.long	0x67616b63
10000a6d8:		.long	0x472f7365
10000a6dc:	46 58 2e 50	adr	x6, #379658
10000a6e0:	68 79 73 69	ldpsw	x8, x30, [x11, #-0x68]
10000a6e4:		.long	0x422f7363
10000a6e8:		.long	0x68636e65
10000a6ec:		.long	0x6b72616d
10000a6f0:		.long	0x6e492f73
10000a6f4:		.long	0x72676574
10000a6f8:	61 74 69 6f	uqshl.2d	v1, v3, #0x29
10000a6fc:		.long	0x72654b6e
10000a700:		.long	0x326c656e
10000a704:		.long	0x78732e44
10000a708:	3a 31 32 39	strb	w26, [x9, #0xc8c]
10000a70c:		.long	0x3a30333a
10000a710:	20 72 75 6e	uabdl2.4s	v0, v17, v21
10000a714:		.long	0x656d6974
10000a718:		.long	0x72726520
10000a71c:		.long	0x203a726f
10000a720:	63 6f 6c 6c	ldnp	d3, d27, [x27, #-0x140]
10000a724:	65 63 74 69	ldpsw	x5, x24, [x27, #-0x60]
10000a728:		.long	0x69206e6f
10000a72c:		.long	0x7865646e
10000a730:	20 00 00 00	udf	#0x20
10000a734:	00 00 00 00	udf	#0x0
10000a738:	06 00 00 00	udf	#0x6
10000a73c:	00 00 00 00	udf	#0x0
10000a740:		.long	0x54415453
10000a744:	45 20 00 00	udf	#0x2045
10000a748:	01 00 00 00	udf	#0x1
10000a74c:	00 00 00 00	udf	#0x0
10000a750:	20 00 00 00	udf	#0x20
10000a754:	00 00 00 00	udf	#0x0
10000a758:	b9 00 00 00	udf	#0xb9
10000a75c:	00 00 00 00	udf	#0x0
10000a760:		.long	0x6573552f
10000a764:	72 73 2f 6e	uabdl2.8h	v18, v27, v15
10000a768:		.long	0x616d6b65
10000a76c:	74 61 2f 50	adr	x20, #388142
10000a770:		.long	0x656a6f72
10000a774:		.long	0x2f737463
10000a778:		.long	0x656c6953
10000a77c:		.long	0x6f725078
10000a780:		.long	0x7463656a
10000a784:	2f 2e 73 70	adr	x15, #943559
10000a788:	65 63 73 2f	umlsl.4s	v5, v27, v3[3]
10000a78c:		.long	0x656c6953
10000a790:	78 2d 4f 70	adr	x24, #648623
10000a794:	74 69 6d 69	ldpsw	x20, x26, [x11, #-0x98]
10000a798:	7a 61 74 69	ldpsw	x26, x24, [x11, #-0x60]
10000a79c:	6f 6e 2d 50	adr	x15, #372174
10000a7a0:		.long	0x74697261
10000a7a4:		.long	0x6f432d79
10000a7a8:		.long	0x656c706d
10000a7ac:		.long	0x6e6f6974
10000a7b0:		.long	0x726f572f
10000a7b4:		.long	0x6572746b
10000a7b8:		.long	0x61502f65
10000a7bc:		.long	0x67616b63
10000a7c0:		.long	0x472f7365
10000a7c4:	46 58 2e 50	adr	x6, #379658
10000a7c8:	68 79 73 69	ldpsw	x8, x30, [x11, #-0x68]
10000a7cc:		.long	0x422f7363
10000a7d0:		.long	0x68636e65
10000a7d4:		.long	0x6b72616d
10000a7d8:		.long	0x6e492f73
10000a7dc:		.long	0x72676574
10000a7e0:	61 74 69 6f	uqshl.2d	v1, v3, #0x29
10000a7e4:		.long	0x72654b6e
10000a7e8:		.long	0x326c656e
10000a7ec:		.long	0x78732e44
10000a7f0:	3a 31 33 30	adr	x26, #419365
10000a7f4:		.long	0x3a31363a
10000a7f8:	20 72 75 6e	uabdl2.4s	v0, v17, v21
10000a7fc:		.long	0x656d6974
10000a800:		.long	0x72726520
10000a804:		.long	0x203a726f
10000a808:	63 6f 6c 6c	ldnp	d3, d27, [x27, #-0x140]
10000a80c:	65 63 74 69	ldpsw	x5, x24, [x27, #-0x60]
10000a810:		.long	0x69206e6f
10000a814:		.long	0x7865646e
10000a818:	20 00 00 00	udf	#0x20
10000a81c:	00 00 00 00	udf	#0x0
10000a820:	b9 00 00 00	udf	#0xb9
10000a824:	00 00 00 00	udf	#0x0
10000a828:		.long	0x6573552f
10000a82c:	72 73 2f 6e	uabdl2.8h	v18, v27, v15
10000a830:		.long	0x616d6b65
10000a834:	74 61 2f 50	adr	x20, #388142
10000a838:		.long	0x656a6f72
10000a83c:		.long	0x2f737463
10000a840:		.long	0x656c6953
10000a844:		.long	0x6f725078
10000a848:		.long	0x7463656a
10000a84c:	2f 2e 73 70	adr	x15, #943559
10000a850:	65 63 73 2f	umlsl.4s	v5, v27, v3[3]
10000a854:		.long	0x656c6953
10000a858:	78 2d 4f 70	adr	x24, #648623
10000a85c:	74 69 6d 69	ldpsw	x20, x26, [x11, #-0x98]
10000a860:	7a 61 74 69	ldpsw	x26, x24, [x11, #-0x60]
10000a864:	6f 6e 2d 50	adr	x15, #372174
10000a868:		.long	0x74697261
10000a86c:		.long	0x6f432d79
10000a870:		.long	0x656c706d
10000a874:		.long	0x6e6f6974
10000a878:		.long	0x726f572f
10000a87c:		.long	0x6572746b
10000a880:		.long	0x61502f65
10000a884:		.long	0x67616b63
10000a888:		.long	0x472f7365
10000a88c:	46 58 2e 50	adr	x6, #379658
10000a890:	68 79 73 69	ldpsw	x8, x30, [x11, #-0x68]
10000a894:		.long	0x422f7363
10000a898:		.long	0x68636e65
10000a89c:		.long	0x6b72616d
10000a8a0:		.long	0x6e492f73
10000a8a4:		.long	0x72676574
10000a8a8:	61 74 69 6f	uqshl.2d	v1, v3, #0x29
10000a8ac:		.long	0x72654b6e
10000a8b0:		.long	0x326c656e
10000a8b4:		.long	0x78732e44
10000a8b8:	3a 31 33 31	adds	w26, w9, #0xccc
10000a8bc:		.long	0x3a30333a
10000a8c0:	20 72 75 6e	uabdl2.4s	v0, v17, v21
10000a8c4:		.long	0x656d6974
10000a8c8:		.long	0x72726520
10000a8cc:		.long	0x203a726f
10000a8d0:	63 6f 6c 6c	ldnp	d3, d27, [x27, #-0x140]
10000a8d4:	65 63 74 69	ldpsw	x5, x24, [x27, #-0x60]
10000a8d8:		.long	0x69206e6f
10000a8dc:		.long	0x7865646e
10000a8e0:	20 00 00 00	udf	#0x20
10000a8e4:	00 00 00 00	udf	#0x0
10000a8e8:	b9 00 00 00	udf	#0xb9
10000a8ec:	00 00 00 00	udf	#0x0
10000a8f0:		.long	0x6573552f
10000a8f4:	72 73 2f 6e	uabdl2.8h	v18, v27, v15
10000a8f8:		.long	0x616d6b65
10000a8fc:	74 61 2f 50	adr	x20, #388142
10000a900:		.long	0x656a6f72
10000a904:		.long	0x2f737463
10000a908:		.long	0x656c6953
10000a90c:		.long	0x6f725078
10000a910:		.long	0x7463656a
10000a914:	2f 2e 73 70	adr	x15, #943559
10000a918:	65 63 73 2f	umlsl.4s	v5, v27, v3[3]
10000a91c:		.long	0x656c6953
10000a920:	78 2d 4f 70	adr	x24, #648623
10000a924:	74 69 6d 69	ldpsw	x20, x26, [x11, #-0x98]
10000a928:	7a 61 74 69	ldpsw	x26, x24, [x11, #-0x60]
10000a92c:	6f 6e 2d 50	adr	x15, #372174
10000a930:		.long	0x74697261
10000a934:		.long	0x6f432d79
10000a938:		.long	0x656c706d
10000a93c:		.long	0x6e6f6974
10000a940:		.long	0x726f572f
10000a944:		.long	0x6572746b
10000a948:		.long	0x61502f65
10000a94c:		.long	0x67616b63
10000a950:		.long	0x472f7365
10000a954:	46 58 2e 50	adr	x6, #379658
10000a958:	68 79 73 69	ldpsw	x8, x30, [x11, #-0x68]
10000a95c:		.long	0x422f7363
10000a960:		.long	0x68636e65
10000a964:		.long	0x6b72616d
10000a968:		.long	0x6e492f73
10000a96c:		.long	0x72676574
10000a970:	61 74 69 6f	uqshl.2d	v1, v3, #0x29
10000a974:		.long	0x72654b6e
10000a978:		.long	0x326c656e
10000a97c:		.long	0x78732e44
10000a980:	3a 31 33 31	adds	w26, w9, #0xccc
10000a984:		.long	0x3a32353a
10000a988:	20 72 75 6e	uabdl2.4s	v0, v17, v21
10000a98c:		.long	0x656d6974
10000a990:		.long	0x72726520
10000a994:		.long	0x203a726f
10000a998:	63 6f 6c 6c	ldnp	d3, d27, [x27, #-0x140]
10000a99c:	65 63 74 69	ldpsw	x5, x24, [x27, #-0x60]
10000a9a0:		.long	0x69206e6f
10000a9a4:		.long	0x7865646e
10000a9a8:	20 00 00 00	udf	#0x20
10000a9ac:	00 00 00 00	udf	#0x0
10000a9b0:	b9 00 00 00	udf	#0xb9
10000a9b4:	00 00 00 00	udf	#0x0
10000a9b8:		.long	0x6573552f
10000a9bc:	72 73 2f 6e	uabdl2.8h	v18, v27, v15
10000a9c0:		.long	0x616d6b65
10000a9c4:	74 61 2f 50	adr	x20, #388142
10000a9c8:		.long	0x656a6f72
10000a9cc:		.long	0x2f737463
10000a9d0:		.long	0x656c6953
10000a9d4:		.long	0x6f725078
10000a9d8:		.long	0x7463656a
10000a9dc:	2f 2e 73 70	adr	x15, #943559
10000a9e0:	65 63 73 2f	umlsl.4s	v5, v27, v3[3]
10000a9e4:		.long	0x656c6953
10000a9e8:	78 2d 4f 70	adr	x24, #648623
10000a9ec:	74 69 6d 69	ldpsw	x20, x26, [x11, #-0x98]
10000a9f0:	7a 61 74 69	ldpsw	x26, x24, [x11, #-0x60]
10000a9f4:	6f 6e 2d 50	adr	x15, #372174
10000a9f8:		.long	0x74697261
10000a9fc:		.long	0x6f432d79
10000aa00:		.long	0x656c706d
10000aa04:		.long	0x6e6f6974
10000aa08:		.long	0x726f572f
10000aa0c:		.long	0x6572746b
10000aa10:		.long	0x61502f65
10000aa14:		.long	0x67616b63
10000aa18:		.long	0x472f7365
10000aa1c:	46 58 2e 50	adr	x6, #379658
10000aa20:	68 79 73 69	ldpsw	x8, x30, [x11, #-0x68]
10000aa24:		.long	0x422f7363
10000aa28:		.long	0x68636e65
10000aa2c:		.long	0x6b72616d
10000aa30:		.long	0x6e492f73
10000aa34:		.long	0x72676574
10000aa38:	61 74 69 6f	uqshl.2d	v1, v3, #0x29
10000aa3c:		.long	0x72654b6e
10000aa40:		.long	0x326c656e
10000aa44:		.long	0x78732e44
10000aa48:	3a 31 33 31	adds	w26, w9, #0xccc
10000aa4c:		.long	0x3a33373a
10000aa50:	20 72 75 6e	uabdl2.4s	v0, v17, v21
10000aa54:		.long	0x656d6974
10000aa58:		.long	0x72726520
10000aa5c:		.long	0x203a726f
10000aa60:	63 6f 6c 6c	ldnp	d3, d27, [x27, #-0x140]
10000aa64:	65 63 74 69	ldpsw	x5, x24, [x27, #-0x60]
10000aa68:		.long	0x69206e6f
10000aa6c:		.long	0x7865646e
10000aa70:	20 00 00 00	udf	#0x20
10000aa74:	00 00 00 00	udf	#0x0
10000aa78:	b9 00 00 00	udf	#0xb9
10000aa7c:	00 00 00 00	udf	#0x0
10000aa80:		.long	0x6573552f
10000aa84:	72 73 2f 6e	uabdl2.8h	v18, v27, v15
10000aa88:		.long	0x616d6b65
10000aa8c:	74 61 2f 50	adr	x20, #388142
10000aa90:		.long	0x656a6f72
10000aa94:		.long	0x2f737463
10000aa98:		.long	0x656c6953
10000aa9c:		.long	0x6f725078
10000aaa0:		.long	0x7463656a
10000aaa4:	2f 2e 73 70	adr	x15, #943559
10000aaa8:	65 63 73 2f	umlsl.4s	v5, v27, v3[3]
10000aaac:		.long	0x656c6953
10000aab0:	78 2d 4f 70	adr	x24, #648623
10000aab4:	74 69 6d 69	ldpsw	x20, x26, [x11, #-0x98]
10000aab8:	7a 61 74 69	ldpsw	x26, x24, [x11, #-0x60]
10000aabc:	6f 6e 2d 50	adr	x15, #372174
10000aac0:		.long	0x74697261
10000aac4:		.long	0x6f432d79
10000aac8:		.long	0x656c706d
10000aacc:		.long	0x6e6f6974
10000aad0:		.long	0x726f572f
10000aad4:		.long	0x6572746b
10000aad8:		.long	0x61502f65
10000aadc:		.long	0x67616b63
10000aae0:		.long	0x472f7365
10000aae4:	46 58 2e 50	adr	x6, #379658
10000aae8:	68 79 73 69	ldpsw	x8, x30, [x11, #-0x68]
10000aaec:		.long	0x422f7363
10000aaf0:		.long	0x68636e65
10000aaf4:		.long	0x6b72616d
10000aaf8:		.long	0x6e492f73
10000aafc:		.long	0x72676574
10000ab00:	61 74 69 6f	uqshl.2d	v1, v3, #0x29
10000ab04:		.long	0x72654b6e
10000ab08:		.long	0x326c656e
10000ab0c:		.long	0x78732e44
10000ab10:	3a 31 33 32	orr	w26, w9, #0x3ffe000
10000ab14:		.long	0x3a30333a
10000ab18:	20 72 75 6e	uabdl2.4s	v0, v17, v21
10000ab1c:		.long	0x656d6974
10000ab20:		.long	0x72726520
10000ab24:		.long	0x203a726f
10000ab28:	63 6f 6c 6c	ldnp	d3, d27, [x27, #-0x140]
10000ab2c:	65 63 74 69	ldpsw	x5, x24, [x27, #-0x60]
10000ab30:		.long	0x69206e6f
10000ab34:		.long	0x7865646e
10000ab38:	20 00 00 00	udf	#0x20
10000ab3c:	00 00 00 00	udf	#0x0
10000ab40:	b9 00 00 00	udf	#0xb9
10000ab44:	00 00 00 00	udf	#0x0
10000ab48:		.long	0x6573552f
10000ab4c:	72 73 2f 6e	uabdl2.8h	v18, v27, v15
10000ab50:		.long	0x616d6b65
10000ab54:	74 61 2f 50	adr	x20, #388142
10000ab58:		.long	0x656a6f72
10000ab5c:		.long	0x2f737463
10000ab60:		.long	0x656c6953
10000ab64:		.long	0x6f725078
10000ab68:		.long	0x7463656a
10000ab6c:	2f 2e 73 70	adr	x15, #943559
10000ab70:	65 63 73 2f	umlsl.4s	v5, v27, v3[3]
10000ab74:		.long	0x656c6953
10000ab78:	78 2d 4f 70	adr	x24, #648623
10000ab7c:	74 69 6d 69	ldpsw	x20, x26, [x11, #-0x98]
10000ab80:	7a 61 74 69	ldpsw	x26, x24, [x11, #-0x60]
10000ab84:	6f 6e 2d 50	adr	x15, #372174
10000ab88:		.long	0x74697261
10000ab8c:		.long	0x6f432d79
10000ab90:		.long	0x656c706d
10000ab94:		.long	0x6e6f6974
10000ab98:		.long	0x726f572f
10000ab9c:		.long	0x6572746b
10000aba0:		.long	0x61502f65
10000aba4:		.long	0x67616b63
10000aba8:		.long	0x472f7365
10000abac:	46 58 2e 50	adr	x6, #379658
10000abb0:	68 79 73 69	ldpsw	x8, x30, [x11, #-0x68]
10000abb4:		.long	0x422f7363
10000abb8:		.long	0x68636e65
10000abbc:		.long	0x6b72616d
10000abc0:		.long	0x6e492f73
10000abc4:		.long	0x72676574
10000abc8:	61 74 69 6f	uqshl.2d	v1, v3, #0x29
10000abcc:		.long	0x72654b6e
10000abd0:		.long	0x326c656e
10000abd4:		.long	0x78732e44
10000abd8:	3a 31 33 32	orr	w26, w9, #0x3ffe000
10000abdc:		.long	0x3a32353a
10000abe0:	20 72 75 6e	uabdl2.4s	v0, v17, v21
10000abe4:		.long	0x656d6974
10000abe8:		.long	0x72726520
10000abec:		.long	0x203a726f
10000abf0:	63 6f 6c 6c	ldnp	d3, d27, [x27, #-0x140]
10000abf4:	65 63 74 69	ldpsw	x5, x24, [x27, #-0x60]
10000abf8:		.long	0x69206e6f
10000abfc:		.long	0x7865646e
10000ac00:	20 00 00 00	udf	#0x20
10000ac04:	00 00 00 00	udf	#0x0
10000ac08:	b9 00 00 00	udf	#0xb9
10000ac0c:	00 00 00 00	udf	#0x0
10000ac10:		.long	0x6573552f
10000ac14:	72 73 2f 6e	uabdl2.8h	v18, v27, v15
10000ac18:		.long	0x616d6b65
10000ac1c:	74 61 2f 50	adr	x20, #388142
10000ac20:		.long	0x656a6f72
10000ac24:		.long	0x2f737463
10000ac28:		.long	0x656c6953
10000ac2c:		.long	0x6f725078
10000ac30:		.long	0x7463656a
10000ac34:	2f 2e 73 70	adr	x15, #943559
10000ac38:	65 63 73 2f	umlsl.4s	v5, v27, v3[3]
10000ac3c:		.long	0x656c6953
10000ac40:	78 2d 4f 70	adr	x24, #648623
10000ac44:	74 69 6d 69	ldpsw	x20, x26, [x11, #-0x98]
10000ac48:	7a 61 74 69	ldpsw	x26, x24, [x11, #-0x60]
10000ac4c:	6f 6e 2d 50	adr	x15, #372174
10000ac50:		.long	0x74697261
10000ac54:		.long	0x6f432d79
10000ac58:		.long	0x656c706d
10000ac5c:		.long	0x6e6f6974
10000ac60:		.long	0x726f572f
10000ac64:		.long	0x6572746b
10000ac68:		.long	0x61502f65
10000ac6c:		.long	0x67616b63
10000ac70:		.long	0x472f7365
10000ac74:	46 58 2e 50	adr	x6, #379658
10000ac78:	68 79 73 69	ldpsw	x8, x30, [x11, #-0x68]
10000ac7c:		.long	0x422f7363
10000ac80:		.long	0x68636e65
10000ac84:		.long	0x6b72616d
10000ac88:		.long	0x6e492f73
10000ac8c:		.long	0x72676574
10000ac90:	61 74 69 6f	uqshl.2d	v1, v3, #0x29
10000ac94:		.long	0x72654b6e
10000ac98:		.long	0x326c656e
10000ac9c:		.long	0x78732e44
10000aca0:	3a 31 33 32	orr	w26, w9, #0x3ffe000
10000aca4:		.long	0x3a33373a
10000aca8:	20 72 75 6e	uabdl2.4s	v0, v17, v21
10000acac:		.long	0x656d6974
10000acb0:		.long	0x72726520
10000acb4:		.long	0x203a726f
10000acb8:	63 6f 6c 6c	ldnp	d3, d27, [x27, #-0x140]
10000acbc:	65 63 74 69	ldpsw	x5, x24, [x27, #-0x60]
10000acc0:		.long	0x69206e6f
10000acc4:		.long	0x7865646e
10000acc8:	20 00 00 00	udf	#0x20
10000accc:	00 00 00 00	udf	#0x0
10000acd0:	b9 00 00 00	udf	#0xb9
10000acd4:	00 00 00 00	udf	#0x0
10000acd8:		.long	0x6573552f
10000acdc:	72 73 2f 6e	uabdl2.8h	v18, v27, v15
10000ace0:		.long	0x616d6b65
10000ace4:	74 61 2f 50	adr	x20, #388142
10000ace8:		.long	0x656a6f72
10000acec:		.long	0x2f737463
10000acf0:		.long	0x656c6953
10000acf4:		.long	0x6f725078
10000acf8:		.long	0x7463656a
10000acfc:	2f 2e 73 70	adr	x15, #943559
10000ad00:	65 63 73 2f	umlsl.4s	v5, v27, v3[3]
10000ad04:		.long	0x656c6953
10000ad08:	78 2d 4f 70	adr	x24, #648623
10000ad0c:	74 69 6d 69	ldpsw	x20, x26, [x11, #-0x98]
10000ad10:	7a 61 74 69	ldpsw	x26, x24, [x11, #-0x60]
10000ad14:	6f 6e 2d 50	adr	x15, #372174
10000ad18:		.long	0x74697261
10000ad1c:		.long	0x6f432d79
10000ad20:		.long	0x656c706d
10000ad24:		.long	0x6e6f6974
10000ad28:		.long	0x726f572f
10000ad2c:		.long	0x6572746b
10000ad30:		.long	0x61502f65
10000ad34:		.long	0x67616b63
10000ad38:		.long	0x472f7365
10000ad3c:	46 58 2e 50	adr	x6, #379658
10000ad40:	68 79 73 69	ldpsw	x8, x30, [x11, #-0x68]
10000ad44:		.long	0x422f7363
10000ad48:		.long	0x68636e65
10000ad4c:		.long	0x6b72616d
10000ad50:		.long	0x6e492f73
10000ad54:		.long	0x72676574
10000ad58:	61 74 69 6f	uqshl.2d	v1, v3, #0x29
10000ad5c:		.long	0x72654b6e
10000ad60:		.long	0x326c656e
10000ad64:		.long	0x78732e44
10000ad68:	3a 31 34 34	cbz	w26, 0x10007338c
10000ad6c:		.long	0x3a36323a
10000ad70:	20 72 75 6e	uabdl2.4s	v0, v17, v21
10000ad74:		.long	0x656d6974
10000ad78:		.long	0x72726520
10000ad7c:		.long	0x203a726f
10000ad80:	63 6f 6c 6c	ldnp	d3, d27, [x27, #-0x140]
10000ad84:	65 63 74 69	ldpsw	x5, x24, [x27, #-0x60]
10000ad88:		.long	0x69206e6f
10000ad8c:		.long	0x7865646e
10000ad90:	20 00 00 00	udf	#0x20
10000ad94:	00 00 00 00	udf	#0x0
10000ad98:	20 00 00 00	udf	#0x20
10000ad9c:	00 00 00 00	udf	#0x0
10000ada0:		.long	0x4e52454b
10000ada4:		.long	0x69204c45
10000ada8:		.long	0x6765746e
10000adac:	72 61 74 69	ldpsw	x18, x24, [x11, #-0x60]
10000adb0:		.long	0x73206e6f
10000adb4:		.long	0x78656c69
10000adb8:		.long	0x6f6c7320
10000adbc:		.long	0x20387374
10000adc0:	00 00 00 00	udf	#0x0
10000adc4:	00 00 00 00	udf	#0x0
10000adc8:	b9 00 00 00	udf	#0xb9
10000adcc:	00 00 00 00	udf	#0x0
10000add0:		.long	0x6573552f
10000add4:	72 73 2f 6e	uabdl2.8h	v18, v27, v15
10000add8:		.long	0x616d6b65
10000addc:	74 61 2f 50	adr	x20, #388142
10000ade0:		.long	0x656a6f72
10000ade4:		.long	0x2f737463
10000ade8:		.long	0x656c6953
10000adec:		.long	0x6f725078
10000adf0:		.long	0x7463656a
10000adf4:	2f 2e 73 70	adr	x15, #943559
10000adf8:	65 63 73 2f	umlsl.4s	v5, v27, v3[3]
10000adfc:		.long	0x656c6953
10000ae00:	78 2d 4f 70	adr	x24, #648623
10000ae04:	74 69 6d 69	ldpsw	x20, x26, [x11, #-0x98]
10000ae08:	7a 61 74 69	ldpsw	x26, x24, [x11, #-0x60]
10000ae0c:	6f 6e 2d 50	adr	x15, #372174
10000ae10:		.long	0x74697261
10000ae14:		.long	0x6f432d79
10000ae18:		.long	0x656c706d
10000ae1c:		.long	0x6e6f6974
10000ae20:		.long	0x726f572f
10000ae24:		.long	0x6572746b
10000ae28:		.long	0x61502f65
10000ae2c:		.long	0x67616b63
10000ae30:		.long	0x472f7365
10000ae34:	46 58 2e 50	adr	x6, #379658
10000ae38:	68 79 73 69	ldpsw	x8, x30, [x11, #-0x68]
10000ae3c:		.long	0x422f7363
10000ae40:		.long	0x68636e65
10000ae44:		.long	0x6b72616d
10000ae48:		.long	0x6e492f73
10000ae4c:		.long	0x72676574
10000ae50:	61 74 69 6f	uqshl.2d	v1, v3, #0x29
10000ae54:		.long	0x72654b6e
10000ae58:		.long	0x326c656e
10000ae5c:		.long	0x78732e44
10000ae60:	3a 31 34 35	cbnz	w26, 0x100073484
10000ae64:		.long	0x3a36333a
10000ae68:	20 72 75 6e	uabdl2.4s	v0, v17, v21
10000ae6c:		.long	0x656d6974
10000ae70:		.long	0x72726520
10000ae74:		.long	0x203a726f
10000ae78:	63 6f 6c 6c	ldnp	d3, d27, [x27, #-0x140]
10000ae7c:	65 63 74 69	ldpsw	x5, x24, [x27, #-0x60]
10000ae80:		.long	0x69206e6f
10000ae84:		.long	0x7865646e
10000ae88:	20 00 00 00	udf	#0x20
10000ae8c:	00 00 00 00	udf	#0x0
10000ae90:	b9 00 00 00	udf	#0xb9
10000ae94:	00 00 00 00	udf	#0x0
10000ae98:		.long	0x6573552f
10000ae9c:	72 73 2f 6e	uabdl2.8h	v18, v27, v15
10000aea0:		.long	0x616d6b65
10000aea4:	74 61 2f 50	adr	x20, #388142
10000aea8:		.long	0x656a6f72
10000aeac:		.long	0x2f737463
10000aeb0:		.long	0x656c6953
10000aeb4:		.long	0x6f725078
10000aeb8:		.long	0x7463656a
10000aebc:	2f 2e 73 70	adr	x15, #943559
10000aec0:	65 63 73 2f	umlsl.4s	v5, v27, v3[3]
10000aec4:		.long	0x656c6953
10000aec8:	78 2d 4f 70	adr	x24, #648623
10000aecc:	74 69 6d 69	ldpsw	x20, x26, [x11, #-0x98]
10000aed0:	7a 61 74 69	ldpsw	x26, x24, [x11, #-0x60]
10000aed4:	6f 6e 2d 50	adr	x15, #372174
10000aed8:		.long	0x74697261
10000aedc:		.long	0x6f432d79
10000aee0:		.long	0x656c706d
10000aee4:		.long	0x6e6f6974
10000aee8:		.long	0x726f572f
10000aeec:		.long	0x6572746b
10000aef0:		.long	0x61502f65
10000aef4:		.long	0x67616b63
10000aef8:		.long	0x472f7365
10000aefc:	46 58 2e 50	adr	x6, #379658
10000af00:	68 79 73 69	ldpsw	x8, x30, [x11, #-0x68]
10000af04:		.long	0x422f7363
10000af08:		.long	0x68636e65
10000af0c:		.long	0x6b72616d
10000af10:		.long	0x6e492f73
10000af14:		.long	0x72676574
10000af18:	61 74 69 6f	uqshl.2d	v1, v3, #0x29
10000af1c:		.long	0x72654b6e
10000af20:		.long	0x326c656e
10000af24:		.long	0x78732e44
10000af28:	3a 31 34 35	cbnz	w26, 0x10007354c
10000af2c:		.long	0x3a34353a
10000af30:	20 72 75 6e	uabdl2.4s	v0, v17, v21
10000af34:		.long	0x656d6974
10000af38:		.long	0x72726520
10000af3c:		.long	0x203a726f
10000af40:	63 6f 6c 6c	ldnp	d3, d27, [x27, #-0x140]
10000af44:	65 63 74 69	ldpsw	x5, x24, [x27, #-0x60]
10000af48:		.long	0x69206e6f
10000af4c:		.long	0x7865646e
10000af50:	20 00 00 00	udf	#0x20
10000af54:	00 00 00 00	udf	#0x0
10000af58:	b9 00 00 00	udf	#0xb9
10000af5c:	00 00 00 00	udf	#0x0
10000af60:		.long	0x6573552f
10000af64:	72 73 2f 6e	uabdl2.8h	v18, v27, v15
10000af68:		.long	0x616d6b65
10000af6c:	74 61 2f 50	adr	x20, #388142
10000af70:		.long	0x656a6f72
10000af74:		.long	0x2f737463
10000af78:		.long	0x656c6953
10000af7c:		.long	0x6f725078
10000af80:		.long	0x7463656a
10000af84:	2f 2e 73 70	adr	x15, #943559
10000af88:	65 63 73 2f	umlsl.4s	v5, v27, v3[3]
10000af8c:		.long	0x656c6953
10000af90:	78 2d 4f 70	adr	x24, #648623
10000af94:	74 69 6d 69	ldpsw	x20, x26, [x11, #-0x98]
10000af98:	7a 61 74 69	ldpsw	x26, x24, [x11, #-0x60]
10000af9c:	6f 6e 2d 50	adr	x15, #372174
10000afa0:		.long	0x74697261
10000afa4:		.long	0x6f432d79
10000afa8:		.long	0x656c706d
10000afac:		.long	0x6e6f6974
10000afb0:		.long	0x726f572f
10000afb4:		.long	0x6572746b
10000afb8:		.long	0x61502f65
10000afbc:		.long	0x67616b63
10000afc0:		.long	0x472f7365
10000afc4:	46 58 2e 50	adr	x6, #379658
10000afc8:	68 79 73 69	ldpsw	x8, x30, [x11, #-0x68]
10000afcc:		.long	0x422f7363
10000afd0:		.long	0x68636e65
10000afd4:		.long	0x6b72616d
10000afd8:		.long	0x6e492f73
10000afdc:		.long	0x72676574
10000afe0:	61 74 69 6f	uqshl.2d	v1, v3, #0x29
10000afe4:		.long	0x72654b6e
10000afe8:		.long	0x326c656e
10000afec:		.long	0x78732e44
10000aff0:	3a 31 34 35	cbnz	w26, 0x100073614
10000aff4:		.long	0x3a38373a
10000aff8:	20 72 75 6e	uabdl2.4s	v0, v17, v21
10000affc:		.long	0x656d6974
10000b000:		.long	0x72726520
10000b004:		.long	0x203a726f
10000b008:	63 6f 6c 6c	ldnp	d3, d27, [x27, #-0x140]
10000b00c:	65 63 74 69	ldpsw	x5, x24, [x27, #-0x60]
10000b010:		.long	0x69206e6f
10000b014:		.long	0x7865646e
10000b018:	20 00 00 00	udf	#0x20
10000b01c:	00 00 00 00	udf	#0x0
10000b020:	b9 00 00 00	udf	#0xb9
10000b024:	00 00 00 00	udf	#0x0
10000b028:		.long	0x6573552f
10000b02c:	72 73 2f 6e	uabdl2.8h	v18, v27, v15
10000b030:		.long	0x616d6b65
10000b034:	74 61 2f 50	adr	x20, #388142
10000b038:		.long	0x656a6f72
10000b03c:		.long	0x2f737463
10000b040:		.long	0x656c6953
10000b044:		.long	0x6f725078
10000b048:		.long	0x7463656a
10000b04c:	2f 2e 73 70	adr	x15, #943559
10000b050:	65 63 73 2f	umlsl.4s	v5, v27, v3[3]
10000b054:		.long	0x656c6953
10000b058:	78 2d 4f 70	adr	x24, #648623
10000b05c:	74 69 6d 69	ldpsw	x20, x26, [x11, #-0x98]
10000b060:	7a 61 74 69	ldpsw	x26, x24, [x11, #-0x60]
10000b064:	6f 6e 2d 50	adr	x15, #372174
10000b068:		.long	0x74697261
10000b06c:		.long	0x6f432d79
10000b070:		.long	0x656c706d
10000b074:		.long	0x6e6f6974
10000b078:		.long	0x726f572f
10000b07c:		.long	0x6572746b
10000b080:		.long	0x61502f65
10000b084:		.long	0x67616b63
10000b088:		.long	0x472f7365
10000b08c:	46 58 2e 50	adr	x6, #379658
10000b090:	68 79 73 69	ldpsw	x8, x30, [x11, #-0x68]
10000b094:		.long	0x422f7363
10000b098:		.long	0x68636e65
10000b09c:		.long	0x6b72616d
10000b0a0:		.long	0x6e492f73
10000b0a4:		.long	0x72676574
10000b0a8:	61 74 69 6f	uqshl.2d	v1, v3, #0x29
10000b0ac:		.long	0x72654b6e
10000b0b0:		.long	0x326c656e
10000b0b4:		.long	0x78732e44
10000b0b8:	3a 31 34 36	tbz	w26, #0x6, 0x1000036dc
10000b0bc:		.long	0x3a36323a
10000b0c0:	20 72 75 6e	uabdl2.4s	v0, v17, v21
10000b0c4:		.long	0x656d6974
10000b0c8:		.long	0x72726520
10000b0cc:		.long	0x203a726f
10000b0d0:	63 6f 6c 6c	ldnp	d3, d27, [x27, #-0x140]
10000b0d4:	65 63 74 69	ldpsw	x5, x24, [x27, #-0x60]
10000b0d8:		.long	0x69206e6f
10000b0dc:		.long	0x7865646e
10000b0e0:	20 00 00 00	udf	#0x20
10000b0e4:	00 00 00 00	udf	#0x0
10000b0e8:	b9 00 00 00	udf	#0xb9
10000b0ec:	00 00 00 00	udf	#0x0
10000b0f0:		.long	0x6573552f
10000b0f4:	72 73 2f 6e	uabdl2.8h	v18, v27, v15
10000b0f8:		.long	0x616d6b65
10000b0fc:	74 61 2f 50	adr	x20, #388142
10000b100:		.long	0x656a6f72
10000b104:		.long	0x2f737463
10000b108:		.long	0x656c6953
10000b10c:		.long	0x6f725078
10000b110:		.long	0x7463656a
10000b114:	2f 2e 73 70	adr	x15, #943559
10000b118:	65 63 73 2f	umlsl.4s	v5, v27, v3[3]
10000b11c:		.long	0x656c6953
10000b120:	78 2d 4f 70	adr	x24, #648623
10000b124:	74 69 6d 69	ldpsw	x20, x26, [x11, #-0x98]
10000b128:	7a 61 74 69	ldpsw	x26, x24, [x11, #-0x60]
10000b12c:	6f 6e 2d 50	adr	x15, #372174
10000b130:		.long	0x74697261
10000b134:		.long	0x6f432d79
10000b138:		.long	0x656c706d
10000b13c:		.long	0x6e6f6974
10000b140:		.long	0x726f572f
10000b144:		.long	0x6572746b
10000b148:		.long	0x61502f65
10000b14c:		.long	0x67616b63
10000b150:		.long	0x472f7365
10000b154:	46 58 2e 50	adr	x6, #379658
10000b158:	68 79 73 69	ldpsw	x8, x30, [x11, #-0x68]
10000b15c:		.long	0x422f7363
10000b160:		.long	0x68636e65
10000b164:		.long	0x6b72616d
10000b168:		.long	0x6e492f73
10000b16c:		.long	0x72676574
10000b170:	61 74 69 6f	uqshl.2d	v1, v3, #0x29
10000b174:		.long	0x72654b6e
10000b178:		.long	0x326c656e
10000b17c:		.long	0x78732e44
10000b180:	3a 31 34 36	tbz	w26, #0x6, 0x1000037a4
10000b184:		.long	0x3a30353a
10000b188:	20 72 75 6e	uabdl2.4s	v0, v17, v21
10000b18c:		.long	0x656d6974
10000b190:		.long	0x72726520
10000b194:		.long	0x203a726f
10000b198:	63 6f 6c 6c	ldnp	d3, d27, [x27, #-0x140]
10000b19c:	65 63 74 69	ldpsw	x5, x24, [x27, #-0x60]
10000b1a0:		.long	0x69206e6f
10000b1a4:		.long	0x7865646e
10000b1a8:	20 00 00 00	udf	#0x20
10000b1ac:	00 00 00 00	udf	#0x0
10000b1b0:	b9 00 00 00	udf	#0xb9
10000b1b4:	00 00 00 00	udf	#0x0
10000b1b8:		.long	0x6573552f
10000b1bc:	72 73 2f 6e	uabdl2.8h	v18, v27, v15
10000b1c0:		.long	0x616d6b65
10000b1c4:	74 61 2f 50	adr	x20, #388142
10000b1c8:		.long	0x656a6f72
10000b1cc:		.long	0x2f737463
10000b1d0:		.long	0x656c6953
10000b1d4:		.long	0x6f725078
10000b1d8:		.long	0x7463656a
10000b1dc:	2f 2e 73 70	adr	x15, #943559
10000b1e0:	65 63 73 2f	umlsl.4s	v5, v27, v3[3]
10000b1e4:		.long	0x656c6953
10000b1e8:	78 2d 4f 70	adr	x24, #648623
10000b1ec:	74 69 6d 69	ldpsw	x20, x26, [x11, #-0x98]
10000b1f0:	7a 61 74 69	ldpsw	x26, x24, [x11, #-0x60]
10000b1f4:	6f 6e 2d 50	adr	x15, #372174
10000b1f8:		.long	0x74697261
10000b1fc:		.long	0x6f432d79
10000b200:		.long	0x656c706d
10000b204:		.long	0x6e6f6974
10000b208:		.long	0x726f572f
10000b20c:		.long	0x6572746b
10000b210:		.long	0x61502f65
10000b214:		.long	0x67616b63
10000b218:		.long	0x472f7365
10000b21c:	46 58 2e 50	adr	x6, #379658
10000b220:	68 79 73 69	ldpsw	x8, x30, [x11, #-0x68]
10000b224:		.long	0x422f7363
10000b228:		.long	0x68636e65
10000b22c:		.long	0x6b72616d
10000b230:		.long	0x6e492f73
10000b234:		.long	0x72676574
10000b238:	61 74 69 6f	uqshl.2d	v1, v3, #0x29
10000b23c:		.long	0x72654b6e
10000b240:		.long	0x326c656e
10000b244:		.long	0x78732e44
10000b248:	3a 31 34 36	tbz	w26, #0x6, 0x10000386c
10000b24c:		.long	0x3a34373a
10000b250:	20 72 75 6e	uabdl2.4s	v0, v17, v21
10000b254:		.long	0x656d6974
10000b258:		.long	0x72726520
10000b25c:		.long	0x203a726f
10000b260:	63 6f 6c 6c	ldnp	d3, d27, [x27, #-0x140]
10000b264:	65 63 74 69	ldpsw	x5, x24, [x27, #-0x60]
10000b268:		.long	0x69206e6f
10000b26c:		.long	0x7865646e
10000b270:	20 00 00 00	udf	#0x20
10000b274:	00 00 00 00	udf	#0x0
10000b278:	b9 00 00 00	udf	#0xb9
10000b27c:	00 00 00 00	udf	#0x0
10000b280:		.long	0x6573552f
10000b284:	72 73 2f 6e	uabdl2.8h	v18, v27, v15
10000b288:		.long	0x616d6b65
10000b28c:	74 61 2f 50	adr	x20, #388142
10000b290:		.long	0x656a6f72
10000b294:		.long	0x2f737463
10000b298:		.long	0x656c6953
10000b29c:		.long	0x6f725078
10000b2a0:		.long	0x7463656a
10000b2a4:	2f 2e 73 70	adr	x15, #943559
10000b2a8:	65 63 73 2f	umlsl.4s	v5, v27, v3[3]
10000b2ac:		.long	0x656c6953
10000b2b0:	78 2d 4f 70	adr	x24, #648623
10000b2b4:	74 69 6d 69	ldpsw	x20, x26, [x11, #-0x98]
10000b2b8:	7a 61 74 69	ldpsw	x26, x24, [x11, #-0x60]
10000b2bc:	6f 6e 2d 50	adr	x15, #372174
10000b2c0:		.long	0x74697261
10000b2c4:		.long	0x6f432d79
10000b2c8:		.long	0x656c706d
10000b2cc:		.long	0x6e6f6974
10000b2d0:		.long	0x726f572f
10000b2d4:		.long	0x6572746b
10000b2d8:		.long	0x61502f65
10000b2dc:		.long	0x67616b63
10000b2e0:		.long	0x472f7365
10000b2e4:	46 58 2e 50	adr	x6, #379658
10000b2e8:	68 79 73 69	ldpsw	x8, x30, [x11, #-0x68]
10000b2ec:		.long	0x422f7363
10000b2f0:		.long	0x68636e65
10000b2f4:		.long	0x6b72616d
10000b2f8:		.long	0x6e492f73
10000b2fc:		.long	0x72676574
10000b300:	61 74 69 6f	uqshl.2d	v1, v3, #0x29
10000b304:		.long	0x72654b6e
10000b308:		.long	0x326c656e
10000b30c:		.long	0x78732e44
10000b310:	3a 31 34 37	tbnz	w26, #0x6, 0x100003934
10000b314:		.long	0x3a36323a
10000b318:	20 72 75 6e	uabdl2.4s	v0, v17, v21
10000b31c:		.long	0x656d6974
10000b320:		.long	0x72726520
10000b324:		.long	0x203a726f
10000b328:	63 6f 6c 6c	ldnp	d3, d27, [x27, #-0x140]
10000b32c:	65 63 74 69	ldpsw	x5, x24, [x27, #-0x60]
10000b330:		.long	0x69206e6f
10000b334:		.long	0x7865646e
10000b338:	20 00 00 00	udf	#0x20
10000b33c:	00 00 00 00	udf	#0x0
10000b340:	c3 00 00 00	udf	#0xc3
10000b344:	00 00 00 00	udf	#0x0
10000b348:		.long	0x6573552f
10000b34c:	72 73 2f 6e	uabdl2.8h	v18, v27, v15
10000b350:		.long	0x616d6b65
10000b354:	74 61 2f 50	adr	x20, #388142
10000b358:		.long	0x656a6f72
10000b35c:		.long	0x2f737463
10000b360:		.long	0x656c6953
10000b364:		.long	0x6f725078
10000b368:		.long	0x7463656a
10000b36c:	2f 2e 73 70	adr	x15, #943559
10000b370:	65 63 73 2f	umlsl.4s	v5, v27, v3[3]
10000b374:		.long	0x656c6953
10000b378:	78 2d 4f 70	adr	x24, #648623
10000b37c:	74 69 6d 69	ldpsw	x20, x26, [x11, #-0x98]
10000b380:	7a 61 74 69	ldpsw	x26, x24, [x11, #-0x60]
10000b384:	6f 6e 2d 50	adr	x15, #372174
10000b388:		.long	0x74697261
10000b38c:		.long	0x6f432d79
10000b390:		.long	0x656c706d
10000b394:		.long	0x6e6f6974
10000b398:		.long	0x726f572f
10000b39c:		.long	0x6572746b
10000b3a0:		.long	0x61502f65
10000b3a4:		.long	0x67616b63
10000b3a8:		.long	0x472f7365
10000b3ac:	46 58 2e 50	adr	x6, #379658
10000b3b0:	68 79 73 69	ldpsw	x8, x30, [x11, #-0x68]
10000b3b4:		.long	0x422f7363
10000b3b8:		.long	0x68636e65
10000b3bc:		.long	0x6b72616d
10000b3c0:		.long	0x6e492f73
10000b3c4:		.long	0x72676574
10000b3c8:	61 74 69 6f	uqshl.2d	v1, v3, #0x29
10000b3cc:		.long	0x72654b6e
10000b3d0:		.long	0x326c656e
10000b3d4:		.long	0x78732e44
10000b3d8:	3a 31 34 37	tbnz	w26, #0x6, 0x1000039fc
10000b3dc:		.long	0x3a36353a
10000b3e0:	20 72 75 6e	uabdl2.4s	v0, v17, v21
10000b3e4:		.long	0x656d6974
10000b3e8:		.long	0x72726520
10000b3ec:		.long	0x203a726f
10000b3f0:		.long	0x61766e69
10000b3f4:		.long	0x2064696c
10000b3f8:		.long	0x656d756e
10000b3fc:		.long	0x20636972
10000b400:		.long	0x766e6f63
10000b404:	65 72 73 69	ldpsw	x5, x28, [x19, #-0x68]
10000b408:		.long	0x000a6e6f
10000b40c:	00 00 00 00	udf	#0x0
10000b410:	11 00 00 00	udf	#0x11
10000b414:	00 00 00 00	udf	#0x0
10000b418:		.long	0x636f7270
10000b41c:	65 73 73 2e	uabdl.4s	v5, v27, v19
10000b420:		.long	0x75677261
10000b424:		.long	0x746e656d
10000b428:	73 00 00 00	udf	#0x73
10000b42c:	00 00 00 00	udf	#0x0
10000b430:	1c 00 00 00	udf	#0x1c
10000b434:	00 00 00 00	udf	#0x0
10000b438:		.long	0x74737973
10000b43c:		.long	0x61206d65
10000b440:	72 67 75 6d	ldp	d18, d25, [x27, #-0xb0]
10000b444:		.long	0x20746e65
10000b448:		.long	0x72657571
10000b44c:		.long	0x61662079
10000b450:		.long	0x64656c69
10000b454:	00 00 00 00	udf	#0x0
10000b458:	b9 00 00 00	udf	#0xb9
10000b45c:	00 00 00 00	udf	#0x0
10000b460:		.long	0x6573552f
10000b464:	72 73 2f 6e	uabdl2.8h	v18, v27, v15
10000b468:		.long	0x616d6b65
10000b46c:	74 61 2f 50	adr	x20, #388142
10000b470:		.long	0x656a6f72
10000b474:		.long	0x2f737463
10000b478:		.long	0x656c6953
10000b47c:		.long	0x6f725078
10000b480:		.long	0x7463656a
10000b484:	2f 2e 73 70	adr	x15, #943559
10000b488:	65 63 73 2f	umlsl.4s	v5, v27, v3[3]
10000b48c:		.long	0x656c6953
10000b490:	78 2d 4f 70	adr	x24, #648623
10000b494:	74 69 6d 69	ldpsw	x20, x26, [x11, #-0x98]
10000b498:	7a 61 74 69	ldpsw	x26, x24, [x11, #-0x60]
10000b49c:	6f 6e 2d 50	adr	x15, #372174
10000b4a0:		.long	0x74697261
10000b4a4:		.long	0x6f432d79
10000b4a8:		.long	0x656c706d
10000b4ac:		.long	0x6e6f6974
10000b4b0:		.long	0x726f572f
10000b4b4:		.long	0x6572746b
10000b4b8:		.long	0x61502f65
10000b4bc:		.long	0x67616b63
10000b4c0:		.long	0x532f7365
10000b4c4:	54 44 2f 50	adr	x20, #387210
10000b4c8:		.long	0x6674616c
10000b4cc:		.long	0x2f6d726f
10000b4d0:	4d 61 63 4f	smlsl2.4s	v13, v10, v3[2]
10000b4d4:		.long	0x6f4d2f53
10000b4d8:		.long	0x656c7564
10000b4dc:		.long	0x6f72502f
10000b4e0:		.long	0x73736563
10000b4e4:		.long	0x3a78732e
10000b4e8:	32 30 3a 31	adds	w18, w1, #0xe8c
10000b4ec:	39 3a 20 72	ands	w25, w17, #0x7fff
10000b4f0:	75 6e 74 69	ldpsw	x21, x27, [x19, #-0x60]
10000b4f4:		.long	0x6520656d
10000b4f8:		.long	0x726f7272
10000b4fc:	3a 20 69 6e	usubl2.4s	v26, v1, v9
10000b500:	76 61 6c 69	ldpsw	x22, x24, [x11, #-0xa0]
10000b504:		.long	0x756e2064
10000b508:	6d 65 72 69	ldpsw	x13, x25, [x11, #-0x70]
10000b50c:	63 20 63 6f	umlal2.4s	v3, v3, v3[2]
10000b510:		.long	0x7265766e
10000b514:		.long	0x6e6f6973
10000b518:	0a 00 00 00	udf	#0xa
10000b51c:	00 00 00 00	udf	#0x0
10000b520:	b9 00 00 00	udf	#0xb9
10000b524:	00 00 00 00	udf	#0x0
10000b528:		.long	0x6573552f
10000b52c:	72 73 2f 6e	uabdl2.8h	v18, v27, v15
10000b530:		.long	0x616d6b65
10000b534:	74 61 2f 50	adr	x20, #388142
10000b538:		.long	0x656a6f72
10000b53c:		.long	0x2f737463
10000b540:		.long	0x656c6953
10000b544:		.long	0x6f725078
10000b548:		.long	0x7463656a
10000b54c:	2f 2e 73 70	adr	x15, #943559
10000b550:	65 63 73 2f	umlsl.4s	v5, v27, v3[3]
10000b554:		.long	0x656c6953
10000b558:	78 2d 4f 70	adr	x24, #648623
10000b55c:	74 69 6d 69	ldpsw	x20, x26, [x11, #-0x98]
10000b560:	7a 61 74 69	ldpsw	x26, x24, [x11, #-0x60]
10000b564:	6f 6e 2d 50	adr	x15, #372174
10000b568:		.long	0x74697261
10000b56c:		.long	0x6f432d79
10000b570:		.long	0x656c706d
10000b574:		.long	0x6e6f6974
10000b578:		.long	0x726f572f
10000b57c:		.long	0x6572746b
10000b580:		.long	0x61502f65
10000b584:		.long	0x67616b63
10000b588:		.long	0x532f7365
10000b58c:	54 44 2f 50	adr	x20, #387210
10000b590:		.long	0x6674616c
10000b594:		.long	0x2f6d726f
10000b598:	4d 61 63 4f	smlsl2.4s	v13, v10, v3[2]
10000b59c:		.long	0x6f4d2f53
10000b5a0:		.long	0x656c7564
10000b5a4:		.long	0x6f72502f
10000b5a8:		.long	0x73736563
10000b5ac:		.long	0x3a78732e
10000b5b0:	32 31 3a 35	cbnz	w18, 0x10007fbd4
10000b5b4:	35 3a 20 72	ands	w21, w17, #0x7fff
10000b5b8:	75 6e 74 69	ldpsw	x21, x27, [x19, #-0x60]
10000b5bc:		.long	0x6520656d
10000b5c0:		.long	0x726f7272
10000b5c4:	3a 20 69 6e	usubl2.4s	v26, v1, v9
10000b5c8:	76 61 6c 69	ldpsw	x22, x24, [x11, #-0xa0]
10000b5cc:		.long	0x756e2064
10000b5d0:	6d 65 72 69	ldpsw	x13, x25, [x11, #-0x70]
10000b5d4:	63 20 63 6f	umlal2.4s	v3, v3, v3[2]
10000b5d8:		.long	0x7265766e
10000b5dc:		.long	0x6e6f6973
10000b5e0:	0a 00 00 00	udf	#0xa
10000b5e4:	00 00 00 00	udf	#0x0
10000b5e8:	af 00 00 00	udf	#0xaf
10000b5ec:	00 00 00 00	udf	#0x0
10000b5f0:		.long	0x6573552f
10000b5f4:	72 73 2f 6e	uabdl2.8h	v18, v27, v15
10000b5f8:		.long	0x616d6b65
10000b5fc:	74 61 2f 50	adr	x20, #388142
10000b600:		.long	0x656a6f72
10000b604:		.long	0x2f737463
10000b608:		.long	0x656c6953
10000b60c:		.long	0x6f725078
10000b610:		.long	0x7463656a
10000b614:	2f 2e 73 70	adr	x15, #943559
10000b618:	65 63 73 2f	umlsl.4s	v5, v27, v3[3]
10000b61c:		.long	0x656c6953
10000b620:	78 2d 4f 70	adr	x24, #648623
10000b624:	74 69 6d 69	ldpsw	x20, x26, [x11, #-0x98]
10000b628:	7a 61 74 69	ldpsw	x26, x24, [x11, #-0x60]
10000b62c:	6f 6e 2d 50	adr	x15, #372174
10000b630:		.long	0x74697261
10000b634:		.long	0x6f432d79
10000b638:		.long	0x656c706d
10000b63c:		.long	0x6e6f6974
10000b640:		.long	0x726f572f
10000b644:		.long	0x6572746b
10000b648:		.long	0x61502f65
10000b64c:		.long	0x67616b63
10000b650:		.long	0x532f7365
10000b654:	54 44 2f 50	adr	x20, #387210
10000b658:		.long	0x6674616c
10000b65c:		.long	0x2f6d726f
10000b660:	4d 61 63 4f	smlsl2.4s	v13, v10, v3[2]
10000b664:		.long	0x6f4d2f53
10000b668:		.long	0x656c7564
10000b66c:		.long	0x6f72502f
10000b670:		.long	0x73736563
10000b674:		.long	0x3a78732e
10000b678:	32 33 3a 31	adds	w18, w25, #0xe8c
10000b67c:	36 3a 20 72	ands	w22, w17, #0x7fff
10000b680:	75 6e 74 69	ldpsw	x21, x27, [x19, #-0x60]
10000b684:		.long	0x6520656d
10000b688:		.long	0x726f7272
10000b68c:	3a 20 63 6f	umlal2.4s	v26, v1, v3[2]
10000b690:		.long	0x63656c6c
10000b694:		.long	0x6e6f6974
10000b698:		.long	0x646e6920
10000b69c:		.long	0x00207865
10000b6a0:	26 00 00 00	udf	#0x26
10000b6a4:	00 00 00 00	udf	#0x0
10000b6a8:		.long	0x74737973
10000b6ac:	65 6d 20 70	adr	x5, #265647
10000b6b0:		.long	0x65636f72
10000b6b4:		.long	0x74207373
10000b6b8:		.long	0x20747865
10000b6bc:		.long	0x65637865
10000b6c0:		.long	0x20736465
10000b6c4:	34 30 39 36	tbz	w20, #0x7, 0x10000dcc8
10000b6c8:		.long	0x74796220
10000b6cc:	65 73 00 00	udf	#0x7365
10000b6d0:	9d 00 00 00	udf	#0x9d
10000b6d4:	00 00 00 00	udf	#0x0
10000b6d8:		.long	0x6573552f
10000b6dc:	72 73 2f 6e	uabdl2.8h	v18, v27, v15
10000b6e0:		.long	0x616d6b65
10000b6e4:	74 61 2f 50	adr	x20, #388142
10000b6e8:		.long	0x656a6f72
10000b6ec:		.long	0x2f737463
10000b6f0:		.long	0x656c6953
10000b6f4:		.long	0x6f725078
10000b6f8:		.long	0x7463656a
10000b6fc:	2f 2e 73 70	adr	x15, #943559
10000b700:	65 63 73 2f	umlsl.4s	v5, v27, v3[3]
10000b704:		.long	0x656c6953
10000b708:	78 2d 4f 70	adr	x24, #648623
10000b70c:	74 69 6d 69	ldpsw	x20, x26, [x11, #-0x98]
10000b710:	7a 61 74 69	ldpsw	x26, x24, [x11, #-0x60]
10000b714:	6f 6e 2d 50	adr	x15, #372174
10000b718:		.long	0x74697261
10000b71c:		.long	0x6f432d79
10000b720:		.long	0x656c706d
10000b724:		.long	0x6e6f6974
10000b728:		.long	0x726f572f
10000b72c:		.long	0x6572746b
10000b730:		.long	0x61502f65
10000b734:		.long	0x67616b63
10000b738:		.long	0x532f7365
10000b73c:	54 44 2f 50	adr	x20, #387210
10000b740:		.long	0x6674616c
10000b744:		.long	0x2f6d726f
10000b748:	4d 61 63 4f	smlsl2.4s	v13, v10, v3[2]
10000b74c:		.long	0x6f4d2f53
10000b750:		.long	0x656c7564
10000b754:		.long	0x6f72502f
10000b758:		.long	0x73736563
10000b75c:		.long	0x3a78732e
10000b760:	36 32 3a 35	cbnz	w22, 0x10007fda4
10000b764:		.long	0x7572203a
10000b768:	6e 74 69 6d	ldp	d14, d29, [x3, #-0x170]
10000b76c:		.long	0x72652065
10000b770:		.long	0x3a726f72
10000b774:	20 00 00 00	udf	#0x20
10000b778:	2a 00 00 00	udf	#0x2a
10000b77c:	00 00 00 00	udf	#0x0
10000b780:		.long	0x74737973
10000b784:	65 6d 20 70	adr	x5, #265647
10000b788:		.long	0x65636f72
10000b78c:		.long	0x74207373
10000b790:		.long	0x20747865
10000b794:		.long	0x746e6f63
10000b798:		.long	0x736e6961
10000b79c:		.long	0x766e6920
10000b7a0:		.long	0x64696c61
10000b7a4:		.long	0x46545520
10000b7a8:	2d 38 00 00	udf	#0x382d
10000b7ac:	00 00 00 00	udf	#0x0
10000b7b0:	9e 00 00 00	udf	#0x9e
10000b7b4:	00 00 00 00	udf	#0x0
10000b7b8:		.long	0x6573552f
10000b7bc:	72 73 2f 6e	uabdl2.8h	v18, v27, v15
10000b7c0:		.long	0x616d6b65
10000b7c4:	74 61 2f 50	adr	x20, #388142
10000b7c8:		.long	0x656a6f72
10000b7cc:		.long	0x2f737463
10000b7d0:		.long	0x656c6953
10000b7d4:		.long	0x6f725078
10000b7d8:		.long	0x7463656a
10000b7dc:	2f 2e 73 70	adr	x15, #943559
10000b7e0:	65 63 73 2f	umlsl.4s	v5, v27, v3[3]
10000b7e4:		.long	0x656c6953
10000b7e8:	78 2d 4f 70	adr	x24, #648623
10000b7ec:	74 69 6d 69	ldpsw	x20, x26, [x11, #-0x98]
10000b7f0:	7a 61 74 69	ldpsw	x26, x24, [x11, #-0x60]
10000b7f4:	6f 6e 2d 50	adr	x15, #372174
10000b7f8:		.long	0x74697261
10000b7fc:		.long	0x6f432d79
10000b800:		.long	0x656c706d
10000b804:		.long	0x6e6f6974
10000b808:		.long	0x726f572f
10000b80c:		.long	0x6572746b
10000b810:		.long	0x61502f65
10000b814:		.long	0x67616b63
10000b818:		.long	0x532f7365
10000b81c:	54 44 2f 50	adr	x20, #387210
10000b820:		.long	0x6674616c
10000b824:		.long	0x2f6d726f
10000b828:	4d 61 63 4f	smlsl2.4s	v13, v10, v3[2]
10000b82c:		.long	0x6f4d2f53
10000b830:		.long	0x656c7564
10000b834:		.long	0x6f72502f
10000b838:		.long	0x73736563
10000b83c:		.long	0x3a78732e
10000b840:		.long	0x333a3635
10000b844:	37 3a 20 72	ands	w23, w17, #0x7fff
10000b848:	75 6e 74 69	ldpsw	x21, x27, [x19, #-0x60]
10000b84c:		.long	0x6520656d
10000b850:		.long	0x726f7272
10000b854:	3a 20 00 00	udf	#0x203a
10000b858:	af 00 00 00	udf	#0xaf
10000b85c:	00 00 00 00	udf	#0x0
10000b860:		.long	0x6573552f
10000b864:	72 73 2f 6e	uabdl2.8h	v18, v27, v15
10000b868:		.long	0x616d6b65
10000b86c:	74 61 2f 50	adr	x20, #388142
10000b870:		.long	0x656a6f72
10000b874:		.long	0x2f737463
10000b878:		.long	0x656c6953
10000b87c:		.long	0x6f725078
10000b880:		.long	0x7463656a
10000b884:	2f 2e 73 70	adr	x15, #943559
10000b888:	65 63 73 2f	umlsl.4s	v5, v27, v3[3]
10000b88c:		.long	0x656c6953
10000b890:	78 2d 4f 70	adr	x24, #648623
10000b894:	74 69 6d 69	ldpsw	x20, x26, [x11, #-0x98]
10000b898:	7a 61 74 69	ldpsw	x26, x24, [x11, #-0x60]
10000b89c:	6f 6e 2d 50	adr	x15, #372174
10000b8a0:		.long	0x74697261
10000b8a4:		.long	0x6f432d79
10000b8a8:		.long	0x656c706d
10000b8ac:		.long	0x6e6f6974
10000b8b0:		.long	0x726f572f
10000b8b4:		.long	0x6572746b
10000b8b8:		.long	0x61502f65
10000b8bc:		.long	0x67616b63
10000b8c0:		.long	0x532f7365
10000b8c4:	54 44 2f 50	adr	x20, #387210
10000b8c8:		.long	0x6674616c
10000b8cc:		.long	0x2f6d726f
10000b8d0:	4d 61 63 4f	smlsl2.4s	v13, v10, v3[2]
10000b8d4:		.long	0x6f4d2f53
10000b8d8:		.long	0x656c7564
10000b8dc:		.long	0x6f72502f
10000b8e0:		.long	0x73736563
10000b8e4:		.long	0x3a78732e
10000b8e8:	35 39 3a 31	adds	w21, w9, #0xe8e
10000b8ec:	35 3a 20 72	ands	w21, w17, #0x7fff
10000b8f0:	75 6e 74 69	ldpsw	x21, x27, [x19, #-0x60]
10000b8f4:		.long	0x6520656d
10000b8f8:		.long	0x726f7272
10000b8fc:	3a 20 63 6f	umlal2.4s	v26, v1, v3[2]
10000b900:		.long	0x63656c6c
10000b904:		.long	0x6e6f6974
10000b908:		.long	0x646e6920
10000b90c:		.long	0x00207865
10000b910:	a2 00 00 00	udf	#0xa2
10000b914:	00 00 00 00	udf	#0x0
10000b918:		.long	0x6573552f
10000b91c:	72 73 2f 6e	uabdl2.8h	v18, v27, v15
10000b920:		.long	0x616d6b65
10000b924:	74 61 2f 50	adr	x20, #388142
10000b928:		.long	0x656a6f72
10000b92c:		.long	0x2f737463
10000b930:		.long	0x656c6953
10000b934:		.long	0x6f725078
10000b938:		.long	0x7463656a
10000b93c:	2f 2e 73 70	adr	x15, #943559
10000b940:	65 63 73 2f	umlsl.4s	v5, v27, v3[3]
10000b944:		.long	0x656c6953
10000b948:	78 2d 4f 70	adr	x24, #648623
10000b94c:	74 69 6d 69	ldpsw	x20, x26, [x11, #-0x98]
10000b950:	7a 61 74 69	ldpsw	x26, x24, [x11, #-0x60]
10000b954:	6f 6e 2d 50	adr	x15, #372174
10000b958:		.long	0x74697261
10000b95c:		.long	0x6f432d79
10000b960:		.long	0x656c706d
10000b964:		.long	0x6e6f6974
10000b968:		.long	0x726f572f
10000b96c:		.long	0x6572746b
10000b970:		.long	0x61502f65
10000b974:		.long	0x67616b63
10000b978:		.long	0x532f7365
10000b97c:		.long	0x4d2f4454
10000b980:	6f 64 75 6c	ldnp	d15, d25, [x3, #-0xb0]
10000b984:		.long	0x65542f65
10000b988:		.long	0x552f7478
10000b98c:	54 46 38 2e	ushl.8b	v20, v18, v24
10000b990:	73 78 3a 34	cbz	w19, 0x10008089c
10000b994:		.long	0x33333a33
10000b998:		.long	0x7572203a
10000b99c:	6e 74 69 6d	ldp	d14, d29, [x3, #-0x170]
10000b9a0:		.long	0x72652065
10000b9a4:		.long	0x3a726f72
10000b9a8:	20 63 6f 6c	ldnp	d0, d24, [x25, #-0x110]
10000b9ac:		.long	0x7463656c
10000b9b0:		.long	0x206e6f69
10000b9b4:		.long	0x65646e69
10000b9b8:	78 20 00 00	udf	#0x2078
10000b9bc:	00 00 00 00	udf	#0x0
10000b9c0:	a2 00 00 00	udf	#0xa2
10000b9c4:	00 00 00 00	udf	#0x0
10000b9c8:		.long	0x6573552f
10000b9cc:	72 73 2f 6e	uabdl2.8h	v18, v27, v15
10000b9d0:		.long	0x616d6b65
10000b9d4:	74 61 2f 50	adr	x20, #388142
10000b9d8:		.long	0x656a6f72
10000b9dc:		.long	0x2f737463
10000b9e0:		.long	0x656c6953
10000b9e4:		.long	0x6f725078
10000b9e8:		.long	0x7463656a
10000b9ec:	2f 2e 73 70	adr	x15, #943559
10000b9f0:	65 63 73 2f	umlsl.4s	v5, v27, v3[3]
10000b9f4:		.long	0x656c6953
10000b9f8:	78 2d 4f 70	adr	x24, #648623
10000b9fc:	74 69 6d 69	ldpsw	x20, x26, [x11, #-0x98]
10000ba00:	7a 61 74 69	ldpsw	x26, x24, [x11, #-0x60]
10000ba04:	6f 6e 2d 50	adr	x15, #372174
10000ba08:		.long	0x74697261
10000ba0c:		.long	0x6f432d79
10000ba10:		.long	0x656c706d
10000ba14:		.long	0x6e6f6974
10000ba18:		.long	0x726f572f
10000ba1c:		.long	0x6572746b
10000ba20:		.long	0x61502f65
10000ba24:		.long	0x67616b63
10000ba28:		.long	0x532f7365
10000ba2c:		.long	0x4d2f4454
10000ba30:	6f 64 75 6c	ldnp	d15, d25, [x3, #-0xb0]
10000ba34:		.long	0x65542f65
10000ba38:		.long	0x552f7478
10000ba3c:	54 46 38 2e	ushl.8b	v20, v18, v24
10000ba40:	73 78 3a 36	tbz	w19, #0x7, 0x10001094c
10000ba44:	37 3a 34 34	cbz	w23, 0x100074188
10000ba48:		.long	0x7572203a
10000ba4c:	6e 74 69 6d	ldp	d14, d29, [x3, #-0x170]
10000ba50:		.long	0x72652065
10000ba54:		.long	0x3a726f72
10000ba58:	20 63 6f 6c	ldnp	d0, d24, [x25, #-0x110]
10000ba5c:		.long	0x7463656c
10000ba60:		.long	0x206e6f69
10000ba64:		.long	0x65646e69
10000ba68:	78 20 00 00	udf	#0x2078
10000ba6c:	00 00 00 00	udf	#0x0
10000ba70:	a2 00 00 00	udf	#0xa2
10000ba74:	00 00 00 00	udf	#0x0
10000ba78:		.long	0x6573552f
10000ba7c:	72 73 2f 6e	uabdl2.8h	v18, v27, v15
10000ba80:		.long	0x616d6b65
10000ba84:	74 61 2f 50	adr	x20, #388142
10000ba88:		.long	0x656a6f72
10000ba8c:		.long	0x2f737463
10000ba90:		.long	0x656c6953
10000ba94:		.long	0x6f725078
10000ba98:		.long	0x7463656a
10000ba9c:	2f 2e 73 70	adr	x15, #943559
10000baa0:	65 63 73 2f	umlsl.4s	v5, v27, v3[3]
10000baa4:		.long	0x656c6953
10000baa8:	78 2d 4f 70	adr	x24, #648623
10000baac:	74 69 6d 69	ldpsw	x20, x26, [x11, #-0x98]
10000bab0:	7a 61 74 69	ldpsw	x26, x24, [x11, #-0x60]
10000bab4:	6f 6e 2d 50	adr	x15, #372174
10000bab8:		.long	0x74697261
10000babc:		.long	0x6f432d79
10000bac0:		.long	0x656c706d
10000bac4:		.long	0x6e6f6974
10000bac8:		.long	0x726f572f
10000bacc:		.long	0x6572746b
10000bad0:		.long	0x61502f65
10000bad4:		.long	0x67616b63
10000bad8:		.long	0x532f7365
10000badc:		.long	0x4d2f4454
10000bae0:	6f 64 75 6c	ldnp	d15, d25, [x3, #-0xb0]
10000bae4:		.long	0x65542f65
10000bae8:		.long	0x552f7478
10000baec:	54 46 38 2e	ushl.8b	v20, v18, v24
10000baf0:	73 78 3a 37	tbnz	w19, #0x7, 0x1000109fc
10000baf4:	36 3a 33 34	cbz	w22, 0x100072238
10000baf8:		.long	0x7572203a
10000bafc:	6e 74 69 6d	ldp	d14, d29, [x3, #-0x170]
10000bb00:		.long	0x72652065
10000bb04:		.long	0x3a726f72
10000bb08:	20 63 6f 6c	ldnp	d0, d24, [x25, #-0x110]
10000bb0c:		.long	0x7463656c
10000bb10:		.long	0x206e6f69
10000bb14:		.long	0x65646e69
10000bb18:	78 20 00 00	udf	#0x2078
10000bb1c:	00 00 00 00	udf	#0x0
10000bb20:	b6 00 00 00	udf	#0xb6
10000bb24:	00 00 00 00	udf	#0x0
10000bb28:		.long	0x6573552f
10000bb2c:	72 73 2f 6e	uabdl2.8h	v18, v27, v15
10000bb30:		.long	0x616d6b65
10000bb34:	74 61 2f 50	adr	x20, #388142
10000bb38:		.long	0x656a6f72
10000bb3c:		.long	0x2f737463
10000bb40:		.long	0x656c6953
10000bb44:		.long	0x6f725078
10000bb48:		.long	0x7463656a
10000bb4c:	2f 2e 73 70	adr	x15, #943559
10000bb50:	65 63 73 2f	umlsl.4s	v5, v27, v3[3]
10000bb54:		.long	0x656c6953
10000bb58:	78 2d 4f 70	adr	x24, #648623
10000bb5c:	74 69 6d 69	ldpsw	x20, x26, [x11, #-0x98]
10000bb60:	7a 61 74 69	ldpsw	x26, x24, [x11, #-0x60]
10000bb64:	6f 6e 2d 50	adr	x15, #372174
10000bb68:		.long	0x74697261
10000bb6c:		.long	0x6f432d79
10000bb70:		.long	0x656c706d
10000bb74:		.long	0x6e6f6974
10000bb78:		.long	0x726f572f
10000bb7c:		.long	0x6572746b
10000bb80:		.long	0x61502f65
10000bb84:		.long	0x67616b63
10000bb88:		.long	0x532f7365
10000bb8c:	54 44 2f 50	adr	x20, #387210
10000bb90:		.long	0x6674616c
10000bb94:		.long	0x2f6d726f
10000bb98:	4d 61 63 4f	smlsl2.4s	v13, v10, v3[2]
10000bb9c:		.long	0x6f4d2f53
10000bba0:		.long	0x656c7564
10000bba4:	2f 54 69 6d	ldp	d15, d21, [x1, #-0x170]
10000bba8:		.long	0x78732e65
10000bbac:		.long	0x3a36313a
10000bbb0:		.long	0x203a3236
10000bbb4:		.long	0x746e7572
10000bbb8:		.long	0x20656d69
10000bbbc:		.long	0x6f727265
10000bbc0:		.long	0x69203a72
10000bbc4:	6e 76 61 6c	ldnp	d14, d29, [x19, #-0x1f0]
10000bbc8:	69 64 20 6e	umax.16b	v9, v3, v0
10000bbcc:		.long	0x72656d75
10000bbd0:		.long	0x63206369
10000bbd4:		.long	0x65766e6f
10000bbd8:		.long	0x6f697372
10000bbdc:	6e 0a 00 00	udf	#0xa6e
10000bbe0:	af 00 00 00	udf	#0xaf
10000bbe4:	00 00 00 00	udf	#0x0
10000bbe8:		.long	0x6573552f
10000bbec:	72 73 2f 6e	uabdl2.8h	v18, v27, v15
10000bbf0:		.long	0x616d6b65
10000bbf4:	74 61 2f 50	adr	x20, #388142
10000bbf8:		.long	0x656a6f72
10000bbfc:		.long	0x2f737463
10000bc00:		.long	0x656c6953
10000bc04:		.long	0x6f725078
10000bc08:		.long	0x7463656a
10000bc0c:	2f 2e 73 70	adr	x15, #943559
10000bc10:	65 63 73 2f	umlsl.4s	v5, v27, v3[3]
10000bc14:		.long	0x656c6953
10000bc18:	78 2d 4f 70	adr	x24, #648623
10000bc1c:	74 69 6d 69	ldpsw	x20, x26, [x11, #-0x98]
10000bc20:	7a 61 74 69	ldpsw	x26, x24, [x11, #-0x60]
10000bc24:	6f 6e 2d 50	adr	x15, #372174
10000bc28:		.long	0x74697261
10000bc2c:		.long	0x6f432d79
10000bc30:		.long	0x656c706d
10000bc34:		.long	0x6e6f6974
10000bc38:		.long	0x726f572f
10000bc3c:		.long	0x6572746b
10000bc40:		.long	0x61502f65
10000bc44:		.long	0x67616b63
10000bc48:		.long	0x532f7365
10000bc4c:		.long	0x4d2f4454
10000bc50:	6f 64 75 6c	ldnp	d15, d25, [x3, #-0xb0]
10000bc54:	65 2f 54 69	ldpsw	x5, x11, [x27, #0xa0]
10000bc58:		.long	0x402f656d
10000bc5c:		.long	0x75646f4d
10000bc60:		.long	0x732e656c
10000bc64:	78 3a 32 36	tbz	w24, #0x6, 0x1000103b0
10000bc68:		.long	0x3a37323a
10000bc6c:	20 72 75 6e	uabdl2.4s	v0, v17, v21
10000bc70:		.long	0x656d6974
10000bc74:		.long	0x72726520
10000bc78:		.long	0x203a726f
10000bc7c:		.long	0x61766e69
10000bc80:		.long	0x2064696c
10000bc84:		.long	0x656d756e
10000bc88:		.long	0x20636972
10000bc8c:		.long	0x766e6f63
10000bc90:	65 72 73 69	ldpsw	x5, x28, [x19, #-0x68]
10000bc94:		.long	0x000a6e6f
10000bc98:	af 00 00 00	udf	#0xaf
10000bc9c:	00 00 00 00	udf	#0x0
10000bca0:		.long	0x6573552f
10000bca4:	72 73 2f 6e	uabdl2.8h	v18, v27, v15
10000bca8:		.long	0x616d6b65
10000bcac:	74 61 2f 50	adr	x20, #388142
10000bcb0:		.long	0x656a6f72
10000bcb4:		.long	0x2f737463
10000bcb8:		.long	0x656c6953
10000bcbc:		.long	0x6f725078
10000bcc0:		.long	0x7463656a
10000bcc4:	2f 2e 73 70	adr	x15, #943559
10000bcc8:	65 63 73 2f	umlsl.4s	v5, v27, v3[3]
10000bccc:		.long	0x656c6953
10000bcd0:	78 2d 4f 70	adr	x24, #648623
10000bcd4:	74 69 6d 69	ldpsw	x20, x26, [x11, #-0x98]
10000bcd8:	7a 61 74 69	ldpsw	x26, x24, [x11, #-0x60]
10000bcdc:	6f 6e 2d 50	adr	x15, #372174
10000bce0:		.long	0x74697261
10000bce4:		.long	0x6f432d79
10000bce8:		.long	0x656c706d
10000bcec:		.long	0x6e6f6974
10000bcf0:		.long	0x726f572f
10000bcf4:		.long	0x6572746b
10000bcf8:		.long	0x61502f65
10000bcfc:		.long	0x67616b63
10000bd00:		.long	0x532f7365
10000bd04:		.long	0x4d2f4454
10000bd08:	6f 64 75 6c	ldnp	d15, d25, [x3, #-0xb0]
10000bd0c:	65 2f 54 69	ldpsw	x5, x11, [x27, #0xa0]
10000bd10:		.long	0x402f656d
10000bd14:		.long	0x75646f4d
10000bd18:		.long	0x732e656c
10000bd1c:	78 3a 32 36	tbz	w24, #0x6, 0x100010468
10000bd20:		.long	0x3a33363a
10000bd24:	20 72 75 6e	uabdl2.4s	v0, v17, v21
10000bd28:		.long	0x656d6974
10000bd2c:		.long	0x72726520
10000bd30:		.long	0x203a726f
10000bd34:		.long	0x61766e69
10000bd38:		.long	0x2064696c
10000bd3c:		.long	0x656d756e
10000bd40:		.long	0x20636972
10000bd44:		.long	0x766e6f63
10000bd48:	65 72 73 69	ldpsw	x5, x28, [x19, #-0x68]
10000bd4c:		.long	0x000a6e6f
10000bd50:	2b 00 00 00	udf	#0x2b
10000bd54:	00 00 00 00	udf	#0x0
10000bd58:	00 00 00 00	udf	#0x0
10000bd5c:	00 00 00 00	udf	#0x0
10000bd60:	07 00 00 00	udf	#0x7
10000bd64:	00 00 00 00	udf	#0x0
10000bd68:	ad 00 00 00	udf	#0xad
10000bd6c:	00 00 00 00	udf	#0x0
10000bd70:	07 00 00 00	udf	#0x7
10000bd74:	00 00 00 00	udf	#0x0
10000bd78:	00 00 00 00	udf	#0x0
10000bd7c:	00 00 00 00	udf	#0x0
10000bd80:	0a 00 00 00	udf	#0xa
10000bd84:	00 00 00 00	udf	#0x0
10000bd88:	b4 00 00 00	udf	#0xb4
10000bd8c:	00 00 00 00	udf	#0x0
10000bd90:	0a 00 00 00	udf	#0xa
10000bd94:	00 00 00 00	udf	#0x0
10000bd98:	00 00 00 00	udf	#0x0
10000bd9c:	00 00 00 00	udf	#0x0
10000bda0:	02 00 00 00	udf	#0x2
10000bda4:	00 00 00 00	udf	#0x0
10000bda8:	be 00 00 00	udf	#0xbe
10000bdac:	00 00 00 00	udf	#0x0
10000bdb0:	00 00 00 00	udf	#0x0
10000bdb4:	00 00 00 00	udf	#0x0
10000bdb8:	00 00 00 00	udf	#0x0
10000bdbc:	00 00 00 00	udf	#0x0
10000bdc0:	02 00 00 00	udf	#0x2
10000bdc4:	00 00 00 00	udf	#0x0
10000bdc8:	be 00 00 00	udf	#0xbe
10000bdcc:	00 00 00 00	udf	#0x0
10000bdd0:	00 00 00 00	udf	#0x0
10000bdd4:	00 00 00 00	udf	#0x0
10000bdd8:	03 00 00 00	udf	#0x3
10000bddc:	00 00 00 00	udf	#0x0
10000bde0:	01 00 00 00	udf	#0x1
10000bde4:	00 00 00 00	udf	#0x0
10000bde8:	be 00 00 00	udf	#0xbe
10000bdec:	00 00 00 00	udf	#0x0
10000bdf0:	01 00 00 00	udf	#0x1
10000bdf4:	00 00 00 00	udf	#0x0
10000bdf8:	03 00 00 00	udf	#0x3
10000bdfc:	00 00 00 00	udf	#0x0
10000be00:	01 00 00 00	udf	#0x1
10000be04:	00 00 00 00	udf	#0x0
10000be08:	bf 00 00 00	udf	#0xbf
10000be0c:	00 00 00 00	udf	#0x0
10000be10:	01 00 00 00	udf	#0x1
10000be14:	00 00 00 00	udf	#0x0
10000be18:	00 00 00 00	udf	#0x0
10000be1c:	00 00 00 00	udf	#0x0
10000be20:	05 00 00 00	udf	#0x5
10000be24:	00 00 00 00	udf	#0x0
10000be28:	c0 00 00 00	udf	#0xc0
10000be2c:	00 00 00 00	udf	#0x0
10000be30:	04 00 00 00	udf	#0x4
10000be34:	00 00 00 00	udf	#0x0
10000be38:	00 00 00 00	udf	#0x0
10000be3c:	00 00 00 00	udf	#0x0
10000be40:	09 00 00 00	udf	#0x9
10000be44:	00 00 00 00	udf	#0x0
10000be48:	c4 00 00 00	udf	#0xc4
10000be4c:	00 00 00 00	udf	#0x0
10000be50:	03 00 00 00	udf	#0x3
10000be54:	00 00 00 00	udf	#0x0
10000be58:	00 00 00 00	udf	#0x0
10000be5c:	00 00 00 00	udf	#0x0
10000be60:	10 00 00 00	udf	#0x10
10000be64:	00 00 00 00	udf	#0x0
10000be68:	c7 00 00 00	udf	#0xc7
10000be6c:	00 00 00 00	udf	#0x0
10000be70:	04 00 00 00	udf	#0x4
10000be74:	00 00 00 00	udf	#0x0
10000be78:	04 00 00 00	udf	#0x4
10000be7c:	00 00 00 00	udf	#0x0
10000be80:	10 00 00 00	udf	#0x10
10000be84:	00 00 00 00	udf	#0x0
10000be88:	cb 00 00 00	udf	#0xcb
10000be8c:	00 00 00 00	udf	#0x0
10000be90:	02 00 00 00	udf	#0x2
10000be94:	00 00 00 00	udf	#0x0
10000be98:	00 00 00 00	udf	#0x0
10000be9c:	00 00 00 00	udf	#0x0
10000bea0:	02 00 00 00	udf	#0x2
10000bea4:	00 00 00 00	udf	#0x0
10000bea8:	cd 00 00 00	udf	#0xcd
10000beac:	00 00 00 00	udf	#0x0
10000beb0:	00 00 00 00	udf	#0x0
10000beb4:	00 00 00 00	udf	#0x0
10000beb8:	00 00 00 00	udf	#0x0
10000bebc:	00 00 00 00	udf	#0x0
10000bec0:	04 00 00 00	udf	#0x4
10000bec4:	00 00 00 00	udf	#0x0
10000bec8:	cd 00 00 00	udf	#0xcd
10000becc:	00 00 00 00	udf	#0x0
10000bed0:	04 00 00 00	udf	#0x4
10000bed4:	00 00 00 00	udf	#0x0
10000bed8:	00 00 00 00	udf	#0x0
10000bedc:	00 00 00 00	udf	#0x0
10000bee0:	04 00 00 00	udf	#0x4
10000bee4:	00 00 00 00	udf	#0x0
10000bee8:	d1 00 00 00	udf	#0xd1
10000beec:	00 00 00 00	udf	#0x0
10000bef0:	04 00 00 00	udf	#0x4
10000bef4:	00 00 00 00	udf	#0x0
10000bef8:	00 00 00 00	udf	#0x0
10000befc:	00 00 00 00	udf	#0x0
10000bf00:	02 00 00 00	udf	#0x2
10000bf04:	00 00 00 00	udf	#0x0
10000bf08:	d5 00 00 00	udf	#0xd5
10000bf0c:	00 00 00 00	udf	#0x0
10000bf10:	02 00 00 00	udf	#0x2
10000bf14:	00 00 00 00	udf	#0x0
10000bf18:	00 00 00 00	udf	#0x0
10000bf1c:	00 00 00 00	udf	#0x0
10000bf20:	03 00 00 00	udf	#0x3
10000bf24:	00 00 00 00	udf	#0x0
10000bf28:	d7 00 00 00	udf	#0xd7
10000bf2c:	00 00 00 00	udf	#0x0
10000bf30:	03 00 00 00	udf	#0x3
10000bf34:	00 00 00 00	udf	#0x0
10000bf38:	00 00 00 00	udf	#0x0
10000bf3c:	00 00 00 00	udf	#0x0
10000bf40:	04 00 00 00	udf	#0x4
10000bf44:	00 00 00 00	udf	#0x0
10000bf48:	da 00 00 00	udf	#0xda
10000bf4c:	00 00 00 00	udf	#0x0
10000bf50:	04 00 00 00	udf	#0x4
10000bf54:	00 00 00 00	udf	#0x0
10000bf58:	00 00 00 00	udf	#0x0
10000bf5c:	00 00 00 00	udf	#0x0
10000bf60:	05 00 00 00	udf	#0x5
10000bf64:	00 00 00 00	udf	#0x0
10000bf68:	de 00 00 00	udf	#0xde
10000bf6c:	00 00 00 00	udf	#0x0
10000bf70:	05 00 00 00	udf	#0x5
10000bf74:	00 00 00 00	udf	#0x0
10000bf78:	03 00 00 00	udf	#0x3
10000bf7c:	00 00 00 00	udf	#0x0
10000bf80:	01 00 00 00	udf	#0x1
10000bf84:	00 00 00 00	udf	#0x0
10000bf88:	e3 00 00 00	udf	#0xe3
10000bf8c:	00 00 00 00	udf	#0x0
10000bf90:	01 00 00 00	udf	#0x1
10000bf94:	00 00 00 00	udf	#0x0
10000bf98:	00 00 00 00	udf	#0x0
10000bf9c:	00 00 00 00	udf	#0x0
10000bfa0:	02 00 00 00	udf	#0x2
10000bfa4:	00 00 00 00	udf	#0x0
10000bfa8:	e4 00 00 00	udf	#0xe4
10000bfac:	00 00 00 00	udf	#0x0
10000bfb0:	00 00 00 00	udf	#0x0
10000bfb4:	00 00 00 00	udf	#0x0
10000bfb8:	03 00 00 00	udf	#0x3
10000bfbc:	00 00 00 00	udf	#0x0
10000bfc0:	01 00 00 00	udf	#0x1
10000bfc4:	00 00 00 00	udf	#0x0
10000bfc8:	e4 00 00 00	udf	#0xe4
10000bfcc:	00 00 00 00	udf	#0x0
10000bfd0:	01 00 00 00	udf	#0x1
10000bfd4:	00 00 00 00	udf	#0x0
10000bfd8:	00 00 00 00	udf	#0x0
10000bfdc:	00 00 00 00	udf	#0x0
10000bfe0:	02 00 00 00	udf	#0x2
10000bfe4:	00 00 00 00	udf	#0x0
10000bfe8:	e5 00 00 00	udf	#0xe5
10000bfec:	00 00 00 00	udf	#0x0
10000bff0:	00 00 00 00	udf	#0x0
10000bff4:	00 00 00 00	udf	#0x0
10000bff8:	04 00 00 00	udf	#0x4
10000bffc:	00 00 00 00	udf	#0x0
10000c000:	00 02 00 00	udf	#0x200
10000c004:	00 00 00 00	udf	#0x0
10000c008:	e5 00 00 00	udf	#0xe5
10000c00c:	00 00 00 00	udf	#0x0
10000c010:	02 00 00 00	udf	#0x2
10000c014:	00 00 00 00	udf	#0x0
10000c018:	00 00 00 00	udf	#0x0
10000c01c:	00 00 00 00	udf	#0x0
10000c020:	02 00 00 00	udf	#0x2
10000c024:	00 00 00 00	udf	#0x0
10000c028:	e7 00 00 00	udf	#0xe7
10000c02c:	00 00 00 00	udf	#0x0
10000c030:	00 00 00 00	udf	#0x0
10000c034:	00 00 00 00	udf	#0x0
10000c038:	00 00 00 00	udf	#0x0
10000c03c:	00 00 00 00	udf	#0x0
10000c040:	02 00 00 00	udf	#0x2
10000c044:	00 00 00 00	udf	#0x0
10000c048:	e7 00 00 00	udf	#0xe7
10000c04c:	00 00 00 00	udf	#0x0
10000c050:	02 00 00 00	udf	#0x2
10000c054:	00 00 00 00	udf	#0x0
10000c058:	00 00 00 00	udf	#0x0
10000c05c:	00 00 00 00	udf	#0x0
10000c060:	02 00 00 00	udf	#0x2
10000c064:	00 00 00 00	udf	#0x0
10000c068:	e9 00 00 00	udf	#0xe9
10000c06c:	00 00 00 00	udf	#0x0
10000c070:	02 00 00 00	udf	#0x2
10000c074:	00 00 00 00	udf	#0x0
10000c078:	03 00 00 00	udf	#0x3
10000c07c:	00 00 00 00	udf	#0x0
10000c080:	01 00 00 00	udf	#0x1
10000c084:	00 00 00 00	udf	#0x0
10000c088:	eb 00 00 00	udf	#0xeb
10000c08c:	00 00 00 00	udf	#0x0
10000c090:	01 00 00 00	udf	#0x1
10000c094:	00 00 00 00	udf	#0x0
10000c098:	00 00 00 00	udf	#0x0
10000c09c:	00 00 00 00	udf	#0x0
10000c0a0:	02 00 00 00	udf	#0x2
10000c0a4:	00 00 00 00	udf	#0x0
10000c0a8:	ec 00 00 00	udf	#0xec
10000c0ac:	00 00 00 00	udf	#0x0
10000c0b0:	00 00 00 00	udf	#0x0
10000c0b4:	00 00 00 00	udf	#0x0
10000c0b8:	00 00 00 00	udf	#0x0
10000c0bc:	00 00 00 00	udf	#0x0
10000c0c0:	04 00 00 00	udf	#0x4
10000c0c4:	00 00 00 00	udf	#0x0
10000c0c8:	ec 00 00 00	udf	#0xec
10000c0cc:	00 00 00 00	udf	#0x0
10000c0d0:	04 00 00 00	udf	#0x4
10000c0d4:	00 00 00 00	udf	#0x0
10000c0d8:	04 00 00 00	udf	#0x4
10000c0dc:	00 00 00 00	udf	#0x0
10000c0e0:	04 00 00 00	udf	#0x4
10000c0e4:	00 00 00 00	udf	#0x0
10000c0e8:	f0 00 00 00	udf	#0xf0
10000c0ec:	00 00 00 00	udf	#0x0
10000c0f0:	02 00 00 00	udf	#0x2
10000c0f4:	00 00 00 00	udf	#0x0
10000c0f8:	04 00 00 00	udf	#0x4
10000c0fc:	00 00 00 00	udf	#0x0
10000c100:	07 00 00 00	udf	#0x7
10000c104:	00 00 00 00	udf	#0x0
10000c108:	f2 00 00 00	udf	#0xf2
10000c10c:	00 00 00 00	udf	#0x0
10000c110:	02 00 00 00	udf	#0x2
10000c114:	00 00 00 00	udf	#0x0
10000c118:	00 00 00 00	udf	#0x0
10000c11c:	00 00 00 00	udf	#0x0
10000c120:	02 00 00 00	udf	#0x2
10000c124:	00 00 00 00	udf	#0x0
10000c128:	f4 00 00 00	udf	#0xf4
10000c12c:	00 00 00 00	udf	#0x0
10000c130:	00 00 00 00	udf	#0x0
10000c134:	00 00 00 00	udf	#0x0
10000c138:	00 00 00 00	udf	#0x0
10000c13c:	00 00 00 00	udf	#0x0
10000c140:	06 00 00 00	udf	#0x6
10000c144:	00 00 00 00	udf	#0x0
10000c148:	f4 00 00 00	udf	#0xf4
10000c14c:	00 00 00 00	udf	#0x0
10000c150:	06 00 00 00	udf	#0x6
10000c154:	00 00 00 00	udf	#0x0
10000c158:	05 00 00 00	udf	#0x5
10000c15c:	00 00 00 00	udf	#0x0
10000c160:	01 00 00 00	udf	#0x1
10000c164:	00 00 00 00	udf	#0x0
10000c168:	fa 00 00 00	udf	#0xfa
10000c16c:	00 00 00 00	udf	#0x0
10000c170:	20 00 00 00	udf	#0x20
10000c174:	00 00 00 00	udf	#0x0
10000c178:	05 00 00 00	udf	#0x5
10000c17c:	00 00 00 00	udf	#0x0
10000c180:	01 00 00 00	udf	#0x1
10000c184:	00 00 00 00	udf	#0x0
10000c188:	1a 01 00 00	udf	#0x11a
10000c18c:	00 00 00 00	udf	#0x0
10000c190:	07 00 00 00	udf	#0x7
10000c194:	00 00 00 00	udf	#0x0
10000c198:	05 00 00 00	udf	#0x5
10000c19c:	00 00 00 00	udf	#0x0
10000c1a0:	01 00 00 00	udf	#0x1
10000c1a4:	00 00 00 00	udf	#0x0
10000c1a8:	21 01 00 00	udf	#0x121
10000c1ac:	00 00 00 00	udf	#0x0
10000c1b0:	03 00 00 00	udf	#0x3
10000c1b4:	00 00 00 00	udf	#0x0
10000c1b8:	05 00 00 00	udf	#0x5
10000c1bc:	00 00 00 00	udf	#0x0
10000c1c0:	06 00 00 00	udf	#0x6
10000c1c4:	00 00 00 00	udf	#0x0
10000c1c8:	24 01 00 00	udf	#0x124
10000c1cc:	00 00 00 00	udf	#0x0
10000c1d0:	04 00 00 00	udf	#0x4
10000c1d4:	00 00 00 00	udf	#0x0
10000c1d8:	05 00 00 00	udf	#0x5
10000c1dc:	00 00 00 00	udf	#0x0
10000c1e0:	06 00 00 00	udf	#0x6
10000c1e4:	00 00 00 00	udf	#0x0
10000c1e8:	28 01 00 00	udf	#0x128
10000c1ec:	00 00 00 00	udf	#0x0
10000c1f0:	05 00 00 00	udf	#0x5
10000c1f4:	00 00 00 00	udf	#0x0
10000c1f8:	05 00 00 00	udf	#0x5
10000c1fc:	00 00 00 00	udf	#0x0
10000c200:	06 00 00 00	udf	#0x6
10000c204:	00 00 00 00	udf	#0x0
10000c208:	2d 01 00 00	udf	#0x12d
10000c20c:	00 00 00 00	udf	#0x0
10000c210:	05 00 00 00	udf	#0x5
10000c214:	00 00 00 00	udf	#0x0
10000c218:	05 00 00 00	udf	#0x5
10000c21c:	00 00 00 00	udf	#0x0
10000c220:	06 00 00 00	udf	#0x6
10000c224:	00 00 00 00	udf	#0x0
10000c228:	32 01 00 00	udf	#0x132
10000c22c:	00 00 00 00	udf	#0x0
10000c230:	05 00 00 00	udf	#0x5
10000c234:	00 00 00 00	udf	#0x0
10000c238:	05 00 00 00	udf	#0x5
10000c23c:	00 00 00 00	udf	#0x0
10000c240:	06 00 00 00	udf	#0x6
10000c244:	00 00 00 00	udf	#0x0
10000c248:	37 01 00 00	udf	#0x137
10000c24c:	00 00 00 00	udf	#0x0
10000c250:	05 00 00 00	udf	#0x5
10000c254:	00 00 00 00	udf	#0x0
10000c258:	05 00 00 00	udf	#0x5
10000c25c:	00 00 00 00	udf	#0x0
10000c260:	03 00 00 00	udf	#0x3
10000c264:	00 00 00 00	udf	#0x0
10000c268:	3c 01 00 00	udf	#0x13c
10000c26c:	00 00 00 00	udf	#0x0
10000c270:	05 00 00 00	udf	#0x5
10000c274:	00 00 00 00	udf	#0x0
10000c278:	05 00 00 00	udf	#0x5
10000c27c:	00 00 00 00	udf	#0x0
10000c280:	03 00 00 00	udf	#0x3
10000c284:	00 00 00 00	udf	#0x0
10000c288:	41 01 00 00	udf	#0x141
10000c28c:	00 00 00 00	udf	#0x0
10000c290:	05 00 00 00	udf	#0x5
10000c294:	00 00 00 00	udf	#0x0
10000c298:	00 00 00 00	udf	#0x0
10000c29c:	00 00 00 00	udf	#0x0
10000c2a0:	07 00 00 00	udf	#0x7
10000c2a4:	00 00 00 00	udf	#0x0
10000c2a8:	46 01 00 00	udf	#0x146
10000c2ac:	00 00 00 00	udf	#0x0
10000c2b0:	02 00 00 00	udf	#0x2
10000c2b4:	00 00 00 00	udf	#0x0
10000c2b8:	0a 00 00 00	udf	#0xa
10000c2bc:	00 00 00 00	udf	#0x0
10000c2c0:	0a 00 00 00	udf	#0xa
10000c2c4:	00 00 00 00	udf	#0x0
10000c2c8:	0a 00 00 00	udf	#0xa
10000c2cc:	00 00 00 00	udf	#0x0
10000c2d0:	0a 00 00 00	udf	#0xa
10000c2d4:	00 00 00 00	udf	#0x0
10000c2d8:	0a 00 00 00	udf	#0xa
10000c2dc:	00 00 00 00	udf	#0x0
10000c2e0:	0a 00 00 00	udf	#0xa
10000c2e4:	00 00 00 00	udf	#0x0
10000c2e8:	0a 00 00 00	udf	#0xa
10000c2ec:	00 00 00 00	udf	#0x0
10000c2f0:	0a 00 00 00	udf	#0xa
10000c2f4:	00 00 00 00	udf	#0x0
10000c2f8:	0a 00 00 00	udf	#0xa
10000c2fc:	00 00 00 00	udf	#0x0
10000c300:	0a 00 00 00	udf	#0xa
10000c304:	00 00 00 00	udf	#0x0
10000c308:	0a 00 00 00	udf	#0xa
10000c30c:	00 00 00 00	udf	#0x0
10000c310:	0a 00 00 00	udf	#0xa
10000c314:	00 00 00 00	udf	#0x0
10000c318:	0a 00 00 00	udf	#0xa
10000c31c:	00 00 00 00	udf	#0x0
10000c320:	0a 00 00 00	udf	#0xa
10000c324:	00 00 00 00	udf	#0x0
10000c328:	0a 00 00 00	udf	#0xa
10000c32c:	00 00 00 00	udf	#0x0
10000c330:	09 00 00 00	udf	#0x9
10000c334:	00 00 00 00	udf	#0x0
10000c338:	09 00 00 00	udf	#0x9
10000c33c:	00 00 00 00	udf	#0x0
10000c340:	00 01 00 00	udf	#0x100
10000c344:	00 00 00 00	udf	#0x0
10000c348:	01 01 00 00	udf	#0x101
10000c34c:	00 00 00 00	udf	#0x0
10000c350:	20 01 00 00	udf	#0x120
10000c354:	00 00 00 00	udf	#0x0
10000c358:	0c 00 00 00	udf	#0xc
10000c35c:	00 00 00 00	udf	#0x0
10000c360:		.long	0x0100000c
10000c364:	00 00 00 00	udf	#0x0
10000c368:	0c 00 00 00	udf	#0xc
10000c36c:	00 00 00 00	udf	#0x0
10000c370:	0e 01 00 00	udf	#0x10e
10000c374:	00 00 00 00	udf	#0x0
10000c378:	0e 01 00 00	udf	#0x10e
10000c37c:	00 00 00 00	udf	#0x0
10000c380:	0e 01 00 00	udf	#0x10e
10000c384:	00 00 00 00	udf	#0x0
10000c388:	0f 01 00 00	udf	#0x10f
10000c38c:	00 00 00 00	udf	#0x0
10000c390:	0f 01 00 00	udf	#0x10f
10000c394:	00 00 00 00	udf	#0x0
10000c398:	0f 01 00 00	udf	#0x10f
10000c39c:	00 00 00 00	udf	#0x0
10000c3a0:	0f 01 00 00	udf	#0x10f
10000c3a4:	00 00 00 00	udf	#0x0
10000c3a8:	0a 00 00 00	udf	#0xa
10000c3ac:	00 00 00 00	udf	#0x0
10000c3b0:	10 00 00 00	udf	#0x10
10000c3b4:	00 00 00 00	udf	#0x0
10000c3b8:	0a 00 00 00	udf	#0xa
10000c3bc:	00 00 00 00	udf	#0x0
10000c3c0:	0a 00 00 00	udf	#0xa
10000c3c4:	00 00 00 00	udf	#0x0
10000c3c8:	0a 00 00 00	udf	#0xa
10000c3cc:	00 00 00 00	udf	#0x0
10000c3d0:	0a 00 00 00	udf	#0xa
10000c3d4:	00 00 00 00	udf	#0x0
10000c3d8:	0a 00 00 00	udf	#0xa
10000c3dc:	00 00 00 00	udf	#0x0
10000c3e0:	0a 00 00 00	udf	#0xa
10000c3e4:	00 00 00 00	udf	#0x0
10000c3e8:	0a 00 00 00	udf	#0xa
10000c3ec:	00 00 00 00	udf	#0x0
10000c3f0:	0a 00 00 00	udf	#0xa
10000c3f4:	00 00 00 00	udf	#0x0
10000c3f8:	0a 00 00 00	udf	#0xa
10000c3fc:	00 00 00 00	udf	#0x0
10000c400:	0a 00 00 00	udf	#0xa
10000c404:	00 00 00 00	udf	#0x0
10000c408:	0a 00 00 00	udf	#0xa
10000c40c:	00 00 00 00	udf	#0x0
10000c410:	0a 00 00 00	udf	#0xa
10000c414:	00 00 00 00	udf	#0x0
10000c418:	0a 00 00 00	udf	#0xa
10000c41c:	00 00 00 00	udf	#0x0
10000c420:	0a 00 00 00	udf	#0xa
10000c424:	00 00 00 00	udf	#0x0
10000c428:	0a 00 00 00	udf	#0xa
10000c42c:	00 00 00 00	udf	#0x0
10000c430:	0a 00 00 00	udf	#0xa
10000c434:	00 00 00 00	udf	#0x0
10000c438:	0a 00 00 00	udf	#0xa
10000c43c:	00 00 00 00	udf	#0x0
10000c440:	09 00 00 00	udf	#0x9
10000c444:	00 00 00 00	udf	#0x0
10000c448:	09 00 00 00	udf	#0x9
10000c44c:	00 00 00 00	udf	#0x0
10000c450:	0c 00 00 00	udf	#0xc
10000c454:	00 00 00 00	udf	#0x0
10000c458:	11 01 00 00	udf	#0x111
10000c45c:	00 00 00 00	udf	#0x0
10000c460:	0c 00 00 00	udf	#0xc
10000c464:	00 00 00 00	udf	#0x0
10000c468:	0c 00 00 00	udf	#0xc
10000c46c:	00 00 00 00	udf	#0x0
10000c470:	05 00 00 00	udf	#0x5
10000c474:	00 00 00 00	udf	#0x0
10000c478:	04 00 00 00	udf	#0x4
10000c47c:	00 00 00 00	udf	#0x0
10000c480:	00 02 00 00	udf	#0x200
10000c484:	00 00 00 00	udf	#0x0
10000c488:	21 01 00 00	udf	#0x121
10000c48c:	00 00 00 00	udf	#0x0
10000c490:	04 00 00 00	udf	#0x4
10000c494:	00 00 00 00	udf	#0x0
10000c498:	22 01 00 00	udf	#0x122
10000c49c:	00 00 00 00	udf	#0x0
10000c4a0:	04 00 00 00	udf	#0x4
10000c4a4:	00 00 00 00	udf	#0x0
10000c4a8:	07 00 00 00	udf	#0x7
10000c4ac:	00 00 00 00	udf	#0x0
10000c4b0:	04 00 00 00	udf	#0x4
10000c4b4:	00 00 00 00	udf	#0x0
10000c4b8:	04 00 00 00	udf	#0x4
10000c4bc:	00 00 00 00	udf	#0x0
10000c4c0:	04 00 00 00	udf	#0x4
10000c4c4:	00 00 00 00	udf	#0x0
10000c4c8:	04 00 00 00	udf	#0x4
10000c4cc:	00 00 00 00	udf	#0x0
10000c4d0:	04 00 00 00	udf	#0x4
10000c4d4:	00 00 00 00	udf	#0x0
10000c4d8:	04 00 00 00	udf	#0x4
10000c4dc:	00 00 00 00	udf	#0x0
10000c4e0:	08 00 00 00	udf	#0x8
10000c4e4:	00 00 00 00	udf	#0x0
10000c4e8:	07 00 00 00	udf	#0x7
10000c4ec:	00 00 00 00	udf	#0x0
10000c4f0:	04 00 00 00	udf	#0x4
10000c4f4:	00 00 00 00	udf	#0x0
10000c4f8:	0a 00 00 00	udf	#0xa
10000c4fc:	00 00 00 00	udf	#0x0
10000c500:	0a 00 00 00	udf	#0xa
10000c504:	00 00 00 00	udf	#0x0
10000c508:	0a 00 00 00	udf	#0xa
10000c50c:	00 00 00 00	udf	#0x0
10000c510:	09 00 00 00	udf	#0x9
10000c514:	00 00 00 00	udf	#0x0
10000c518:	09 00 00 00	udf	#0x9
10000c51c:	00 00 00 00	udf	#0x0
10000c520:	1f 00 00 00	udf	#0x1f
10000c524:	00 00 00 00	udf	#0x0
10000c528:	00 00 00 00	udf	#0x0
10000c52c:	00 00 00 00	udf	#0x0
10000c530:	00 00 00 00	udf	#0x0
10000c534:	00 00 00 00	udf	#0x0
10000c538:	00 00 00 00	udf	#0x0
10000c53c:	00 00 00 00	udf	#0x0
10000c540:	00 00 00 00	udf	#0x0
10000c544:	00 00 00 00	udf	#0x0
10000c548:	00 00 00 00	udf	#0x0
10000c54c:	00 00 00 00	udf	#0x0
10000c550:	00 00 00 00	udf	#0x0
10000c554:	00 00 00 00	udf	#0x0
10000c558:	00 00 00 00	udf	#0x0
10000c55c:	00 00 00 00	udf	#0x0
10000c560:	00 00 00 00	udf	#0x0
10000c564:	00 00 00 00	udf	#0x0
10000c568:	00 00 00 00	udf	#0x0
10000c56c:	00 00 00 00	udf	#0x0
10000c570:	00 00 00 00	udf	#0x0
10000c574:	00 00 00 00	udf	#0x0
10000c578:	00 00 00 00	udf	#0x0
10000c57c:	00 00 00 00	udf	#0x0
10000c580:	00 00 00 00	udf	#0x0
10000c584:	00 00 00 00	udf	#0x0
10000c588:	00 00 00 00	udf	#0x0
10000c58c:	00 00 00 00	udf	#0x0
10000c590:	00 00 00 00	udf	#0x0
10000c594:	00 00 00 00	udf	#0x0
10000c598:	00 00 00 00	udf	#0x0
10000c59c:	00 00 00 00	udf	#0x0
10000c5a0:	00 00 00 00	udf	#0x0
10000c5a4:	00 00 00 00	udf	#0x0
10000c5a8:	00 00 00 00	udf	#0x0
10000c5ac:	00 00 00 00	udf	#0x0
10000c5b0:	00 00 00 00	udf	#0x0
10000c5b4:	00 00 00 00	udf	#0x0
10000c5b8:	00 00 00 00	udf	#0x0
10000c5bc:	00 00 00 00	udf	#0x0
10000c5c0:	00 00 00 00	udf	#0x0
10000c5c4:	00 00 00 00	udf	#0x0
10000c5c8:	00 00 00 00	udf	#0x0
10000c5cc:	00 00 00 00	udf	#0x0
10000c5d0:	00 00 00 00	udf	#0x0
10000c5d4:	00 00 00 00	udf	#0x0
10000c5d8:	00 00 00 00	udf	#0x0
10000c5dc:	00 00 00 00	udf	#0x0
10000c5e0:	00 00 00 00	udf	#0x0
10000c5e4:	00 00 00 00	udf	#0x0
10000c5e8:	00 00 00 00	udf	#0x0
10000c5ec:	00 00 00 00	udf	#0x0
10000c5f0:	00 00 00 00	udf	#0x0
10000c5f4:	00 00 00 00	udf	#0x0
10000c5f8:	00 00 00 00	udf	#0x0
10000c5fc:	00 00 00 00	udf	#0x0
10000c600:	00 00 00 00	udf	#0x0
10000c604:	00 00 00 00	udf	#0x0
10000c608:	00 00 00 00	udf	#0x0
10000c60c:	00 00 00 00	udf	#0x0
10000c610:	00 00 00 00	udf	#0x0
10000c614:	00 00 00 00	udf	#0x0
10000c618:	00 00 00 00	udf	#0x0
10000c61c:	00 00 00 00	udf	#0x0
10000c620:	06 00 00 00	udf	#0x6
10000c624:	00 00 00 00	udf	#0x0
10000c628:	00 00 00 00	udf	#0x0
10000c62c:	00 00 00 00	udf	#0x0
10000c630:	00 00 00 00	udf	#0x0
10000c634:	00 00 00 00	udf	#0x0
10000c638:	00 00 00 00	udf	#0x0
10000c63c:	00 00 00 00	udf	#0x0
10000c640:	00 00 00 00	udf	#0x0
10000c644:	00 00 00 00	udf	#0x0
10000c648:	00 00 00 00	udf	#0x0
10000c64c:	00 00 00 00	udf	#0x0
10000c650:	00 00 00 00	udf	#0x0
10000c654:	00 00 00 00	udf	#0x0
10000c658:	02 00 00 00	udf	#0x2
10000c65c:	00 00 00 00	udf	#0x0
10000c660:	00 00 00 00	udf	#0x0
10000c664:	00 00 00 00	udf	#0x0
10000c668:	00 00 00 00	udf	#0x0
10000c66c:	00 00 00 00	udf	#0x0
10000c670:	02 00 00 00	udf	#0x2
10000c674:	00 00 00 00	udf	#0x0
10000c678:	00 00 00 00	udf	#0x0
10000c67c:	00 00 00 00	udf	#0x0
10000c680:	01 00 00 00	udf	#0x1
10000c684:	00 00 00 00	udf	#0x0
10000c688:	06 01 00 00	udf	#0x106
10000c68c:	00 00 00 00	udf	#0x0
10000c690:	02 00 00 00	udf	#0x2
10000c694:	00 00 00 00	udf	#0x0
10000c698:	01 00 00 00	udf	#0x1
10000c69c:	00 00 00 00	udf	#0x0
10000c6a0:	0c 00 00 00	udf	#0xc
10000c6a4:	00 00 00 00	udf	#0x0
10000c6a8:	01 00 00 00	udf	#0x1
10000c6ac:	00 00 00 00	udf	#0x0
10000c6b0:	06 01 00 00	udf	#0x106
10000c6b4:	00 00 00 00	udf	#0x0
10000c6b8:	02 00 00 00	udf	#0x2
10000c6bc:	00 00 00 00	udf	#0x0
10000c6c0:	01 00 00 00	udf	#0x1
10000c6c4:	00 00 00 00	udf	#0x0
10000c6c8:		.long	0x0100000c
10000c6cc:	00 00 00 00	udf	#0x0
10000c6d0:	01 00 00 00	udf	#0x1
10000c6d4:	00 00 00 00	udf	#0x0
10000c6d8:	06 01 00 00	udf	#0x106
10000c6dc:	00 00 00 00	udf	#0x0
10000c6e0:	02 00 00 00	udf	#0x2
10000c6e4:	00 00 00 00	udf	#0x0
10000c6e8:	01 00 00 00	udf	#0x1
10000c6ec:	00 00 00 00	udf	#0x0
10000c6f0:	09 00 00 00	udf	#0x9
10000c6f4:	00 00 00 00	udf	#0x0
10000c6f8:	01 00 00 00	udf	#0x1
10000c6fc:	00 00 00 00	udf	#0x0
10000c700:	06 01 00 00	udf	#0x106
10000c704:	00 00 00 00	udf	#0x0
10000c708:	02 00 00 00	udf	#0x2
10000c70c:	00 00 00 00	udf	#0x0
10000c710:	01 00 00 00	udf	#0x1
10000c714:	00 00 00 00	udf	#0x0
10000c718:	11 01 00 00	udf	#0x111
10000c71c:	00 00 00 00	udf	#0x0
10000c720:	01 00 00 00	udf	#0x1
10000c724:	00 00 00 00	udf	#0x0
10000c728:	06 01 00 00	udf	#0x106
10000c72c:	00 00 00 00	udf	#0x0
10000c730:	02 00 00 00	udf	#0x2
10000c734:	00 00 00 00	udf	#0x0
10000c738:	01 00 00 00	udf	#0x1
10000c73c:	00 00 00 00	udf	#0x0
10000c740:	0c 00 00 00	udf	#0xc
10000c744:	00 00 00 00	udf	#0x0
10000c748:	01 00 00 00	udf	#0x1
10000c74c:	00 00 00 00	udf	#0x0
10000c750:	17 01 00 00	udf	#0x117
10000c754:	00 00 00 00	udf	#0x0
10000c758:	02 00 00 00	udf	#0x2
10000c75c:	00 00 00 00	udf	#0x0
10000c760:	01 00 00 00	udf	#0x1
10000c764:	00 00 00 00	udf	#0x0
10000c768:	0c 00 00 00	udf	#0xc
10000c76c:	00 00 00 00	udf	#0x0
10000c770:	01 00 00 00	udf	#0x1
10000c774:	00 00 00 00	udf	#0x0
10000c778:	18 01 00 00	udf	#0x118
10000c77c:	00 00 00 00	udf	#0x0
10000c780:	1f 01 00 00	udf	#0x11f
10000c784:	00 00 00 00	udf	#0x0
10000c788:	0a 00 00 00	udf	#0xa
10000c78c:	00 00 00 00	udf	#0x0
__NSGetArgc__thunk:
10000c790:	10 00 00 90	adrp	x16, 0 ; 0x10000c000
10000c794:	10 d2 1e 91	add	x16, x16, #0x7b4 ; literal pool symbol address: __NSGetArgc
10000c798:	00 02 1f d6	br	x16
__NSGetArgv__thunk:
10000c79c:	10 00 00 90	adrp	x16, 0 ; 0x10000c000
10000c7a0:	10 02 1f 91	add	x16, x16, #0x7c0 ; literal pool symbol address: __NSGetArgv
10000c7a4:	00 02 1f d6	br	x16
_clock_gettime_nsec_np__thunk:
10000c7a8:	10 00 00 90	adrp	x16, 0 ; 0x10000c000
10000c7ac:	10 32 1f 91	add	x16, x16, #0x7cc ; literal pool symbol address: _clock_gettime_nsec_np
10000c7b0:	00 02 1f d6	br	x16
